ts,user_id,object_id,op,resp_ms,excluded_reason
2023-09-01 14:30:32,257ce1ab6c95bf0e,3eb6453a25c27088,R,0.04,response<0.1ms
2023-09-01 19:55:58,58aeb612edce6ebc,e792687f0a82b46a,R,82393.13,response>60s
2023-09-01 21:18:41,688e6aee9b54a714,5722e552d94a7636,R,0.07,response<0.1ms
2023-09-01 16:45:50,b720ba05f18243f8,7ceaecf485a8a88a,W,0.07,response<0.1ms
2023-09-01 08:50:39,2997afd5aaed0f67,872c40a536b44308,R,61367.64,response>60s
2023-09-01 10:05:38,dc05f5c007a9ccbe,2a28b09321464110,R,0.04,response<0.1ms
2023-09-01 18:58:28,82b6efff2ff1a87b,8e970e96811fc593,R,103912.86,response>60s
2023-09-01 16:31:45,7209dd2aca88e336,103753253ba5113f,R,83519.69,response>60s
2023-09-02 15:08:38,3504c4f48ed0e97e,8e747382ccb79275,R,0.08,response<0.1ms
2023-09-02 13:08:45,94b5791fe1d8b339,8cd560b0dcd2666a,R,0.07,response<0.1ms
2023-09-02 08:24:57,2ea61c7815af9370,7da3f0c0f530577b,R,105281.80,response>60s
2023-09-02 21:50:02,28d127b5b55cdca7,28746a741cadb4e6,W,0.03,response<0.1ms
2023-09-02 17:04:04,b9282c1737428953,28746a741cadb4e6,R,0.05,response<0.1ms
2023-09-03 19:49:13,0dba9ebc0bac4809,4a222aeb8e9622e7,R,0.04,response<0.1ms
2023-09-03 16:41:35,3af884c982c1044f,533ccc6c255f3488,R,0.06,response<0.1ms
2023-09-03 14:21:26,36453959904f8ce4,e792687f0a82b46a,R,0.07,response<0.1ms
2023-09-03 08:58:15,35e9b7ea96305ba0,af6f8b6ab9b8249b,R,97591.55,response>60s
2023-09-03 14:13:03,026fe67268e0dba8,9b598bd3e7797b60,R,0.02,response<0.1ms
2023-09-04 10:51:49,b61e5aee8475020e,ea360f0d892ea494,R,0.04,response<0.1ms
2023-09-04 20:39:18,63b3a6c17592c9d9,28746a741cadb4e6,R,0.06,response<0.1ms
2023-09-04 16:41:50,a61cea0d12f13f0c,466787b1d398d71b,W,0.05,response<0.1ms
2023-09-04 14:37:32,a277155af45c36db,db1ed66f15d36cb8,R,87698.90,response>60s
2023-09-04 10:04:33,2fe9367bde0835e8,183d972960ed59bf,R,0.04,response<0.1ms
2023-09-04 08:01:44,75a0b22a049f3d99,f6db5ddf3665c584,W,97063.93,response>60s
2023-09-04 15:34:18,90b77ee4726fc684,ae60e1425d6ce177,R,0.04,response<0.1ms
2023-09-04 11:35:44,881f8d3349990ea5,08db6e47b98f1d05,R,112358.55,response>60s
2023-09-04 14:25:21,ac3ce9e13d44f649,b51e4fb828870a5f,R,0.06,response<0.1ms
2023-09-04 10:59:16,48eabdc9de2805f9,05cce0a9b83e66a1,R,0.07,response<0.1ms
2023-09-05 19:59:21,9e5389832b1d831c,e590f2627b8f69b5,R,79447.82,response>60s
2023-09-05 09:36:29,dd789a41ddd93101,ba2d733adf0704f2,R,76605.21,response>60s
2023-09-05 07:52:46,548d94d86382a98e,183d972960ed59bf,W,80230.84,response>60s
2023-09-05 09:28:42,7d6835074321144e,e1edd6ad843e23d5,W,0.03,response<0.1ms
2023-09-05 13:22:33,a1077bd33abd8f88,b59c60b706a7e2d4,R,0.05,response<0.1ms
2023-09-05 11:11:01,77a4f27d228ee0d7,06c7f50170567c93,R,87606.36,response>60s
2023-09-05 16:51:46,9b5a271d80c42835,c3474bcb27522f9f,R,0.03,response<0.1ms
2023-09-05 14:24:16,270d6a619a208fcf,4f387882f5392b35,R,0.05,response<0.1ms
2023-09-05 09:34:17,8775fe91b2efe305,43afe7c0452c11ba,R,87075.11,response>60s
2023-09-06 19:46:04,e27c9d7893eddb68,8e970e96811fc593,R,106672.35,response>60s
2023-09-06 17:44:07,1ba92e34c757b508,183d972960ed59bf,R,0.03,response<0.1ms
2023-09-06 09:46:46,c0ac34373f237626,ca18f601a9439fde,R,102380.56,response>60s
2023-09-06 19:11:22,594aa67e92e8e605,1e601c238e594b59,R,69920.55,response>60s
2023-09-06 19:44:29,4ead2b6fdaf424c9,5dcfda2333cee83a,W,116169.47,response>60s
2023-09-06 17:57:34,37c0ba4669e44613,6b56d09da748c726,R,0.03,response<0.1ms
2023-09-06 07:31:37,9fc5d5227f7a3d80,28746a741cadb4e6,R,0.04,response<0.1ms
2023-09-06 07:34:06,e78896e9b7c1e484,5cfa99ceb3b2aeac,R,0.04,response<0.1ms
2023-09-06 17:14:54,c77f4f5572256110,06aefc7c7eec008f,R,98825.41,response>60s
2023-09-07 18:35:46,149933ebf1fc8285,edba7b4a8a4c74e6,R,98738.44,response>60s
2023-09-07 08:09:18,4e444ce5d181a845,f9da314088293a55,R,0.03,response<0.1ms
2023-09-07 07:31:57,ca7841c5dff982ca,a6817e9de875d844,W,111231.35,response>60s
2023-09-07 16:02:08,117eb114a45dfc07,3828e24137972d3e,R,0.08,response<0.1ms
2023-09-07 15:27:26,0fb93caf3810d689,0e0931a817d833b7,R,0.06,response<0.1ms
2023-09-07 16:09:11,1eb8c1d7a757f1d0,0ea9dd4bac11d210,R,0.04,response<0.1ms
2023-09-07 08:10:17,a6210be82513411d,00a3eecd5686f904,R,97897.69,response>60s
2023-09-07 09:22:45,355b10467e1392fc,458444294d4e3312,R,0.04,response<0.1ms
2023-09-08 16:32:23,d08c1fb237548661,4fcf59948e07d795,W,63191.40,response>60s
2023-09-08 20:59:19,18e6b87029633f45,9952b94d56086e52,W,0.07,response<0.1ms
2023-09-08 08:59:41,48e7a6f759994f61,e792687f0a82b46a,R,64509.70,response>60s
2023-09-08 09:20:39,4f3a77458e76edb9,a4c0aa0596144171,R,116270.38,response>60s
2023-09-08 22:19:44,dbd5c37400c757a8,5b8c2b5caae2f38e,R,0.06,response<0.1ms
2023-09-08 16:09:43,564d59818ebcf210,28746a741cadb4e6,W,64823.28,response>60s
2023-09-08 15:21:16,6ed7c82eb7c572ce,e80a892a6c76e876,R,0.03,response<0.1ms
2023-09-08 15:02:42,dcb1b57058b1ed5c,1d831070a4b260ca,R,0.04,response<0.1ms
2023-09-08 17:35:34,56dc7461f6c68f03,28746a741cadb4e6,W,87119.25,response>60s
2023-09-09 20:15:37,68cf4686ffd71530,8e970e96811fc593,R,0.09,response<0.1ms
2023-09-09 19:06:49,2f69701f538e5112,183d972960ed59bf,R,94624.76,response>60s
2023-09-09 16:57:39,92380bf41002de5a,0e400ec98b0238ca,W,0.09,response<0.1ms
2023-09-09 16:43:28,fc8fcdab7a871b46,0df213e5bcff3eb5,W,65665.54,response>60s
2023-09-09 17:21:27,67fc9816e4339983,183d972960ed59bf,R,0.04,response<0.1ms
2023-09-10 17:21:22,e46ec8d405a1578e,cc294ad7b30cafeb,R,0.04,response<0.1ms
2023-09-10 12:27:56,d3f516ce25d40040,183d972960ed59bf,R,0.05,response<0.1ms
2023-09-10 21:09:23,a0cfab25d94dbd9e,6f9f80172cb849fa,R,0.06,response<0.1ms
2023-09-10 23:34:10,a7d5ccda58fefd05,162322c88abb1c7a,R,0.05,response<0.1ms
2023-09-11 10:30:18,b59616099c87bb2e,1fe89d465e9dff61,R,70353.28,response>60s
2023-09-11 20:09:33,db566eb8c30cb628,7a99ea230acd9348,R,73566.40,response>60s
2023-09-11 10:14:00,7055aa40eca7fede,0a969af3d8e45ce5,R,0.08,response<0.1ms
2023-09-11 07:47:39,f100b79af61dfcad,101c2f002b841f59,W,115840.46,response>60s
2023-09-11 15:53:02,b43aa9d4a7813687,c70adfdf66595bad,W,114317.40,response>60s
2023-09-11 19:11:29,b0f0fa2ae25657e0,d0bdbdbb82f1c645,R,0.08,response<0.1ms
2023-09-11 19:14:58,a8e014d0b0041f57,7c88d8dcd30ba558,R,115770.95,response>60s
2023-09-11 13:27:35,848b48d16a0df251,be4abd7d3fa138d8,R,84882.85,response>60s
2023-09-11 08:57:40,fd246a382f19bac8,4e94dbc13b93807d,R,0.08,response<0.1ms
2023-09-11 08:09:42,c0a7158baa41ceb8,c5dd3b3ba986be53,R,0.08,response<0.1ms
2023-09-11 15:28:56,e254efe13deb00ba,28746a741cadb4e6,R,84447.13,response>60s
2023-09-11 09:53:30,0b07a952a70ecf35,0adc22e889bc66d6,R,82834.50,response>60s
2023-09-11 18:34:54,ab43c41867c92992,450af00df9a7c864,W,74672.99,response>60s
2023-09-11 19:53:09,9ab5e287ca8b38e5,c21a889fb04e017c,R,86274.03,response>60s
2023-09-11 10:00:11,96200d84547b66cc,8625dbe19bb9374b,R,80068.73,response>60s
2023-09-11 15:39:39,6401c4f79ee08d8d,28746a741cadb4e6,R,0.08,response<0.1ms
2023-09-11 19:08:10,dc2d2879e062682e,61889662d94c1cd0,R,73051.59,response>60s
2023-09-11 19:35:38,9a6392fac6fc7ce2,ce3385adab1793e2,R,0.07,response<0.1ms
2023-09-11 21:02:39,95fbb4d5d67bcc68,e6364143c0652455,R,0.07,response<0.1ms
2023-09-11 12:37:52,6b2b66833f0f1cf6,183d972960ed59bf,R,0.03,response<0.1ms
2023-09-11 09:15:30,0219db123be7b232,9963bc6a305f5979,R,83132.97,response>60s
2023-09-11 10:18:19,a277155af45c36db,869af42760cdfb1a,R,0.09,response<0.1ms
2023-09-11 08:36:02,65f27d3bd043495c,9bc83864e7bf5300,W,66376.56,response>60s
2023-09-11 21:03:18,f5d3466d9bc90651,a41eb62e2c3bb6ec,W,0.09,response<0.1ms
2023-09-11 09:22:51,dabb5145ec88de0f,19e0fbc041d251e0,R,73418.44,response>60s
2023-09-12 11:13:18,e316cb8b24102458,183d972960ed59bf,R,108451.77,response>60s
2023-09-12 18:15:30,dc054f7204920760,1b2f1cedfd063429,R,98036.97,response>60s
2023-09-12 20:57:32,bcc071a01c1ca099,f220232cf6b6a32a,R,116268.70,response>60s
2023-09-12 16:10:17,3ea3bd47cce18732,bbacb009bdaee995,R,0.02,response<0.1ms
2023-09-12 08:52:07,ffbef4ab71af18bd,06aefc7c7eec008f,R,0.07,response<0.1ms
2023-09-12 18:45:25,437ca4f26ae6c96c,bd3204897e0e6dd8,R,0.06,response<0.1ms
2023-09-12 10:23:52,f7443772f8ce21c3,936e14e8c50a093a,R,75957.74,response>60s
2023-09-12 17:04:12,80932efd73be7c78,7c196049c8b656c2,W,0.08,response<0.1ms
2023-09-12 16:13:54,470c2eced4ab16f6,fcac67bceffdbd9d,W,0.05,response<0.1ms
2023-09-12 08:05:02,2c0c7ffc363c31fa,6b288acde428dc43,R,0.03,response<0.1ms
2023-09-12 07:27:27,cbda73d8a478845d,96720dd724f14a89,R,87939.44,response>60s
2023-09-12 09:51:27,ab173fa51b265ef7,28746a741cadb4e6,R,70209.29,response>60s
2023-09-12 17:48:57,e9254b77e8bc88ac,6afb58f3dec7aea8,W,0.03,response<0.1ms
2023-09-12 10:37:29,966d92f6696a1655,42057b1239dfe4d4,R,0.04,response<0.1ms
2023-09-12 16:57:58,66df30fcc078880e,39e38a00874a803c,R,0.09,response<0.1ms
2023-09-12 19:33:20,e7b547f9177a80e8,5d25701d8cec09db,R,87830.59,response>60s
2023-09-12 14:59:23,1571996d023669f1,28746a741cadb4e6,W,113076.61,response>60s
2023-09-12 16:47:20,1bb1b44e8b98f4fc,88fac0048b0b5fbe,R,0.07,response<0.1ms
2023-09-12 20:06:49,9e41952cbf7e03ec,596e336cbdb6ebe5,W,0.07,response<0.1ms
2023-09-12 14:45:39,03471e23940faa6f,dbf48eb9b0d090fc,R,77192.47,response>60s
2023-09-12 08:25:27,5f5de00ae7016d40,ec391e0bdd2a526c,R,0.03,response<0.1ms
2023-09-12 07:26:24,c3a827dd68048c46,06aefc7c7eec008f,R,106103.98,response>60s
2023-09-12 10:56:24,a1b61b27d0f89337,cb079f1323e600db,R,0.09,response<0.1ms
2023-09-12 15:36:41,ccc95e09cf103724,e8feea4784224bf8,R,71860.57,response>60s
2023-09-12 20:26:06,ed33df9f2697bc1e,df471146f7a6eb5d,R,0.03,response<0.1ms
2023-09-13 16:08:51,7363c9b8ce366d45,183d972960ed59bf,R,0.06,response<0.1ms
2023-09-13 12:32:56,2d2b37ea958f2ce0,a8658cb6087096ae,R,0.04,response<0.1ms
2023-09-13 19:35:05,911973bac3e2e603,35911695e09ed909,R,0.03,response<0.1ms
2023-09-13 10:22:48,137c2715af35159d,ec6bfe461ede3750,R,0.03,response<0.1ms
2023-09-13 15:03:39,13729fb0d1c095b5,9e518a54ded83840,R,114709.08,response>60s
2023-09-13 11:46:16,45620f887894f358,28746a741cadb4e6,W,0.02,response<0.1ms
2023-09-13 15:20:44,e7314ca0be945cb6,e10a938e219c2caa,R,0.03,response<0.1ms
2023-09-13 15:35:37,2df36e4a73f2aa83,aaf7936a8df583ba,R,98006.96,response>60s
2023-09-13 08:18:30,92520dd117a16fc7,77a032767d958ab1,R,0.07,response<0.1ms
2023-09-13 16:10:25,2a46695afd16a6bd,8e970e96811fc593,R,110395.90,response>60s
2023-09-13 15:37:28,e568673769c858a4,6ef015253a2e0ab4,R,97625.06,response>60s
2023-09-13 11:13:54,7055aa40eca7fede,183d972960ed59bf,R,0.07,response<0.1ms
2023-09-13 12:32:31,dcb1b57058b1ed5c,af6f8b6ab9b8249b,R,115945.40,response>60s
2023-09-13 18:35:38,9c18c33c7a822f2f,9ec5a72a2be07a79,W,79446.85,response>60s
2023-09-13 09:49:21,04ebe053d83802f7,32d4906c42e0a863,R,0.06,response<0.1ms
2023-09-13 11:01:22,0a772f1bde536800,06aefc7c7eec008f,R,0.03,response<0.1ms
2023-09-13 09:28:47,4f10d84f5a558f5c,d0c9043ee7df45be,R,104464.60,response>60s
2023-09-13 17:40:08,a079be616f862b39,1c6b1ae92ad7525a,R,0.06,response<0.1ms
2023-09-13 16:22:06,7e4bebac787485dc,bc4969c172470e1c,W,0.02,response<0.1ms
2023-09-13 15:42:56,aa326e1472483f27,69386e0219b1fdb6,R,109887.06,response>60s
2023-09-14 09:38:45,f302b5863d05f927,a7776024a6bd86e2,R,75898.88,response>60s
2023-09-14 08:25:02,0c83d7c7d3028b47,183d972960ed59bf,R,81921.86,response>60s
2023-09-14 08:02:58,b105cb6ac9bcb79e,0b365264f1125862,W,67296.01,response>60s
2023-09-14 22:18:15,3edcecf276cd1bad,260478549fe19ead,R,0.06,response<0.1ms
2023-09-14 12:17:01,132d19da123c7055,ce709fff2a2278dc,R,0.05,response<0.1ms
2023-09-14 14:23:15,d38aae5be9610ea1,183d972960ed59bf,R,115684.27,response>60s
2023-09-14 10:07:19,bc6517fdc48804fd,2e17117c7309753f,R,0.08,response<0.1ms
2023-09-14 10:14:48,6b06a73240a6c3d2,3f0df9268b19d208,R,0.07,response<0.1ms
2023-09-14 19:04:15,05e788bf9b64ab46,9e8ff74d2515089a,R,114354.43,response>60s
2023-09-14 16:06:30,d85a87df01dd4a1d,183d972960ed59bf,R,74645.82,response>60s
2023-09-14 20:13:00,0c9b87d934647acf,366b06e318e46a66,R,0.02,response<0.1ms
2023-09-14 10:06:15,beebbc31d58f5ebf,69702646236efb87,R,111071.85,response>60s
2023-09-14 08:35:24,09a2820beb0e601b,0c11cc802eece62c,R,0.05,response<0.1ms
2023-09-14 20:45:25,ee8e5a42f317b417,28746a741cadb4e6,R,83813.92,response>60s
2023-09-14 21:21:16,1e073663afdd075f,b9cc3e62e0c46258,R,0.04,response<0.1ms
2023-09-14 18:00:42,64c0bbeb0652bf3a,45567bff7e48519e,R,90825.37,response>60s
2023-09-14 09:09:12,a355f3ea464d1809,2501268f244fd328,R,0.07,response<0.1ms
2023-09-14 15:52:41,f48c5550182f3075,6eb9a2c3ecedc138,R,86629.97,response>60s
2023-09-14 14:59:09,d1603a2341dd1b74,5cc394a03168bb9f,R,88719.50,response>60s
2023-09-14 17:19:53,4597e05be6de6d11,183d972960ed59bf,R,0.06,response<0.1ms
2023-09-14 15:10:07,571dad40a3746a6e,e6364143c0652455,R,66715.32,response>60s
2023-09-14 11:25:36,f4f8ad11dfd6a45e,4a239694dd562fef,R,111299.05,response>60s
2023-09-14 11:58:34,8943809c470d6892,0af69d5d6f0a61d9,R,105834.05,response>60s
2023-09-15 16:38:33,a75c1b93aef2627b,28746a741cadb4e6,R,93795.66,response>60s
2023-09-15 22:07:32,327a62ba0d2c326e,a32677103a3b253e,R,67808.73,response>60s
2023-09-15 08:12:32,ffd1733877454f36,c1b29a2203308475,R,0.08,response<0.1ms
2023-09-15 13:26:50,8c90b65e7f81a126,5d44fa1c7ceb42cf,R,104025.99,response>60s
2023-09-15 17:02:38,cd7fd081efab87ec,31721c48b6c57469,R,87772.23,response>60s
2023-09-15 10:28:46,295aee41fbc0fa1f,9303204a39e44e38,R,116105.78,response>60s
2023-09-15 14:15:49,92b744c709e1fa0c,db9ca8742364f130,R,0.05,response<0.1ms
2023-09-15 10:58:08,cb7fc4391b392d05,8e970e96811fc593,R,0.07,response<0.1ms
2023-09-15 10:49:40,78ba10d8605fc5be,5648dbbb329abf98,R,0.03,response<0.1ms
2023-09-15 13:06:40,5dacdfa0e5d4c069,3703b3e763f7521d,W,96252.10,response>60s
2023-09-15 15:18:50,02b4627e038c5f6d,a25ae48017ccc210,R,80065.33,response>60s
2023-09-15 10:25:23,f34aea007de9134e,fdbbfe727c7bfb2f,R,107008.18,response>60s
2023-09-15 15:30:42,ff9ae046eb0e5da1,28746a741cadb4e6,W,76199.17,response>60s
2023-09-15 16:31:39,fa69c9ddf37950e2,680e4502399c25ca,R,0.02,response<0.1ms
2023-09-15 08:27:21,2003f361d03414e2,28746a741cadb4e6,R,0.07,response<0.1ms
2023-09-15 11:44:22,c1f71d4a664aa636,eee53e4929e8566a,W,64531.19,response>60s
2023-09-15 18:45:35,c99712095e79a554,a42dab11c350191a,R,0.02,response<0.1ms
2023-09-15 07:33:56,ca9547e352b49ef8,e6f1be6306a50523,R,71629.37,response>60s
2023-09-15 16:22:08,15fedd37a0232e0a,2f7abc6af8bf36e8,R,0.03,response<0.1ms
2023-09-16 14:09:06,9ee434b7526d5705,db7bd8c78de71829,R,115911.86,response>60s
2023-09-16 17:36:08,cc465ed7c126b54b,01e4d86b53a850b8,R,103268.74,response>60s
2023-09-16 07:26:49,670ea6ddf20b1704,2b3a9dd900ac8466,R,111858.70,response>60s
2023-09-16 12:15:58,94d4f274c386e155,c63dca4393298fca,R,0.06,response<0.1ms
2023-09-16 10:34:25,5b47c5b4ec8583dd,64b3288f19a15d6f,R,0.03,response<0.1ms
2023-09-16 07:50:05,b6487d19acd4cf79,9edd6ca2984cf64b,R,106236.69,response>60s
2023-09-16 19:14:18,170aa694d8548947,b3cd828b1dc4faea,R,77654.16,response>60s
2023-09-16 18:54:19,29ba6d66647c0b60,e792687f0a82b46a,R,93397.96,response>60s
2023-09-16 16:56:46,07f84b70c7021fa4,7939a32ce9e1eb3b,R,0.08,response<0.1ms
2023-09-16 09:45:50,f40c4a0fbdca87a0,28746a741cadb4e6,R,0.09,response<0.1ms
2023-09-16 13:01:19,178ae2f771310a3c,75756c58be5bec31,R,0.03,response<0.1ms
2023-09-16 14:44:09,2d3a4e8b867dc5e0,4e8d7faa475d5fdc,W,104471.55,response>60s
2023-09-16 21:14:49,5117950e283ca874,48894d5c756df704,R,0.03,response<0.1ms
2023-09-16 21:34:10,d0ecefb5f0f9ca38,c6d61ac40bc82beb,R,0.07,response<0.1ms
2023-09-16 15:26:26,d0a8e6cf819b66f8,14169bf582d13174,R,106070.25,response>60s
2023-09-16 20:48:18,445b48667b5cffcd,183d972960ed59bf,R,92249.54,response>60s
2023-09-16 19:37:29,7e0f40bb15f1bc47,183d972960ed59bf,R,94491.85,response>60s
2023-09-16 16:20:25,00628179243b7afa,a88b096a2be3881a,R,0.08,response<0.1ms
2023-09-16 16:24:22,5ce7fb68f4e2b25d,06aefc7c7eec008f,W,92264.38,response>60s
2023-09-17 08:15:54,5c99122dc806e7bc,22aebf6bd6bc142c,R,81778.71,response>60s
2023-09-17 22:19:59,ddc59c035a77926f,ef3edc6c6cabfee4,R,66025.17,response>60s
2023-09-17 11:54:42,31dc64dd7506b434,10783bc3b9e692c9,R,82612.58,response>60s
2023-09-17 16:06:17,b94244aea6234cf6,183d972960ed59bf,R,0.06,response<0.1ms
2023-09-17 23:56:12,4589bf9e5fd9bcc3,d79ac82d268cb075,W,98791.54,response>60s
2023-09-17 09:43:29,7738a734d4e0bba1,28746a741cadb4e6,R,0.09,response<0.1ms
2023-09-17 09:55:35,36ffa906e6dbde16,7a604cdfc237188f,R,0.08,response<0.1ms
2023-09-17 10:01:03,987e82ce8a9d1a99,8a1c2246a4e8e251,R,0.05,response<0.1ms
2023-09-17 14:10:59,e59415660634c45d,bab61fdf29bf6dec,R,70599.32,response>60s
2023-09-17 06:56:05,ba16643a8dec2200,e3a8bb20282645b8,R,108709.76,response>60s
2023-09-17 14:53:43,6dde15a456f0b767,8bce8f01d672c6d6,R,67474.77,response>60s
2023-09-17 14:44:42,3613a26f323dd5e1,8e1176c4c309c1bd,R,0.08,response<0.1ms
2023-09-17 11:01:24,7c673345117cf1a9,1a1cc31b785a6bbc,R,61856.48,response>60s
2023-09-17 10:16:28,a5f081b889b60e0f,7e102e81576ed542,R,0.06,response<0.1ms
2023-09-17 21:49:34,dbf8ae775ff64e3a,183d972960ed59bf,R,110209.05,response>60s
2023-09-17 20:12:55,848b48d16a0df251,4d73492003869037,R,0.06,response<0.1ms
2023-09-17 14:50:11,a5b71376b9c109e7,b0f378f83bc318a2,W,0.06,response<0.1ms
2023-09-17 18:15:21,6e389bb08a7704db,9777ad22ea398c39,R,0.06,response<0.1ms
2023-09-17 20:31:20,5549eddbac23eeef,78518112c60fafde,R,66017.98,response>60s
2023-09-18 08:59:03,5f0c62c39eed56f0,66da8bb2ed325999,R,0.05,response<0.1ms
2023-09-18 21:32:43,38c90d8f964cc0ce,5157de4bf1734758,W,88614.75,response>60s
2023-09-18 22:14:19,9c9ae0f7d82a3aab,183d972960ed59bf,R,0.03,response<0.1ms
2023-09-18 20:10:53,0f94d1541df40ce5,618594980a6fb08b,R,0.08,response<0.1ms
2023-09-18 12:30:27,d6796d1e977e58dc,fd14788658f32870,R,112456.98,response>60s
2023-09-19 17:13:33,5b6f5260ca36c21c,a4c089985b17c447,R,0.06,response<0.1ms
2023-09-19 09:31:28,5e6938378c75a666,e6b66b6792fa8d1f,R,82585.24,response>60s
2023-09-19 17:08:24,cf3dab72912ae206,2cfe23da4949905a,R,103664.41,response>60s
2023-09-19 08:22:53,e4a81d90ac611db5,4199b42ce94f3cb3,R,0.07,response<0.1ms
2023-09-19 10:30:19,4e79b524f6fb4f8c,28746a741cadb4e6,R,0.06,response<0.1ms
2023-09-20 20:03:38,ff38ed0fd6dece9f,4fcb7943f3ed2178,R,86971.61,response>60s
2023-09-20 14:22:18,13729fb0d1c095b5,1f962d1cb5bd9f38,R,0.03,response<0.1ms
2023-09-20 15:04:21,37e313fb385d084f,e6f1be6306a50523,R,0.04,response<0.1ms
2023-09-20 08:54:15,a4ee58fbd78fb7d0,60d16974960d3e54,R,71361.16,response>60s
2023-09-20 15:39:02,de1c250b5ec372d0,6527622261c6ead2,R,79208.26,response>60s
2023-09-21 10:25:31,da9c2b856d114168,3db44d3213aea56e,W,0.08,response<0.1ms
2023-09-21 10:28:47,d3e3642566195ff1,fdd7aa558831f3ed,R,0.08,response<0.1ms
2023-09-21 20:25:51,8bbfcd88c697214d,bf1faef61b2e852a,R,85770.50,response>60s
2023-09-21 15:19:55,b5f56a51ba4c3594,0e076a22509a6ff7,R,0.03,response<0.1ms
2023-09-21 18:16:36,1218213519b31758,20d0a76a77bdbdff,R,0.05,response<0.1ms
2023-09-21 20:26:52,077c4107663efea7,209d3b72d95c3fb1,R,0.04,response<0.1ms
2023-09-21 10:38:12,3151f6e6da28554a,e792687f0a82b46a,R,0.02,response<0.1ms
2023-09-22 14:23:27,d1616da912f0d135,7f6d26be0aac86ec,R,111265.60,response>60s
2023-09-22 15:20:54,cd3308af1ef528d7,2204419c978de2eb,R,0.07,response<0.1ms
2023-09-22 08:17:39,06977e6d696d11c3,8892554e4d266315,R,0.08,response<0.1ms
2023-09-22 20:26:45,9136349361d95919,e6364143c0652455,R,86012.79,response>60s
2023-09-22 20:48:17,cf4aa15d85865c9e,183d972960ed59bf,R,0.07,response<0.1ms
2023-09-22 15:26:15,ffab7b20922fe3ae,b0a8127de824cb64,R,116575.40,response>60s
2023-09-23 14:58:23,317a797dcf52d01b,450c24111f0d3149,R,64414.46,response>60s
2023-09-23 20:44:09,26c85ebddde617ab,261b71ecb7f19337,R,73058.75,response>60s
2023-09-24 20:15:33,5bf4c0d554f86a74,e9b2a8c1853d77e4,R,0.03,response<0.1ms
2023-09-24 11:10:24,5fb86aca37ed296e,eb711c603acf7bc3,R,0.04,response<0.1ms
2023-09-25 17:20:55,8fcdc93493387c04,183d972960ed59bf,R,0.07,response<0.1ms
2023-09-25 18:15:50,3bef4c81da926c16,add8d1edc272abf8,R,82727.43,response>60s
2023-09-25 08:35:03,b21cd12f28b3f00d,ab8938d90a218acc,R,77018.96,response>60s
2023-09-25 11:19:37,3bc845a4c0dfe7a7,03418ec2760e9ced,R,70335.74,response>60s
2023-09-25 09:32:38,613795dd3ec801a2,95a6a1b2d4fd7b5f,R,0.06,response<0.1ms
2023-09-26 14:58:25,896d4da28fa811c5,c664798237ea1f05,R,61710.16,response>60s
2023-09-26 08:55:37,d304b4eab50dfce6,e792687f0a82b46a,R,106958.02,response>60s
2023-09-26 12:19:08,0c39439f00b9d6c8,5e483a0c56744b3b,W,0.04,response<0.1ms
2023-09-26 09:24:49,ebca2df9ac9a917f,69c460dc3cacf3b3,W,0.04,response<0.1ms
2023-09-26 07:36:31,63e5b6f0fdf6389a,70df056573e6c389,R,0.03,response<0.1ms
2023-09-27 10:23:39,4321dd4e45684088,5539ddc785352912,R,79855.29,response>60s
2023-09-27 17:54:34,7fa42d236f8aae65,183d972960ed59bf,R,67434.99,response>60s
2023-09-27 20:30:21,7f0572eea7c85dd3,60d16974960d3e54,R,79909.20,response>60s
2023-09-27 15:45:07,774b1f8e9ec5c54f,1b9c3b5c172b10b9,R,0.06,response<0.1ms
2023-09-27 13:42:19,7ab85e43b040d182,e6364143c0652455,R,0.09,response<0.1ms
2023-09-28 10:09:09,53da4ac96d89a00d,183d972960ed59bf,R,111987.13,response>60s
2023-09-28 08:45:22,373260e38cf0ff05,8e970e96811fc593,R,109952.34,response>60s
2023-09-28 18:09:31,b8f3b611fdc68ac3,cbfe9d938214ff7f,R,88079.49,response>60s
2023-09-28 19:51:44,6dbaac16eca99619,1cc5694ee3783f67,R,0.02,response<0.1ms
2023-09-28 21:12:42,9f3b029de53d965d,28746a741cadb4e6,R,0.05,response<0.1ms
2023-09-28 14:10:05,e3132854383bcd80,a3aeae330838759b,R,0.07,response<0.1ms
2023-09-29 15:04:47,90213782d45049d3,7ddcaf1490394bd4,R,101255.64,response>60s
2023-09-29 09:37:32,66b4cd954833cda5,da7a4a001e375c8a,R,66175.15,response>60s
2023-09-29 20:57:58,8cb2af0241b87f41,183d972960ed59bf,R,81824.75,response>60s
2023-09-29 20:09:45,4e72f571f6e5880a,15462881f2509861,R,0.08,response<0.1ms
2023-09-29 09:35:50,13a48a1106cce5b9,3bb5f83476e653f1,R,88834.46,response>60s
2023-09-30 20:14:44,1152c3b6fac9a406,0827eed434ff5cad,R,0.07,response<0.1ms
2023-09-30 16:20:47,b34d3d450b7996e3,031034d372a8d7ab,R,0.09,response<0.1ms
2023-10-01 11:46:52,2e052d9b16e907b6,1e9cda93408a4304,R,91445.16,response>60s
2023-10-02 21:34:47,a78816e28aae5e54,08479604f8565954,R,0.05,response<0.1ms
2023-10-03 09:13:29,26dd96f8f38345ae,28746a741cadb4e6,R,0.07,response<0.1ms
2023-10-04 09:16:35,8a813c620ed7f7c7,398c0e040018415c,R,92402.40,response>60s
2023-10-05 22:14:21,d76ffc7f7eaf7319,08f1d85e127e44f5,R,0.09,response<0.1ms
2023-10-06 07:52:47,9f2968eda417d1f2,73b0864fec58089e,R,79813.94,response>60s
2023-10-06 22:27:06,2362c1b0533d6e23,af416ee1aa02381b,R,0.08,response<0.1ms
2023-10-07 12:48:11,0b830d139b7a7a7f,183d972960ed59bf,R,96314.03,response>60s
2023-10-08 21:18:35,96e1d8ce5998677c,162322c88abb1c7a,R,71119.24,response>60s
2023-10-08 10:54:02,c11e22ef7a01f176,183d972960ed59bf,R,0.02,response<0.1ms
2023-10-09 19:25:10,a51dd6d1cc7a8b2b,ce21f3c2f5454c06,R,75757.90,response>60s
2023-10-09 16:50:26,193d476ed656a3d4,6d50f52f0cbe6a00,R,0.05,response<0.1ms
2023-10-09 15:37:56,e51a90e1e928c049,e6364143c0652455,R,87696.06,response>60s
2023-10-09 19:06:21,7f805d7ee11bb566,9710cb86f1db577a,R,0.05,response<0.1ms
2023-10-09 07:51:47,983b2557d5d45aa0,183d972960ed59bf,R,105732.88,response>60s
2023-10-10 16:58:16,2de5ebb1a2768df7,5b4f0371a8305ca5,R,0.02,response<0.1ms
2023-10-10 11:02:05,a7085b578beecaae,88fac0048b0b5fbe,R,88887.50,response>60s
2023-10-10 07:06:27,2e418ffbeadd8fa8,1ea32d5306c7552d,R,0.07,response<0.1ms
2023-10-10 19:56:32,5130f758c747b64a,1a8ce4b965626c62,R,0.08,response<0.1ms
2023-10-10 16:58:01,d5cf521b423e4b3d,94786486425eee4f,R,77119.99,response>60s
2023-10-11 22:39:39,e2dad56a20702e6b,a6810d89e8f39e3f,R,0.05,response<0.1ms
2023-10-11 12:20:55,4b377afa66abbc12,a484b2755872e9a9,R,0.02,response<0.1ms
2023-10-11 20:06:33,a3e6e3b01920d771,640f47b664eb3791,R,0.03,response<0.1ms
2023-10-11 16:07:29,2d4bd58c30d290cc,e252bd85c501b489,R,0.07,response<0.1ms
2023-10-11 21:33:32,5367e8c3cee8323e,a5b150e71670e480,R,80332.36,response>60s
2023-10-11 10:14:54,12e82429ecad0a76,06aefc7c7eec008f,R,0.05,response<0.1ms
2023-10-12 14:37:18,9b96aaf4644a4fb4,3658bfa550fc4679,W,101898.57,response>60s
2023-10-12 13:49:21,c9002f87347ffa23,7a87cce71cae6219,R,0.04,response<0.1ms
2023-10-12 10:13:56,908f594879182062,b24eaa1612913323,R,0.08,response<0.1ms
2023-10-12 15:27:32,47341ef1bebb3d5b,e6364143c0652455,R,0.07,response<0.1ms
2023-10-12 16:05:53,4e3f3259102c4cf6,af6f8b6ab9b8249b,R,0.03,response<0.1ms
2023-10-13 16:14:32,aebfb30e4a6687dc,ebcce2b03ae320fc,R,0.05,response<0.1ms
2023-10-13 15:27:25,82dd52c1ebd2a504,807a0e72837eff6c,R,0.09,response<0.1ms
2023-10-13 14:45:23,05ff1d3a84766aef,5cc8fee1a5065a41,R,63913.90,response>60s
2023-10-13 18:31:01,7f0572eea7c85dd3,739f29d5ced6111e,R,0.04,response<0.1ms
2023-10-13 12:20:17,7f60ebc6e4b6424c,64d93e3b1bff40c9,R,0.06,response<0.1ms
2023-10-13 07:47:49,93310608d91d7e60,90dd727a31164c04,R,99181.37,response>60s
2023-10-14 14:08:41,0166e6083a7aee41,23095428775575af,R,0.09,response<0.1ms
2023-10-14 18:37:02,a50f57f10b7e9ee8,04ed92cacbb07430,R,81447.48,response>60s
2023-10-15 12:58:25,980a06098a1474ec,0b25c4b5205619c2,R,106326.50,response>60s
2023-10-15 10:33:19,9fbd8fa0c6833c49,681a107aefa17e6b,R,94598.58,response>60s
2023-10-16 21:43:58,a438893e051d279f,40674a4f61e9af8b,R,0.03,response<0.1ms
2023-10-16 08:10:52,b1917c4b5f88d0bb,9fffacca204d4e35,R,83347.44,response>60s
2023-10-16 16:37:02,3b94b33a6ba64f5a,d43a526138fde7e2,W,0.07,response<0.1ms
2023-10-16 12:15:35,9e5389832b1d831c,162322c88abb1c7a,R,89922.65,response>60s
2023-10-16 14:12:31,53a40fac5bcf9f91,623e877037009c05,R,0.09,response<0.1ms
2023-10-16 16:41:28,aa5b41aa97b47713,3fab742c03d5e09f,R,79606.18,response>60s
2023-10-17 13:36:13,ed32be9722743507,183d972960ed59bf,R,104266.40,response>60s
2023-10-17 08:26:20,6d2bb174037f3afe,f3bde0a4f95c7f9a,R,0.09,response<0.1ms
2023-10-17 09:39:48,8aca10b2353289d2,998c6809ad7149c5,R,0.06,response<0.1ms
2023-10-17 20:34:03,e380a02169e4321d,72e9c5f2a98fa71a,R,97154.83,response>60s
2023-10-17 16:51:41,65468ef0ba7c59d1,48c8817d7072ebde,R,0.02,response<0.1ms
2023-10-17 20:10:19,ffaa544e8f12360e,eae2d1c623e1d88e,R,86355.29,response>60s
2023-10-18 20:50:17,71acd5d0c051c996,d9dda318ffa627a8,R,0.08,response<0.1ms
2023-10-18 20:16:13,5130f758c747b64a,6a107a91b51060ac,R,63683.51,response>60s
2023-10-18 17:46:43,288f5241c76e972d,332b9969197ea664,R,0.07,response<0.1ms
2023-10-18 14:34:56,6b03dfe6da181fbb,16fd55a07855efbb,R,85989.59,response>60s
2023-10-18 16:44:33,19ddebb2a0b2267a,4eb9428d9fda12bb,R,0.07,response<0.1ms
2023-10-19 17:38:51,027587f8d15ae1b3,f557fa9e31af0ea8,R,0.08,response<0.1ms
2023-10-19 20:33:08,e6c1a430962d970d,183d972960ed59bf,R,0.05,response<0.1ms
2023-10-19 20:54:42,2a3cd6604da2ae05,0199fcb9c7d8137c,W,0.05,response<0.1ms
2023-10-19 21:36:12,4827e45b25646597,b91324352872ae9f,R,0.09,response<0.1ms
2023-10-19 09:36:02,8c7f45ad0dc91347,be4a6603ba537dd0,R,113522.00,response>60s
2023-10-19 08:34:56,4c5bcbc4d9a9716a,d8fffefb1170c1a6,R,0.05,response<0.1ms
2023-10-19 08:34:35,470cf88c3d2db1b1,58a0077f10473c8a,R,72632.83,response>60s
2023-10-20 13:13:58,deda4b47705e1956,8c8533c0adc52a57,R,0.04,response<0.1ms
2023-10-20 18:53:12,81860f5d989d347c,49c3f3462f04dcdf,W,0.05,response<0.1ms
2023-10-20 09:43:53,27a014f81f6d3309,e792687f0a82b46a,R,88141.18,response>60s
2023-10-20 21:59:54,9575aed7c8101728,06aefc7c7eec008f,R,0.06,response<0.1ms
2023-10-20 17:20:42,73eec44ae7d1029e,4134f0f148891c52,R,112570.57,response>60s
2023-10-20 11:18:31,368cf3b63e4239c8,74542232b3f99c3f,R,64440.49,response>60s
2023-10-21 18:53:59,5547dd030127b379,183d972960ed59bf,R,82486.94,response>60s
2023-10-21 15:35:49,ea6cba402335f746,bba088499be0aa8c,R,69822.34,response>60s
2023-10-22 20:04:44,1183e30e3f4509d7,183d972960ed59bf,R,104277.29,response>60s
2023-10-22 19:34:43,a9c9f92d5c5d2a2f,c720caac2206dc36,R,0.06,response<0.1ms
2023-10-23 13:53:27,0b830d139b7a7a7f,38e5d15843e256d6,R,86426.15,response>60s
2023-10-23 17:17:05,ecc179a0d104ce1a,fbccba684353d46c,R,0.04,response<0.1ms
2023-10-23 13:23:29,26dcafa5e28f9c96,41b6e0d50616fb10,R,92021.79,response>60s
2023-10-23 21:44:37,788a3324206f2841,183d972960ed59bf,R,104832.49,response>60s
2023-10-23 15:31:22,0e9f8830564a9ba4,162322c88abb1c7a,R,0.06,response<0.1ms
2023-10-23 19:18:45,83f37214df3f9628,7025f0a27d0b6c59,R,95328.79,response>60s
2023-10-24 08:13:51,eadf0ada9f2958e9,9d5efc018b9ab6a7,W,0.09,response<0.1ms
2023-10-24 17:30:24,00fe9b64dcc9a7b2,07f9b67b30d2a5ad,R,0.06,response<0.1ms
2023-10-24 16:51:49,b92648ce7020906b,2d13d162a7e68861,R,0.08,response<0.1ms
2023-10-24 09:39:54,59f45ef832433f63,31a5be8a490fb3c5,R,94086.45,response>60s
2023-10-24 10:08:09,24140a0c4d3793cd,7a04ab4950b24c38,R,0.08,response<0.1ms
2023-10-25 09:01:03,5187cccd2d381f6c,183d972960ed59bf,R,110834.63,response>60s
2023-10-25 17:31:35,af4e036c1bacec28,47db9f6d3c09ac9b,R,79841.60,response>60s
2023-10-25 17:17:00,0d43ce6a97bee5c2,5b6807ccfe0ef67f,R,116415.84,response>60s
2023-10-25 14:51:51,24e80124d7cbd734,53625dc0cc12fb70,R,108730.18,response>60s
2023-10-25 10:38:47,24140a0c4d3793cd,4c635b0e297dc8bc,R,117041.55,response>60s
2023-10-25 08:14:54,023ae84094d79a7a,7cb6dfe769f25df4,R,0.05,response<0.1ms
2023-10-25 22:32:26,2d6a763892b99b6d,db05b3e463e323cd,R,76731.10,response>60s
2023-10-26 07:44:12,cc891514de15642f,e792687f0a82b46a,R,92443.41,response>60s
2023-10-26 13:11:40,e5b9a6c9c147adc3,8e970e96811fc593,R,0.05,response<0.1ms
2023-10-26 10:10:05,11fab158c34b6c20,413650da28c3710a,R,95679.85,response>60s
2023-10-26 19:32:01,27bd62346381d824,183d972960ed59bf,R,0.08,response<0.1ms
2023-10-26 09:06:43,9ab5e287ca8b38e5,a84832164132a994,R,0.06,response<0.1ms
2023-10-27 08:15:27,23a5d106b90dc2c7,f6d4d75c8f7e831c,R,94779.40,response>60s
2023-10-27 09:55:41,1914c0ed112c3152,1e1f27d6e8d61c4b,R,0.04,response<0.1ms
2023-10-27 11:00:54,192de1bebdf0f22e,54a55aae8c9e1b01,R,0.03,response<0.1ms
2023-10-27 13:52:32,e15d2a08cc11e7d0,82a6c0c61e8332ed,R,0.04,response<0.1ms
2023-10-27 08:26:53,bc8eabc5d241c8c8,24d7a4d28c01a381,R,0.03,response<0.1ms
2023-10-28 06:40:22,a7085b578beecaae,2d23d9aedf11bafc,R,82137.26,response>60s
2023-10-28 11:03:05,e3f52eba5ab26086,183d972960ed59bf,R,0.02,response<0.1ms
2023-10-29 18:40:22,a939262faee14938,658cd8ddfd0d3d00,R,72224.71,response>60s
2023-10-29 10:16:43,8d228b98a14c4668,8fc7f2250f3408f1,R,0.05,response<0.1ms
2023-10-30 16:49:59,2740638cfd1806aa,adea7ceb1f7b1dff,R,108846.62,response>60s
2023-10-30 15:27:45,42a91bd16395ec58,bd4177a62716470a,R,0.04,response<0.1ms
2023-10-30 18:08:05,71cd4f7b3e0104d7,4af8f2298bc45dc1,R,96668.18,response>60s
2023-10-30 20:40:36,0bd586342def3cc2,790247bad5749bdb,R,0.06,response<0.1ms
2023-10-30 16:27:24,2dec4c948f5fc6e9,f4edb2ec03621364,R,0.03,response<0.1ms
2023-10-30 17:45:32,0c5e8cf94f571aa8,ad1c141654937ccf,R,0.03,response<0.1ms
2023-10-31 20:48:27,62040a9e4af1fc67,2e47d18497ccff4f,R,0.06,response<0.1ms
2023-10-31 16:53:55,b3dfe16848b0cf3f,82af38a1336dc394,R,0.05,response<0.1ms
2023-10-31 13:53:07,f2e6047c8b1216a0,1fb1fc8b747a13e9,R,0.07,response<0.1ms
2023-10-31 10:09:29,5acd64746ba87526,9bb4c61b9b11968f,R,0.06,response<0.1ms
2023-10-31 08:33:07,36dff7131e560d22,693cdcdb61388db5,R,0.08,response<0.1ms
2023-10-31 12:04:31,63e30cee41ad39ec,2b748ee953b7e57a,W,0.05,response<0.1ms
2023-11-01 14:02:52,e466ce28936328ce,955f569e0c384efc,R,116145.64,response>60s
2023-11-01 00:12:23,3870c2adc4c80247,20febadeacc035f8,W,62079.46,response>60s
2023-11-01 08:10:48,8d6c9f96942d8b80,a9c0e96fd79ce8c5,W,70099.15,response>60s
2023-11-01 08:35:25,ba0fe23dd4bbf353,0fe5df9b9a0a2cdc,W,103518.10,response>60s
2023-11-01 12:25:42,08a1812bd56df037,28746a741cadb4e6,W,82461.85,response>60s
2023-11-01 14:51:24,756b069612493240,8085ee693cd1b6ed,R,0.06,response<0.1ms
2023-11-02 14:30:42,d5cf521b423e4b3d,df471146f7a6eb5d,R,0.08,response<0.1ms
2023-11-02 16:10:50,a29e18c0882507b1,a6eea30972df8656,R,0.03,response<0.1ms
2023-11-02 09:19:19,78053bfad35d1cf5,ab013402c6dc18b5,R,117782.51,response>60s
2023-11-02 07:42:27,4701579a82fe4642,599c0a358c8da7dc,R,0.04,response<0.1ms
2023-11-02 23:50:51,861c397eeefa7727,06aefc7c7eec008f,R,105571.36,response>60s
2023-11-02 16:51:24,185f5ad3eaab4ab6,3033194bc3782d84,R,0.07,response<0.1ms
2023-11-03 08:33:25,9db1b4649b8df961,54a55aae8c9e1b01,R,0.02,response<0.1ms
2023-11-03 20:35:53,4265a1ae3bb4df26,c136f6bb9cf83cec,R,104169.55,response>60s
2023-11-03 09:05:32,cec0d83d1863fa8f,5f6d5ee11362a044,R,0.04,response<0.1ms
2023-11-03 22:07:05,9153db9d4cb7c84a,0e160e5a19d93bc8,R,73175.17,response>60s
2023-11-03 09:36:09,94a5598ccabbcd77,494f705a4b7268ab,W,0.08,response<0.1ms
2023-11-04 13:47:28,047a135e726567a0,28746a741cadb4e6,R,95566.19,response>60s
2023-11-04 14:07:12,5253db62c8c68aa6,183d972960ed59bf,R,0.09,response<0.1ms
2023-11-05 17:58:48,ce812323da7d0224,28746a741cadb4e6,W,83479.95,response>60s
2023-11-05 22:44:12,19c549053a21a4bc,44eba9a54f663e65,R,110338.45,response>60s
2023-11-06 09:50:33,30ba46eb3c478846,d651a359fc960caa,R,64529.09,response>60s
2023-11-06 08:06:16,791a8ad3e0f2eac1,183d972960ed59bf,R,83475.95,response>60s
2023-11-06 07:51:51,8339773ec5d462cd,51dba15cc0f0c6ea,R,0.04,response<0.1ms
2023-11-06 10:38:14,65f27d3bd043495c,f90cc791199446f6,R,80019.48,response>60s
2023-11-06 07:54:34,6337ba309777730e,183d972960ed59bf,R,105227.18,response>60s
2023-11-06 15:12:12,c649a96663dc4680,cbb5908957352e72,R,0.06,response<0.1ms
2023-11-07 20:37:42,e51b4c6cb82b25ad,5a2883cbd422dc9e,R,86796.76,response>60s
2023-11-07 20:24:28,aa5b41aa97b47713,b36571f6933f65f2,R,90641.60,response>60s
2023-11-07 20:37:37,2bfa1527febc85b7,5a32e369528aeb9d,W,65737.60,response>60s
2023-11-07 19:07:43,76e4ddcdd06cbd6d,06aefc7c7eec008f,W,0.08,response<0.1ms
2023-11-07 16:26:36,39384a399822eb38,cbcdc16fb872b451,R,114261.94,response>60s
2023-11-08 10:45:29,87304ec032da7611,162322c88abb1c7a,R,0.03,response<0.1ms
2023-11-08 09:22:27,5a81ac198dfe913d,dbc7ab1602a1e8f4,R,104261.41,response>60s
2023-11-08 08:05:32,b1ed16ebe57fbe92,28746a741cadb4e6,R,95303.00,response>60s
2023-11-08 17:43:18,65a1033e2c96b528,78e5b4ccc092f121,R,0.06,response<0.1ms
2023-11-08 17:06:48,653e63ea40cd0603,6f9478bcfc2d13d5,R,0.02,response<0.1ms
2023-11-09 08:38:42,dc05f5c007a9ccbe,da3637f8271d940d,R,101883.74,response>60s
2023-11-09 13:50:15,a6a3d4add7df353c,54a55aae8c9e1b01,R,0.05,response<0.1ms
2023-11-09 11:05:00,a207c70183027e8e,c213a0a7dec864f7,R,66181.58,response>60s
2023-11-09 20:15:36,eef4bcdfa256b022,cdcbef2e8a65cceb,R,60466.56,response>60s
2023-11-09 21:05:13,af217e56f6ef116b,d5216700a5b5b1d6,R,70887.37,response>60s
2023-11-10 21:27:19,483f38b826bb242b,48055e8da9aefad7,R,0.08,response<0.1ms
2023-11-10 22:26:15,268142303f062f8d,562e43c8ff8a437d,R,107070.05,response>60s
2023-11-10 20:47:24,a848edb7847f08be,183d972960ed59bf,R,0.06,response<0.1ms
2023-11-10 08:15:44,cc8df543f5cba753,a3aeae330838759b,R,86069.08,response>60s
2023-11-10 15:41:52,ac1789789e876ef2,643003417d05c15b,R,75062.42,response>60s
2023-11-11 10:28:04,ace52c7882bc866d,28746a741cadb4e6,R,0.08,response<0.1ms
2023-11-11 08:45:59,70e835e9e32adaa0,5d7f4a7df67cc49d,R,96129.16,response>60s
2023-11-12 15:55:19,9feb6c12d4bb7842,68fcbe31239e8ea9,R,75818.73,response>60s
2023-11-12 11:52:06,0e3102e38e837156,bcd189bfb8f57644,R,75042.25,response>60s
2023-11-13 11:11:25,878d355407a04d3c,7943bd354e1d3f14,R,99273.00,response>60s
2023-11-13 15:20:40,5730bb047a326db6,1bb6d7bea351eeea,R,102989.20,response>60s
2023-11-13 18:42:11,25238a4f75d0a87c,44f055827ba80e09,R,115464.55,response>60s
2023-11-13 17:39:32,77e1e6645b3c3924,33636cda876e002e,R,67998.66,response>60s
2023-11-13 06:49:08,deb4fa415d8fb086,55e6fb928c60369d,R,65708.07,response>60s
2023-11-13 15:00:22,ec3f7fcc5b547613,8a9c82dec1b930bd,R,86125.88,response>60s
2023-11-14 19:54:58,a07f20a50b148a69,83faa4ef1c29cfac,R,0.03,response<0.1ms
2023-11-14 16:39:57,97792ac53caff620,28746a741cadb4e6,R,0.08,response<0.1ms
2023-11-14 09:03:34,f1557013ea7f6e61,fac73fff275de908,R,0.05,response<0.1ms
2023-11-14 17:52:56,b390395f44dcda7b,dab860ab76ef6d7f,W,108166.91,response>60s
2023-11-14 09:47:18,4f4679ceca2dfad7,d5fc9a89e1734873,R,110704.29,response>60s
2023-11-14 16:44:49,88703fff09cee2bc,28746a741cadb4e6,R,0.05,response<0.1ms
2023-11-15 11:35:57,2f673eacc9740262,1c7d434b2bec7135,R,0.05,response<0.1ms
2023-11-15 09:12:32,1f549f419cb116df,06aefc7c7eec008f,R,67811.24,response>60s
2023-11-15 16:46:56,4126db2ce5b6e637,55e8286a67cd6b89,R,116216.94,response>60s
2023-11-15 12:32:37,63843457ebc7d1d3,643003417d05c15b,R,75969.07,response>60s
2023-11-15 08:39:57,92f6e47d99f90844,4a1f6cb8362072ba,R,0.04,response<0.1ms
2023-11-16 21:25:40,4f18722a9fe95b30,9d665a0c58d7d13d,W,73225.19,response>60s
2023-11-16 19:54:43,dedab00f2543bea2,06aefc7c7eec008f,R,66950.91,response>60s
2023-11-16 12:56:00,aab413df7e7e824a,a8a84cc557b88ffc,R,82716.40,response>60s
2023-11-16 20:21:18,0181c89f5a627246,28746a741cadb4e6,R,110253.53,response>60s
2023-11-16 10:34:32,31d733059881f253,537cbb4e49a8c45e,R,104008.69,response>60s
2023-11-17 10:42:17,afbf5a3aaeaa28ce,39e38a00874a803c,R,99761.00,response>60s
2023-11-17 13:13:56,5258c6198131e80a,9d00e89b68809cb8,R,100299.38,response>60s
2023-11-17 08:27:38,dbf8345d4c733f49,a84bf50f205b7031,R,96161.11,response>60s
2023-11-17 13:04:56,e5bd238194528b67,06aefc7c7eec008f,R,0.02,response<0.1ms
2023-11-17 21:38:44,477de890d13bf5de,a3aeae330838759b,R,0.08,response<0.1ms
2023-11-17 14:59:51,1273bd5ab268efc6,28746a741cadb4e6,R,104706.21,response>60s
2023-11-18 16:04:32,97e2c868d328fe04,8e970e96811fc593,R,63719.88,response>60s
2023-11-18 18:22:08,86837d0f618cfcdf,c000dc5d178c6a3e,W,0.06,response<0.1ms
2023-11-19 15:04:11,9855a58ab07cf8cc,16aee304ee9abde8,R,0.07,response<0.1ms
2023-11-19 11:18:08,f64e308c4a0ba33f,729cfe267f45b22f,R,116839.49,response>60s
2023-11-20 08:54:06,a78816e28aae5e54,0e2b4715ca83c5d5,R,0.04,response<0.1ms
2023-11-20 21:04:15,f2c1c1fdb2638db1,7746913e278ca529,R,110539.19,response>60s
2023-11-20 10:05:57,318d2dee3f238a81,162322c88abb1c7a,R,0.03,response<0.1ms
2023-11-20 10:49:03,8cb2af0241b87f41,2e853542625e8331,W,93295.34,response>60s
2023-11-20 10:21:12,042374dc9cea081d,d5668b895aa29888,R,81115.13,response>60s
2023-11-21 09:48:39,2f39eb16ab4fbc25,e792687f0a82b46a,R,0.06,response<0.1ms
2023-11-21 18:24:22,26d30fc6afd88138,162322c88abb1c7a,R,0.07,response<0.1ms
2023-11-21 09:30:10,78154270b4022eb0,183d972960ed59bf,R,111324.29,response>60s
2023-11-21 09:06:33,58d15373b3a1db4a,218bcc183efe9511,W,103018.92,response>60s
2023-11-21 10:37:53,482f989f659fac28,99f89779f0f464e2,R,0.06,response<0.1ms
2023-11-22 16:00:44,bcc16e0c77e01a91,7ffcdfdc02db81f5,R,71018.99,response>60s
2023-11-22 20:31:17,94fc4a666873d95f,6f6a0333220f007b,R,105287.51,response>60s
2023-11-22 07:18:20,36032724576bf7c8,162322c88abb1c7a,R,109857.27,response>60s
2023-11-22 16:33:08,a00425041c3dafed,bbbbb612f3404151,R,0.06,response<0.1ms
2023-11-22 15:14:49,0d6808c8c85d6e19,3d7b5e442a7011bb,R,87929.29,response>60s
2023-11-22 13:47:56,afb47bcc9c96474b,d4de3b8b4542b0cc,R,0.09,response<0.1ms
2023-11-23 13:21:17,c8e786c0fb3bb221,470ee18995cfd407,R,109566.25,response>60s
2023-11-23 20:52:52,d7036991a4a44e02,76a6a952e6fd99b3,R,0.02,response<0.1ms
2023-11-23 17:40:15,6593d0299c2a74d9,6330451f1c7b762d,R,0.06,response<0.1ms
2023-11-23 14:33:47,453dea4144236953,5bba01c5a3ca5e98,R,0.05,response<0.1ms
2023-11-23 11:01:25,36453959904f8ce4,183d972960ed59bf,R,0.09,response<0.1ms
2023-11-23 16:08:07,5bcea1b6e8e45292,10aec20305f59227,R,97172.20,response>60s
2023-11-24 20:04:34,117eb114a45dfc07,dec487e3536e9249,R,115143.34,response>60s
2023-11-24 08:38:54,689f14aea33d7e68,28746a741cadb4e6,R,0.08,response<0.1ms
2023-11-24 08:16:24,1ccd6d6859a3a3f1,0cc1c72c2e271ead,R,0.03,response<0.1ms
2023-11-24 08:18:45,8bd3331d17ee1962,683c569a75d27d4a,R,0.05,response<0.1ms
2023-11-24 13:55:45,6fffb308b2fa757f,8e970e96811fc593,R,0.08,response<0.1ms
2023-11-25 07:51:20,9ab5e287ca8b38e5,c9488188785be5e9,R,0.09,response<0.1ms
2023-11-25 08:46:45,37da421d41380081,89788073483e60c8,R,0.06,response<0.1ms
2023-11-26 13:55:31,502cb3463c9f1261,b21a92c194375977,R,0.04,response<0.1ms
2023-11-26 17:50:10,70f37d88bd1a4637,9f73db10d95e263b,R,100677.23,response>60s
2023-11-27 11:27:51,df39f1441f209414,3d4e7407a0246cf4,R,109860.04,response>60s
2023-11-27 19:13:59,559caf1cadef40aa,183d972960ed59bf,W,0.02,response<0.1ms
2023-11-27 10:36:27,39081413a9da0ece,6d4ca95ecbb207be,R,97201.93,response>60s
2023-11-27 09:09:09,035effc034f46286,61e56b6c57a9a92d,R,0.03,response<0.1ms
2023-11-28 09:10:27,afef93389327fe08,b5dc4bf20923fcf9,R,112109.60,response>60s
2023-11-28 09:11:27,3f6a32eaff6bd1c3,ac98f770ffd10b4f,R,0.02,response<0.1ms
2023-11-28 07:24:26,75100c8119449e02,06aefc7c7eec008f,R,0.03,response<0.1ms
2023-11-28 21:58:36,c12ced08ca876f88,ff21d06185ad37e1,R,0.07,response<0.1ms
2023-11-28 13:54:19,3b94b33a6ba64f5a,98cfa727a883b14e,R,84609.34,response>60s
2023-11-29 08:42:53,38665dd702905151,4ee6e00d62c11957,R,78155.48,response>60s
2023-11-29 10:06:32,b207c9c6038788c3,c7893fe5c6bf76c4,R,81466.24,response>60s
2023-11-29 10:34:26,0c9ec634e4a2799d,eac8b46b3176c114,R,0.05,response<0.1ms
2023-11-29 22:48:22,5887f8181d67156e,eb9f7837597e7a49,R,0.08,response<0.1ms
2023-11-29 16:14:01,9444c95f248b715b,5e4edefb18815f2c,R,0.09,response<0.1ms
2023-11-30 12:40:23,68627da225184a8a,06aefc7c7eec008f,R,109600.70,response>60s
2023-11-30 20:49:58,6a94e6ac85abd08f,4b30306f7321e0ae,R,0.04,response<0.1ms
2023-11-30 23:21:54,94fb80f3c0e8de9c,dae8a41c92b13a25,W,0.09,response<0.1ms
2023-11-30 16:33:20,2e3384d391e22b8a,28746a741cadb4e6,R,0.03,response<0.1ms
2023-11-30 14:15:47,dc05f5c007a9ccbe,0d8028bdb7e5cb4e,R,0.06,response<0.1ms
2023-11-30 13:11:59,5cc6dd583f4e9de4,f0ec08f9584f00a2,W,78663.85,response>60s
2023-12-01 09:24:30,1be0643ae262c307,f344ed1a3561b17c,R,0.09,response<0.1ms
2023-12-01 14:41:11,f524cd28d039a722,c0789ccd58be6228,W,0.04,response<0.1ms
2023-12-01 19:55:50,5dacdfa0e5d4c069,1d697597ad18fb6b,R,0.07,response<0.1ms
2023-12-01 10:32:51,426e5f3687ddb1fa,6633c07fb81f0b7e,R,67519.53,response>60s
2023-12-01 14:02:24,a3069bfeb4ba50af,e792687f0a82b46a,R,92263.53,response>60s
2023-12-01 11:13:41,8d870ad7f037fcc0,806bb0695fb6ab19,R,0.07,response<0.1ms
2023-12-02 09:33:15,164c7ebf127c546f,62c53fc228fb838d,R,0.07,response<0.1ms
2023-12-02 19:47:26,d49500e4568fe741,2ea064ee52d54c8f,R,91027.44,response>60s
2023-12-03 17:32:03,4e150f72d89636e5,8e970e96811fc593,R,104123.25,response>60s
2023-12-03 14:26:53,5ebad4581b4e71de,8bde82eed1b16599,R,0.07,response<0.1ms
2023-12-04 16:23:34,1e499dd840f8dc2d,183d972960ed59bf,R,0.08,response<0.1ms
2023-12-04 20:46:26,7055aa40eca7fede,13de05bf09de2cb8,R,88849.33,response>60s
2023-12-04 18:06:50,3438f4037882c97a,169f7e29bd15188c,W,0.07,response<0.1ms
2023-12-04 08:42:46,bb66c3665e4864b2,19babf142a7252b3,R,0.06,response<0.1ms
2023-12-04 19:13:30,8982d3502e1929b2,cb5e2a07212295e3,R,71944.36,response>60s
2023-12-04 18:49:49,dd812e18f597ffd8,643003417d05c15b,R,110396.54,response>60s
2023-12-05 20:14:32,35b2b4075eb90810,e792687f0a82b46a,R,92978.50,response>60s
2023-12-05 15:56:52,44f91e42e382f0b0,da9cb681e6f3efb7,R,72072.42,response>60s
2023-12-05 09:33:54,46e0708ed1d6d361,d8d338f190999166,R,0.08,response<0.1ms
2023-12-05 10:39:26,046da2df1c89460a,af6f8b6ab9b8249b,R,107734.46,response>60s
2023-12-05 21:14:41,750249ff5e008ff0,8e970e96811fc593,R,0.09,response<0.1ms
2023-12-06 16:29:46,c10dde15dcd71a1e,5ffa2c673a6cca21,R,100179.55,response>60s
2023-12-06 19:38:14,c7c1a6986aa86fc6,b0c4f59af8b43ead,R,107197.35,response>60s
2023-12-06 08:51:19,e9079edc00b27cd6,0e9d798c6241aa21,R,0.06,response<0.1ms
2023-12-06 22:47:10,4c1bde162699ccda,07d1bc28a87f7304,R,93957.33,response>60s
2023-12-06 18:22:32,3b94b33a6ba64f5a,1ce96bc783d98b69,R,82054.85,response>60s
2023-12-06 10:18:43,c0065e9f6f33e486,e792687f0a82b46a,R,114819.03,response>60s
2023-12-07 23:47:03,292712b692d3155c,d5512980a227a9c9,R,0.03,response<0.1ms
2023-12-07 17:52:56,810425180012d2cc,183d972960ed59bf,R,75101.24,response>60s
2023-12-07 08:29:15,9ed20b16f1f19033,af6f8b6ab9b8249b,R,0.07,response<0.1ms
2023-12-07 08:17:55,5071d1ea10a70fa2,170ce3adcb538eb1,R,0.08,response<0.1ms
2023-12-07 10:25:24,05c2bcf4c2d0134d,07bd4cb89ff39106,R,0.03,response<0.1ms
2023-12-08 17:08:01,576e46070f92ca12,c9c94aec6b9c72a7,R,0.06,response<0.1ms
2023-12-08 19:15:53,4ef2948d1cb802bf,665e3be3d38d953e,R,0.05,response<0.1ms
2023-12-08 19:33:24,c506ad385a034409,183d972960ed59bf,R,61515.86,response>60s
2023-12-08 09:20:06,80390bdf293adee0,9db21e5fd46a4690,R,74837.18,response>60s
2023-12-08 17:34:54,f32994bbca4b2267,28746a741cadb4e6,R,83536.12,response>60s
2023-12-08 10:23:02,54230f3c775920dd,183cde3a2eaf111b,W,113642.83,response>60s
2023-12-08 19:40:46,a0a0f52e794d17f3,746a7c43e4f17a43,R,109094.64,response>60s
2023-12-09 20:22:20,cab1e5da25db1842,bc1d953bbfaf1c16,R,0.06,response<0.1ms
2023-12-09 16:31:59,865d9f214f7f9de0,411b0a671363cf10,R,82157.91,response>60s
2023-12-10 15:34:30,765d198be7a4cb74,ff41b18f69d6a77f,R,0.03,response<0.1ms
2023-12-10 15:34:45,ec3693ed90443944,1edf7a8dadea36e9,R,116362.61,response>60s
2023-12-11 10:21:33,a7b75c60de50656b,183d972960ed59bf,R,79168.54,response>60s
2023-12-11 18:11:36,4eb4654fb132f610,07fe5bbea2eb2243,R,0.04,response<0.1ms
2023-12-11 17:33:42,18117b275bc3ac5b,77d40b69c46d4d4d,R,78831.04,response>60s
2023-12-11 15:28:53,6e5180be9703f4a7,edb2247eca6ac609,R,0.04,response<0.1ms
2023-12-11 13:37:38,60426402ff575bb0,af6f8b6ab9b8249b,R,74247.81,response>60s
2023-12-12 10:36:47,2c46320321854bb6,c992b051e468f8ce,R,0.03,response<0.1ms
2023-12-12 17:11:58,e05f60ac1fda993c,474547e62b5a692f,R,61243.08,response>60s
2023-12-12 16:35:36,2d6209c2c77c624d,a99a4f6ba2aa1eeb,R,106850.95,response>60s
2023-12-12 14:07:12,5c9e895bb178faa0,1c6b1ae92ad7525a,W,91938.03,response>60s
2023-12-12 08:20:23,dc2d2879e062682e,9aacaedbb6198aa4,R,0.05,response<0.1ms
2023-12-12 18:30:51,d1b0eb5ee5e4b403,437a99b35726cc9e,R,0.03,response<0.1ms
2023-12-13 15:06:31,875d8f653d06ffb3,183d972960ed59bf,R,75265.72,response>60s
2023-12-13 08:53:58,0e14631b663459e7,63a274e34bff6fa0,R,0.06,response<0.1ms
2023-12-13 20:44:46,46b3e5bac7424a12,183d972960ed59bf,R,0.06,response<0.1ms
2023-12-13 10:24:57,f1c4f77c662f621b,183d972960ed59bf,W,0.04,response<0.1ms
2023-12-13 09:51:41,9e41952cbf7e03ec,183d972960ed59bf,R,80131.64,response>60s
2023-12-13 19:07:16,773c21b07e1c4646,1303c1fec9a4c67e,R,0.04,response<0.1ms
2023-12-14 16:48:34,cc646f5c004055dc,887a7c3629a1646c,R,116001.89,response>60s
2023-12-14 19:42:52,86899a428cca28ac,3c3c6639a6c312ae,R,64686.58,response>60s
2023-12-14 20:14:44,5a43423a50f46ca1,fe74954110b62a36,R,81366.29,response>60s
2023-12-14 16:00:42,0d6808c8c85d6e19,2a06710a4b7f1cb5,R,84918.97,response>60s
2023-12-14 20:20:18,1a96b5965048281a,9514e72c4517f51c,R,0.05,response<0.1ms
2023-12-15 18:19:34,b9a94dbacbdd9dab,96c490e01296047d,R,0.06,response<0.1ms
2023-12-15 11:08:14,dc05f5c007a9ccbe,72e9fd4f9ade1437,R,0.04,response<0.1ms
2023-12-15 14:33:22,766a800048edb609,044c292c250102d4,R,73345.24,response>60s
2023-12-15 21:29:50,a25de4e567928263,c4a09321e597d714,R,68884.86,response>60s
2023-12-15 16:59:05,aa9cca91f7982852,ba4fa8d5fd03f646,R,71931.57,response>60s
2023-12-15 20:52:52,ebe3dc9707762741,a03f4588f6e2a3e0,R,0.04,response<0.1ms
2023-12-16 17:54:20,31482dff371d5102,a4d2f7915f5f6a83,R,87795.74,response>60s
2023-12-16 17:41:29,ed504853f2395bd2,d826c86c14bba454,R,0.02,response<0.1ms
2023-12-17 11:42:40,a53e9ea0d449d6af,f1c29b00fe36ce96,R,111526.16,response>60s
2023-12-17 13:24:24,4dcabef7bbab8b0a,183d972960ed59bf,R,111203.90,response>60s
2023-12-18 20:38:31,e6c1a430962d970d,b6ac2fe8580eaba3,W,0.06,response<0.1ms
2023-12-18 16:11:30,d43c7d8066c06fda,ddc1f4e8d5fce125,R,101317.64,response>60s
2023-12-18 17:58:56,cfddcb98eaae59cc,ae3c9f72d4dba1b7,W,75024.77,response>60s
2023-12-18 09:05:33,56dcf5129cf103f9,f4edb2ec03621364,R,0.03,response<0.1ms
2023-12-18 22:32:59,0f2d443067245cda,f56af558a8cb4c59,R,91192.70,response>60s
2023-12-19 16:41:10,c1b89d87f1407d8e,183d972960ed59bf,R,111960.14,response>60s
2023-12-19 14:28:55,7c94c9b94143de14,9c1491568544b05a,R,113137.78,response>60s
2023-12-19 09:52:13,b10576db7408062d,83b7b4f624aef58d,R,71618.34,response>60s
2023-12-19 16:46:37,292712b692d3155c,3f4202b12af71a66,R,114280.16,response>60s
2023-12-19 21:27:56,3eba47dd4c1acd2e,183d972960ed59bf,R,109382.45,response>60s
2023-12-20 07:09:50,d13e0661edffc7da,f3476a45e1554117,R,0.04,response<0.1ms
2023-12-20 09:51:04,144bf669bb75c878,f4889c751492efc8,R,103512.05,response>60s
2023-12-20 10:33:22,a54861cb81710329,06aefc7c7eec008f,R,0.04,response<0.1ms
2023-12-20 09:09:16,93e9b0ae4152cd25,27e7241c1a94a5f0,R,87781.05,response>60s
2023-12-20 09:07:21,d8b24606112b36f2,28746a741cadb4e6,R,75370.36,response>60s
2023-12-21 19:28:38,5867187c46bca865,6527622261c6ead2,R,0.09,response<0.1ms
2023-12-21 09:04:28,7d5e36e7841ae057,4018c519ff624d35,R,114964.50,response>60s
2023-12-21 20:56:27,81958553ff4992f4,49e8f2a55263565e,R,0.04,response<0.1ms
2023-12-21 09:52:28,b819baa855c49245,b9bde7b1474ab5e9,R,0.06,response<0.1ms
2023-12-21 13:00:36,5887f8181d67156e,cdb7020afd5011f4,R,0.05,response<0.1ms
2023-12-21 21:19:48,96a289ed9676fa99,2aa53293db35a157,R,82779.42,response>60s
2023-12-22 07:25:25,9576a170cac22097,9cee6d2017aae47a,R,81706.17,response>60s
2023-12-22 19:59:48,a8ecef13e4aadb1c,183d972960ed59bf,R,0.06,response<0.1ms
2023-12-22 14:44:34,064eae062799d18c,06aefc7c7eec008f,R,0.08,response<0.1ms
2023-12-22 07:23:10,36779ba4f659afa9,28746a741cadb4e6,R,0.05,response<0.1ms
2023-12-22 14:19:04,10f2766c2b3591e4,adf7523c2eaaa938,R,0.05,response<0.1ms
2023-12-22 15:14:58,56cdc3ef2591011a,8e970e96811fc593,R,85680.14,response>60s
2023-12-23 13:21:17,c33a4663e3e813b5,ad3de53adef576bb,R,0.08,response<0.1ms
2023-12-23 09:41:55,3f9fca15c0f0eb4b,28746a741cadb4e6,R,116079.80,response>60s
2023-12-24 19:21:58,46bd684cfd695d7a,150da47501a0deeb,R,0.03,response<0.1ms
2023-12-24 09:17:27,40f6cbf51e8b24e2,28746a741cadb4e6,R,0.04,response<0.1ms
2023-12-25 11:09:54,9e41952cbf7e03ec,187ec252a079fd50,R,0.08,response<0.1ms
2023-12-25 21:05:06,f3a632612e863d2a,183d972960ed59bf,R,79758.77,response>60s
2023-12-25 13:12:20,e71e55b1019642bd,183d972960ed59bf,R,0.02,response<0.1ms
2023-12-25 17:33:58,fe41f99440cda37d,dc18b2de4b490866,R,0.02,response<0.1ms
2023-12-25 14:16:00,6fc4cb330af854b4,c4d24a546ba847c8,R,0.05,response<0.1ms
2023-12-26 13:49:14,55d826df6b4e9fc4,8f1a193bd0a00ba7,R,0.04,response<0.1ms
2023-12-26 15:10:56,8979f1c9213e6b23,f570b183148158a3,R,85311.59,response>60s
2023-12-26 15:52:56,723ddb39a987b926,2a8794d350b73ade,R,0.04,response<0.1ms
2023-12-26 17:07:06,9d215b3538c73ac0,6af174532da01be2,R,0.05,response<0.1ms
2023-12-26 18:50:17,2fff8a887bffde18,af6f8b6ab9b8249b,R,0.05,response<0.1ms
2023-12-27 11:02:11,82bb37bb046e54ee,570cd09ff3b4a988,R,0.08,response<0.1ms
2023-12-27 20:05:05,229ca7a755135f42,162322c88abb1c7a,R,76790.62,response>60s
2023-12-27 14:22:57,95afe72da1f0b1e9,5bb2d1f4477a7331,R,0.06,response<0.1ms
2023-12-27 17:13:33,52c242277bc4eac5,45b2c1b63e7ed650,W,116976.74,response>60s
2023-12-27 14:49:28,71f679eb67dfad27,12794d857d47c5fd,R,0.03,response<0.1ms
2023-12-27 20:33:34,eeef06e03f3b0546,183d972960ed59bf,R,65249.50,response>60s
2023-12-27 13:48:41,9d539f6c16eb13bf,183d972960ed59bf,R,61430.26,response>60s
2023-12-28 20:28:06,c50335eb4590d42b,e929f648fefb39e3,R,115030.13,response>60s
2023-12-28 18:06:58,ac2eae28f55cc0d1,79c7596feda736d3,R,113814.63,response>60s
2023-12-28 19:41:07,b34d3d450b7996e3,cb1caf73da7989c0,R,95196.54,response>60s
2023-12-28 13:43:30,765b48da216ce130,cf33d7a5facde444,W,0.07,response<0.1ms
2023-12-28 20:34:15,7e0f40bb15f1bc47,a1d1b8bed71babcb,R,98437.17,response>60s
2023-12-29 09:23:53,7723b0eb5c85cfca,9c39c9ca5eafd76c,R,0.06,response<0.1ms
2023-12-29 21:11:51,f6fe27d829c7ed89,3545d063b73edddd,R,106438.84,response>60s
2023-12-29 21:37:49,cf3dab72912ae206,c6d0f8fa0900ba29,R,79767.11,response>60s
2023-12-29 08:39:38,33c432ff525250d0,e4f8b1528eddc757,R,0.09,response<0.1ms
2023-12-29 14:39:07,ddc59c035a77926f,70162df52b018f57,R,0.03,response<0.1ms
2023-12-30 17:41:37,ede6cf85e16ba08b,70c33bb7ccfcd089,R,0.09,response<0.1ms
2023-12-30 07:36:39,e4e114d173b77e3c,b23864171e69e056,R,79794.76,response>60s
2023-12-31 22:07:59,b5442049eb2c7c4d,183d972960ed59bf,R,0.02,response<0.1ms
2023-12-31 22:25:42,34841e17dff96e72,eb7b4dc22ccddb79,R,98797.13,response>60s
2024-01-01 18:37:30,d327f5175e299589,06aefc7c7eec008f,R,112253.25,response>60s
2024-01-01 08:21:48,2f7a88574241fc57,74d963e35a21e872,W,0.03,response<0.1ms
2024-01-01 16:48:40,0c28aae200cd095a,183d972960ed59bf,R,79486.34,response>60s
2024-01-01 08:31:37,7d51db8c8b105f88,f2a4453690d279a1,R,101629.09,response>60s
2024-01-01 18:41:50,f4f2307276a167a6,d8ba38b646576456,R,0.07,response<0.1ms
2024-01-02 08:09:25,a76fc859cddc9657,f2b6d37eb082d9cf,R,0.06,response<0.1ms
2024-01-02 07:56:57,5bffc1e96225c1ce,7aaa2257e7ee3fa6,R,0.03,response<0.1ms
2024-01-02 12:49:35,cc646f5c004055dc,c966963697614571,R,0.03,response<0.1ms
2024-01-02 12:03:48,9594400cbd8c67bd,8ebd81b1e7c59548,R,70505.31,response>60s
2024-01-02 14:42:38,c50335eb4590d42b,183d972960ed59bf,R,0.08,response<0.1ms
2024-01-02 08:54:03,354424a601a741c8,6c70a9c243626429,R,0.07,response<0.1ms
2024-01-02 10:42:47,15d7c83f057646f3,cda1447d9097168d,R,77033.64,response>60s
2024-01-03 15:17:30,1247570612f05b12,fe8fb57ab115f49b,R,0.03,response<0.1ms
2024-01-03 20:09:24,16102651e9f72e04,06aefc7c7eec008f,R,81826.97,response>60s
2024-01-03 19:43:50,861c397eeefa7727,1abcd2345531f717,R,0.05,response<0.1ms
2024-01-03 07:41:40,9bdded5114667827,b8290f3e9990b97f,R,0.03,response<0.1ms
2024-01-03 09:16:08,dcd1b418751c44ed,8fe9c731c3a54a0f,R,0.06,response<0.1ms
2024-01-03 09:10:31,9eda973d66f37c73,6115ee07ed02ebeb,W,0.02,response<0.1ms
2024-01-04 16:18:32,6ee1484984bcbd3e,06aefc7c7eec008f,W,60913.50,response>60s
2024-01-04 08:11:17,b9282c1737428953,06924f16d51a1821,R,0.03,response<0.1ms
2024-01-04 21:31:24,93e43210cd2bcaf8,2c438563e872a8de,R,109839.02,response>60s
2024-01-04 16:08:44,83c292e6939b4b96,775538ffaad470ed,R,106544.68,response>60s
2024-01-04 15:26:38,61a307c8555a58ca,bbb40de162c4f5b4,R,67691.77,response>60s
2024-01-05 09:39:15,2fe52c29fe2a4e5a,8e970e96811fc593,R,79996.92,response>60s
2024-01-05 07:47:44,b599d08129cb9a79,adc76b9e1f413c27,R,70154.79,response>60s
2024-01-05 17:00:50,b558ecd77b255ad5,405ecdca195272bc,R,61325.15,response>60s
2024-01-05 07:59:04,b913e77d71c3e53d,479d0fb4f107657f,R,99218.61,response>60s
2024-01-06 21:09:37,5d37ae3a9fca701b,b7c984132594a451,R,0.03,response<0.1ms
2024-01-06 12:25:33,02d2e835355bf10e,183d972960ed59bf,R,95975.86,response>60s
2024-01-07 14:28:41,b995dc600c1bc3c4,854284899d71e834,R,0.04,response<0.1ms
2024-01-07 15:53:24,29f4e38e571b3cee,816349d0861aabf9,R,61993.62,response>60s
2024-01-08 08:09:52,d76c4e19685dd576,18c7d1bf4ef176a6,R,0.09,response<0.1ms
2024-01-08 09:24:49,1a93d07949ab677f,56689f6b2cee721d,W,60378.08,response>60s
2024-01-08 10:25:04,93293716ded8a82b,3918a6bc1050cd2e,R,0.06,response<0.1ms
2024-01-08 09:53:34,d04ea0783e78794d,06aefc7c7eec008f,R,0.06,response<0.1ms
2024-01-08 13:39:47,e697e07266509097,06aefc7c7eec008f,R,0.07,response<0.1ms
2024-01-08 09:41:59,3b39f9be73de2fda,505ed021661c4aea,R,63873.22,response>60s
2024-01-08 09:25:41,e9f4f795ddc9ee04,10d4afbeb893f528,R,0.08,response<0.1ms
2024-01-08 12:28:38,05cd553a9598cc34,9040c8cd6c78cf1f,R,79320.49,response>60s
2024-01-08 12:33:38,8feeb1de1a677a5c,31721c48b6c57469,R,0.02,response<0.1ms
2024-01-08 17:45:21,ec4e0569b15c4b3e,c7ce3212b07d2de3,R,0.03,response<0.1ms
2024-01-08 10:43:22,abacec9dceef85d3,e6f1be6306a50523,R,0.07,response<0.1ms
2024-01-08 14:33:34,cca24b9fad22235c,b9d8cde27bc93146,R,62990.02,response>60s
2024-01-08 11:22:57,12e82429ecad0a76,746962e19a46feea,W,0.05,response<0.1ms
2024-01-08 07:44:51,f6d372520b4ba568,daa84a67f3e2cbc6,R,0.08,response<0.1ms
2024-01-08 21:23:38,cfde053523dc3c8b,d032fc0f19f335bb,W,102149.89,response>60s
2024-01-08 10:56:39,a2e310eb552f0b96,b4fe17b09a4f0c43,R,0.07,response<0.1ms
2024-01-08 13:14:42,e4f35c1f12bd1c03,6527622261c6ead2,R,0.05,response<0.1ms
2024-01-09 14:28:54,dae2969062f34202,2c86ad5669701dca,R,78023.36,response>60s
2024-01-09 19:33:38,9444c95f248b715b,866d5541e4f7afc9,R,0.03,response<0.1ms
2024-01-09 13:22:57,e0d340cca58169c0,e1ccc789bddc5f8d,W,0.02,response<0.1ms
2024-01-09 07:50:36,4b3595bc01071dd9,6fba0338a3deb65d,R,74903.45,response>60s
2024-01-09 22:53:48,881f8d3349990ea5,de9c481257e883eb,R,0.06,response<0.1ms
2024-01-09 16:12:37,00b6167f0015686a,76d9c20d5f437513,R,0.04,response<0.1ms
2024-01-09 15:59:00,89da4cb7d187d525,fdd7aa558831f3ed,R,0.05,response<0.1ms
2024-01-09 18:51:52,bb854d1780d907da,8e970e96811fc593,R,0.06,response<0.1ms
2024-01-09 17:31:34,36c9f96959867515,2a01f1d10d6fa5c6,W,112912.13,response>60s
2024-01-09 10:48:25,ee3e14cfb9962d82,1ecd1e3921e7b616,R,72300.49,response>60s
2024-01-09 10:40:47,6b7944478bf9246f,5d1db680482ceb48,R,0.08,response<0.1ms
2024-01-09 20:23:26,1712b652bce4f309,d0e7cca76424c762,R,65111.37,response>60s
2024-01-09 11:20:26,184e48378cdebfa1,183d972960ed59bf,R,0.06,response<0.1ms
2024-01-09 07:14:29,f5b359a21136f373,1a18b965f876602a,R,84873.07,response>60s
2024-01-09 14:44:11,790187736ee96cd3,0f65f716a91a2c02,R,89794.59,response>60s
2024-01-09 09:31:59,500a7ccce5b662aa,183d972960ed59bf,R,0.06,response<0.1ms
2024-01-09 15:29:32,1f0140e560fc6955,ac6427919e0e3f07,R,0.02,response<0.1ms
2024-01-09 18:07:25,40342db5288d5814,48570eb5f8cc5f82,R,0.08,response<0.1ms
2024-01-09 16:24:40,a9473d8928c1b784,d9c515a2621850ef,R,0.03,response<0.1ms
2024-01-10 10:07:18,6a88abbbde1e8f0f,12b9ce4f16105114,R,0.02,response<0.1ms
2024-01-10 13:08:56,65a3e1fb673fd774,86643f4c6fa1d613,R,104044.69,response>60s
2024-01-10 14:37:06,0a6b8e9f4ec5d535,f0280428c6abc15b,R,90382.13,response>60s
2024-01-10 16:47:52,9350b53925ac1677,640ebc0f74ccd716,R,98638.33,response>60s
2024-01-10 15:50:13,33d450dddb09b8d5,637328f772d78fb5,R,0.05,response<0.1ms
2024-01-10 14:36:52,2815184292d9b8ef,81d90422c03a6871,R,101262.61,response>60s
2024-01-10 19:20:34,67d30bac3f53a133,9b8f34e4808dab9b,R,104364.92,response>60s
2024-01-10 08:48:52,f47d9fb7e63c4282,8e970e96811fc593,R,0.05,response<0.1ms
2024-01-10 07:08:36,8cb098ce42b27504,513f057b63b8a4ba,R,0.09,response<0.1ms
2024-01-10 23:02:26,baf8103285627927,b474fae6a2b6b881,R,75700.22,response>60s
2024-01-10 13:29:17,2c4d43caef2ee91c,183d972960ed59bf,R,108316.75,response>60s
2024-01-10 07:29:37,fb4aa84fc01364c4,e094e5c6f5a38a33,R,69252.97,response>60s
2024-01-10 12:43:02,d91ea252a369d33c,183d972960ed59bf,R,63577.75,response>60s
2024-01-10 10:05:01,e49ce95500f7608b,183d972960ed59bf,R,61330.26,response>60s
2024-01-10 08:04:27,6bd77b02d636668f,643003417d05c15b,R,98048.98,response>60s
2024-01-10 15:46:37,94fc4a666873d95f,cae2a3637ce2458e,R,89704.18,response>60s
2024-01-11 17:22:28,97b4f0a311321483,677787f804e95a87,W,0.08,response<0.1ms
2024-01-11 08:48:43,cd14f4658f4f6543,d5baa3c02c7d17b4,R,0.03,response<0.1ms
2024-01-11 10:47:00,e7404bcefee408c3,1142a6cb2d9d6454,R,0.05,response<0.1ms
2024-01-11 21:23:30,d5dd1934250573b6,183d972960ed59bf,R,0.05,response<0.1ms
2024-01-11 09:04:05,ba0434899d6c8e20,183d972960ed59bf,R,83095.33,response>60s
2024-01-11 12:23:32,2f7ab0b18601648d,183d972960ed59bf,R,0.05,response<0.1ms
2024-01-11 12:05:36,ed73bfce49c65119,c217eb53bce1635d,R,0.05,response<0.1ms
2024-01-11 09:22:56,72a9cc1dd6ad44e4,a396a63711ef2927,R,80640.93,response>60s
2024-01-11 19:04:02,a54861cb81710329,396f841aaee9bb96,R,0.05,response<0.1ms
2024-01-11 18:09:23,204975a9759c8038,b35dbe4844a179c7,R,0.06,response<0.1ms
2024-01-11 07:55:14,4d36f1e6f571b052,c9c94aec6b9c72a7,R,97704.94,response>60s
2024-01-11 14:58:35,65f485dca8aacd6a,06aefc7c7eec008f,R,0.02,response<0.1ms
2024-01-11 10:17:07,d0e119304d7e6d20,183d972960ed59bf,R,0.09,response<0.1ms
2024-01-11 19:18:01,f91c9ee1367f1e96,183d972960ed59bf,R,104660.34,response>60s
2024-01-11 16:05:52,f1102d60923e0729,e792687f0a82b46a,R,0.08,response<0.1ms
2024-01-11 23:19:11,bd488a45d510b27c,55727c3124c8e5d3,W,88047.43,response>60s
2024-01-12 15:29:15,7723b0eb5c85cfca,36f288f52adae599,W,0.05,response<0.1ms
2024-01-12 22:47:41,649f4aa07321e46c,81d7df6f8b8b39bd,W,114075.51,response>60s
2024-01-12 08:59:33,5d94e9807d6a9ee7,e6364143c0652455,R,0.04,response<0.1ms
2024-01-12 17:33:04,2bcc6ee4315f09a7,2b9a5a0fafd0399d,R,0.03,response<0.1ms
2024-01-12 09:50:30,a6ff82f3c1c3e3d3,d6c9730f8225e4dc,R,87693.89,response>60s
2024-01-12 09:20:47,510e2ec5bb45c9d4,183d972960ed59bf,W,0.08,response<0.1ms
2024-01-12 10:51:01,e3aeec50278c2b0a,57d1b14d81fe870f,R,0.09,response<0.1ms
2024-01-12 09:38:07,9ed6ee3f7d382d27,8d967aa6176215fa,W,116192.17,response>60s
2024-01-12 09:47:23,3ed5f86590514d45,8e970e96811fc593,R,85691.21,response>60s
2024-01-12 09:20:38,bcfc24ef90fde801,2ede871686c8dd9f,R,62258.55,response>60s
2024-01-12 19:41:25,a553932cebfb3134,0098bc3180ecf2d6,R,75765.89,response>60s
2024-01-12 23:51:04,b390395f44dcda7b,183d972960ed59bf,R,0.07,response<0.1ms
2024-01-12 10:20:29,b05d9e8b489304a2,8c1b409f0beb7a58,R,0.04,response<0.1ms
2024-01-12 14:45:58,7b5d7c51aa630646,e5f0a51f09615180,R,0.07,response<0.1ms
2024-01-12 13:26:46,1e84c93593921561,183d972960ed59bf,R,0.02,response<0.1ms
2024-01-12 16:48:20,366f62341793be82,0e9659a3f2299456,R,116988.86,response>60s
2024-01-12 11:58:53,5bca571fcb0d263d,0831f0cfaeea0f34,R,70092.64,response>60s
2024-01-12 19:34:33,a3cda4251cc9fff0,de132af267965158,R,95025.59,response>60s
2024-01-13 17:34:58,067a29bf035b06d0,9b69560b99a92d02,R,0.08,response<0.1ms
2024-01-13 20:33:14,4549c2b79bc68230,9e440ca7052bf32a,R,107475.38,response>60s
2024-01-13 18:55:05,5d41382014f64443,d30ffa72458e0996,R,74084.78,response>60s
2024-01-13 21:51:06,af5ff2ee56374321,183d972960ed59bf,R,0.07,response<0.1ms
2024-01-13 09:51:01,d449381cdb8a2b52,06aefc7c7eec008f,R,0.07,response<0.1ms
2024-01-13 10:13:51,9ed20b16f1f19033,8e970e96811fc593,R,0.05,response<0.1ms
2024-01-13 15:31:15,bf5f3944c4e24a48,183d972960ed59bf,R,0.08,response<0.1ms
2024-01-13 08:04:34,74308a48bd91f443,aa3b058248a3a99f,R,69704.63,response>60s
2024-01-13 16:17:51,8a68fc4b75d6e270,d2b13730553fd942,W,73441.30,response>60s
2024-01-13 16:00:34,1df30a48a42c31f0,ccf951bc1715f594,R,0.06,response<0.1ms
2024-01-13 19:07:57,a3069bfeb4ba50af,055b99f19922e157,R,83516.68,response>60s
2024-01-13 16:51:14,f41473d83353c248,988b4dea3c1f732b,R,75339.43,response>60s
2024-01-14 15:10:05,861c397eeefa7727,2086e3ce7413f16a,R,0.09,response<0.1ms
2024-01-14 21:51:01,82ea52e6bedd3ea2,e2d922c4ab4d1d9d,R,0.04,response<0.1ms
2024-01-14 08:27:25,d654eb125cf884ae,a3aeae330838759b,R,0.06,response<0.1ms
2024-01-14 15:51:37,3ce908a75e9ca9bc,67d7ee7b5ee6196a,R,89265.56,response>60s
2024-01-14 07:55:49,8179e8fbe52ffe2d,2d0348a96f3c8366,R,0.07,response<0.1ms
2024-01-14 21:41:34,558488288ff72ead,06aefc7c7eec008f,R,91202.08,response>60s
2024-01-14 13:49:50,b33b23fd8afaa18b,cbf4416385da62c1,W,0.08,response<0.1ms
2024-01-14 16:47:04,20900e9fe1d5dfc5,898a0f61cb039373,R,0.02,response<0.1ms
2024-01-14 15:00:10,6a267e66aa5f82c2,4a0afb469ba19de8,R,0.07,response<0.1ms
2024-01-14 11:02:09,dc114badf8e91c65,9f388e19a47d632f,R,96102.98,response>60s
2024-01-14 08:13:02,77e8103362a286fd,44e45aa215198897,R,106518.43,response>60s
2024-01-14 19:05:42,1b8a49e31ec4906b,196b56e45dadc330,R,0.08,response<0.1ms
2024-01-15 16:08:36,479402849c43d976,4a39b32dce682f1b,R,0.03,response<0.1ms
2024-01-15 20:31:53,ce34b90ed42b57a2,c898253a65dd3c62,R,0.05,response<0.1ms
2024-01-15 09:00:59,435cab91e74bf123,1fb132bf015e2fe4,R,0.06,response<0.1ms
2024-01-15 10:40:33,ce98eb9b9bb8c653,0d4f49c4c1b5c10d,R,80780.22,response>60s
2024-01-15 08:37:20,dc05f5c007a9ccbe,54957a1d8ac236ed,R,0.02,response<0.1ms
2024-01-15 15:59:37,93a9993aa22bd342,cd1b077fb9e1fa1e,R,113150.17,response>60s
2024-01-15 08:43:17,bf1679e213324ab1,d2e818a58041a55f,W,85875.06,response>60s
2024-01-15 21:27:14,934a272fec4780e4,6b9ef1972368297f,R,80615.48,response>60s
2024-01-15 20:51:19,317a797dcf52d01b,6b7c7a4b641c1bf2,R,0.08,response<0.1ms
2024-01-15 18:34:08,ecfc3f3ed0a9608f,ed39f95ea7334a10,R,82058.09,response>60s
2024-01-15 22:02:16,b07ddaf564dfe111,e192c13f1bb0fa83,R,81064.48,response>60s
2024-01-15 11:33:52,773c21b07e1c4646,183d972960ed59bf,W,0.06,response<0.1ms
2024-01-15 10:47:58,f899f15dffe2eb2a,5323dde0e71225e7,R,62843.22,response>60s
2024-01-15 13:18:22,edad9cf0b8bdd81f,643003417d05c15b,R,0.04,response<0.1ms
2024-01-15 07:38:02,5e7f0ad828df5a8e,d75956e7834a38e4,R,61603.71,response>60s
2024-01-15 10:50:53,c5a38ba5f39ed246,4050dc1d715f6502,R,0.05,response<0.1ms
2024-01-15 11:02:34,7050907eb8db9dc4,b270c998c6b2b841,R,0.04,response<0.1ms
2024-01-16 09:54:00,0f4d2a141819b4e0,de0c2a9e89376520,R,106960.45,response>60s
2024-01-16 15:13:15,cae7309d532a5cc6,183d972960ed59bf,R,0.04,response<0.1ms
2024-01-16 18:49:38,fabd66172b4284ee,f4f4a2c23a57549d,W,92346.41,response>60s
2024-01-16 11:54:54,a7d8f2d9057ddfc1,d6de319a869aee27,R,113721.40,response>60s
2024-01-16 22:41:42,7a55b5022a161da9,183d972960ed59bf,R,85831.77,response>60s
2024-01-16 20:48:17,ac2eae28f55cc0d1,8021039f9364eb95,R,0.08,response<0.1ms
2024-01-16 20:17:21,4ecb613b107283ab,963c95a6c47afa56,W,72563.41,response>60s
2024-01-16 09:47:14,065fe219f492671c,23964abbfa5b4657,R,68849.18,response>60s
2024-01-16 10:34:01,59f45ef832433f63,183d972960ed59bf,R,115353.57,response>60s
2024-01-16 09:48:28,43a6c4719a683880,ea6b29c17412ec1a,R,0.04,response<0.1ms
2024-01-16 17:05:39,9ef0e539421b782e,508eca06727e39dc,R,86019.12,response>60s
2024-01-16 20:37:37,1e296a4d8cd3241a,055b99f19922e157,R,94212.59,response>60s
2024-01-16 13:22:28,edab0121f2c83ddf,12f3bb9ef87405e2,R,84361.71,response>60s
2024-01-16 15:37:13,5b287cecbf421f97,7b57144208a61bbc,R,0.05,response<0.1ms
2024-01-16 21:29:03,6c93c52e90ec47e4,34ef10dc245429a6,R,0.09,response<0.1ms
2024-01-16 14:16:44,80b0141fc42d83db,1b5bae8ffc09b00c,R,0.08,response<0.1ms
2024-01-16 19:28:45,1f908bc70bcb9839,c66e50994cf56429,R,0.09,response<0.1ms
2024-01-16 08:15:36,1185a7e4fd3ad22c,28746a741cadb4e6,R,89710.10,response>60s
2024-01-17 08:46:44,5df11f10ca9e486d,8b750428c5e60099,R,0.02,response<0.1ms
2024-01-17 09:20:19,235fb2d4bfebf770,47cecbbfc51d46aa,W,0.04,response<0.1ms
2024-01-17 16:08:23,a69a7297a6a3f824,28746a741cadb4e6,R,103095.67,response>60s
2024-01-17 12:26:48,b3e574e1444a5b24,53f13a1c6daee2a0,R,0.07,response<0.1ms
2024-01-17 19:12:14,e56bfdfed4550374,9c4ef18a7270c3c0,R,95831.03,response>60s
2024-01-17 15:18:13,2c100190c4ea304c,d6b242a80604a1b9,R,102139.21,response>60s
2024-01-17 21:18:17,9b2e4f3553646185,18dc2c70d38e42db,W,69627.66,response>60s
2024-01-17 11:46:43,58930363e95716fb,9cfa7660a7bf239b,R,0.06,response<0.1ms
2024-01-17 08:46:37,999ed6179bc96695,e262bd589c0a8c8b,R,109700.67,response>60s
2024-01-17 12:13:21,6e576f0d36167ac0,63e371cadfc306b6,R,103786.00,response>60s
2024-01-17 09:54:35,1fbecc643d7d89fa,7118931859f94fa0,R,0.08,response<0.1ms
2024-01-17 14:59:36,675a8d3bc40326ab,15efefe29a4103a4,R,117326.95,response>60s
2024-01-17 16:13:48,d583f73140add535,07d3a74580b6d321,W,116474.50,response>60s
2024-01-17 21:10:52,ce382a952b57c42c,462dee2d66c382d1,W,83261.26,response>60s
2024-01-17 10:11:28,79d74d9b907cbb02,450c24111f0d3149,R,0.06,response<0.1ms
2024-01-18 18:06:50,0d30fd0dd7202248,d735231c3a1c7784,R,0.07,response<0.1ms
2024-01-18 19:31:10,6c689126e62e1617,4484c83ec716c13f,R,0.03,response<0.1ms
2024-01-18 07:31:14,6fe29f8f2522dc38,5777b49d2f4ec524,R,0.08,response<0.1ms
2024-01-18 09:01:28,2e1644c474a7eb47,183d972960ed59bf,R,101601.63,response>60s
2024-01-18 08:05:44,0c9ae4326c16d0b3,559759b1c74a8cac,R,109163.63,response>60s
2024-01-19 08:54:31,d6b6282119adff37,e792687f0a82b46a,R,67990.00,response>60s
2024-01-19 16:16:03,e607291bc2f2ef51,28746a741cadb4e6,R,0.08,response<0.1ms
2024-01-19 15:02:02,7b88fca5f11a95e5,a5b2ed4f4d5eb8dd,R,74884.08,response>60s
2024-01-19 14:39:14,bcfc24ef90fde801,807a0e72837eff6c,R,0.08,response<0.1ms
2024-01-19 07:03:08,a00788856c891564,28746a741cadb4e6,R,0.09,response<0.1ms
2024-01-20 14:51:02,c1049a1cb3df63c3,9160843437e11a5e,R,0.08,response<0.1ms
2024-01-20 09:25:44,905c18ad21708553,9376d87aba22066b,W,83634.39,response>60s
2024-01-21 09:13:20,9ac500383764e2f4,06aefc7c7eec008f,R,0.07,response<0.1ms
2024-01-21 10:06:48,7355e6f6bc0bb785,bda9019ff83787cf,R,0.05,response<0.1ms
2024-01-22 13:50:21,31eb956622a34951,ea8e714b59a42e5f,W,0.05,response<0.1ms
2024-01-22 20:34:31,242f738eb07fbcaa,16bf911a93fa4a43,R,0.09,response<0.1ms
2024-01-22 15:32:15,ef576e06ebd5ab3f,fca279ace53b078d,R,116956.96,response>60s
2024-01-22 20:50:37,527ba59c26948ae3,d80749d29e60cf75,R,106301.06,response>60s
2024-01-22 10:20:10,ac58d30e458c0925,d11f0fee04620b4a,R,111142.62,response>60s
2024-01-23 13:22:07,bf6fb74c09e204b8,9254b677edae29fb,R,65925.50,response>60s
2024-01-23 09:51:06,78154270b4022eb0,183d972960ed59bf,R,98774.34,response>60s
2024-01-23 07:42:28,2003f361d03414e2,8085ee693cd1b6ed,R,0.04,response<0.1ms
2024-01-23 07:23:41,840e7f697d3e5b76,2a3e1540ec4d2a1d,R,99633.27,response>60s
2024-01-23 14:49:38,efaeda20609e7a72,0e160e5a19d93bc8,R,0.05,response<0.1ms
2024-01-24 08:17:09,1197c3f9bed52efb,183d972960ed59bf,R,96352.30,response>60s
2024-01-24 09:45:19,30ab643ab548ecee,8d5da74c5aa24b16,R,0.07,response<0.1ms
2024-01-24 19:55:01,1844e7132ae6050a,cb134b45425869d0,R,76772.35,response>60s
2024-01-24 18:05:31,6cfe0b1f293f927b,0b5e4ee02e6f98cb,R,111616.82,response>60s
2024-01-24 18:59:37,a0b6c8307110f8a8,d93464af84376129,R,0.04,response<0.1ms
2024-01-25 18:53:45,7957d6ab5d189423,28e048f3781f3e31,R,0.04,response<0.1ms
2024-01-25 20:43:57,54de2ca3a3829cab,dcf4a7c7f399c250,R,0.03,response<0.1ms
2024-01-25 10:06:17,efb03c9de289589f,6333cb063f3c1f9c,R,0.09,response<0.1ms
2024-01-25 17:01:53,66da3779f66f87af,85dafa3d124771e6,R,69148.74,response>60s
2024-01-25 09:50:00,a00d0fc25dcfb549,0e160e5a19d93bc8,R,101715.68,response>60s
2024-01-26 09:54:21,7072b69793d099a0,183d972960ed59bf,R,0.02,response<0.1ms
2024-01-26 09:39:39,174f91f48125e732,9087d1f98b5d1fe4,R,0.03,response<0.1ms
2024-01-26 15:58:18,91557efa39b326a2,7bd5c40b178e7944,R,0.06,response<0.1ms
2024-01-26 16:08:15,48a93ff0c714ea54,80d057e24ca8eb88,R,75789.62,response>60s
2024-01-26 09:25:19,6f120780a9ff4e05,238b0b1614abd0f9,R,94715.51,response>60s
2024-01-27 09:21:36,e97fd60d7afc6e39,06aefc7c7eec008f,R,0.04,response<0.1ms
2024-01-27 17:15:17,910d7a11956c1122,9f7aafdc843938a7,R,0.09,response<0.1ms
2024-01-28 21:54:36,242f738eb07fbcaa,1c6b1ae92ad7525a,R,0.03,response<0.1ms
2024-01-28 11:13:38,cca24b9fad22235c,f9169dec6089d520,R,72517.46,response>60s
2024-01-29 20:37:30,5893e782e56d4c0d,1a22f639f9a9e823,R,0.07,response<0.1ms
2024-01-30 20:57:24,834be956a9932447,28746a741cadb4e6,R,64662.76,response>60s
2024-01-31 10:25:02,ea2b05b8f72ab839,28746a741cadb4e6,R,76748.94,response>60s
2024-02-01 15:36:25,41fb4e0086ca6817,b6b2cae39aef5a7d,R,0.07,response<0.1ms
2024-02-02 19:46:58,3f9c39124b7fc630,28746a741cadb4e6,R,88969.42,response>60s
2024-02-03 14:04:25,82866e9fbfff38af,845ecd3c80a75d7d,R,0.03,response<0.1ms
2024-02-04 16:09:14,e92be3181fdf35f0,b1b875b3735a97f7,R,0.03,response<0.1ms
2024-02-05 07:55:59,7124767140a46fd1,183d972960ed59bf,R,70697.21,response>60s
2024-02-06 08:09:41,fb4d300edaad257d,183d972960ed59bf,R,0.03,response<0.1ms
2024-02-07 08:52:24,12e82429ecad0a76,8fcc602c2bfcd7d4,W,0.05,response<0.1ms
2024-02-08 21:23:11,1c21344eb14362fe,05726d7c311e8280,R,0.06,response<0.1ms
2024-02-09 15:40:16,cdbf394933d8bcef,934d48590d035a6e,R,95315.84,response>60s
2024-02-10 08:03:49,bb4300e1dffffca6,c1b477c381762545,R,80515.52,response>60s
2024-02-11 09:17:15,ce14665cf5c267f8,183d972960ed59bf,R,0.04,response<0.1ms
2024-02-12 16:40:18,a3035e9c416975e3,0b396c5ee41a0d7a,R,0.03,response<0.1ms
2024-02-13 20:21:12,5b287cecbf421f97,566318002a8139aa,R,115971.46,response>60s
2024-02-14 15:14:32,0166e6083a7aee41,a1ad4cc83b5630fb,R,0.07,response<0.1ms
2024-02-15 08:32:55,9a04224dad5870a2,f8d4995927909a8a,R,0.02,response<0.1ms
2024-02-16 15:03:07,2915287596349d1a,28746a741cadb4e6,R,79928.73,response>60s
2024-02-17 09:05:53,7ef4b6383a56d96c,517bb5482e408825,R,0.08,response<0.1ms
2024-02-18 09:02:41,0b2ffe0f0e6918e6,683c569a75d27d4a,R,0.08,response<0.1ms
2024-02-19 07:17:08,a1077bd33abd8f88,a3aeae330838759b,R,65673.92,response>60s
2024-02-20 21:52:52,b273eadf12b36f04,befd0e3bba618cbc,R,64158.99,response>60s
2024-02-21 06:57:44,f278a9f3e2532f2f,9a8729d1e0b2fb3a,R,0.04,response<0.1ms
2024-02-22 16:29:11,e554f444aac6b49e,698d5dbdad4eedd7,R,0.05,response<0.1ms
2024-02-23 21:01:44,d48fadd341e14721,f26b46fd0713654a,R,88742.19,response>60s
2024-02-24 07:57:52,e66aa8af462ef854,06aefc7c7eec008f,R,0.06,response<0.1ms
2024-02-25 12:35:38,bf3cea1ae6f385f5,183d972960ed59bf,R,89894.94,response>60s
2024-02-25 15:16:49,cd7347f04d271e69,7a04ab4950b24c38,W,94451.34,response>60s
2024-02-26 19:45:24,3f900d934c82e3c8,c9c94aec6b9c72a7,R,0.04,response<0.1ms
2024-02-26 09:16:49,8cd31ee75785a8f3,40796bb70bcd77b5,R,0.03,response<0.1ms
2024-02-26 19:41:56,2997afd5aaed0f67,f2d17f0cd89992f3,R,73015.72,response>60s
2024-02-26 16:50:12,b7d3f1bfd7750f60,40cf3bbc2b262bff,W,0.02,response<0.1ms
2024-02-26 16:08:52,f40ee3cae660f240,7be34262dead2254,R,104309.56,response>60s
2024-02-26 14:32:55,cc0f47032376b5f9,5c780e6ad6f353bb,R,102100.94,response>60s
2024-02-26 15:19:14,dc9faacfe24b5b59,183d972960ed59bf,R,102789.25,response>60s
2024-02-26 10:25:09,4bc51cf73d71996c,8e970e96811fc593,R,0.08,response<0.1ms
2024-02-26 16:58:17,d915a286bbdb2d74,b998387cd919676f,R,102561.28,response>60s
2024-02-26 14:53:33,66071883f9488232,1c6b1ae92ad7525a,R,110350.37,response>60s
2024-02-26 16:29:55,8c9f7910dde07f6a,2058b23f35560b0f,R,91415.93,response>60s
2024-02-27 07:26:59,b895ba8bf5569d42,06aefc7c7eec008f,R,77789.21,response>60s
2024-02-27 14:33:32,2362c1b0533d6e23,8aeb4604b6e4a0bc,R,0.03,response<0.1ms
2024-02-27 07:21:34,bb64455b20ea918f,28746a741cadb4e6,R,0.05,response<0.1ms
2024-02-27 07:33:29,9153db9d4cb7c84a,160cc021d214ae5e,R,0.08,response<0.1ms
2024-02-27 19:48:52,8ec4a5428edaecdd,f0013718ec1d3620,R,0.04,response<0.1ms
2024-02-27 21:08:46,fbd7740f146fce76,fdd7aa558831f3ed,R,0.08,response<0.1ms
2024-02-27 14:55:46,ebcefade435264e9,0c8061e29742e779,R,0.03,response<0.1ms
2024-02-27 16:50:18,000484504682f23b,4a57f2033d7e95db,R,107328.07,response>60s
2024-02-27 22:55:53,e78896e9b7c1e484,aa33d58a75bdc80c,R,102304.12,response>60s
2024-02-27 09:09:42,c501264d2e431d7d,28746a741cadb4e6,R,111832.90,response>60s
2024-02-28 10:52:14,b1f3476c782c8790,183d972960ed59bf,R,73045.51,response>60s
2024-02-28 21:32:22,71260d540283d628,286851e8173bd582,R,0.03,response<0.1ms
2024-02-28 21:27:04,5b054f5eb20f87ce,643003417d05c15b,R,66689.23,response>60s
2024-02-28 10:46:36,9999ea446a4b0745,36b4d177e1de0d16,R,0.05,response<0.1ms
2024-02-28 07:55:46,3ee7425e56093681,7e5234a4ff59bcfb,R,0.08,response<0.1ms
2024-02-28 18:09:53,83402b4ecaf8b05e,183d972960ed59bf,R,0.07,response<0.1ms
2024-02-28 18:17:51,9383bdbc66e534a0,af6f8b6ab9b8249b,R,93107.12,response>60s
2024-02-28 13:54:17,700282505806dfc1,28746a741cadb4e6,R,0.05,response<0.1ms
2024-02-28 09:18:18,ffbef4ab71af18bd,183d972960ed59bf,R,0.07,response<0.1ms
2024-02-29 18:26:46,7873489fd47d7a2b,aa03398deb122496,W,0.09,response<0.1ms
2024-02-29 21:30:49,de40b291dcf10d39,e792687f0a82b46a,R,109088.75,response>60s
2024-02-29 18:30:57,bccd999a17edd5f0,2e76cad116156055,R,0.09,response<0.1ms
2024-02-29 15:33:06,7375c8230099d260,9b17a06a51569945,R,0.03,response<0.1ms
2024-02-29 15:54:36,b4d4fe1ea50f5283,45a58ddd9cae4132,R,78223.88,response>60s
2024-02-29 08:55:45,6ca1300a1c6fbc57,e252bd85c501b489,R,117758.25,response>60s
2024-02-29 10:25:46,4757d880e8bffe5d,c1f680be90b6a4a3,R,107992.97,response>60s
2024-03-01 14:07:34,081839c5ddd5eda9,f9950f57887c1573,R,110915.13,response>60s
2024-03-01 11:23:33,4f3a77458e76edb9,5bba01c5a3ca5e98,R,97863.38,response>60s
2024-03-01 16:58:37,ffa797a90ee078cf,7f14332c0edbebad,R,0.04,response<0.1ms
2024-03-01 21:50:26,1f55858f44982d8c,7e554d8d4ae57e49,R,0.03,response<0.1ms
2024-03-01 11:43:24,04ebe053d83802f7,93c641f1a6917df9,R,102284.15,response>60s
2024-03-01 18:01:46,479402849c43d976,b65412421949bc6c,R,0.09,response<0.1ms
2024-03-01 22:03:43,af658cb1ef5190aa,7827ffcc337a1766,R,0.08,response<0.1ms
2024-03-01 13:05:36,de6e7734b969a5a0,183d972960ed59bf,R,0.08,response<0.1ms
2024-03-01 15:18:48,e00838d27071bb03,0b7c5b8a05ba8b9c,R,109492.52,response>60s
2024-03-01 18:09:21,d59f7c16475b9dfd,aa71c3c8a716fb75,R,0.08,response<0.1ms
2024-03-02 15:29:15,a08dfa0de0f586c8,06aefc7c7eec008f,W,111249.09,response>60s
2024-03-02 13:04:39,d7ce2507898d44b7,a5584cbcdb41154c,R,63821.81,response>60s
2024-03-02 09:06:55,b44b30914917d3d5,134148185ac58e3e,R,0.06,response<0.1ms
2024-03-02 12:38:05,d449381cdb8a2b52,e5d057fad26ccf67,R,0.06,response<0.1ms
2024-03-03 10:04:12,e7575f421c254faf,183d972960ed59bf,R,117143.69,response>60s
2024-03-03 19:53:19,e8c5ceec5bb57550,23a5bb330086c2a6,R,0.08,response<0.1ms
2024-03-03 12:45:43,9dff6713314cf7fd,d99a1564be927d7c,R,83234.31,response>60s
2024-03-03 13:40:51,9738c5b187dbb19a,f517da87844ad79e,R,0.06,response<0.1ms
2024-03-03 09:21:08,6f4f9351e299e212,ce2cc1c9e17bd613,R,0.08,response<0.1ms
2024-03-04 09:27:25,a0b6c8307110f8a8,1ee55bb50840d1b0,W,87082.67,response>60s
2024-03-04 14:46:10,5ee8a5e4f4ec509f,fae6ba7a0ef6aaec,R,0.03,response<0.1ms
2024-03-04 10:14:19,09040c99357fdf93,cb099db81bf93609,R,0.06,response<0.1ms
2024-03-04 15:34:46,5e85e142946123c4,2d1ca446ae06a023,R,0.05,response<0.1ms
2024-03-04 16:55:02,2f994cfa6b38ad51,183d972960ed59bf,R,109424.64,response>60s
2024-03-04 13:37:02,1781eb14c09ae3d7,8e747382ccb79275,R,102578.41,response>60s
2024-03-04 10:04:51,437a62cdbc04a883,9c1491568544b05a,R,76269.94,response>60s
2024-03-04 15:46:09,f40c4a0fbdca87a0,da09d60250c0434a,R,0.06,response<0.1ms
2024-03-04 14:19:14,9ab5e287ca8b38e5,d3c4121f735ce135,R,0.04,response<0.1ms
2024-03-05 13:06:46,f3175c7a472c1790,0bf67bbbcec84381,W,0.03,response<0.1ms
2024-03-05 20:40:20,b9a49fe14ff29fed,fdf726b78ca95c51,R,80984.30,response>60s
2024-03-05 15:11:16,97226eaec0fb38aa,fe788741114a4c1e,R,89379.52,response>60s
2024-03-05 16:45:58,d15b68350d414fe3,bb5bf43a347d6175,W,0.08,response<0.1ms
2024-03-05 16:43:05,295a68b21609310c,6787bafc848a3e5e,R,0.05,response<0.1ms
2024-03-05 20:43:35,1d5b033557c8443d,9a24a2b6dee6c2fc,R,0.07,response<0.1ms
2024-03-05 09:03:59,39662b9dab05eafc,2d92bc351d35e188,R,0.05,response<0.1ms
2024-03-05 07:53:05,8b2332ff39135f4d,2426e00793cd8e7f,R,0.04,response<0.1ms
2024-03-06 20:53:12,905c18ad21708553,b21e52c7d2f3b2a2,R,106348.96,response>60s
2024-03-06 16:42:09,f95f288f5b10c342,183d972960ed59bf,R,0.04,response<0.1ms
2024-03-06 11:00:10,d7a849b226a0ff34,183d972960ed59bf,R,71918.74,response>60s
2024-03-06 13:06:21,9b55e9f514416b78,183d972960ed59bf,R,83744.76,response>60s
2024-03-06 16:28:09,613795dd3ec801a2,039d7f65e011ffa6,R,109991.81,response>60s
2024-03-06 18:41:13,f8701de24727c769,350e5d5765ae6b02,W,95684.63,response>60s
2024-03-06 09:26:08,e00ec83b786628b9,64be4b9b572a6d19,R,85805.82,response>60s
2024-03-06 09:25:08,08dd2c3991419079,ac0f9d47d1be9fdd,R,96817.44,response>60s
2024-03-06 09:48:10,a6deff15ceaf054b,804c5b78134cc09f,R,0.05,response<0.1ms
2024-03-07 14:33:50,87c51fe5b7f94550,cdfd233238abc0b4,R,81586.15,response>60s
2024-03-07 14:21:00,71cb82f5a80600a1,fcdea2d6e114ba7e,R,61116.83,response>60s
2024-03-07 08:33:39,e565242ae4ce482f,86fa136c199d9bf9,R,104480.38,response>60s
2024-03-07 21:47:26,3ba3795f51371758,f651e5119ba4263a,R,66379.17,response>60s
2024-03-07 08:31:46,a8432e2af2572bbe,b7d1b63c420f8730,R,0.03,response<0.1ms
2024-03-07 09:10:17,467a4046c19c55a2,183d972960ed59bf,R,105955.04,response>60s
2024-03-07 16:17:53,26c85ebddde617ab,fb31d850b7cb11b8,R,0.03,response<0.1ms
2024-03-07 17:10:34,b5c889f98ae8c90d,26105c44f57237c3,R,0.04,response<0.1ms
2024-03-07 19:46:52,e568673769c858a4,28746a741cadb4e6,R,0.06,response<0.1ms
2024-03-07 22:08:44,68028943a3513d95,d2b3e9ab76fdb405,R,87657.14,response>60s
2024-03-07 19:35:34,f21efe9996bab14e,32212fef9312aefd,R,78892.32,response>60s
2024-03-07 20:52:34,c75f307c621e2d39,baf7b35baea41b04,R,61479.71,response>60s
2024-03-07 22:39:56,e0f43017b8564845,99ec603ec51d54a3,R,112264.06,response>60s
2024-03-07 08:53:35,1a50c39e731c43c0,183d972960ed59bf,R,0.02,response<0.1ms
2024-03-07 18:44:21,07e3b641de8e7578,e6f1be6306a50523,R,67011.90,response>60s
2024-03-07 14:30:03,58875854a25ba00c,d40190c96f386bc9,R,0.03,response<0.1ms
2024-03-07 08:46:52,57157be8029369c9,3d8aa856a5d6d2a5,R,96315.15,response>60s
2024-03-07 08:00:47,a27972e168110df5,915c118ae007740e,R,0.04,response<0.1ms
2024-03-07 14:52:49,bf1679e213324ab1,5773647966d6a4ca,W,91222.19,response>60s
2024-03-07 17:17:10,f225d5b94627fbe6,4c198b6e54e27966,W,0.07,response<0.1ms
2024-03-07 08:08:10,28255dc49c3fe571,d1104389ca286d42,W,0.04,response<0.1ms
2024-03-07 09:50:26,e0c0866d9659e27e,28746a741cadb4e6,W,0.08,response<0.1ms
2024-03-07 09:42:57,3347ee97a526b904,40a9d8d39eff7ccf,R,92205.87,response>60s
2024-03-08 14:16:59,ea4ee80b637d7687,183d972960ed59bf,R,110595.10,response>60s
2024-03-08 09:21:18,6593d0299c2a74d9,28746a741cadb4e6,R,0.05,response<0.1ms
2024-03-08 10:09:21,08cf7a8eecd35df0,d09ff76b3cac3161,R,95961.97,response>60s
2024-03-08 18:55:21,34bc8138ab45f4eb,183d972960ed59bf,R,81350.29,response>60s
2024-03-08 09:53:51,858f57e236e7610c,d8be89308d4142f1,R,0.07,response<0.1ms
2024-03-08 16:51:31,810425180012d2cc,f3c12505a0f7ae12,R,84746.02,response>60s
2024-03-08 09:20:35,8f52387dc2b1144e,e6f1be6306a50523,R,105869.32,response>60s
2024-03-08 10:39:00,010e041388090f54,183d972960ed59bf,R,0.06,response<0.1ms
2024-03-08 18:28:31,78b7f9dcc572bdf4,e0ac8ce22741b908,R,0.07,response<0.1ms
2024-03-08 20:08:30,7118c7517c047973,6263d070343fe508,R,0.05,response<0.1ms
2024-03-08 20:47:04,5ba91eda3af2ea08,e3da3fdf591a6b02,R,0.07,response<0.1ms
2024-03-08 21:25:30,06b7e7917cb2c92d,cec47dd4f7b22918,R,62653.76,response>60s
2024-03-08 10:13:02,4f2545047a6efa36,ec8e187c89348f5a,R,60470.75,response>60s
2024-03-08 07:57:27,4cc87357724ddbfa,1a46d9a00eb94c9f,R,0.06,response<0.1ms
2024-03-08 17:15:51,53476aa49daa56aa,092a3fffa3e8817b,R,0.04,response<0.1ms
2024-03-08 22:10:16,37133867da02f229,6ea9cceefbd540f1,R,113113.78,response>60s
2024-03-08 17:45:33,474141fc2f6cde20,0a19b70b666d19d8,R,90256.38,response>60s
2024-03-08 20:48:35,d5b82c24133c26d5,28746a741cadb4e6,R,0.04,response<0.1ms
2024-03-08 22:00:47,56dfbeef97bea3e2,c0124658155f26ca,W,0.08,response<0.1ms
2024-03-08 17:11:03,8979f1c9213e6b23,df259e54e00fbc1d,R,0.08,response<0.1ms
2024-03-09 09:16:16,8e4f9a1023a1b197,ac91c10ccda3531a,R,0.09,response<0.1ms
2024-03-09 12:54:25,a477ee9195fd7013,70558ff5a2c5f021,R,104958.63,response>60s
2024-03-09 11:05:24,13c446b99e9a173c,06aefc7c7eec008f,W,0.05,response<0.1ms
2024-03-09 15:06:36,bc20bb4028bdfd2c,052081e69fc216db,R,0.09,response<0.1ms
2024-03-09 20:48:26,13fd1a2063a0daf5,fffc4e4f00e7e11c,W,106032.82,response>60s
2024-03-09 08:31:12,ec6c27f533e1dd2d,28746a741cadb4e6,R,0.02,response<0.1ms
2024-03-09 15:40:02,e89c667f24774221,28746a741cadb4e6,R,0.02,response<0.1ms
2024-03-09 16:12:08,fc01f240c96f9abd,28746a741cadb4e6,R,0.04,response<0.1ms
2024-03-09 19:35:06,6d1256ccbb12aa3f,5f7b35578129756b,W,69802.85,response>60s
2024-03-09 09:34:01,9963d9f4697549ad,d68090b1892d2b35,R,0.05,response<0.1ms
2024-03-09 17:53:17,08906cd6a8c75fd1,df2e60f5347ebf08,R,102257.39,response>60s
2024-03-09 10:46:20,5879c2e6f69d5573,183d972960ed59bf,R,0.07,response<0.1ms
2024-03-09 11:39:51,b8af0195e4f2bb54,828551e97f8d01df,W,96872.56,response>60s
2024-03-09 19:45:51,205de76db96cda85,fdd7aa558831f3ed,R,0.06,response<0.1ms
2024-03-09 15:25:39,20940d534948e1de,13f3df7bd6ed2a7a,R,104211.28,response>60s
2024-03-09 06:45:37,952c307615253706,055b99f19922e157,R,0.08,response<0.1ms
2024-03-09 17:17:56,ab20b4f9593d4785,a87145b921951384,R,0.08,response<0.1ms
2024-03-09 09:10:40,c7c226ea9a88e753,b6a43cb03db63665,R,114516.16,response>60s
2024-03-10 13:55:16,faa5acc5a9f0cabf,c2043a325ad5018e,W,109786.32,response>60s
2024-03-10 09:35:02,e06d1c4c74ad7077,39e38a00874a803c,R,0.07,response<0.1ms
2024-03-10 08:14:12,40774192f1c3fad1,28746a741cadb4e6,R,0.06,response<0.1ms
2024-03-10 21:20:55,ca9547e352b49ef8,183d972960ed59bf,R,98756.63,response>60s
2024-03-10 08:48:58,649563644972d7e4,f3e594271acf9b7b,W,69948.25,response>60s
2024-03-10 21:10:05,4f18722a9fe95b30,28746a741cadb4e6,R,0.08,response<0.1ms
2024-03-10 08:56:33,f877f20e4426622b,5e50c66b2ad99475,R,0.05,response<0.1ms
2024-03-10 10:44:25,665f2a265d69e1bd,183d972960ed59bf,R,84269.17,response>60s
2024-03-10 17:06:19,c161c03c2c5a26ea,e792687f0a82b46a,R,0.03,response<0.1ms
2024-03-10 15:24:28,5589e5704ca9d59c,40e685181a89e8ed,W,89072.15,response>60s
2024-03-10 15:11:24,cff127b4cc3020f6,0b56329d9e205ef6,R,0.03,response<0.1ms
2024-03-10 11:21:12,8b2332ff39135f4d,772bc639a99e3e27,W,0.04,response<0.1ms
2024-03-10 08:48:20,9530143f6bb0637b,14fb4470ec62d3d7,R,85126.87,response>60s
2024-03-10 07:37:43,57ce046e85c2d1dc,c3642869b488fdb6,R,0.07,response<0.1ms
2024-03-10 11:59:55,198b1c85c74b38c4,183d972960ed59bf,R,0.05,response<0.1ms
2024-03-10 09:27:08,fc6f3a91273ef7dc,183d972960ed59bf,R,113646.16,response>60s
2024-03-10 09:18:26,3fe739be019405da,518622306225b9ab,R,0.04,response<0.1ms
2024-03-10 08:29:26,b4f3647f50748dd4,04366d11d9b4fa63,R,77614.69,response>60s
2024-03-10 10:09:39,52fa3a1a8aa680ef,8d5f4c1546de36e9,R,0.03,response<0.1ms
2024-03-11 11:09:15,0a6ffde502009877,14adf9ef240c1e89,R,0.05,response<0.1ms
2024-03-11 09:07:50,2ee3ba73aad04e40,604f44b35779c5fc,R,72893.83,response>60s
2024-03-11 21:10:56,5d540797842078e0,72126c77770b873e,R,77960.03,response>60s
2024-03-11 10:39:05,55084532a6944950,7e25f9f523d463a1,R,67227.36,response>60s
2024-03-11 18:45:10,174c20e095fdece8,9a581db0c5c8e9b0,R,0.04,response<0.1ms
2024-03-11 07:37:03,69a0dbe9af51552d,69d7208dbe6d9729,R,94003.88,response>60s
2024-03-11 22:40:51,7e3188df9250e3de,daa4b2b164cd3514,R,101422.65,response>60s
2024-03-11 09:59:15,5dbe01a42ca9f012,183d972960ed59bf,R,79853.74,response>60s
2024-03-11 16:54:56,c76f046f3a291889,28746a741cadb4e6,R,108828.15,response>60s
2024-03-11 08:09:02,a5f081b889b60e0f,66d527bb06a20971,R,0.05,response<0.1ms
2024-03-11 23:12:39,7e813ceca02811e2,2707bfe0e9731c4d,R,80584.30,response>60s
2024-03-11 19:57:29,9999ea446a4b0745,b402491cb6e84de2,W,0.03,response<0.1ms
2024-03-11 18:47:07,0f94d1541df40ce5,1c406bc0064b95dc,R,65087.39,response>60s
2024-03-11 20:33:12,f8dc6042eb708cd8,183d972960ed59bf,R,0.03,response<0.1ms
2024-03-11 16:58:39,56402f656093f62c,28746a741cadb4e6,R,0.08,response<0.1ms
2024-03-11 14:37:43,046da2df1c89460a,ae11e5e83b7d928b,R,104040.24,response>60s
2024-03-11 10:49:34,1ac008579e720f07,357d36096e6a260d,W,0.04,response<0.1ms
2024-03-11 15:43:55,35d1e133d9d7361f,e09aa2fa4e04df28,R,113213.63,response>60s
2024-03-11 19:36:44,b5f56a51ba4c3594,477e05b297b0b0ba,R,76982.85,response>60s
2024-03-11 10:38:31,c5079d68158127ec,b3dc01e3398faa79,R,0.02,response<0.1ms
2024-03-11 10:53:45,d3b990f756703dde,a1c92e576484bce1,R,0.04,response<0.1ms
2024-03-11 21:52:02,0da0c5ddc04a161b,3371acaad65f18bb,R,67688.78,response>60s
2024-03-12 08:32:53,1628a1b0932e7cf6,da389490b305b47a,R,68641.02,response>60s
2024-03-12 19:31:13,63d5c04f3b9bb4e5,412a33393c513a16,R,94751.21,response>60s
2024-03-12 08:08:30,01c426ab267f1010,e6f1be6306a50523,R,99264.15,response>60s
2024-03-12 14:03:01,80e6f0b98ddda71f,183d972960ed59bf,R,78789.30,response>60s
2024-03-12 16:20:50,1d38aa196bcf4f69,06aefc7c7eec008f,R,0.04,response<0.1ms
2024-03-12 16:09:00,364c0441918b102a,183d972960ed59bf,R,114430.69,response>60s
2024-03-12 19:05:47,dca1c5c0b5ba15e7,183d972960ed59bf,R,0.04,response<0.1ms
2024-03-12 14:22:15,b3bfc4f337bab88c,d3f3cfd1cdac00f1,R,0.02,response<0.1ms
2024-03-12 18:48:59,f097ed5cd7499e48,3177a724eb37ca36,R,0.05,response<0.1ms
2024-03-12 16:24:31,a86f635feadf67d8,23c2572ab5d9a552,R,0.09,response<0.1ms
2024-03-12 19:22:09,b054d568439a99c3,19f77f83c3c6bb37,R,0.09,response<0.1ms
2024-03-12 15:03:06,8e513b7122c5e72a,08bad856c2d184af,R,0.02,response<0.1ms
2024-03-12 19:22:10,68f11a4c1f372319,651c4ae31767d941,R,116071.48,response>60s
2024-03-12 14:28:20,3b94b33a6ba64f5a,4b00df0e7705df11,R,67721.45,response>60s
2024-03-12 15:01:33,8ecfc2cb4f44314a,8e970e96811fc593,R,0.05,response<0.1ms
2024-03-12 16:16:56,6a07a90437ffac76,28746a741cadb4e6,R,0.03,response<0.1ms
2024-03-12 09:37:01,0a1d032b4df6bb55,28746a741cadb4e6,R,0.05,response<0.1ms
2024-03-12 07:26:44,94642f64d9c1eb62,ef9af55c494ae91b,R,0.04,response<0.1ms
2024-03-12 14:32:27,25b69348c1c24e64,183d972960ed59bf,R,0.07,response<0.1ms
2024-03-12 09:57:09,515cdf744788a5eb,d7922ac47eeae611,R,0.06,response<0.1ms
2024-03-12 10:41:38,bde2bfd8340f00fb,28746a741cadb4e6,R,0.03,response<0.1ms
2024-03-12 14:54:35,70685935e5d1a28b,e6f1be6306a50523,R,83313.07,response>60s
2024-03-12 08:15:16,5c09462652a745d3,a67b74c46d081742,R,115574.99,response>60s
2024-03-12 17:32:59,f31370c5c2ebf465,9bec5d3889e8a978,R,0.07,response<0.1ms
2024-03-12 19:40:13,0c873ceee53d9efd,614916751c2963d3,R,116212.57,response>60s
2024-03-12 09:51:55,19c676ad646ad60d,43390329741db716,R,92771.17,response>60s
2024-03-12 18:45:53,27b1539986822ee7,bd22b00dca0529bd,R,0.07,response<0.1ms
2024-03-12 17:36:34,5887f8181d67156e,df5b9661063b55aa,W,103452.51,response>60s
2024-03-12 20:03:50,aa5b684b3678b697,b473e2b09fb0ab86,R,74171.38,response>60s
2024-03-12 10:01:10,90476a2d07855196,e833105124b9d1d0,R,94414.32,response>60s
2024-03-12 05:50:06,6a88abbbde1e8f0f,29d1226f3ab39810,R,83364.93,response>60s
2024-03-13 11:04:58,e82d213b9b6014d4,a946e667ed959b2f,R,75902.74,response>60s
2024-03-13 16:41:07,56dfbeef97bea3e2,3294b4c15750ae57,R,0.05,response<0.1ms
2024-03-13 09:16:50,adab34b6723d09f2,06aefc7c7eec008f,R,77955.27,response>60s
2024-03-13 18:40:44,3aa50bba971b66fd,bcad8af4a5578c21,W,0.03,response<0.1ms
2024-03-13 08:48:33,30f187a0758e0797,20fd5f3124aa6147,R,0.05,response<0.1ms
2024-03-13 19:30:41,0cdfb8c881443bcb,39e38a00874a803c,R,106533.00,response>60s
2024-03-13 13:51:41,7b7dc7486b70d938,7056193e15b9f111,R,0.09,response<0.1ms
2024-03-13 14:15:10,dd51d93d67e6e9b8,cb1440664766b344,W,65090.55,response>60s
2024-03-13 17:56:49,dc05f5c007a9ccbe,183d972960ed59bf,R,0.03,response<0.1ms
2024-03-13 10:18:49,29e00bd2566887cb,02f206acd9182f3d,R,0.06,response<0.1ms
2024-03-13 13:41:16,5888c90acd64d0b7,df4e2bbecc6bb1b8,R,89832.49,response>60s
2024-03-13 16:41:10,55e3069f9724c450,183d972960ed59bf,R,72214.66,response>60s
2024-03-13 13:03:24,49c189da3cc913e4,06aefc7c7eec008f,R,0.05,response<0.1ms
2024-03-13 09:00:30,23a5d106b90dc2c7,183d972960ed59bf,R,78201.01,response>60s
2024-03-13 10:56:10,ecf5737cb7ed683b,922f92846e6ad447,R,0.07,response<0.1ms
2024-03-13 17:05:21,0f4d06df85bb6b16,6527622261c6ead2,R,107582.68,response>60s
2024-03-13 14:05:57,8b3a3b1ba2867da5,768221f783a562b2,R,0.07,response<0.1ms
2024-03-13 17:40:39,7d507a008f02ed75,79c7596feda736d3,R,0.04,response<0.1ms
2024-03-13 14:34:28,67d30bac3f53a133,9944258d4a12712a,R,0.03,response<0.1ms
2024-03-13 12:43:59,19c7fe7696c95a53,a0e7873908f8e070,W,0.08,response<0.1ms
2024-03-13 09:31:06,b4e78ae9fb7d4a99,99bdee57d006d77b,R,95803.87,response>60s
2024-03-13 13:59:09,464c94af8f514584,84deec2b5484f10d,R,85033.28,response>60s
2024-03-14 22:04:30,bf381748863f56c9,cd4c236d3a4d5e5f,R,0.08,response<0.1ms
2024-03-14 08:13:03,95afe72da1f0b1e9,06aefc7c7eec008f,W,0.07,response<0.1ms
2024-03-14 15:14:52,0bb77a8a6d7318ad,0b9e0c24a5597bbd,R,92437.37,response>60s
2024-03-14 21:11:44,4eba68da5fd585c4,36244fedafc419e1,R,0.04,response<0.1ms
2024-03-14 15:18:51,166880081dbe29d9,f58504049a0826be,R,97903.54,response>60s
2024-03-14 20:47:38,1ccfdce638b105b4,183d972960ed59bf,R,77974.35,response>60s
2024-03-15 09:20:52,dee0f64f37ef15a0,bfff829dd742d13e,R,85607.26,response>60s
2024-03-15 08:49:06,cce669d024ee2095,feeed4f88077cdf8,R,0.03,response<0.1ms
2024-03-15 10:59:51,86f1515b549e4a94,bc4a0c57af79f578,R,0.02,response<0.1ms
2024-03-15 07:32:08,b7c0e7991b9452d0,595bf4401aafa7b0,R,0.07,response<0.1ms
2024-03-15 13:17:20,3d590cccce693c64,fcf4680fbc522d49,R,0.03,response<0.1ms
2024-03-16 22:24:53,67ab68223f1ce713,8e970e96811fc593,R,0.08,response<0.1ms
2024-03-17 13:50:27,2e82be84973cc530,fdd7aa558831f3ed,R,0.08,response<0.1ms
2024-03-17 19:45:18,b1622ddaab7860a3,91634e9f62add5b6,W,67813.52,response>60s
2024-03-18 23:35:12,e23d3d05da928685,183d972960ed59bf,R,0.04,response<0.1ms
2024-03-18 13:30:06,1da4ccb3fa23253c,8e970e96811fc593,R,0.05,response<0.1ms
2024-03-18 17:40:38,715c6bfc3ccbe8eb,183d972960ed59bf,R,99276.70,response>60s
2024-03-18 14:39:49,5621e0f418671556,54a55aae8c9e1b01,R,0.05,response<0.1ms
2024-03-18 20:32:54,56402f656093f62c,51d8aca1e2577a44,R,69963.27,response>60s
2024-03-19 14:33:11,92435224873d7697,c7243cec39dd8f90,R,0.06,response<0.1ms
2024-03-19 08:25:01,a8584a4129b71e81,06aefc7c7eec008f,R,0.07,response<0.1ms
2024-03-19 16:04:07,6e5180be9703f4a7,28746a741cadb4e6,R,86343.34,response>60s
2024-03-19 10:50:42,66da3779f66f87af,ff21d06185ad37e1,W,0.04,response<0.1ms
2024-03-19 07:18:21,33d450dddb09b8d5,8e08639a93215153,W,115367.18,response>60s
2024-03-20 11:26:36,787f1e55cb0b9326,183d972960ed59bf,R,0.08,response<0.1ms
2024-03-20 19:50:45,91175dfebf33e1c5,da52ccb0ea31eba9,R,64460.16,response>60s
2024-03-20 13:29:09,791a8ad3e0f2eac1,9eba7f2a8fbf92c3,R,0.02,response<0.1ms
2024-03-20 10:30:13,d5d05bc73626bedc,4a6732cd82e8635a,R,0.08,response<0.1ms
2024-03-20 17:26:30,2a0d7981fa30eb03,1dfdd2abb78b5970,R,90947.80,response>60s
2024-03-21 14:29:35,78ba10d8605fc5be,28746a741cadb4e6,R,77630.69,response>60s
2024-03-21 08:51:03,0f19a0600ab74d94,6e27105fd1f6fafa,R,62264.23,response>60s
2024-03-21 09:35:51,445f54ac8b0cd55d,870990e13cdff488,R,0.04,response<0.1ms
2024-03-21 14:56:57,f9e357bc1c64b628,561b0d1b6b620413,R,92185.06,response>60s
2024-03-21 20:43:37,4f772b24ada2ab53,2b1f9b677f1c95f1,R,91964.30,response>60s
2024-03-22 15:10:40,3fde65188de4fa7a,28746a741cadb4e6,R,97609.28,response>60s
2024-03-22 08:53:10,04455ee82491d221,c2d213cb4d432779,R,0.04,response<0.1ms
2024-03-22 09:55:12,586aafc7e0eb18b3,67d1ab35a84fbe0b,R,0.03,response<0.1ms
2024-03-22 10:57:48,f4f8ad11dfd6a45e,bd63cd4ae9ca8b9a,R,73778.37,response>60s
2024-03-22 14:55:28,068535bab2fe0b1c,8a4c14c9f83a6995,R,101844.81,response>60s
2024-03-23 10:22:33,ecf65af953c6811d,fb318dca3c40965f,R,0.08,response<0.1ms
2024-03-23 11:19:44,60fea8aa3d7feef3,183d972960ed59bf,R,0.07,response<0.1ms
2024-03-24 10:20:39,f012bd59beb91f36,a4d2f7915f5f6a83,R,73037.73,response>60s
2024-03-24 21:11:22,980b0311be9a4c78,9d92ed7cf00d8e82,R,64931.48,response>60s
2024-03-25 10:18:42,6e5180be9703f4a7,76bf7f962ec8f4b5,R,82112.17,response>60s
2024-03-25 10:02:40,8b5be11881b7e25e,640ce1410accc721,R,0.07,response<0.1ms
2024-03-25 07:27:15,36032724576bf7c8,39e38a00874a803c,R,0.06,response<0.1ms
2024-03-25 15:11:20,89864e936be92a4c,119d97cabc31f3b7,R,91111.38,response>60s
2024-03-25 23:38:38,1d38aa196bcf4f69,683c569a75d27d4a,R,0.08,response<0.1ms
2024-03-26 16:46:14,fdd1322c04fae8fb,eba2613115008906,R,0.06,response<0.1ms
2024-03-26 10:04:13,9e41952cbf7e03ec,441c0fb1f2e58580,R,80956.23,response>60s
2024-03-26 15:16:12,a1a12b0262341e04,3092262d03f93735,W,0.05,response<0.1ms
2024-03-26 10:18:04,42fafaa518c1efcf,28746a741cadb4e6,R,113059.77,response>60s
2024-03-26 19:01:49,cb3a745e85713d41,06aefc7c7eec008f,R,107913.85,response>60s
2024-03-27 22:57:48,1386d7bb79eb9e36,9d0d97efbf439514,R,97922.12,response>60s
2024-03-27 19:38:56,a7fc9aaa51d5acd1,ff21d06185ad37e1,R,63663.88,response>60s
2024-03-27 12:16:16,613795dd3ec801a2,e16fb1b0b7f24d9e,R,74607.53,response>60s
2024-03-27 19:21:09,9774beb928fb85f0,0816472a4f1c3e9e,R,0.04,response<0.1ms
2024-03-27 09:14:44,2f77c8bad7a40515,e792687f0a82b46a,R,0.04,response<0.1ms
2024-03-27 10:49:55,1d38358ec4906736,231fbc4333864a89,R,0.07,response<0.1ms
2024-03-28 21:59:18,f3ef833c0387cd25,06aefc7c7eec008f,R,93587.52,response>60s
2024-03-28 10:06:56,2a2adc7a68991233,f769b2ffa5432eed,R,0.05,response<0.1ms
2024-03-28 15:26:03,1a3b0367d5a773d0,d7f232a44dbd2467,R,87051.73,response>60s
2024-03-28 20:58:56,fe2f4124de8555cc,3cf44fbfeca1983f,R,0.08,response<0.1ms
2024-03-28 09:20:14,5bed2f0401f94e95,94d07bd0bd57ce76,R,0.07,response<0.1ms
2024-03-29 20:17:10,a27972e168110df5,27b16de2ce732ed0,R,70481.79,response>60s
2024-03-29 10:18:44,62d89b631c4355d4,22ac473c13728a77,R,0.05,response<0.1ms
2024-03-29 19:00:44,e823ef90e30faea4,2a55e99cbcd50398,R,69070.66,response>60s
2024-03-29 19:29:11,c04eea16bce5d8a9,c0d5e937fa7b6cf1,R,0.08,response<0.1ms
2024-03-30 15:35:29,b701a7464464e79a,065886b0c851d339,R,0.04,response<0.1ms
2024-03-30 14:23:48,e914cbfab8495dfc,96c13e96d9e74162,R,0.07,response<0.1ms
2024-03-31 09:54:57,2e63d9647eaee9b7,1b019f7458ffee2a,R,113586.50,response>60s
2024-03-31 14:22:24,a0262417eeece21a,183d972960ed59bf,R,0.05,response<0.1ms
2024-04-01 18:44:54,21f206ce20f1bf2d,183d972960ed59bf,R,114967.23,response>60s
2024-04-01 22:04:20,4a547ec4423918c2,5aa66833c545f27e,R,115115.63,response>60s
2024-04-01 18:43:00,f2498ea5c80bfb2e,ff21d06185ad37e1,R,95896.73,response>60s
2024-04-01 14:40:57,9d3a8140e3aa9fb2,9c1491568544b05a,R,111938.88,response>60s
2024-04-01 08:46:01,735dcf0114bb101d,001a051ad1b0e1a5,W,113542.51,response>60s
2024-04-01 11:16:21,ffdde0a9934d86a8,183d972960ed59bf,R,77498.53,response>60s
2024-04-01 09:27:56,905c18ad21708553,28746a741cadb4e6,R,77536.63,response>60s
2024-04-02 08:01:16,e823ef90e30faea4,5dd0e52d647def25,R,0.06,response<0.1ms
2024-04-02 21:28:10,6a6d171f83f74f45,231670ec1c65f200,R,72143.83,response>60s
2024-04-02 09:25:46,dde2ccf3d836a47d,944a327e089f30ab,R,73626.21,response>60s
2024-04-02 17:26:00,81bc5b8b3117b1fb,580b3e5317160301,R,65584.72,response>60s
2024-04-02 07:39:38,4597e05be6de6d11,fbefb6b6f1c0c69b,R,116982.15,response>60s
2024-04-03 09:16:31,d38aae5be9610ea1,45f2f55e28f86fb3,R,73686.18,response>60s
2024-04-03 21:22:50,9d0a9e983b61cf20,2ff8d6728527d306,R,71267.60,response>60s
2024-04-03 16:42:46,f6bd0cb814b61983,6527622261c6ead2,R,0.08,response<0.1ms
2024-04-03 16:15:19,2185850490eeba1f,280632066e4a25c1,R,116258.81,response>60s
2024-04-03 19:05:18,9383bdbc66e534a0,5a99d60cc9b1e757,R,83151.92,response>60s
2024-04-03 15:23:50,68d3c4471b5c0cda,31ac32a22df83f91,R,0.05,response<0.1ms
2024-04-03 08:14:18,9b5a271d80c42835,183d972960ed59bf,R,80927.21,response>60s
2024-04-04 10:38:56,689f14aea33d7e68,724db58587c0723c,R,0.07,response<0.1ms
2024-04-04 14:04:15,54230f3c775920dd,d1f8338b335ed739,R,116040.05,response>60s
2024-04-04 21:09:27,670ea6ddf20b1704,08ddc107d42ec043,R,69031.61,response>60s
2024-04-04 08:43:53,2a46695afd16a6bd,9f5dbb3e22cf5b67,R,0.03,response<0.1ms
2024-04-04 17:18:26,53a40fac5bcf9f91,8c8533c0adc52a57,R,0.08,response<0.1ms
2024-04-05 14:28:52,f45a919aeec968a8,5565a069d86df13e,R,0.03,response<0.1ms
2024-04-05 15:49:56,977882d4f5143160,6b9194c4e82f491a,R,0.08,response<0.1ms
2024-04-05 08:07:08,cb3a745e85713d41,fd9b249dc00cfa30,R,89251.81,response>60s
2024-04-05 20:35:11,4bb40fa4b428e32e,32aba60d5acbdda4,R,0.03,response<0.1ms
2024-04-05 17:20:25,c31541857b70f15d,b0b68b4ee7607bc5,R,111641.47,response>60s
2024-04-05 14:12:34,823ec7aef98ceb65,2cd295720a4d6785,W,77859.02,response>60s
2024-04-06 15:22:02,4eba68da5fd585c4,2297367b972be438,R,0.02,response<0.1ms
2024-04-06 22:00:08,ebcefade435264e9,83290bdf4a1268e2,R,0.05,response<0.1ms
2024-04-07 10:39:28,ccb8b4e12baf8a0b,0f50eacecfd66bc7,R,0.04,response<0.1ms
2024-04-08 09:06:49,4d8b001124f515d4,0e1e52fa6778ca4e,R,67443.64,response>60s
2024-04-08 10:35:36,d48fadd341e14721,977a3ebfc3eb1d18,R,86815.21,response>60s
2024-04-08 20:51:55,104ddabe326f5de1,183d972960ed59bf,R,63304.98,response>60s
2024-04-08 14:52:59,8140a82c914ef02b,e931b9b2c2368005,R,0.04,response<0.1ms
2024-04-08 17:34:22,cff8cbc991c319a7,f7dc4f2da599855d,R,89694.46,response>60s
2024-04-09 09:23:54,04455ee82491d221,7d202f4c3260dea6,W,0.07,response<0.1ms
2024-04-09 16:02:38,ca17a36246838756,b0569997446ee9c0,W,0.08,response<0.1ms
2024-04-09 14:22:29,9ed6ee3f7d382d27,54e7f06f77f37250,R,64984.26,response>60s
2024-04-09 09:44:59,53f50d739e886421,9857849ce8b6c04b,R,72578.50,response>60s
2024-04-09 08:16:53,6c1b8f042a3d85ee,d0dc4b6e007dd1fb,W,89510.62,response>60s
2024-04-10 09:02:06,c41512a14d4353a4,e09c3826a307f9ea,R,0.04,response<0.1ms
2024-04-10 09:57:20,658fc46e1f51a60c,183d972960ed59bf,R,0.04,response<0.1ms
2024-04-10 10:27:11,d6796d1e977e58dc,183d972960ed59bf,R,79549.22,response>60s
2024-04-10 16:58:31,dda5b9a3b05a1b4d,3e01421b58ff65d5,R,0.08,response<0.1ms
2024-04-10 09:11:21,ca7841c5dff982ca,eac8b46b3176c114,R,98989.13,response>60s
2024-04-11 09:32:29,124fadecb8a498fd,04b76609d2df8e37,R,0.03,response<0.1ms
2024-04-11 12:23:59,f75fa38cc056fe21,2b442bf62ae07125,R,0.02,response<0.1ms
2024-04-11 08:53:48,faa10723761c8311,138121c26f17753d,R,0.03,response<0.1ms
2024-04-11 10:19:19,102c00f692dacd95,f99dda93ad945d5e,R,0.08,response<0.1ms
2024-04-11 13:24:38,f46d11943094028d,9f8d8c0deeba489f,R,75839.83,response>60s
2024-04-12 08:37:32,7050907eb8db9dc4,9bed516caf66935f,R,0.02,response<0.1ms
2024-04-12 16:50:45,991343a09f640495,b658622512f7dd44,R,89699.19,response>60s
2024-04-12 09:20:10,bf3cea1ae6f385f5,183d972960ed59bf,R,0.03,response<0.1ms
2024-04-12 19:50:25,99c5ad4261487ff3,9d7629bfccb4b72d,R,106977.22,response>60s
2024-04-12 20:02:57,1c45d207f51cdd4b,c1086bc7de12825a,R,98583.23,response>60s
2024-04-12 00:40:49,2d7f171e5af21484,c19a532ac4e3287d,W,0.06,response<0.1ms
2024-04-13 11:34:20,08e48d6c6fced796,d96adda39df898d4,R,0.04,response<0.1ms
2024-04-13 15:36:07,ff2cf63d475188e2,9bb65892baa8ef9b,R,0.06,response<0.1ms
2024-04-14 15:26:13,2c40beee8c14190b,0d54564bad6bf8a1,R,93764.15,response>60s
2024-04-14 07:56:08,9fc5d5227f7a3d80,798e68fb4453a4f1,R,0.02,response<0.1ms
2024-04-15 21:41:49,76531d8c2a3cc795,1aa3187edf518009,R,87889.02,response>60s
2024-04-15 21:20:01,1667ad19cb20ab24,ab5cdb9984b4e792,R,0.03,response<0.1ms
2024-04-15 09:31:40,c0fc536baef14181,f3c3e0cbcf231558,R,0.08,response<0.1ms
2024-04-15 11:26:23,ac3ce9e13d44f649,a6f878bc1d527f71,R,108899.96,response>60s
2024-04-15 11:57:05,e27ef624aec47c40,ca1d7551cffc14c4,R,96194.87,response>60s
2024-04-15 15:42:06,47b8c58b5a601592,c2969e7d8b51e0ba,R,61140.15,response>60s
2024-04-16 12:37:20,87304ec032da7611,eea05db105f54ce9,R,0.08,response<0.1ms
2024-04-16 22:22:41,afcedb9935783aa6,2de24aefdd285384,R,0.02,response<0.1ms
2024-04-16 14:01:30,26410396e2d5fc83,6f7bdca594288e82,R,93422.00,response>60s
2024-04-16 22:01:17,a83f9fdb1d63e467,8db5d823ca5d455c,R,0.04,response<0.1ms
2024-04-16 20:04:42,b6a7ee490cb7aece,62724dd0ba18e425,R,0.07,response<0.1ms
2024-04-17 11:56:57,e443e68b7cb47260,c713ce4c7461101f,R,0.08,response<0.1ms
2024-04-17 13:52:20,b9d96f204b6de6fb,183d972960ed59bf,R,111922.86,response>60s
2024-04-17 20:21:02,27349db8e0de0491,e792687f0a82b46a,R,110014.64,response>60s
2024-04-17 18:40:12,adab103b8da19975,06aefc7c7eec008f,R,0.05,response<0.1ms
2024-04-17 14:42:44,fadcbd2af16accd0,100babaef58420dd,R,112130.12,response>60s
2024-04-18 23:27:34,435cab91e74bf123,643003417d05c15b,R,68361.78,response>60s
2024-04-18 19:56:27,175d147dcd85401e,971b008b422c3269,W,87785.99,response>60s
2024-04-18 10:27:38,6f120780a9ff4e05,5d20bafd202fdcf2,R,71280.70,response>60s
2024-04-18 14:20:41,1712b652bce4f309,1ba125ab3b9878ab,W,0.09,response<0.1ms
2024-04-18 09:33:47,f302b5863d05f927,c61fbc22337b062a,R,0.05,response<0.1ms
2024-04-19 15:20:12,1ff4f1919d3fe6db,9fe835b0dd206293,R,72825.04,response>60s
2024-04-19 13:21:48,613795dd3ec801a2,87ac5f0d8e46b8cf,R,0.09,response<0.1ms
2024-04-19 08:00:04,305e3a196bb7341f,ec743d4be6ab3b7e,R,96995.14,response>60s
2024-04-19 19:20:30,5ffe731b10877738,8770011b82f73e06,R,0.05,response<0.1ms
2024-04-19 09:49:56,67a512240a8ea082,a3d4ba63f91ac75c,R,114967.02,response>60s
2024-04-19 23:52:27,9879b533e8a5e278,ff225cb388e4e75d,R,0.04,response<0.1ms
2024-04-20 19:43:27,d3a99f52c6af1b67,1345d8570eeedbb3,R,74043.04,response>60s
2024-04-20 08:08:40,f68273eb8813ef46,110af2b6477eb612,R,111615.50,response>60s
2024-04-21 14:44:35,c46d48af814270c1,5f8abff64ea5f908,R,79565.20,response>60s
2024-04-21 11:21:18,a79440ca272f55f7,183d972960ed59bf,R,61616.56,response>60s
2024-04-22 06:55:07,a9eb79a35836a3c6,48ddfcf6b62cde94,R,0.04,response<0.1ms
2024-04-22 16:44:17,1c361521bc6080e5,32b97e1714d04e18,R,0.05,response<0.1ms
2024-04-22 16:17:45,ef1239e535c7eeb7,e2f9dca286fe35fc,R,77313.07,response>60s
2024-04-22 10:50:42,1a50c39e731c43c0,75033b9919c08421,W,0.07,response<0.1ms
2024-04-22 06:50:29,c36885374897b735,183d972960ed59bf,R,62111.05,response>60s
2024-04-23 13:28:33,6c40a6eb0cf89644,be49eb4df13b5106,R,72117.36,response>60s
2024-04-23 10:33:31,4dd152ec12a4b550,07e9d20204d3104b,R,0.08,response<0.1ms
2024-04-23 11:14:58,4e9b9a3b22a9820d,a329458f29cea5df,R,101954.62,response>60s
2024-04-23 09:15:21,480fe6e488d02557,b0c112de8889aeb9,R,107057.06,response>60s
2024-04-23 10:48:30,acd43725c01ea3e0,ff21d06185ad37e1,R,0.02,response<0.1ms
2024-04-23 10:00:59,56c04e71865a04e4,fcda529e96285294,R,0.06,response<0.1ms
2024-04-23 10:16:17,4227f69594f6c73e,17a4eeb7894948d5,R,100746.19,response>60s
2024-04-24 17:12:56,b9d9e60dde324732,06aefc7c7eec008f,W,0.08,response<0.1ms
2024-04-24 12:21:00,ec800e2fb0f93148,317d1dce77266396,R,0.09,response<0.1ms
2024-04-24 20:02:19,b06ee65e56893d20,e88469edb62777a9,R,0.08,response<0.1ms
2024-04-24 07:36:48,38f4c19b45fafa0e,e792687f0a82b46a,R,87775.86,response>60s
2024-04-24 14:28:11,7ceab3e85b92fee9,e792687f0a82b46a,R,117996.40,response>60s
2024-04-25 09:30:33,5730bb047a326db6,183d972960ed59bf,R,0.06,response<0.1ms
2024-04-25 21:13:11,cec6118090f5b704,cc7e0bd568ba0013,R,0.04,response<0.1ms
2024-04-25 22:56:04,0b8f86369a2e13f2,e753d343372572de,R,0.03,response<0.1ms
2024-04-25 08:50:45,86837d0f618cfcdf,05e029991c38ab7f,R,0.02,response<0.1ms
2024-04-25 16:50:56,987870a9d3158519,e38f55923e494623,R,0.04,response<0.1ms
2024-04-26 20:46:38,c26bd7e6ca54f835,c5a2699fd0cc958a,R,0.07,response<0.1ms
2024-04-26 17:04:31,1f4600a9443cd19b,c3ac78636f95f4e4,R,89075.55,response>60s
2024-04-26 21:39:43,cbd3991e35b9f372,b75ba9bb17c05e25,R,82430.52,response>60s
2024-04-26 15:04:41,8bbfcd88c697214d,5baed0c52720d15f,R,102945.74,response>60s
2024-04-26 21:23:53,0da0c5ddc04a161b,29032abdd7cf2d9b,R,0.04,response<0.1ms
2024-04-26 19:41:24,4f2545047a6efa36,0b842744e4d5d6d2,R,0.02,response<0.1ms
2024-04-27 13:22:21,db873a67d0300228,06aefc7c7eec008f,R,0.04,response<0.1ms
2024-04-27 17:26:28,2ee6c482bca5d062,ad8ce298ea7ac0ce,R,62400.25,response>60s
2024-04-28 16:15:27,92c49a9d82c94611,9e40bbaaad326166,R,0.04,response<0.1ms
2024-04-28 08:46:16,a63e3d57a096d27c,4fc611fa96d6c8e6,R,110849.64,response>60s
2024-04-29 08:53:39,65e18a8576f9ab8b,28746a741cadb4e6,R,106957.28,response>60s
2024-04-29 16:38:01,4b61e1baaa2a12e2,8482d69f24784724,R,109731.45,response>60s
2024-04-29 09:38:47,e4a81d90ac611db5,1ac9ecb6270c5338,R,103430.55,response>60s
2024-04-29 16:57:44,e2ec35267166e09c,e9ce393ea6fdce69,R,91153.45,response>60s
2024-04-29 10:59:06,34841e17dff96e72,1714a49e4742980f,R,0.03,response<0.1ms
2024-04-30 13:11:08,99b30a16e03a7be4,ff7e67783e5d47a6,R,0.08,response<0.1ms
2024-04-30 15:07:26,26958625f8d56d09,7ad81e33893c40cb,R,0.08,response<0.1ms
2024-04-30 21:44:23,b054d568439a99c3,f0a6918b73f73b50,W,74705.10,response>60s
2024-04-30 20:40:15,0b2e048d797464c7,efe0c301235ec00f,W,0.07,response<0.1ms
2024-04-30 12:46:20,8020116a887c8923,a390bde67a975cf3,R,71244.80,response>60s
2024-05-01 19:46:36,38c90d8f964cc0ce,b6f067c557b3531e,R,0.04,response<0.1ms
2024-05-01 21:24:27,864db58586c87828,28746a741cadb4e6,R,81356.63,response>60s
2024-05-01 11:36:45,b19ecb2931e7c222,162322c88abb1c7a,R,0.06,response<0.1ms
2024-05-01 12:46:52,47e3d30664b92dad,4484c83ec716c13f,R,0.09,response<0.1ms
2024-05-01 20:18:05,193d476ed656a3d4,28746a741cadb4e6,R,111139.88,response>60s
2024-05-01 10:54:36,39202c2dd16dc762,633381c4c3822bdc,R,0.08,response<0.1ms
2024-05-02 22:52:53,84cc9305a3576fc0,b323f1a63171328d,R,81563.29,response>60s
2024-05-02 14:35:23,8446910fb031e035,e6d343268c666e43,R,0.02,response<0.1ms
2024-05-02 06:52:11,36baf766a5790e51,162322c88abb1c7a,R,86725.09,response>60s
2024-05-02 13:55:32,36eb5bbb3bee9dc6,255bb5427bec7a9a,R,79118.71,response>60s
2024-05-02 08:44:35,828cedd776791c02,183d972960ed59bf,R,78141.47,response>60s
2024-05-03 07:46:38,0ad3db088b46db28,e9047b7956bf0c03,R,0.08,response<0.1ms
2024-05-03 17:17:46,6a8a6c41e04248df,28746a741cadb4e6,R,0.07,response<0.1ms
2024-05-03 10:04:20,dcb1b57058b1ed5c,f4edb2ec03621364,R,115519.92,response>60s
2024-05-03 20:44:37,dc05f5c007a9ccbe,6eba91fb4d061ce8,R,0.03,response<0.1ms
2024-05-03 19:52:14,1712b652bce4f309,183d972960ed59bf,R,0.04,response<0.1ms
2024-05-04 07:30:59,b986f4b0548c475b,7120701485254397,R,0.09,response<0.1ms
2024-05-04 09:33:45,59a1a0f97e082950,e315cc1cb67724da,R,78727.09,response>60s
2024-05-05 23:25:12,b048fcbd4626ffd1,88f2f1bcb23af1c4,R,0.07,response<0.1ms
2024-05-05 17:25:25,f00a62b2cf3ddb80,f7876cbe6481bc70,R,0.09,response<0.1ms
2024-05-06 20:36:58,f7a1329a80290254,f00181e00d71518b,R,91807.78,response>60s
2024-05-06 15:15:23,3f6f15742c683e3d,ab080ada75f424a1,R,0.05,response<0.1ms
2024-05-06 10:46:58,98a7e37edab9e113,7a1f1bb8fefa7793,R,61921.45,response>60s
2024-05-06 09:42:21,332952755d2e103a,2b85db1838389583,R,0.09,response<0.1ms
2024-05-06 14:31:47,02acfcc44c2ba9c2,96cb14213ef758c6,R,73228.41,response>60s
2024-05-07 14:49:55,36c9f96959867515,641de307588ccd4d,R,82454.40,response>60s
2024-05-07 16:17:21,37f77f95571a06a0,28746a741cadb4e6,R,0.04,response<0.1ms
2024-05-07 11:55:11,42269463e12831a6,8e970e96811fc593,R,0.03,response<0.1ms
2024-05-07 21:12:44,e3dd8bd7af596640,5800df3b3747dc1f,R,0.06,response<0.1ms
2024-05-07 15:40:30,30c937de139919a2,254e8f1d28877fd3,R,0.08,response<0.1ms
2024-05-08 20:00:45,d306649b8e59bec3,28746a741cadb4e6,R,102166.29,response>60s
2024-05-08 13:18:51,c9ed17914e1aa42e,043d778e13141dc3,R,91274.58,response>60s
2024-05-08 21:25:24,f8a8c0bea746b913,249b9597f25ddc19,R,72539.38,response>60s
2024-05-08 15:15:34,fd558bd9aeb9432e,28746a741cadb4e6,R,0.05,response<0.1ms
2024-05-08 16:25:59,44b8ea66cdcfcaca,178db49b39b1fcc8,R,73871.59,response>60s
2024-05-08 07:46:53,7399202ad28c7285,69b5ff3d755ff7b5,R,111374.80,response>60s
2024-05-09 20:10:15,4c3b8dbddcf0302b,db05b3e463e323cd,R,109650.18,response>60s
2024-05-09 14:51:37,5a7773de8a1007cc,183d972960ed59bf,R,0.06,response<0.1ms
2024-05-09 13:17:34,5e2fddd49485d21b,b65de7a2b0b92a02,R,102198.30,response>60s
2024-05-09 07:24:11,9b9757f495d91198,41d2dfc30d6a0bf0,R,0.05,response<0.1ms
2024-05-09 08:51:03,0fb93caf3810d689,e792687f0a82b46a,R,0.04,response<0.1ms
2024-05-09 21:40:04,c2462362e4f3e1f4,76771ba6709c29ad,R,88832.26,response>60s
2024-05-10 15:25:44,c877b9b853081ea1,6b4a2b3ca58e8338,R,0.04,response<0.1ms
2024-05-10 21:54:11,39063655cc0fcc3d,a185356b6b305fa8,R,101479.31,response>60s
2024-05-10 17:50:29,93293716ded8a82b,ec1b624d68ba9745,R,0.07,response<0.1ms
2024-05-10 14:44:12,aa5b41aa97b47713,e792687f0a82b46a,R,0.07,response<0.1ms
2024-05-10 14:38:52,3f06d6cc54a9b8e7,ba3d282193b4fc8e,R,82770.39,response>60s
2024-05-10 20:32:52,4a113ad2f646feaf,365ec352cdeeca7c,R,78029.67,response>60s
2024-05-11 21:23:45,bdb128a02e51acb9,643003417d05c15b,R,0.08,response<0.1ms
2024-05-11 13:05:05,c6a9cd40f594a9ac,9bb2ff51da2bf73f,R,92998.97,response>60s
2024-05-12 15:49:43,5151a5ad913dc380,306a490cb89c0fe2,R,0.07,response<0.1ms
2024-05-12 10:32:23,60c0cecf72627fd8,8d27b0f95488284c,R,111847.77,response>60s
2024-05-13 08:45:08,acd7aba253feb6ea,09bc68d4c7428a81,R,0.03,response<0.1ms
2024-05-13 15:10:42,389369a67aaff309,31c328fccb4cd9c0,R,93723.00,response>60s
2024-05-13 09:59:13,35704eb192aa8bfb,b7964009924f4832,R,80533.40,response>60s
2024-05-13 14:51:48,bb2749d325343ba9,47d46cf5bde77172,R,75627.33,response>60s
2024-05-13 21:54:50,d5d630490be6d6db,8e970e96811fc593,R,0.07,response<0.1ms
2024-05-13 23:17:49,baac0901cf4dc42b,cae5ee029af862fe,R,114313.10,response>60s
2024-05-14 10:28:41,efd7cf389020d1ba,cfebf117381fee2c,R,87657.73,response>60s
2024-05-14 16:29:23,97fcfa79cca22e29,ed6b215a0003612e,W,0.05,response<0.1ms
2024-05-14 21:47:35,619e9f2ad9f4bad5,1d7c7f09a0c50059,R,0.04,response<0.1ms
2024-05-14 15:51:08,2744a013a7ea580f,12830c5e27d13fce,R,0.05,response<0.1ms
2024-05-14 11:38:53,faa2af9407bed15c,28999da4abd9b047,R,0.05,response<0.1ms
2024-05-14 08:23:13,453dea4144236953,28746a741cadb4e6,R,74151.75,response>60s
2024-05-15 11:24:09,d8b24606112b36f2,efe18cb694600496,R,0.04,response<0.1ms
2024-05-15 16:41:53,31eb956622a34951,60a3661f01861a91,R,98590.73,response>60s
2024-05-15 20:25:30,59024eb8198260e8,e6f1be6306a50523,R,63208.57,response>60s
2024-05-15 12:11:53,5d41382014f64443,8aab899679e7f3b2,R,117786.27,response>60s
2024-05-15 21:20:39,0dad72d177429cf5,183d972960ed59bf,R,73524.30,response>60s
2024-05-15 21:44:32,b6a1c60b58052930,861c43d6e3d48dfc,R,105390.16,response>60s
2024-05-16 14:48:16,a72bcc556e624576,d1ba7b6c8c636557,R,0.06,response<0.1ms
2024-05-16 14:07:34,6b9fe5b1dd7e3ce9,807a0e72837eff6c,R,72629.60,response>60s
2024-05-16 12:24:40,0eedc7da65641231,7b02fed2b135ab77,R,82604.58,response>60s
2024-05-16 12:24:18,a7d5ccda58fefd05,ff21d06185ad37e1,R,101956.99,response>60s
2024-05-16 22:10:42,fcf47d23a135e5b6,4c45569346e2ac05,R,0.02,response<0.1ms
2024-05-16 17:48:19,4d6c5c2878696ab8,f875c392e0b76021,R,62454.17,response>60s
2024-05-17 11:35:31,be94f04b82421d43,7a0cd985eb84a159,R,0.04,response<0.1ms
2024-05-17 14:38:33,dc054f7204920760,e5811211a00b952d,R,84998.67,response>60s
2024-05-17 20:09:03,ed32be9722743507,4ef458a5ea19d631,R,85189.91,response>60s
2024-05-17 08:36:16,9a502e7674049ce3,7fa047240ce4f0db,R,64923.46,response>60s
2024-05-17 13:14:11,508df842dceb000a,8e970e96811fc593,R,80902.94,response>60s
2024-05-18 22:18:06,0d4fd29fcb2995d2,4b518ceb1e3ad3ff,R,61343.22,response>60s
2024-05-18 20:13:59,eeabdddb8d3ccf3d,7ba606081da8e3ff,R,94761.53,response>60s
2024-05-19 08:17:14,df6fca0f3d38e3dd,46272b132c68042b,R,0.07,response<0.1ms
2024-05-19 11:49:40,a7d5ccda58fefd05,508428c5c3319e7b,W,0.08,response<0.1ms
2024-05-20 10:23:04,743db50b4acabceb,28746a741cadb4e6,R,93513.87,response>60s
2024-05-20 09:59:07,b83a3efe58a596ca,4a5e4c7cd9895c08,R,0.04,response<0.1ms
2024-05-20 19:12:04,05cd553a9598cc34,3c71e5cea12dc5e4,R,0.09,response<0.1ms
2024-05-20 08:35:58,bd28532b31336396,78bf63408edabcb7,R,0.03,response<0.1ms
2024-05-20 12:18:49,f643b9c1ab47b0e9,181405af7fbdb94a,R,76534.08,response>60s
2024-05-21 20:00:07,c81efaf93ae33c88,5f7e3aa39cafc7bb,R,68060.66,response>60s
2024-05-21 08:52:29,b757444b802ce9fe,d40190c96f386bc9,R,117766.73,response>60s
2024-05-21 17:10:59,00a942a21e8bc24f,183d972960ed59bf,R,0.08,response<0.1ms
2024-05-21 13:19:25,ea6cba402335f746,183d972960ed59bf,R,0.02,response<0.1ms
2024-05-21 14:47:37,cb51846337eaf613,d9be832ee36b760f,R,80100.56,response>60s
2024-05-21 09:59:55,cb4b1a46cf22c3ac,96780dce6483febc,R,0.02,response<0.1ms
2024-05-21 11:09:35,d76ffc7f7eaf7319,7a04ab4950b24c38,R,61467.73,response>60s
2024-05-22 09:08:15,0dba9ebc0bac4809,f14d6fc9e0f30027,R,0.02,response<0.1ms
2024-05-22 20:17:54,9e69fcb1d13060e1,0ca27d1dfa7631a3,R,90451.99,response>60s
2024-05-22 15:37:20,36032724576bf7c8,e0e8fd08a580a602,R,82506.99,response>60s
2024-05-22 19:26:58,ca0f81b7b7910153,f17f9aa3fd0e5956,R,0.03,response<0.1ms
2024-05-22 07:24:11,219a58637238275e,183d972960ed59bf,R,104814.96,response>60s
2024-05-23 07:50:13,2d92d8d8c1e7f842,148bcaa7345ecd52,R,93770.66,response>60s
2024-05-23 20:25:51,87d7f2a4dffaed52,d429a0d75f00533e,R,0.05,response<0.1ms
2024-05-23 10:49:00,3000b3b8b7877dfc,a84720cb562813c3,R,0.09,response<0.1ms
2024-05-23 22:03:46,fe857eec48829b7f,0fdef6a2cdd319a1,R,0.05,response<0.1ms
2024-05-23 20:44:47,a555445740af92ff,5e200737eb76bcd3,R,73102.97,response>60s
2024-05-24 14:46:14,2362c1b0533d6e23,cc9e131f3715a4ad,R,0.04,response<0.1ms
2024-05-24 14:14:30,4b06af3161e5ab9c,2130f6993f4b0765,R,78812.10,response>60s
2024-05-24 19:09:38,c4acd15d989405eb,a76e0fa5c93f40b4,R,0.07,response<0.1ms
2024-05-24 07:33:52,6e30cb013affa2e3,183d972960ed59bf,R,88443.03,response>60s
2024-05-24 11:12:46,aa5b41aa97b47713,e792687f0a82b46a,R,72463.02,response>60s
2024-05-24 08:22:44,a11e008f820658f9,08f159d3228b6c13,R,103535.53,response>60s
2024-05-24 18:27:55,aa5b41aa97b47713,183d972960ed59bf,R,0.04,response<0.1ms
2024-05-25 19:37:49,b7b72b6796198ac2,60b43a394814ea2a,R,0.05,response<0.1ms
2024-05-25 21:36:54,7445d77402fe1111,67fd95d34c45af3b,R,69739.54,response>60s
2024-05-26 17:39:44,e62464cd0fd7c4bf,a5a3897ee90b9ef3,W,94221.36,response>60s
2024-05-26 13:39:09,e3cb8171399f1031,a65874ad0be7b782,R,66816.48,response>60s
2024-05-27 16:56:37,9928e3a28755f673,5575bfc4d430fc06,R,73480.58,response>60s
2024-05-27 14:10:57,18cfe03c20f61189,461febf6ef0a15a7,R,0.04,response<0.1ms
2024-05-27 19:18:42,a129e5e9da4719a1,66dc6a943db2a2c0,R,0.07,response<0.1ms
2024-05-27 17:07:39,5fb86aca37ed296e,e7288e7c80e4cca6,R,0.03,response<0.1ms
2024-05-27 19:22:45,7d39d71473c489d8,58b599de810b3bb5,R,0.06,response<0.1ms
2024-05-27 08:45:32,e23d3d05da928685,a66d7d06f2aeed32,R,73723.83,response>60s
2024-05-28 15:43:09,13c131187fc93786,183d972960ed59bf,R,90175.38,response>60s
2024-05-28 13:33:46,e37e656c4840af4e,183d972960ed59bf,R,74944.93,response>60s
2024-05-28 10:12:17,c3a827dd68048c46,34ca2b0b064cc98e,R,65787.59,response>60s
2024-05-28 17:09:03,953f501d5bdc158e,3bf822754142fff3,R,0.07,response<0.1ms
2024-05-29 16:50:06,728251c1b7af3077,e0e5a90ad6a29251,R,75435.64,response>60s
2024-05-29 20:31:43,a36dd1681c489f83,2fe1b4874b78a8a3,R,0.05,response<0.1ms
2024-05-29 21:15:51,1b6f768a4193fa04,183d972960ed59bf,R,73474.94,response>60s
2024-05-29 10:15:29,6125017b5dc727ce,b2e9a81300fdc891,W,0.08,response<0.1ms
2024-05-29 09:03:02,9a6f9b8a822168ea,d3e5e7d94f8e78f9,R,93487.27,response>60s
2024-05-30 16:13:03,aa225d6eafbdee1a,06aefc7c7eec008f,R,83133.06,response>60s
2024-05-30 20:21:16,0c02c8b6735208c5,eec5236c3a2130b1,R,0.07,response<0.1ms
2024-05-30 18:03:17,5d41382014f64443,4433a56632e63a5b,R,105511.77,response>60s
2024-05-30 20:15:59,7a693fc07fdd5501,64b91b1eed68ae24,R,0.08,response<0.1ms
2024-05-30 04:23:46,7055aa40eca7fede,d88b321319c13919,R,116322.91,response>60s
2024-05-31 15:12:37,0a3aaa31dcc1a76a,183d972960ed59bf,R,72910.84,response>60s
2024-05-31 16:14:03,04fbe43e88effc40,ac0a7afa9116114c,R,98281.26,response>60s
2024-05-31 09:12:59,1cc7533596e626f9,f08817232ce6f563,R,0.07,response<0.1ms
2024-05-31 15:50:06,3c974eb72df8c9a4,f8e3a3b3c17386f2,R,0.05,response<0.1ms
2024-05-31 20:25:53,d317b762d3ece358,deada2257518a165,R,0.08,response<0.1ms
2024-05-31 21:41:33,746ba1fc14d7b9c4,133e19cf4e59bc10,R,74999.21,response>60s
2024-06-01 10:20:56,d4359502d068a2e5,5753c9a24bf49454,R,69300.38,response>60s
2024-06-01 20:14:53,e2adf31b567391b3,88fac0048b0b5fbe,R,65167.32,response>60s
2024-06-02 08:41:48,b0ba5b901e8405d2,28746a741cadb4e6,W,84608.12,response>60s
2024-06-02 06:51:29,9a1b4525f1549b86,d72ca5aaa04213a7,R,0.08,response<0.1ms
2024-06-03 10:44:07,30ab643ab548ecee,8e823e3da6baf252,R,0.06,response<0.1ms
2024-06-03 07:36:19,844db4c71f22def7,28746a741cadb4e6,R,0.03,response<0.1ms
2024-06-03 21:44:39,530df59350773e5f,316b00cdd612aab5,R,0.06,response<0.1ms
2024-06-03 14:30:07,242f738eb07fbcaa,8a6dd1fd13f4f93c,R,0.05,response<0.1ms
2024-06-03 15:03:10,404bc712b576acd8,177adc954f519ccb,R,104646.02,response>60s
2024-06-03 18:20:37,4fb8be4429db9cab,4826bf9667d0dac5,R,88899.25,response>60s
2024-06-04 13:34:08,97403e24736370d7,54f1d384fe55cdb2,R,103098.73,response>60s
2024-06-04 09:33:00,34d2a2c45e2aa348,d0ab656b33eb5e59,R,0.04,response<0.1ms
2024-06-04 09:22:46,81361d459a331ca3,183d972960ed59bf,R,73350.01,response>60s
2024-06-04 18:21:28,bf3a3772480815a5,2ed49f19ec8eb394,R,106821.26,response>60s
2024-06-04 19:50:06,2c66dfc6983908d2,92e744d02b9c1ad0,R,91052.16,response>60s
2024-06-04 17:26:21,a78e2718bb7a1173,8c4f90ba678f1d25,R,0.07,response<0.1ms
2024-06-05 10:04:52,dd9ff505a57cba0c,183d972960ed59bf,R,0.03,response<0.1ms
2024-06-05 15:07:33,1334627b57f34b57,643fae766b6d636f,R,61508.95,response>60s
2024-06-05 09:10:45,cb1e7516bfa4f27e,34d9878d77f6e2c5,R,0.02,response<0.1ms
2024-06-05 18:03:05,6932b021b9ac5a8d,183d972960ed59bf,R,0.04,response<0.1ms
2024-06-05 22:16:32,a848ba94b2e4978c,fdc9f9ecf26e71f7,R,115515.97,response>60s
2024-06-06 10:30:59,6f528430a8bce307,e792687f0a82b46a,R,101304.48,response>60s
2024-06-06 08:16:11,ad303f4572878c01,bf1a866a6a911ed9,R,0.06,response<0.1ms
2024-06-06 08:41:57,067b451dc76999c1,183d972960ed59bf,R,100186.82,response>60s
2024-06-06 13:50:07,d76ffc7f7eaf7319,257948b440ebb173,R,0.06,response<0.1ms
2024-06-06 10:10:06,dd5cbd5b72ebd78b,06aefc7c7eec008f,R,81250.46,response>60s
2024-06-07 22:50:58,ccfa01573dc77140,848d40967a362b45,R,94813.99,response>60s
2024-06-07 10:16:43,2185850490eeba1f,dcfde5852625854e,R,0.03,response<0.1ms
2024-06-07 09:39:36,7f025d4929b3a972,ee154ff56c9fd7da,R,106174.07,response>60s
2024-06-07 21:49:27,b966ee676ea7b529,c605ab5d8b1cafeb,R,62644.57,response>60s
2024-06-07 13:33:49,ac8e08a77b0bfb3d,90ad809c1a7cdfc3,R,0.05,response<0.1ms
2024-06-08 14:02:46,159a6a9c6bd128a2,08745d68be508ee9,R,0.05,response<0.1ms
2024-06-08 06:52:55,9ea906c99c0538d0,28746a741cadb4e6,R,0.04,response<0.1ms
2024-06-09 08:32:36,58930363e95716fb,0a06227da53b141a,R,0.09,response<0.1ms
2024-06-09 15:30:49,ea267565fd303f08,b1145cc967721085,R,0.03,response<0.1ms
2024-06-10 22:57:48,613795dd3ec801a2,28746a741cadb4e6,R,75158.44,response>60s
2024-06-10 18:20:12,ddc5565ce50d1401,06be140c18b1cf40,R,117818.65,response>60s
2024-06-10 17:53:21,ca7841c5dff982ca,eafde5ded8c0191f,R,0.07,response<0.1ms
2024-06-10 13:48:36,1168b30aa8a8ba2f,f382482dbe974620,R,92723.26,response>60s
2024-06-10 08:40:16,ab285825d031702a,183d972960ed59bf,R,0.07,response<0.1ms
2024-06-11 20:18:15,178ae2f771310a3c,183d972960ed59bf,R,110763.14,response>60s
2024-06-11 15:34:25,6cde840da027ca98,183d972960ed59bf,R,0.04,response<0.1ms
2024-06-11 13:01:39,0277fce59f6a4528,8c58d113780cb7cd,W,101728.10,response>60s
2024-06-11 21:04:04,5151a5ad913dc380,748c0a99919085fa,R,0.07,response<0.1ms
2024-06-11 19:56:05,a640b1447a71643c,acddb1009c8b59a7,W,102160.89,response>60s
2024-06-11 19:30:36,f52c45b16eed4451,1c6b1ae92ad7525a,R,0.08,response<0.1ms
2024-06-12 21:06:13,ee8e5a42f317b417,c37e583b8415c276,R,0.09,response<0.1ms
2024-06-12 17:41:36,cb6629891c3a797e,25f01a4f95f58035,R,77837.97,response>60s
2024-06-12 18:00:30,df718002b68df06f,06aefc7c7eec008f,R,112563.74,response>60s
2024-06-12 21:03:49,f95a05d083e557e8,06aefc7c7eec008f,R,94118.95,response>60s
2024-06-13 14:08:11,2ad92fa840be29d6,90636f098a427c5f,R,67909.56,response>60s
2024-06-13 18:02:48,1f0140e560fc6955,183d972960ed59bf,R,65837.65,response>60s
2024-06-13 16:19:21,7e0f40bb15f1bc47,30289c78838c8938,R,0.02,response<0.1ms
2024-06-13 18:13:41,368cf3b63e4239c8,11d7110df140548f,R,67156.75,response>60s
2024-06-13 21:34:45,9ac500383764e2f4,643003417d05c15b,R,96524.09,response>60s
2024-06-13 14:22:02,05ff1d3a84766aef,c6354b13f2d2c00f,R,0.02,response<0.1ms
2024-06-14 09:39:18,c1b78739d5af77db,8aa1905650d9feda,R,0.05,response<0.1ms
2024-06-14 15:59:59,c05a5751c5f4fcc1,21d9da97a7ae2041,R,0.05,response<0.1ms
2024-06-14 09:27:30,fd03c4d3672dbd9c,af6f8b6ab9b8249b,R,0.08,response<0.1ms
2024-06-14 14:46:28,dc114badf8e91c65,befa15715c0744c8,R,114848.82,response>60s
2024-06-14 08:35:24,49a2063dd3e82682,7af8f728f086cb23,R,116496.34,response>60s
2024-06-15 10:05:30,465763116e9f80b9,a4b892b2594a462a,R,112355.62,response>60s
2024-06-15 19:44:35,60ed7214b3fdecbe,183d972960ed59bf,R,0.06,response<0.1ms
2024-06-16 08:01:25,440925734f2cb6b4,46eebc49800ee6ca,R,98230.25,response>60s
2024-06-16 21:25:56,d5cf521b423e4b3d,85392d883e541948,R,101542.50,response>60s
2024-06-17 13:18:24,fadcbd2af16accd0,e6f1be6306a50523,R,0.02,response<0.1ms
2024-06-17 14:36:27,64c23a040e251cde,4534748b5cb8e8f7,R,0.04,response<0.1ms
2024-06-17 14:37:36,3613a26f323dd5e1,9417b00df6baff17,R,101716.44,response>60s
2024-06-17 09:52:38,577cfd85a3646200,de8c8e77816aea44,R,81476.44,response>60s
2024-06-17 10:36:57,675f3fad8a2fa260,375b986cbfc9527c,R,0.05,response<0.1ms
2024-06-17 08:27:14,973b56ec1c50fa4f,abffe5ea5efed9dd,R,0.08,response<0.1ms
2024-06-17 14:49:46,029262656b806b62,28746a741cadb4e6,R,0.04,response<0.1ms
2024-06-18 20:26:07,7f9b0ae30321ea23,4dc417de8300042c,R,109638.53,response>60s
2024-06-18 18:05:29,3c65a922e623ae87,183d972960ed59bf,R,0.08,response<0.1ms
2024-06-18 22:51:34,99750591738864c1,e6f1be6306a50523,R,0.02,response<0.1ms
2024-06-18 10:20:15,0611851732a12b6e,183d972960ed59bf,R,64856.31,response>60s
2024-06-18 21:11:40,7b28098bbf04d4c3,5cd5bd3acde8866c,R,92390.36,response>60s
2024-06-18 09:50:51,ce601fc107bbf570,183d972960ed59bf,R,0.02,response<0.1ms
2024-06-19 15:22:50,38c3be70f39ce49f,8c908afbe3af1d7b,R,78156.26,response>60s
2024-06-19 20:04:14,db4dfd3c3b8e0500,e792687f0a82b46a,R,0.06,response<0.1ms
2024-06-19 15:33:57,d8503c2789795659,70d7b91a42734625,R,107313.59,response>60s
2024-06-19 09:23:00,835cb6c287e76259,183d972960ed59bf,R,85947.69,response>60s
2024-06-19 17:03:17,6e18a2f03a62c324,fbcebfe863c4a657,R,0.04,response<0.1ms
2024-06-20 06:53:41,766ee6fc481820f7,b9fbe553d7458085,R,117320.57,response>60s
2024-06-20 15:44:18,cc3dba81a9d48976,8d6d25044fb61a72,R,0.02,response<0.1ms
2024-06-20 20:10:30,efc5274f1e485bb2,cb9fe0fe0a3d9648,R,0.08,response<0.1ms
2024-06-20 08:28:27,295a68b21609310c,b745ae009556cdda,W,0.02,response<0.1ms
2024-06-20 19:20:51,07b95231f9ea060e,cfed764318097c51,R,0.04,response<0.1ms
2024-06-20 09:15:31,ccd90ede40fc03ab,18cd0bab77a565e8,R,0.03,response<0.1ms
2024-06-20 15:21:44,9d81fceeb185d05d,321fafaca34bfe43,R,0.07,response<0.1ms
2024-06-21 14:57:20,a796d71bab3c5a22,1d4bd8b2984e55f5,R,114565.30,response>60s
2024-06-21 16:25:54,efedc5160008a5d7,4e30600fc5941044,W,113520.43,response>60s
2024-06-21 11:17:38,ab20b4f9593d4785,28746a741cadb4e6,R,72273.19,response>60s
2024-06-21 22:44:01,fd24e84fb9346665,27af419702f16ca8,R,114615.33,response>60s
2024-06-21 15:25:12,e565242ae4ce482f,ca10f121a42f5d71,R,0.04,response<0.1ms
2024-06-22 14:03:14,de11bad0d7036274,e792687f0a82b46a,R,101330.93,response>60s
2024-06-22 08:46:12,c15eb84a06529cb1,5c4d4ce506a91932,R,67590.32,response>60s
2024-06-23 07:15:20,396f9183ff7b560b,6527622261c6ead2,R,0.05,response<0.1ms
2024-06-23 14:12:22,be3190a5bd56c1ab,4afb5264038d9293,R,62119.01,response>60s
2024-06-24 16:07:48,4e53dcc854b68b3e,e94bbd79ea03e58b,R,72443.51,response>60s
2024-06-24 12:30:40,db11a02068356a97,979cafff6be8a435,R,0.04,response<0.1ms
2024-06-24 09:48:57,833e291039b48552,183d972960ed59bf,R,0.04,response<0.1ms
2024-06-24 09:44:06,613795dd3ec801a2,183d972960ed59bf,R,0.08,response<0.1ms
2024-06-24 19:40:49,68d3c4471b5c0cda,5dd3f74da1a48ba8,R,0.07,response<0.1ms
2024-06-24 10:29:21,f35c4eec0aeec215,183588f36efa93be,R,0.06,response<0.1ms
2024-06-24 22:43:05,f35c22bcb5b2d383,a8b80a95769e090f,R,82432.54,response>60s
2024-06-24 09:35:18,8089ae953b84c0e6,28746a741cadb4e6,R,70617.66,response>60s
2024-06-24 22:48:35,245aaa317eef6abf,622f4387e3a2a80d,R,0.05,response<0.1ms
2024-06-24 18:59:25,9e5cedf415301e23,675f8b304d1e8ba7,R,79863.80,response>60s
2024-06-24 20:46:12,97b42273d536663a,1f4f4973490d3158,R,70807.03,response>60s
2024-06-24 16:28:37,855589ec671a347d,183d972960ed59bf,R,107618.94,response>60s
2024-06-24 08:36:43,dbfad3a938c2085d,fd3fab639cff49d2,R,0.06,response<0.1ms
2024-06-24 11:26:43,7d47f810f42aca77,183d972960ed59bf,R,80040.53,response>60s
2024-06-24 16:59:06,7f397a88e3de5d38,fdd7aa558831f3ed,R,81154.45,response>60s
2024-06-24 14:27:29,8b409f8fa9f3a9e1,6617b89e4b8e129a,R,110626.16,response>60s
2024-06-25 15:22:37,6f120780a9ff4e05,183d972960ed59bf,R,0.04,response<0.1ms
2024-06-25 19:35:42,46976fe517b396ec,2fa92368336fb32f,R,77090.66,response>60s
2024-06-25 13:43:02,16102651e9f72e04,ec94826f27e6f765,R,0.07,response<0.1ms
2024-06-25 12:20:58,a5c4c66298ece16c,fe00a380052157b4,R,114103.04,response>60s
2024-06-25 12:55:02,9ace53dc82315e83,116bac6491da17d2,R,95050.91,response>60s
2024-06-25 21:15:45,08cafc06298e9983,1d0c34abd2d645e2,R,0.03,response<0.1ms
2024-06-25 11:00:24,764a610234fa0ad2,f7dc4f2da599855d,R,80721.02,response>60s
2024-06-25 19:25:30,efd76d8414fd5840,a7e252726e52f12f,R,0.06,response<0.1ms
2024-06-25 11:43:10,3216a7c16107dff9,edb250b7d38cd292,R,0.04,response<0.1ms
2024-06-25 20:18:58,23a9d75ae267d999,183d972960ed59bf,R,69236.28,response>60s
2024-06-25 21:32:51,3af884c982c1044f,ae8a69f1c7ca70bd,R,0.08,response<0.1ms
2024-06-25 21:07:27,097805cc12c0de89,06aefc7c7eec008f,W,0.05,response<0.1ms
2024-06-25 23:06:25,c517b36c67a6a8f3,7524d1917db463c8,R,114136.61,response>60s
2024-06-25 19:20:21,9b7e511cedd1ac88,d35306012fefb6cf,R,106897.89,response>60s
2024-06-25 13:17:01,fc8e52b5bb75fed4,183d972960ed59bf,R,65360.86,response>60s
2024-06-25 10:17:11,10a83f79ec5b600c,57e514ed7b13c0d7,R,66481.91,response>60s
2024-06-25 11:28:07,d30a2ab45ffff78d,1b918dd9b2fd9cb2,R,106147.23,response>60s
2024-06-25 08:05:18,90df1b535bd4099b,a2a0edc6e1f24dfc,W,0.08,response<0.1ms
2024-06-25 20:30:24,144bf669bb75c878,3f13cf36da680aec,R,67310.69,response>60s
2024-06-26 08:21:28,544cf3e424d842f6,039476645ee39151,R,91874.02,response>60s
2024-06-26 15:37:31,7b95cc7c371adc98,183d972960ed59bf,R,0.09,response<0.1ms
2024-06-26 08:46:25,b2bd254bcf60dbed,fba3a722559afb16,R,0.05,response<0.1ms
2024-06-26 17:31:50,bfb92bf5f925b645,44b35fecaf32555d,R,0.08,response<0.1ms
2024-06-26 08:48:21,aa5b41aa97b47713,df1919a1380a1744,R,0.04,response<0.1ms
2024-06-26 08:37:47,7078706ef2e2b2b0,b7e7160c12798e34,W,96422.55,response>60s
2024-06-26 10:42:28,e5fecc14c25748da,df471146f7a6eb5d,R,85406.10,response>60s
2024-06-26 17:58:49,b8d40545dbd0293d,28746a741cadb4e6,R,106927.50,response>60s
2024-06-26 16:53:30,4b8a17434204309b,99eb9f3d3a23871f,R,0.04,response<0.1ms
2024-06-26 09:27:27,258e212f04e90a5b,0baf1dc59d8a7829,W,0.08,response<0.1ms
2024-06-26 19:57:56,cb1a579dc56d00e0,e2abc568bac1f67c,R,114469.14,response>60s
2024-06-26 09:09:32,8c9f7910dde07f6a,abce5cdd838f3314,R,110475.11,response>60s
2024-06-26 08:00:53,99d84c073fee8412,7990c8587bb5dcb5,R,0.07,response<0.1ms
2024-06-26 21:08:32,2eb3870e20700ece,a7c503dc9b8b5389,R,66515.55,response>60s
2024-06-26 20:39:28,c2f190e6c3ab22d1,183d972960ed59bf,R,104732.26,response>60s
2024-06-27 15:50:48,de3ce9899f1f7440,055b99f19922e157,R,112547.62,response>60s
2024-06-27 17:11:34,aa326e1472483f27,183d972960ed59bf,W,0.08,response<0.1ms
2024-06-27 10:47:29,432b8649f6df058e,d76d1eabb86fc8d4,R,0.04,response<0.1ms
2024-06-27 08:53:31,b8206df20af216d6,9fda1c1ae76daba3,R,0.06,response<0.1ms
2024-06-27 17:00:46,ebfedb80a4a840df,5977824759dd9526,R,0.07,response<0.1ms
2024-06-27 10:17:23,f996d0d81d3ee780,162322c88abb1c7a,R,71191.97,response>60s
2024-06-27 16:25:30,007a5fb8fe7128f8,183d972960ed59bf,R,0.04,response<0.1ms
2024-06-27 16:00:56,2b00544943076fec,5c554aa1ea8add6a,R,87361.86,response>60s
2024-06-27 10:05:14,b48cff5039c13f39,dbc7ab1602a1e8f4,R,73465.42,response>60s
2024-06-27 12:56:25,4494f94869cad8b1,e25f29322c143348,R,0.08,response<0.1ms
2024-06-27 21:10:42,d85422e304535d39,71287a540a57d2be,R,74933.03,response>60s
2024-06-27 14:08:09,c64515c796ad689c,183d972960ed59bf,R,0.04,response<0.1ms
2024-06-27 12:00:46,96a4a06928fe34f8,a7da915610c8567d,R,85362.10,response>60s
2024-06-27 14:49:53,f1102d60923e0729,4b00df0e7705df11,R,107631.02,response>60s
2024-06-27 08:35:05,8d2166503ac295ac,54a55aae8c9e1b01,R,82417.06,response>60s
2024-06-27 17:19:32,5f06a4793613c776,66fe2b53087497d1,W,0.03,response<0.1ms
2024-06-27 20:51:13,20e6c735770a4f1e,183d972960ed59bf,R,0.05,response<0.1ms
2024-06-27 11:53:14,d53e3c48c99ff19e,5af32863f5737f51,R,102621.98,response>60s
2024-06-27 11:20:41,cf76a6563c63ff39,28746a741cadb4e6,R,75041.38,response>60s
2024-06-27 14:46:15,6528e24ccab40164,e5d1e37e6a9aaa0c,R,84500.27,response>60s
2024-06-28 09:42:54,53f50d739e886421,2af7c09288f978b8,R,62217.51,response>60s
2024-06-28 09:47:52,48a93ff0c714ea54,d67c6114f38301ae,R,0.05,response<0.1ms
2024-06-28 10:17:18,8956d666276fd4cf,38e5d15843e256d6,R,82147.32,response>60s
2024-06-28 07:46:03,021bf315ffdde0c9,6699f63b51c4a4cb,R,78036.64,response>60s
2024-06-28 11:11:12,f44059ca19838b18,be04728a001289bb,W,116637.36,response>60s
2024-06-28 21:59:29,bd76bce220a861a5,183d972960ed59bf,R,0.06,response<0.1ms
2024-06-28 09:48:06,6401c4f79ee08d8d,42984a525344efd8,R,90417.80,response>60s
2024-06-28 19:42:47,02d91055586d6d15,183d972960ed59bf,R,78192.94,response>60s
2024-06-28 17:06:14,0dad72d177429cf5,8e970e96811fc593,R,0.03,response<0.1ms
2024-06-28 10:55:45,d08eec5e25edc5c4,8e970e96811fc593,W,82351.54,response>60s
2024-06-28 22:31:46,5dd047d07309cb46,2a366d882d477785,R,110215.85,response>60s
2024-06-28 16:57:55,7df26f3bd56306b4,b1b8d8eb7fb5e965,R,86498.11,response>60s
2024-06-28 08:40:59,15d12fa25285fe19,6384b2270fbe73bf,R,0.02,response<0.1ms
2024-06-28 12:40:34,d59f7c16475b9dfd,ffd18521f877db10,R,0.06,response<0.1ms
2024-06-28 20:34:26,5b896da3d28b0c04,1534895f6b3bd549,R,0.08,response<0.1ms
2024-06-28 10:54:54,42a787cc511eafe7,64844179f0a4e704,R,67105.71,response>60s
2024-06-28 17:16:58,32622740dcaea1b0,f9dd923b5ab34057,R,101154.78,response>60s
2024-06-28 11:11:26,70db1a5209fff49a,183d972960ed59bf,W,80838.21,response>60s
2024-06-29 14:32:43,ac639d04e58cdbb6,183d972960ed59bf,R,0.03,response<0.1ms
2024-06-29 19:06:17,b2314ca49eb4784c,183d972960ed59bf,R,92141.75,response>60s
2024-06-29 17:09:34,9fbd8fa0c6833c49,28746a741cadb4e6,R,68005.31,response>60s
2024-06-29 10:07:40,93230fb33e1fe6d2,480a9604669ccf58,W,0.04,response<0.1ms
2024-06-29 14:17:41,b43aa9d4a7813687,90a64eeccb54d3b9,R,69649.31,response>60s
2024-06-29 08:24:31,c6da73c79e4a6761,f77806919cea24b1,R,0.03,response<0.1ms
2024-06-29 10:16:30,59dd4d5bc2a6e8ca,376217c75a455423,R,73672.86,response>60s
2024-06-29 13:06:03,2c5cef692c4256fa,fdfc3fc553371530,R,0.05,response<0.1ms
2024-06-29 09:01:02,4bc51cf73d71996c,de8c8e77816aea44,R,89629.94,response>60s
2024-06-29 10:03:44,29d41345ea6cae0d,f3722bbe01448638,R,0.02,response<0.1ms
2024-06-29 19:54:04,a19f69aea33dd397,f7d0f074885eb96e,R,109852.13,response>60s
2024-06-29 10:24:59,86b714741aed449e,3466952c2f0babe0,W,0.03,response<0.1ms
2024-06-30 16:25:18,3eda04a3676b4c72,4483c9699c4ff6f5,R,109063.45,response>60s
2024-06-30 07:33:43,e689c2c905111c24,183d972960ed59bf,R,91603.64,response>60s
2024-06-30 17:53:37,d06eb0c3710dee7b,9d00844b9d2c7dc3,R,0.08,response<0.1ms
2024-06-30 10:20:18,2915287596349d1a,071471e064d9f474,R,0.08,response<0.1ms
2024-06-30 11:05:40,4d40d9b71b9268d5,1fa6d93f7bf288ca,W,62413.23,response>60s
2024-06-30 11:17:57,6749e4f8e2cbbc58,183d972960ed59bf,R,0.07,response<0.1ms
2024-06-30 17:06:40,ad303f4572878c01,14b4501a2cb1ee72,R,106708.93,response>60s
2024-06-30 22:55:47,45c6775d0a5b04c4,c6eb0389cfec310d,R,0.09,response<0.1ms
2024-06-30 17:49:57,a98942bc102d2fa1,5e4a603ca753672e,R,0.08,response<0.1ms
2024-06-30 16:56:52,63782f74731b37e8,6ef793adb0699f00,W,0.06,response<0.1ms
2024-07-01 09:21:31,2462fbac7667fef3,f186c80bb297325e,W,0.05,response<0.1ms
2024-07-01 09:12:29,5b8514c74a21c7d6,b039211bc29d067f,R,0.06,response<0.1ms
2024-07-01 21:06:12,a58b30a14b3a1b00,c4f410c308eec9c4,R,83186.08,response>60s
2024-07-01 14:47:05,e4d92026e22cbcd7,183d972960ed59bf,R,0.07,response<0.1ms
2024-07-01 15:02:14,fba1df37e5f19946,62183c1dde4209bf,R,0.05,response<0.1ms
2024-07-01 10:09:29,b7ce5e555455365e,183d972960ed59bf,R,79324.35,response>60s
2024-07-01 08:03:08,6d2c2cf5f26fa711,28746a741cadb4e6,R,0.02,response<0.1ms
2024-07-01 10:31:07,0e9c8b49c3b0b439,0556366cff6195e4,R,112102.75,response>60s
2024-07-01 13:37:34,53b1c47e4b5fef39,acdcb3f3580984ef,R,0.02,response<0.1ms
2024-07-01 14:25:27,acd7aba253feb6ea,092a3fffa3e8817b,R,88828.76,response>60s
2024-07-01 14:54:57,d274c22c10f69b27,651c4b1d29072fb9,W,0.04,response<0.1ms
2024-07-01 10:02:25,2462fbac7667fef3,63d308dbc79ca93a,R,0.07,response<0.1ms
2024-07-01 10:47:19,d4ebe4da1cf5c1e9,56f67ecba31379a5,W,0.06,response<0.1ms
2024-07-01 07:58:19,9ab5e287ca8b38e5,75904fcb6c65cd26,R,0.08,response<0.1ms
2024-07-02 09:46:55,e71701b44159b80f,b0abc339809d39f0,W,0.09,response<0.1ms
2024-07-02 08:07:39,baa4301753be0c2e,3a0b3277eb9978a1,R,110990.69,response>60s
2024-07-02 22:01:09,904219e17736f62c,7e11926a0805369e,R,101431.01,response>60s
2024-07-02 16:09:39,3a5cca248e6f9242,3441b3cf533b0162,R,87792.52,response>60s
2024-07-02 09:25:26,96200d84547b66cc,c929279d3b7370ce,R,0.08,response<0.1ms
2024-07-02 17:00:23,c1d5b49af45a44f8,9a6d7fdc16bc17bd,R,93792.07,response>60s
2024-07-02 15:06:51,aff2bd1e0e81fd51,af23360e3b2fb60d,R,75377.92,response>60s
2024-07-02 14:10:29,8b3ac84e6382bfcb,183d972960ed59bf,R,0.04,response<0.1ms
2024-07-02 22:38:32,c713421b01ee2fa4,74125bc7ac762f67,R,0.06,response<0.1ms
2024-07-02 09:42:31,95d9ba7f7aab1700,06aefc7c7eec008f,W,77341.26,response>60s
2024-07-02 08:47:55,563c21f93428103c,0dbd57e3f22c8bf1,R,0.07,response<0.1ms
2024-07-02 09:40:45,544a5582b8959a01,02e024ae8711d682,W,76091.10,response>60s
2024-07-02 19:11:15,c04010ff713c04a0,86ebcbd7fdf6c5c7,R,0.02,response<0.1ms
2024-07-02 15:56:43,e23d3d05da928685,bc112e736b84accb,R,0.07,response<0.1ms
2024-07-02 15:34:56,ed2f2eb3d305c799,26e9a930b5333017,R,76525.22,response>60s
2024-07-02 19:49:44,70f34d53bead9a26,f4a8b747b913f156,W,89249.26,response>60s
2024-07-03 15:08:58,6401c4f79ee08d8d,434eb08e4dfbe869,R,81328.82,response>60s
2024-07-03 08:46:43,e24b7239e649429a,28746a741cadb4e6,R,0.09,response<0.1ms
2024-07-03 17:01:25,a06e567afef4ff8f,8901bff9e0359cdd,R,115500.04,response>60s
2024-07-03 09:50:18,b9d1f44ada62d79d,183d972960ed59bf,R,0.06,response<0.1ms
2024-07-03 08:06:59,9c0336f2ce3c73d6,e6f1be6306a50523,R,111546.15,response>60s
2024-07-03 16:29:34,7d4473aea523af27,054923261ba04a6a,R,0.08,response<0.1ms
2024-07-03 14:47:48,1dc51c144bc638cc,28746a741cadb4e6,R,70437.67,response>60s
2024-07-03 09:28:30,000484504682f23b,c70e1feccdd5ec0a,R,89532.47,response>60s
2024-07-03 09:30:48,7311d58074582e42,627ab72b84a7f9ba,R,108647.34,response>60s
2024-07-03 10:49:48,7eeb312ea2d5ccfe,fec4b17379d64bf0,R,0.04,response<0.1ms
2024-07-03 19:03:04,f18b723f46cf7c02,5ac14574cfd26f1e,R,84534.96,response>60s
2024-07-03 14:38:00,4ca5fb9660cc961f,be1a99ada18803ae,R,0.04,response<0.1ms
2024-07-03 15:33:33,ce812323da7d0224,af6f8b6ab9b8249b,R,0.08,response<0.1ms
2024-07-03 10:18:53,4c05e6e013c1387d,28746a741cadb4e6,R,117085.36,response>60s
2024-07-03 14:55:36,dc054f7204920760,cf859309517c704a,W,0.08,response<0.1ms
2024-07-03 21:35:55,51393e47529ec7cd,d12539659c04b9a7,R,0.05,response<0.1ms
2024-07-04 19:57:37,9431801ab5b79749,e6c0f6661ba09d28,W,67883.59,response>60s
2024-07-04 09:36:58,1844e7132ae6050a,89769f9595ae6eec,R,0.06,response<0.1ms
2024-07-04 17:14:16,72ecd8078b745ec4,d72937d9f95f1f96,R,101666.25,response>60s
2024-07-04 10:43:05,84fe5b4a84534cca,7694773aead75294,R,0.09,response<0.1ms
2024-07-04 08:44:44,e8c5ceec5bb57550,239dca7e4994b445,R,0.05,response<0.1ms
2024-07-04 18:17:15,33ed014015a43dc5,77821586cf7f7d77,R,0.05,response<0.1ms
2024-07-05 15:10:16,4a41877913218b20,da9d03ce65f8fe68,R,0.05,response<0.1ms
2024-07-05 17:18:28,228295319959cca6,2f2344f6fc28d7e1,R,92491.56,response>60s
2024-07-05 16:37:14,48b4ac658d04d713,eb711c603acf7bc3,R,0.02,response<0.1ms
2024-07-05 10:12:58,bfd2004fa2b7bc28,284346f89150f45e,R,0.03,response<0.1ms
2024-07-05 20:34:12,0300bd990dea16a0,183d972960ed59bf,R,0.09,response<0.1ms
2024-07-05 16:34:58,4829ad93283b556c,a897b83af565d0ea,R,109406.88,response>60s
2024-07-06 14:51:51,63ebd0fd45b77bf8,e4da630e292df227,R,88858.72,response>60s
2024-07-06 14:58:28,2266ad019c8af1a4,bec1471b0fca8d01,R,0.05,response<0.1ms
2024-07-07 20:10:21,dbfad3a938c2085d,3a8eb9bcf115297a,R,0.07,response<0.1ms
2024-07-07 15:03:34,ec714914bfbc9fb2,66fb420c4c96163a,R,94763.16,response>60s
2024-07-08 19:30:46,93827402f8645994,6527622261c6ead2,R,0.08,response<0.1ms
2024-07-09 17:21:45,aff2bd1e0e81fd51,6293585cd4180535,R,0.02,response<0.1ms
2024-07-10 09:29:45,8f642ffc62384c95,47291e9104cfda53,R,0.05,response<0.1ms
2024-07-11 15:00:13,7dfe2d9f36d9042d,28746a741cadb4e6,R,108930.67,response>60s
2024-07-12 21:50:44,35693f065640510e,a38d90c5437a4089,R,0.06,response<0.1ms
2024-07-12 14:41:47,b92597e97db62ccd,28746a741cadb4e6,R,0.03,response<0.1ms
2024-07-13 11:05:51,57e36204b7d96481,06aefc7c7eec008f,R,0.07,response<0.1ms
2024-07-14 08:53:58,c50d8d655b37750d,29e0a736cbd4b46d,R,0.03,response<0.1ms
2024-07-15 14:37:43,594bbe2ce28eb85b,f2c7bb21394578f3,R,85301.91,response>60s
2024-07-16 08:58:29,a40f0abc0e164498,a0fa82f1460ac5fc,R,109185.99,response>60s
2024-07-17 10:23:05,6c3b5659f6846721,28746a741cadb4e6,R,0.03,response<0.1ms
2024-07-18 12:57:03,580f9243c5531b1c,3b7ce4eb8ab54f16,R,0.02,response<0.1ms
2024-07-19 11:36:36,253788d1b03f1d69,28746a741cadb4e6,W,0.07,response<0.1ms
2024-07-20 15:50:03,6f4de047974577e3,9932019a87825f75,R,95676.68,response>60s
2024-07-20 20:47:53,ed82d94ee3c10efb,681a5408dd673571,W,0.05,response<0.1ms
2024-07-21 09:18:13,aa3982450eb102bc,7a04ab4950b24c38,W,0.05,response<0.1ms
2024-07-22 16:42:59,cd70972351e08e9e,162322c88abb1c7a,R,75303.69,response>60s
2024-07-23 09:04:43,dbb1be8a31c997f1,2f968dc60b72189d,R,0.03,response<0.1ms
2024-07-24 17:03:35,a83f9fdb1d63e467,e6f1be6306a50523,R,73197.50,response>60s
2024-07-24 07:26:42,241df4338124cf03,731ff9bd50b459bd,R,106870.23,response>60s
2024-07-25 17:27:40,c3a827dd68048c46,183d972960ed59bf,R,0.03,response<0.1ms
2024-07-26 10:10:42,67bf480d8bf891fe,6527622261c6ead2,R,85674.29,response>60s
2024-07-26 14:27:28,63576b3b84a69dbb,16866059c323fd81,R,0.06,response<0.1ms
2024-07-27 20:58:56,a291fdc81bbc832f,06aefc7c7eec008f,R,74903.07,response>60s
2024-07-28 08:46:35,96494f9833490ce7,06aefc7c7eec008f,W,0.07,response<0.1ms
2024-07-29 12:40:51,e914cbfab8495dfc,e792687f0a82b46a,R,82182.24,response>60s
2024-07-30 08:15:43,1ddde76e60d17ba6,9538719e9f8ca33f,R,117532.37,response>60s
2024-07-31 11:07:23,bd6dc6d78e8ab6d5,54a55aae8c9e1b01,R,0.04,response<0.1ms
2024-08-01 08:41:20,10c8ad1f0e4b2e2a,39e38a00874a803c,R,0.08,response<0.1ms
2024-08-02 19:03:48,65f485dca8aacd6a,06aefc7c7eec008f,R,104945.69,response>60s
2024-08-03 08:40:31,1f55858f44982d8c,183d972960ed59bf,R,97980.45,response>60s
2024-08-04 16:07:42,2648273c99d7a311,06aefc7c7eec008f,R,61445.50,response>60s
2024-08-05 10:58:52,0694d24bd8df41e6,4ed67db3ca159c6a,R,95369.08,response>60s
2024-08-06 16:32:17,9ac1f1a6a16a71ac,183d972960ed59bf,R,0.09,response<0.1ms
2024-08-06 16:23:07,0138d1ec1211c875,876a671964ade14b,R,107911.73,response>60s
2024-08-07 11:12:03,05ad7895d26bb369,28746a741cadb4e6,R,0.07,response<0.1ms
2024-08-08 08:38:10,bde2bfd8340f00fb,12a7f04545ef63a7,R,0.03,response<0.1ms
2024-08-09 17:16:20,2416a888918d0775,bfdda945acc5f941,R,0.05,response<0.1ms
2024-08-10 20:19:45,44bd5cde6d377b79,a5fc87becd391026,R,75023.86,response>60s
2024-08-11 12:59:54,b94244aea6234cf6,f32158a15593a265,W,70471.21,response>60s
2024-08-12 11:14:31,fd0ae9bd2b4aabdb,fd06e0f57d62f620,R,0.03,response<0.1ms
2024-08-13 16:20:08,0c476d3292429b70,06aefc7c7eec008f,W,61054.06,response>60s
2024-08-14 11:09:36,0bc5624fd2f7962a,183d972960ed59bf,R,82699.66,response>60s
2024-08-15 16:20:50,78ba10d8605fc5be,56fa19932903592a,R,114936.49,response>60s
2024-08-16 07:28:03,815419cf45ef667c,93c5ea666a5f95f4,R,103240.09,response>60s
2024-08-17 21:29:39,9702fae44f037c80,06aefc7c7eec008f,R,70929.73,response>60s
2024-08-18 13:32:36,b3f322db426d9736,06aefc7c7eec008f,R,100069.51,response>60s
2024-08-19 18:29:33,743534f33ba21b7f,523a9441998042bd,R,97062.29,response>60s
2024-08-19 09:32:58,14d74fd3053b8ba0,035911c2b96d9ce2,R,0.09,response<0.1ms
2024-08-20 09:03:09,675135edad4f981e,4ce502675f3caf2c,R,92963.58,response>60s
2024-08-21 14:07:03,c73bc763d54c1531,788a5d2aa0c60dba,R,0.06,response<0.1ms
2024-08-22 18:23:45,0e9c28c10df29b67,9b1275c561e244fb,R,76759.10,response>60s
2024-08-22 19:05:06,e2d15c3bf228df42,a32ac1a218992e90,R,0.06,response<0.1ms
2024-08-23 16:02:50,b0f0fa2ae25657e0,f8f81c3eb65ff47d,R,95667.97,response>60s
2024-08-24 13:13:03,2f537246cbce9208,6527622261c6ead2,R,69688.60,response>60s
2024-08-25 18:08:42,5efaaf4de8894249,2fdbb142d21580cd,R,70433.79,response>60s
2024-08-26 18:45:08,5d6ab2ea595fc7d1,948e96fbdc54dde9,R,114144.84,response>60s
2024-08-27 09:44:35,6871daa5011aa255,8e970e96811fc593,R,0.09,response<0.1ms
2024-08-27 20:17:42,788a3324206f2841,e2b050a03f438e1e,R,0.03,response<0.1ms
2024-08-28 23:11:06,4ca5fb9660cc961f,543c41fb48ca5dcb,R,114911.73,response>60s
2024-08-29 10:54:58,f9a6143d4c00a128,54a55aae8c9e1b01,R,0.05,response<0.1ms
2024-08-30 18:49:14,78a93589d5f9b079,183d972960ed59bf,R,0.04,response<0.1ms
2024-08-31 19:44:41,d16f774e4f3db8ba,2e0458ee05eecff9,W,117497.24,response>60s
2024-09-01 18:05:03,9abf4815bf6c6201,28746a741cadb4e6,R,69409.47,response>60s
2024-09-01 08:54:21,78a3d565aa31ef67,e6364143c0652455,R,0.04,response<0.1ms
2024-09-02 20:31:09,34841e17dff96e72,c9c94aec6b9c72a7,R,0.02,response<0.1ms
2024-09-02 08:00:06,f7ceb6ce75deb845,183d972960ed59bf,R,103683.75,response>60s
2024-09-02 08:12:58,ec3693ed90443944,2a0b72852eb6b56d,R,0.08,response<0.1ms
2024-09-02 08:40:26,3eda04a3676b4c72,75cfc977e22902aa,R,87362.57,response>60s
2024-09-02 03:43:46,52868e2bcb9bcae6,e792687f0a82b46a,R,75432.27,response>60s
2024-09-02 09:21:59,45620f887894f358,fcea8b6eab02d395,R,0.05,response<0.1ms
2024-09-02 07:41:10,6e30cb013affa2e3,183d972960ed59bf,R,0.03,response<0.1ms
2024-09-02 12:29:47,2af085c3220c0769,88fac0048b0b5fbe,R,0.09,response<0.1ms
2024-09-03 08:29:54,24796dea575d04fd,a3aeae330838759b,R,95643.71,response>60s
2024-09-03 08:17:33,1e6f8abec0082bd3,183d972960ed59bf,R,0.05,response<0.1ms
2024-09-03 21:39:30,8eafe8ca8249a749,f0e7ae47500ac98e,R,0.08,response<0.1ms
2024-09-03 08:39:46,4da4ac1f6efe1e09,20fd5f3124aa6147,R,0.08,response<0.1ms
2024-09-03 18:02:46,1b596c112222fd78,8e970e96811fc593,R,83662.21,response>60s
2024-09-03 19:58:50,f601211a943f1cf0,0ac5e715b5704e6a,R,92466.46,response>60s
2024-09-03 20:12:41,d0e95ed70f320df3,32848aefdbc5a74f,R,0.07,response<0.1ms
2024-09-04 09:07:24,38c3be70f39ce49f,183d972960ed59bf,R,0.04,response<0.1ms
2024-09-04 10:11:49,2ccb70740dce5a9c,fa1bc53bfb156f5c,R,0.05,response<0.1ms
2024-09-04 07:27:54,e7c97797439c52c5,c1c7cf5b2a14866b,R,101051.98,response>60s
2024-09-04 11:55:40,437df9a370228d19,06aefc7c7eec008f,R,109669.67,response>60s
2024-09-04 19:06:00,58224d67102f2494,d07aecc7c1c57bb7,R,109490.17,response>60s
2024-09-04 14:34:53,d2d81dd5adcd02ec,2f8d59b187015d74,R,0.09,response<0.1ms
2024-09-04 21:30:02,b34d3d450b7996e3,cf1ed6a30bb690bd,R,0.03,response<0.1ms
2024-09-04 18:14:02,4fb8be4429db9cab,77fd7630fc298975,R,0.08,response<0.1ms
2024-09-04 21:25:16,f4f8698b25cac5eb,183d972960ed59bf,R,68167.93,response>60s
2024-09-05 08:15:42,d245bf1fbd300e12,162322c88abb1c7a,R,0.05,response<0.1ms
2024-09-05 19:46:58,b0f0fa2ae25657e0,7571653422086756,R,0.04,response<0.1ms
2024-09-05 15:46:15,5c9e895bb178faa0,53f5d1e9b12b2a67,R,77434.52,response>60s
2024-09-05 15:39:34,30ee89f0ce1321be,16bf911a93fa4a43,R,80939.61,response>60s
2024-09-05 09:00:54,e3031a0db55d5ce5,183d972960ed59bf,R,0.03,response<0.1ms
2024-09-05 09:05:49,8e789a1fa6eb0a90,062292428c88e45b,R,0.05,response<0.1ms
2024-09-05 10:38:26,efdf09be844ff186,c530adda25493f5c,R,0.09,response<0.1ms
2024-09-06 16:52:41,8c0dc4376e0d0559,643003417d05c15b,R,107850.67,response>60s
2024-09-06 14:13:16,99abebdbeb12b480,55f2b2d03b713c36,R,61705.44,response>60s
2024-09-06 14:54:56,fb43013cc4f290bc,eac8b46b3176c114,R,0.05,response<0.1ms
2024-09-06 16:49:28,b7e1583defa33edd,ae7e4aebc0011232,R,0.03,response<0.1ms
2024-09-06 08:11:25,147f48ab734a12e5,85392d883e541948,R,73732.11,response>60s
2024-09-06 15:03:24,5c4a4d2e94961037,2719cb6fad3389e3,R,0.08,response<0.1ms
2024-09-06 14:53:38,ab32d8c94ad59d17,cda45f02f406a6e1,R,0.04,response<0.1ms
2024-09-06 15:17:54,f95a05d083e557e8,28746a741cadb4e6,R,81436.31,response>60s
2024-09-07 07:34:18,42124cb7d1c4824d,20fd5f3124aa6147,R,0.06,response<0.1ms
2024-09-07 16:58:32,6401c4f79ee08d8d,06aefc7c7eec008f,R,97218.30,response>60s
2024-09-07 11:28:53,78154270b4022eb0,5a648aa2c5aa2544,R,0.05,response<0.1ms
2024-09-07 20:34:27,6655ae9dac0d7fa7,183d972960ed59bf,R,61691.70,response>60s
2024-09-07 07:40:48,07e2f7fade437a16,a35bdcb866731c71,R,114401.05,response>60s
2024-09-08 17:21:28,bbd2b08c34a86439,c568a9c2a0183309,R,0.04,response<0.1ms
2024-09-08 22:31:13,44c34d77cb92b69b,af8680822eb0c96b,R,106686.02,response>60s
2024-09-08 21:39:09,4bd22786e99a4e9d,298452f9a25c2e55,R,79015.84,response>60s
2024-09-08 20:31:01,c45e45a18377c0e1,29675dbacf25c9ce,W,0.08,response<0.1ms
2024-09-08 16:38:35,6d4eadbe2e7e3907,532d76ac58ada6ae,R,81576.07,response>60s
2024-09-09 16:01:35,1ccfdce638b105b4,d8844975b5b45e35,R,102034.42,response>60s
2024-09-09 10:55:37,9c154e3b1f2913dc,88fac0048b0b5fbe,R,100202.49,response>60s
2024-09-09 15:32:37,a277155af45c36db,2f3bf49ab1b36da0,R,0.03,response<0.1ms
2024-09-09 08:29:30,c978cdc53986f6b7,82dd35476713f2d4,R,0.03,response<0.1ms
2024-09-09 15:19:51,b4f7dba5b1616072,183d972960ed59bf,R,78101.39,response>60s
2024-09-09 13:14:05,56ec8a6bbf8002cc,bedc0462ea6211f9,R,74431.05,response>60s
2024-09-09 16:37:27,2d41faecee13dd68,bb868b10e8a5c1c3,R,0.07,response<0.1ms
2024-09-09 09:59:42,c3af80466ddcd982,6533500becd14812,R,70762.85,response>60s
2024-09-10 16:40:21,04a86c39ba52bcbe,d6ea4fbe9256fb9c,R,0.05,response<0.1ms
2024-09-10 12:09:35,571dad40a3746a6e,f9f7ce5ec4370b81,R,0.05,response<0.1ms
2024-09-10 07:38:15,5ba1b022957ae564,7a04ab4950b24c38,W,66489.23,response>60s
2024-09-10 09:15:18,18e6b87029633f45,46d5008028e7f2c0,R,0.06,response<0.1ms
2024-09-10 15:07:34,63e30cee41ad39ec,9c2e885b1950b73d,R,113095.39,response>60s
2024-09-10 13:39:10,f44059ca19838b18,3ef29e54e13e999c,W,0.02,response<0.1ms
2024-09-10 08:53:15,b6ab53282aa433e8,b0e57ea197f1695e,R,0.08,response<0.1ms
2024-09-10 11:16:34,1cb6adeb9163efbb,0c04583559b077ef,R,115186.98,response>60s
2024-09-10 12:50:31,54ac4c58726efff6,f718e19457d18903,R,0.04,response<0.1ms
2024-09-10 10:44:27,9769dbec775a9e46,9c1491568544b05a,W,90735.93,response>60s
2024-09-11 12:03:05,ffe56b1138f81fa2,162322c88abb1c7a,R,0.04,response<0.1ms
2024-09-11 16:26:51,18e6b87029633f45,a3aeae330838759b,R,0.08,response<0.1ms
2024-09-11 14:47:33,1632174e83e66d6f,88fac0048b0b5fbe,R,98905.98,response>60s
2024-09-11 09:34:55,e7824305f296e7fa,28746a741cadb4e6,R,74559.18,response>60s
2024-09-11 12:23:27,f78dcbf6a5b32078,7a87cce71cae6219,R,0.04,response<0.1ms
2024-09-11 09:11:07,e85ed79c7756208d,183d972960ed59bf,R,114909.90,response>60s
2024-09-11 14:17:17,a55580e3e094f5e6,5cc18281fbd5001a,R,96790.51,response>60s
2024-09-11 16:56:47,1be8b5aa228c90ba,f245fe859452418c,R,0.07,response<0.1ms
2024-09-11 22:30:22,5ed97e5c76eaccb8,b6ac294797559462,R,76019.53,response>60s
2024-09-12 16:53:52,de40b291dcf10d39,f8b5029908092205,R,0.04,response<0.1ms
2024-09-12 16:15:47,2c6c5f7d32e2b133,e792687f0a82b46a,R,64439.67,response>60s
2024-09-12 16:14:21,c679c90c6c82db55,54a55aae8c9e1b01,R,0.06,response<0.1ms
2024-09-12 16:39:38,22f408af781a4e6e,6d04b0b2fc5d5fc7,R,76719.79,response>60s
2024-09-12 09:52:44,dd8c1a94e730c204,15216c712cff4379,R,101171.54,response>60s
2024-09-12 15:05:35,0a5f469e4fed61c4,5a99d60cc9b1e757,R,0.07,response<0.1ms
2024-09-12 12:39:43,c0e455c4bf83a61b,eebed62cb9356290,R,0.04,response<0.1ms
2024-09-12 11:31:16,d17ae9ad5a8e6282,183d972960ed59bf,R,84695.54,response>60s
2024-09-12 22:10:25,64db580920660a5b,06aefc7c7eec008f,R,0.08,response<0.1ms
2024-09-12 13:41:35,9958bc11adbf2e2d,e792687f0a82b46a,R,0.08,response<0.1ms
2024-09-12 19:35:57,9f0f4d6db8de2503,06aefc7c7eec008f,R,74987.14,response>60s
2024-09-12 07:07:07,b3bad9fc87ce8c8e,887b694856a65c3b,R,0.04,response<0.1ms
2024-09-12 10:52:33,bbd2a8aadb231481,9c1491568544b05a,R,108056.16,response>60s
2024-09-12 14:25:04,da037489248e105e,a26cafbfd2eab0e8,R,67015.73,response>60s
2024-09-12 18:44:09,55084532a6944950,80da757b9ffed60a,R,0.04,response<0.1ms
2024-09-12 14:38:23,7f85460ae87f8ae9,3ed35f5bf22e9733,R,0.03,response<0.1ms
2024-09-12 12:40:14,9dcf37b2ea9f9439,28746a741cadb4e6,R,115513.77,response>60s
2024-09-12 08:04:12,345da34b1c42764d,162322c88abb1c7a,R,0.03,response<0.1ms
2024-09-12 17:28:18,5197899c0f559e9e,e6364143c0652455,R,0.06,response<0.1ms
2024-09-12 11:36:39,d91287d703d2e834,643003417d05c15b,R,0.04,response<0.1ms
2024-09-12 21:29:55,3a222cc053eed4a9,06aefc7c7eec008f,R,90400.09,response>60s
2024-09-12 18:48:49,ee5ab40de4e531c9,06003a575678dbc4,R,97549.05,response>60s
2024-09-12 09:15:13,52b9b288fb155913,1f9f6ae6b69deb84,R,101599.56,response>60s
2024-09-13 16:13:46,f2ff9e675a695146,b35b59255c5c286b,R,0.09,response<0.1ms
2024-09-13 14:27:47,047a135e726567a0,3ecda4d3bc59135e,R,0.05,response<0.1ms
2024-09-13 16:02:12,0181c89f5a627246,183d972960ed59bf,R,110409.99,response>60s
2024-09-13 19:15:49,6fb2550d1314f983,42dacba45eba168d,R,0.05,response<0.1ms
2024-09-13 18:00:09,8b96369e20f5d7e0,02d621fd3de23a4b,W,0.07,response<0.1ms
2024-09-13 07:40:08,88b7af94cb375121,49b798c3fcf97c88,R,0.08,response<0.1ms
2024-09-13 10:29:55,ee75d7fd5c555d3c,183d972960ed59bf,R,74189.52,response>60s
2024-09-13 21:03:17,0b765cd58d086c97,d12ff4f31722c13a,R,117721.85,response>60s
2024-09-13 14:35:26,3f2bb5fd5a5668c7,28746a741cadb4e6,R,111311.82,response>60s
2024-09-13 08:46:22,2df36e4a73f2aa83,cf775d8745c7c7b1,W,92992.21,response>60s
2024-09-13 10:12:16,ab8b489f9698d9c6,91c6a3a0974bef21,R,92869.00,response>60s
2024-09-13 20:40:44,12e82429ecad0a76,f99fc738d69046a0,R,89405.06,response>60s
2024-09-13 20:42:47,07e3b641de8e7578,54a55aae8c9e1b01,R,0.07,response<0.1ms
2024-09-13 13:42:52,31ce9ca693750974,28746a741cadb4e6,R,0.07,response<0.1ms
2024-09-13 21:35:13,bf1679e213324ab1,07b81750661e01dc,R,0.06,response<0.1ms
2024-09-13 08:50:53,5c1197254b0626a9,50a33a6798ae6cd4,R,71673.75,response>60s
2024-09-13 18:36:25,529dcd5453624b4a,7b228e4c24f1ee05,R,0.07,response<0.1ms
2024-09-13 23:32:20,b34d3d450b7996e3,e792687f0a82b46a,R,0.04,response<0.1ms
2024-09-13 18:41:05,87b9c957b5fea355,efc922024cc2f7f2,R,108459.10,response>60s
2024-09-13 14:55:51,899901d8bf582532,f2e40e67e972a6bd,R,74189.95,response>60s
2024-09-13 20:23:12,d0e95ed70f320df3,de8c8e77816aea44,R,101488.06,response>60s
2024-09-13 16:52:33,070bff363b79d0ba,54b5aea25bba6f39,R,109240.80,response>60s
2024-09-13 20:30:45,a758aa5e8baff3e6,e6e0c2b0cee7c293,R,0.06,response<0.1ms
2024-09-13 11:42:24,b819baa855c49245,08f79dedb8d70b80,R,0.05,response<0.1ms
2024-09-14 08:44:03,1c45d207f51cdd4b,06aefc7c7eec008f,R,0.03,response<0.1ms
2024-09-14 17:18:19,b44b30914917d3d5,8e970e96811fc593,R,0.02,response<0.1ms
2024-09-14 15:00:14,86c21cfb1c3397fb,8e970e96811fc593,R,0.08,response<0.1ms
2024-09-14 19:59:41,0090bdec567b77f6,870f2b05e8e4ca86,R,117161.49,response>60s
2024-09-14 09:10:06,fadccff34d24d960,af784cb4c285ef84,R,0.07,response<0.1ms
2024-09-14 18:04:06,e1ec67675e99a781,c811886c2fd83204,R,114338.20,response>60s
2024-09-14 09:23:54,3c80e9d6322032ca,d0b4ee509bd74aee,R,0.08,response<0.1ms
2024-09-14 14:13:48,5d57979cde57cf53,e9444d45cf26b60c,R,96920.59,response>60s
2024-09-14 18:35:03,afbeccb063f73bad,2fab205cfc5071aa,R,0.08,response<0.1ms
2024-09-14 15:00:17,ef617b332af88e27,94489dc6ea66dda0,R,0.03,response<0.1ms
2024-09-14 09:18:53,e85d172a32213b72,54a55aae8c9e1b01,R,0.07,response<0.1ms
2024-09-14 07:53:13,1f55858f44982d8c,3b043db17b9a2278,R,0.08,response<0.1ms
2024-09-14 09:34:36,f3d13d632be8b787,75db059535a6f882,R,96465.88,response>60s
2024-09-14 16:54:43,3ba3795f51371758,28746a741cadb4e6,R,76660.00,response>60s
2024-09-14 09:58:52,c877b9b853081ea1,9d2fa2241b8a28df,R,0.06,response<0.1ms
2024-09-14 10:31:30,0e3102e38e837156,f68d372e0b9920cb,R,106728.10,response>60s
2024-09-14 21:18:39,786beb2181c269ec,352c266acf8bf4e5,R,0.05,response<0.1ms
2024-09-14 16:13:09,dc621588d17e9aff,6527622261c6ead2,R,0.09,response<0.1ms
2024-09-14 17:01:22,dc0396d24c79c533,b4330519bbbac4ee,W,109650.15,response>60s
2024-09-15 14:12:19,8b409f8fa9f3a9e1,28bb5f9cabc9f2b7,R,74640.83,response>60s
2024-09-15 16:54:12,98366f8673330f92,dd1768ef8df9f170,R,0.07,response<0.1ms
2024-09-15 19:51:39,30132befccb158e0,28746a741cadb4e6,R,61668.06,response>60s
2024-09-15 10:00:27,0f2d443067245cda,4b81d6a4223915cb,W,0.05,response<0.1ms
2024-09-15 22:33:23,6a076afe49d3f196,cbfa90eeeb61ebcf,R,0.04,response<0.1ms
2024-09-15 09:13:39,238fc547be4773e8,cf1e68b57ba8edf9,R,106624.22,response>60s
2024-09-15 21:00:10,ba58847be6b54aec,33ee709d56260868,W,0.05,response<0.1ms
2024-09-15 21:27:38,0d6808c8c85d6e19,06aefc7c7eec008f,R,0.03,response<0.1ms
2024-09-15 09:21:44,6ca000680956b23d,55fa63d024997d54,R,95516.94,response>60s
2024-09-15 11:33:34,ea267565fd303f08,3b406332eba8e581,R,102739.77,response>60s
2024-09-15 10:35:18,da924c5766644b46,3c1d284d37d67eb5,W,0.04,response<0.1ms
2024-09-15 20:39:30,a7e6920d87b18bb7,183d972960ed59bf,R,0.04,response<0.1ms
2024-09-15 23:12:05,18e6b87029633f45,a75d05477928918a,R,0.06,response<0.1ms
2024-09-15 22:30:44,55dd586a9d5e71af,183d972960ed59bf,R,0.07,response<0.1ms
2024-09-15 14:46:43,0a49c9b755fe5d59,8e970e96811fc593,R,0.04,response<0.1ms
2024-09-15 15:09:43,f2939127c90998fa,bbfc619b5d7a53e4,R,0.05,response<0.1ms
2024-09-15 08:38:17,9c253769f8f58de0,60e86d6275f05951,R,92120.56,response>60s
2024-09-15 12:44:22,5ed97e5c76eaccb8,9123d72fbbb91b27,R,0.04,response<0.1ms
2024-09-15 09:27:59,170aa694d8548947,e6364143c0652455,R,106474.92,response>60s
2024-09-15 15:58:40,181765e48d591d44,60443c5d60d0c83d,R,72505.26,response>60s
2024-09-16 09:23:25,83eae7000226c888,3b6d43432f6ff011,W,99788.32,response>60s
2024-09-16 09:03:07,f35a8295fa202219,51ed83f07e1ee0f1,R,0.07,response<0.1ms
2024-09-16 15:45:39,dc20d436d484423d,1a63c4c5e99f2b91,R,97643.32,response>60s
2024-09-16 19:23:43,57671422700b53ad,03a879724168c0e8,R,0.04,response<0.1ms
2024-09-16 06:46:05,5f64855f2d20ab14,a19b29833346e7f5,W,0.04,response<0.1ms
2024-09-16 09:13:26,80138c374e50982e,79c7596feda736d3,R,75797.77,response>60s
2024-09-16 10:08:04,9879b533e8a5e278,4b5a7b24976fcb45,R,0.03,response<0.1ms
2024-09-16 06:43:56,5151a5ad913dc380,e6f1be6306a50523,R,0.07,response<0.1ms
2024-09-16 09:00:47,e8a598f998160002,79c7596feda736d3,R,73486.77,response>60s
2024-09-16 15:17:36,b6476985a92b1c74,50434b2e854e3929,W,0.03,response<0.1ms
2024-09-16 11:46:15,a9df237264b65206,af6f8b6ab9b8249b,R,63252.35,response>60s
2024-09-16 15:17:50,9b783ae00c048475,89b2a4fc011a0323,R,111934.18,response>60s
2024-09-16 15:59:21,67d28ae148ef59ca,183d972960ed59bf,R,64054.94,response>60s
2024-09-16 09:02:20,0da0c5ddc04a161b,7d4a914298107361,R,77509.45,response>60s
2024-09-16 20:16:49,c052a2e4b56abace,04bc443c0026e3d7,R,63055.35,response>60s
2024-09-16 12:30:28,6d4eadbe2e7e3907,39d055acd294d441,R,0.02,response<0.1ms
2024-09-16 18:48:32,3d8f436f2fa11287,d875f77e079aa29f,R,101118.61,response>60s
2024-09-16 15:44:37,2ceac5787e0a800b,7965b7d5b8bd93ce,R,90319.15,response>60s
2024-09-16 22:51:08,a1741b176513fb16,6e72b644fa4436dc,R,0.04,response<0.1ms
2024-09-17 17:15:22,f813b4054ab697bb,7b04c3ef9f6c35cf,W,0.08,response<0.1ms
2024-09-17 21:52:56,372aaeb4a5701f23,06aefc7c7eec008f,R,0.06,response<0.1ms
2024-09-17 01:26:24,6ff40351526b6a04,be1001c150f2b265,R,0.03,response<0.1ms
2024-09-17 12:46:49,2915287596349d1a,d73bf814a6be342c,R,115285.75,response>60s
2024-09-17 08:57:09,e3a3f265788d2287,28746a741cadb4e6,R,114483.45,response>60s
2024-09-17 08:08:12,5468079d9fdfceb9,dd2820c07e09a8cb,R,97059.32,response>60s
2024-09-17 22:04:12,c1485f8d0ff6bd51,3ed35f5bf22e9733,R,0.07,response<0.1ms
2024-09-17 09:39:09,9d910a1b761beee7,183d972960ed59bf,R,0.08,response<0.1ms
2024-09-17 16:10:06,33f933571b95ff5d,5b89d0801c41d7d5,R,82156.61,response>60s
2024-09-17 08:28:14,a78e2718bb7a1173,183d972960ed59bf,R,63592.24,response>60s
2024-09-17 10:33:01,4bb40fa4b428e32e,de82c5c47dd999f7,R,85155.43,response>60s
2024-09-17 20:38:13,c531ba87d2491516,48ff6d1aa9ea3143,R,0.06,response<0.1ms
2024-09-17 16:56:40,688e6aee9b54a714,28746a741cadb4e6,R,0.04,response<0.1ms
2024-09-17 11:52:38,861c397eeefa7727,183d972960ed59bf,R,0.07,response<0.1ms
2024-09-17 18:48:12,45c65a0213e0848b,2c0ae5109c0f32dc,R,0.04,response<0.1ms
2024-09-17 09:24:28,bfd12630022bc7ec,9d85105698a5d63d,R,61030.63,response>60s
2024-09-17 10:24:07,ea0e599406c894d9,06aefc7c7eec008f,R,80953.98,response>60s
2024-09-18 13:15:35,a7d8f2d9057ddfc1,5ec99ccc6d0004e1,W,0.04,response<0.1ms
2024-09-18 14:37:53,bcc16e0c77e01a91,bbf9780c9abfdd9a,W,64924.94,response>60s
2024-09-18 10:51:04,c1f9cc7caf776452,643003417d05c15b,R,0.04,response<0.1ms
2024-09-18 11:41:21,3d6fe5b264497309,28746a741cadb4e6,R,0.03,response<0.1ms
2024-09-18 20:17:27,3fdd4982a8813159,183d972960ed59bf,R,78874.00,response>60s
2024-09-18 18:22:52,65e9a98f1973cb26,28746a741cadb4e6,R,111764.66,response>60s
2024-09-18 09:48:04,441759a4525dd24d,4b07b2aa3ce67191,W,82899.09,response>60s
2024-09-18 22:13:54,1804934c8abb2b73,3e0c79da8deaee63,W,0.02,response<0.1ms
2024-09-18 15:54:34,376023d137ce29f1,fa34e665791cc52f,R,0.02,response<0.1ms
2024-09-18 17:20:03,137c2715af35159d,28746a741cadb4e6,R,88827.88,response>60s
2024-09-18 14:02:25,ec96777b9fa13687,651792ec71ef9038,W,0.04,response<0.1ms
2024-09-18 10:43:04,35693f065640510e,2e5209810406c578,R,0.07,response<0.1ms
2024-09-18 14:47:16,cfd1cd026a29f932,06aefc7c7eec008f,R,68141.41,response>60s
2024-09-18 21:46:40,dbe08185cb0cdae1,36053a9bd6f105d0,R,95672.32,response>60s
2024-09-18 10:17:56,2fbc76437dad7519,450c24111f0d3149,R,0.04,response<0.1ms
2024-09-18 11:02:01,f6621e091f8ee77a,8e970e96811fc593,R,0.02,response<0.1ms
2024-09-18 19:55:03,8ebf503e6ed2441f,06aefc7c7eec008f,R,0.07,response<0.1ms
2024-09-18 15:16:50,0e14631b663459e7,e792687f0a82b46a,R,0.06,response<0.1ms
2024-09-18 13:45:15,fabd66172b4284ee,e6364143c0652455,R,104991.69,response>60s
2024-09-18 09:10:14,0f62ee228a11a878,fcdd505fe0982102,R,107373.42,response>60s
2024-09-19 11:29:45,babe13fe4af5cbce,67d638267111b71a,R,66755.77,response>60s
2024-09-19 08:41:51,f8b157123098e613,24def6b4c321d60f,R,0.07,response<0.1ms
2024-09-19 16:04:32,031d6bf87bc32ac7,fc3d1d37e1eb257c,W,0.07,response<0.1ms
2024-09-19 09:00:06,f3c10dedc9f66d2f,69940aefbb505060,R,102861.40,response>60s
2024-09-19 10:03:13,7398e14addb27146,f58068a1b24aaa2f,R,0.08,response<0.1ms
2024-09-20 10:23:09,174c20e095fdece8,af6f8b6ab9b8249b,R,105274.49,response>60s
2024-09-20 10:59:18,1ec65325abb9cc93,58ea604e6fba719c,R,0.07,response<0.1ms
2024-09-20 08:11:52,341df547b8143547,e8b78f27fdecbcde,R,111578.51,response>60s
2024-09-20 17:06:04,a7ca4df74e73e085,ff21d06185ad37e1,R,114524.02,response>60s
2024-09-20 21:09:42,c3a0a00a0768f1f3,7d3a9ae8d63fba25,R,0.08,response<0.1ms
2024-09-21 11:12:54,6d2871746b8d3757,686a10963cf2f828,R,107087.17,response>60s
2024-09-21 18:31:21,396f9183ff7b560b,f4677af6dc357627,R,71813.61,response>60s
2024-09-22 07:16:05,7f30c26b516a797a,e792687f0a82b46a,R,0.05,response<0.1ms
2024-09-22 09:57:39,0e2714d0ec64ecf9,2993f8ca1f2b649c,R,68407.22,response>60s
2024-09-23 12:44:43,f0be6e7dbe564dae,5824545a179ed813,R,0.02,response<0.1ms
2024-09-23 07:55:49,d2f2532142583d3e,b6bc295a3be96339,R,0.05,response<0.1ms
2024-09-23 14:23:50,e3aeec50278c2b0a,c95eef8db25d07d6,R,108018.58,response>60s
2024-09-23 07:17:52,d306649b8e59bec3,9889ea49f83d9f99,R,0.07,response<0.1ms
2024-09-23 08:17:12,400330d53b494552,8e970e96811fc593,R,102731.24,response>60s
2024-09-24 14:19:41,a4ee58fbd78fb7d0,facbf89ebdc0ced5,R,0.05,response<0.1ms
2024-09-24 15:37:44,bf65caa8692b93c9,e1e8adb5a0f111ac,R,76130.37,response>60s
2024-09-24 09:44:32,317a797dcf52d01b,7298b7f0e552510d,R,0.06,response<0.1ms
2024-09-24 17:43:02,88b7af94cb375121,d528cf2dae6773ba,R,113973.51,response>60s
2024-09-24 18:53:39,65e18a8576f9ab8b,28746a741cadb4e6,R,67117.56,response>60s
2024-09-25 08:28:42,e6acb8b58e4c2781,c5edff8c4471c243,R,0.05,response<0.1ms
2024-09-25 14:55:51,c1075bf287929499,1ce0edfc3289e1bf,R,0.04,response<0.1ms
2024-09-25 09:51:01,db9bc4bf38f9cf69,5499d58be1e5f440,R,0.08,response<0.1ms
2024-09-25 08:36:19,b71aa4fe29028ce1,55e51d12f3bb7ee1,R,110018.40,response>60s
2024-09-25 18:36:07,be0b21effb43bcaa,9ccfcefb90a0a87e,R,98236.21,response>60s
2024-09-26 15:55:51,6b3a6ba63160923e,1685ebb0e8550067,R,89459.74,response>60s
2024-09-26 15:26:35,a355f3ea464d1809,0644fe7ed6e353b0,R,104380.55,response>60s
2024-09-26 16:08:36,0553d4594dfdcad3,5b97792f016a055f,R,81631.18,response>60s
2024-09-26 12:28:01,3cf92b7d0e1c7b77,65432bc752abc461,R,60584.41,response>60s
2024-09-26 13:12:27,f073bfaca0eb69b8,2bdbf8d50738ae67,R,71764.87,response>60s
2024-09-26 15:10:54,e316cb8b24102458,e6f1be6306a50523,R,0.07,response<0.1ms
2024-09-27 19:47:04,5af7d4f6d25db75e,fe788741114a4c1e,W,110399.73,response>60s
2024-09-27 22:51:37,e11f59849a03b77c,06be140c18b1cf40,R,0.05,response<0.1ms
2024-09-27 10:42:17,dc89c48ecdbc2ed3,e56900c2d7305879,R,0.03,response<0.1ms
2024-09-27 15:26:51,049cc93019eda716,0e1171a428d662f9,R,0.06,response<0.1ms
2024-09-27 14:46:13,c64515c796ad689c,1070e3531d7d18ab,R,102774.73,response>60s
2024-09-28 07:03:18,3fe739be019405da,f68127d378537ab7,R,0.02,response<0.1ms
2024-09-28 19:05:45,6bbd90e4fadc97c3,cbff8c165cd85078,W,74784.55,response>60s
2024-09-29 08:41:06,1aab8e70ae1db98e,b16d3fe60d14e9ee,R,87585.36,response>60s
2024-09-29 10:57:03,78c68a6e790fd0e6,a71c37e937ac7149,W,0.04,response<0.1ms
2024-09-30 22:01:36,c40775fffacbb46b,f4edb2ec03621364,R,102638.09,response>60s
2024-09-30 18:10:43,3a47b6e420aa1d03,183d972960ed59bf,R,0.07,response<0.1ms
2024-09-30 12:41:47,f7443772f8ce21c3,33c5bd1578b5cce0,R,0.03,response<0.1ms
2024-09-30 14:57:42,d38babbb11febced,fb1516e7460c4685,R,103784.53,response>60s
2024-10-01 15:02:09,1f55858f44982d8c,3961f42f745ccb06,R,95983.81,response>60s
2024-10-01 21:33:18,9a502e7674049ce3,56850a9cd73d670f,R,0.06,response<0.1ms
2024-10-02 22:22:28,6d816bb0b1c2f1be,0115f0f54aaf7ea0,R,0.04,response<0.1ms
2024-10-03 09:20:38,2ccb70740dce5a9c,1f8f2b10cc522a5d,R,65287.45,response>60s
2024-10-04 10:09:40,c875d97f1c1b57b5,28746a741cadb4e6,R,71499.49,response>60s
2024-10-05 20:52:36,1168b30aa8a8ba2f,f5892ebaec5a3eb0,R,0.08,response<0.1ms
2024-10-05 16:29:58,89cedecb60b4c536,90034606a98e3b91,R,89354.89,response>60s
2024-10-06 14:32:41,5f54325dd7e5f903,d609bf618ed44522,R,0.03,response<0.1ms
2024-10-07 22:26:42,46cac2b42de10e80,dc4b66820b61b4e9,R,103376.72,response>60s
2024-10-08 20:25:01,1522130d1934d0a2,84982b5e3185818d,R,79388.20,response>60s
2024-10-08 20:40:10,40954c12ac895389,4e6f3be8c3ddca46,R,83889.58,response>60s
2024-10-08 21:32:35,82e39d634b88f36c,0e160e5a19d93bc8,R,70736.32,response>60s
2024-10-08 10:15:35,cb1e7516bfa4f27e,2cc30406ca6e7f29,R,0.06,response<0.1ms
2024-10-08 16:16:02,bca4aeac8378e95a,df469c40b5bd084f,R,73247.39,response>60s
2024-10-09 09:08:00,36c9f96959867515,d336de143fe47898,R,74732.93,response>60s
2024-10-09 21:58:53,c00c25b57feea460,54a55aae8c9e1b01,R,0.04,response<0.1ms
2024-10-09 14:42:58,973b56ec1c50fa4f,d96e5511708afe36,R,109886.13,response>60s
2024-10-09 17:38:06,029f824d7d86723d,cba5d3f5f1b6bd99,R,83136.04,response>60s
2024-10-09 16:19:32,4e40cfcba75dbd7d,37782a4203a6d8db,R,60961.74,response>60s
2024-10-09 10:26:04,5ffe731b10877738,8631345d0e300d85,R,0.05,response<0.1ms
2024-10-10 15:57:34,fd24e84fb9346665,aba6adf5a0f7487f,R,0.03,response<0.1ms
2024-10-10 07:41:52,77ed9736aa6b7425,ad4c638066b56302,R,65271.51,response>60s
2024-10-10 10:04:40,5d30340333b30303,183d972960ed59bf,R,0.04,response<0.1ms
2024-10-10 18:40:57,0633fb0c9dc85229,1be30bc8d8dd4c48,R,91056.26,response>60s
2024-10-10 09:37:49,77b14135850c0d3d,ef1b287d31a8e60a,R,102347.75,response>60s
2024-10-10 18:58:58,b41fd4b9a6b7b018,28746a741cadb4e6,R,0.06,response<0.1ms
2024-10-10 21:40:45,48fb340a577ce992,c3a553988b008e48,R,104362.66,response>60s
2024-10-11 14:32:46,b533bb4af801ab23,183d972960ed59bf,R,91215.94,response>60s
2024-10-11 15:25:18,1025f903c1b1902c,905cdb13223e219f,R,0.09,response<0.1ms
2024-10-11 15:43:21,d1d39f5bbb8739d3,a74bdb8e72684f16,R,85560.99,response>60s
2024-10-11 13:58:23,5344c43de167d3a6,ba3f9750bb96428b,R,0.07,response<0.1ms
2024-10-11 19:00:06,f7f756bb642b4e3f,92dd0de2caedb526,R,0.04,response<0.1ms
2024-10-11 11:43:50,908f594879182062,af6f8b6ab9b8249b,R,0.07,response<0.1ms
2024-10-12 15:42:45,7b50af0ae87a6600,e792687f0a82b46a,R,0.05,response<0.1ms
2024-10-12 12:52:31,66c59c97c573a8ef,aa529580d7b27a27,R,108729.88,response>60s
2024-10-13 18:27:19,070bff363b79d0ba,68456f18cc9107f1,R,0.09,response<0.1ms
2024-10-13 18:44:42,e476bd85f86d6f6d,eaee8ff30a64a9e8,R,98653.92,response>60s
2024-10-14 09:12:10,c517130a334ee666,06aefc7c7eec008f,W,117451.61,response>60s
2024-10-14 21:41:10,a7ffbe2e5de0284e,20fd5f3124aa6147,R,99895.22,response>60s
2024-10-14 20:28:43,a277155af45c36db,6527622261c6ead2,R,0.06,response<0.1ms
2024-10-14 10:26:55,0a429af8fa34a2d1,eb055750237997b3,R,93183.88,response>60s
2024-10-14 22:34:26,3dd6acadcf57acb2,eac8b46b3176c114,R,69505.61,response>60s
2024-10-14 20:57:39,d21a43bb62f7f0f9,d60b4a0ce211c2f6,R,0.08,response<0.1ms
2024-10-15 07:41:50,510e2ec5bb45c9d4,119145890e752983,R,81206.06,response>60s
2024-10-15 18:09:34,4ce1ea39ce21b693,7bdd5c0d3c48795f,R,71089.93,response>60s
2024-10-15 10:59:12,8d228b98a14c4668,cb800c3309bf670e,W,0.07,response<0.1ms
2024-10-15 14:16:55,b24328d975b56aed,248ff5b1ef9b5e5f,R,0.04,response<0.1ms
2024-10-15 13:14:08,aaac669981dc2921,af6f8b6ab9b8249b,R,102647.79,response>60s
2024-10-16 11:42:59,a0b6c8307110f8a8,d4ac291015c2f3ae,R,0.07,response<0.1ms
2024-10-16 20:46:48,f16dd36862fbd7a6,b48d837f4fc6c1ce,R,83892.46,response>60s
2024-10-16 15:29:29,9ab5e287ca8b38e5,fad308fa4a849ec2,R,0.06,response<0.1ms
2024-10-16 23:00:59,241df4338124cf03,183d972960ed59bf,R,0.08,response<0.1ms
2024-10-16 14:46:43,79c3603b5a2af2c6,06aefc7c7eec008f,R,82120.08,response>60s
2024-10-17 21:47:50,164c7ebf127c546f,183d972960ed59bf,R,0.08,response<0.1ms
2024-10-17 22:02:02,741c7256e49ac683,fd6c4d0e3ce1d1fd,R,0.08,response<0.1ms
2024-10-17 19:01:48,2e15e7edbdf7f80b,98077008fadf758b,R,0.07,response<0.1ms
2024-10-17 11:28:48,4bd22786e99a4e9d,c25439f5b4f008ea,R,76512.55,response>60s
2024-10-17 17:03:19,542484e9c9f488df,7472e2e9c0e93f6a,R,108988.43,response>60s
2024-10-18 15:53:13,f47eca34f860f5b3,b1595acb2845628d,R,0.05,response<0.1ms
2024-10-18 16:34:26,f882f1f7fbccec9d,8e970e96811fc593,R,0.08,response<0.1ms
2024-10-18 10:42:47,c859cb8eedc2fd8d,643003417d05c15b,R,77792.83,response>60s
2024-10-18 13:26:14,f35b5afcac96b90a,28746a741cadb4e6,R,73405.65,response>60s
2024-10-18 09:07:54,5c06bcb6a3840921,e381e0a1d556899e,R,0.06,response<0.1ms
2024-10-18 10:00:51,613795dd3ec801a2,183d972960ed59bf,R,0.05,response<0.1ms
2024-10-18 15:21:42,f00066d0363aa3a8,156f1a0cdf807b4e,R,0.03,response<0.1ms
2024-10-19 15:04:27,b8a0a336916f62fa,183d972960ed59bf,R,107858.88,response>60s
2024-10-19 08:52:27,b019da0c4102a90b,bb64853610201fef,R,67892.69,response>60s
2024-10-20 19:33:13,56402f656093f62c,183d972960ed59bf,R,0.09,response<0.1ms
2024-10-20 20:43:43,f1cda2b06c8e88c1,e9d07c9b3b9a7035,R,92441.31,response>60s
2024-10-21 17:08:01,66c66104ca5b5bc1,183d972960ed59bf,R,86654.42,response>60s
2024-10-21 08:24:06,c81efaf93ae33c88,b751c49a667a1cc7,R,102251.15,response>60s
2024-10-21 14:27:52,1f55858f44982d8c,e5fe1d1cfd558610,R,0.05,response<0.1ms
2024-10-21 08:51:07,d86e4d4567fa8628,3776397202f072c3,R,0.06,response<0.1ms
2024-10-21 13:18:36,c2fdd71a1d45d95d,97d469d6ecbd091a,R,89202.62,response>60s
2024-10-21 16:08:11,a33b3b67373b3a19,183d972960ed59bf,R,0.05,response<0.1ms
2024-10-21 10:37:54,4eb7e579440f21c1,b8d89c7de2aaf9f6,R,88052.70,response>60s
2024-10-22 20:07:47,88442c25d5ac278c,183d972960ed59bf,R,0.06,response<0.1ms
2024-10-22 08:18:47,31008782928b7d3b,7cb8517c7f8614b5,R,106700.98,response>60s
2024-10-22 13:20:53,0dad72d177429cf5,8e970e96811fc593,R,0.05,response<0.1ms
2024-10-22 19:25:41,ef12bdbccd233c29,6113722cb0b3ceac,R,0.03,response<0.1ms
2024-10-23 10:47:00,8bf208988027866a,d6ea4fbe9256fb9c,R,0.08,response<0.1ms
2024-10-23 09:21:04,77da1beb992e710a,607cc43cbd98186a,R,114549.14,response>60s
2024-10-23 15:51:11,e1ec67675e99a781,4470e6e9f4ea0324,R,110616.49,response>60s
2024-10-23 17:39:32,b489b8fb8aa51fac,06aefc7c7eec008f,R,117285.15,response>60s
2024-10-23 11:09:17,0166e6083a7aee41,fb1cb3df78812231,R,0.05,response<0.1ms
2024-10-23 14:23:16,810425180012d2cc,90530527d8ece4e9,R,0.06,response<0.1ms
2024-10-24 20:38:36,4c42d119b4190058,0baec7287caada2f,R,104081.52,response>60s
2024-10-24 15:49:56,78c68a6e790fd0e6,df836216d090834c,R,0.04,response<0.1ms
2024-10-24 20:38:57,4c2efba85d5df103,b277163b29daf231,R,0.03,response<0.1ms
2024-10-24 07:47:21,1cb6adeb9163efbb,18a462f8cabd16a6,R,0.07,response<0.1ms
2024-10-24 08:02:46,001403033b5531c5,06aefc7c7eec008f,R,115533.39,response>60s
2024-10-24 08:08:09,b01364f6b2187d04,183d972960ed59bf,R,73226.76,response>60s
2024-10-25 20:09:39,25238a4f75d0a87c,183d972960ed59bf,R,0.05,response<0.1ms
2024-10-25 16:49:49,30659e07e767495d,28746a741cadb4e6,R,0.09,response<0.1ms
2024-10-25 09:30:12,c517130a334ee666,efd1280960e8fee9,R,98907.68,response>60s
2024-10-25 20:31:27,8ebf503e6ed2441f,15f8b034729f8f09,R,0.02,response<0.1ms
2024-10-25 17:46:18,b746a065aa1cd3d3,183d972960ed59bf,R,0.07,response<0.1ms
2024-10-26 14:14:30,815419cf45ef667c,793f2c0b4f3e4b6d,R,91121.98,response>60s
2024-10-26 08:17:20,434cce996a7c3dbb,183d972960ed59bf,R,0.07,response<0.1ms
2024-10-27 09:35:15,dbe08185cb0cdae1,f34491bf2c1b7c32,R,66679.38,response>60s
2024-10-27 15:54:38,0d0253dab9252851,777a66d9fe47625b,W,0.08,response<0.1ms
2024-10-28 19:57:36,d13e0661edffc7da,de8c8e77816aea44,R,0.08,response<0.1ms
2024-10-28 13:40:13,dc20d436d484423d,8dc0991f058746b5,R,0.06,response<0.1ms
2024-10-28 11:05:51,72dc399c521752fc,86bc99a76cbe1649,R,0.06,response<0.1ms
2024-10-28 07:55:46,dc05f5c007a9ccbe,82e62fbe4722d16d,R,71537.27,response>60s
2024-10-28 08:22:32,c1049a1cb3df63c3,183d972960ed59bf,R,0.03,response<0.1ms
2024-10-28 09:09:57,1fbecc643d7d89fa,0b929896ee8e3993,R,0.04,response<0.1ms
2024-10-29 18:47:05,29fbda222b9f8278,050348d8183a4650,R,0.04,response<0.1ms
2024-10-29 19:05:41,52587ca0dfe6182f,06aefc7c7eec008f,R,114777.84,response>60s
2024-10-29 19:06:09,1bb1a01fe6476820,049d5361e5204af1,R,0.09,response<0.1ms
2024-10-29 09:48:41,56402f656093f62c,28746a741cadb4e6,R,87437.83,response>60s
2024-10-29 18:47:48,5dbe01a42ca9f012,06aefc7c7eec008f,R,65871.48,response>60s
2024-10-30 11:34:16,4aebfac7e7e5223c,5ad9ba9f0c2571d4,R,0.05,response<0.1ms
2024-10-30 16:20:16,b33b23fd8afaa18b,78d5936eb7216d77,R,91423.78,response>60s
2024-10-30 10:09:54,72d417dcf528147d,183d972960ed59bf,R,0.06,response<0.1ms
2024-10-30 14:27:21,317a797dcf52d01b,1bee091b31d945ab,R,91765.00,response>60s
2024-10-30 09:32:21,c15eb84a06529cb1,250d6b8de254874c,R,110066.18,response>60s
2024-10-31 16:05:53,a3029c5931c9593d,b2627164bb1e73a4,R,101071.40,response>60s
2024-10-31 21:41:20,53948cb834f8947e,162322c88abb1c7a,R,114245.35,response>60s
2024-10-31 16:01:25,94d4f274c386e155,bab61fdf29bf6dec,R,95572.04,response>60s
2024-10-31 08:33:59,85f468d3b6ceb6fe,6fc336ee23f24826,R,0.05,response<0.1ms
2024-10-31 12:36:56,7b5fec59f77619f3,f16849603cb535cb,R,0.08,response<0.1ms
2024-11-01 19:04:42,bd488a45d510b27c,2a168a2fed0798e0,R,0.06,response<0.1ms
2024-11-01 10:45:10,24e80124d7cbd734,183d972960ed59bf,R,99126.00,response>60s
2024-11-01 06:54:13,27bd62346381d824,54a55aae8c9e1b01,R,0.06,response<0.1ms
2024-11-01 16:48:07,1d95358569bb32aa,013fa94346e2014b,W,0.08,response<0.1ms
2024-11-01 17:02:24,40fd9fda32058f9b,f4edb2ec03621364,R,117701.58,response>60s
2024-11-01 21:48:36,1becd0076b323f46,183d972960ed59bf,R,0.07,response<0.1ms
2024-11-02 07:45:59,ea6cba402335f746,779be8a54e6db231,R,0.05,response<0.1ms
2024-11-02 15:54:02,b9282c1737428953,9d7ae078fdf20fe9,R,67430.90,response>60s
2024-11-03 21:26:49,0611851732a12b6e,e1fd5f85d864d456,R,71083.65,response>60s
2024-11-03 16:37:56,27a014f81f6d3309,959794b89fcb6737,R,63795.95,response>60s
2024-11-04 14:08:25,57e36204b7d96481,d6729c9e0008cfdd,R,0.06,response<0.1ms
2024-11-04 09:59:25,4ef7bdda2a36a1ae,1e3e8020e9eb5fa1,R,64704.48,response>60s
2024-11-04 19:03:45,9d62a5c99df9e8dd,90b7a8b5307e56e8,R,0.07,response<0.1ms
2024-11-04 09:45:54,85d9aa739e4d2224,3bfa0600043f1272,R,0.06,response<0.1ms
2024-11-04 13:35:36,7d82d8dfc5965b5c,c078937789965de9,R,111574.54,response>60s
2024-11-05 15:31:48,34dbc2a0ea81536b,40aa50e87c995ef4,W,0.04,response<0.1ms
2024-11-05 20:53:35,30a6a20e5e4216be,81128deb873681e3,R,0.03,response<0.1ms
2024-11-05 10:55:19,7ede1fcb0851addb,6527622261c6ead2,R,0.04,response<0.1ms
2024-11-05 14:08:23,b8d2463bce4b704d,ee28a4020ae25ead,R,0.08,response<0.1ms
2024-11-05 20:05:06,fd24e84fb9346665,48e4ad015c53117a,R,115708.95,response>60s
2024-11-06 16:58:26,185f5ad3eaab4ab6,fdd7aa558831f3ed,R,66028.40,response>60s
2024-11-06 07:52:07,6e5180be9703f4a7,c6354b13f2d2c00f,R,0.08,response<0.1ms
2024-11-06 09:26:40,1bc44eab7ca55ce8,0b38b7e78c8f2ab3,R,89574.51,response>60s
2024-11-06 08:44:14,88703fff09cee2bc,0407e2565fae9643,R,0.09,response<0.1ms
2024-11-06 23:13:11,bf65caa8692b93c9,4a4f45dfaaf467de,R,106594.44,response>60s
2024-11-07 11:00:29,35205164ce589786,9586322cbd18a366,R,0.08,response<0.1ms
2024-11-07 13:18:46,20d5da3462fdd4ac,08cf63a940a7a75a,W,0.07,response<0.1ms
2024-11-07 17:52:37,cdf48ab7f4b69b31,2b0dac5832c32340,R,0.04,response<0.1ms
2024-11-07 15:06:59,798f20a70d3ad949,fffd009f67a071dc,R,68844.84,response>60s
2024-11-07 14:47:28,c679c90c6c82db55,cee9ac511d272657,R,0.04,response<0.1ms
2024-11-08 21:56:06,90c53143ab795ea2,1192e212100549f7,R,0.07,response<0.1ms
2024-11-08 08:37:39,7b5fec59f77619f3,8846c4e4f57fdb99,W,0.05,response<0.1ms
2024-11-08 09:12:14,147a3f535c472688,2dc49d70873c72c5,R,101223.08,response>60s
2024-11-08 10:04:08,9b50c4f3c13a130e,9c1491568544b05a,R,0.08,response<0.1ms
2024-11-08 08:58:01,937f301d71abb34c,d2bf1f7d51dd6457,R,0.03,response<0.1ms
2024-11-09 15:00:37,2abd5ad205c64872,11e066fef253cc7a,R,0.02,response<0.1ms
2024-11-09 08:45:32,6fc740a65f794c52,9c9ad0bfa703a4e7,R,0.03,response<0.1ms
2024-11-10 21:21:15,990c4282964cf058,b223917762f8ce8a,R,89062.59,response>60s
2024-11-10 09:42:30,66fd42747a64d0cd,f121ccea9a959021,R,0.07,response<0.1ms
2024-11-11 08:36:13,98caa00350e22c71,168f0a10bb11fac3,R,94797.31,response>60s
2024-11-11 14:39:20,e7435bad22d73a87,a3aeae330838759b,R,0.03,response<0.1ms
2024-11-11 08:21:41,15b05aed73b69365,bbd7c84d14b036c9,R,0.06,response<0.1ms
2024-11-11 17:02:29,93236294c3e5bd73,c9de1683c5540277,R,110784.64,response>60s
2024-11-11 19:43:30,99b30a16e03a7be4,0b44c8a1943fa98d,R,92049.93,response>60s
2024-11-12 23:28:31,be1a92456a56bb54,3493edd3925f9833,R,0.04,response<0.1ms
2024-11-12 17:46:43,b35057958046d343,d6ea4fbe9256fb9c,R,91885.30,response>60s
2024-11-12 16:18:25,dbaeea4625851546,183d972960ed59bf,R,61988.63,response>60s
2024-11-12 16:40:55,53988706e003900f,fd363e544edf9246,R,113338.20,response>60s
2024-11-12 15:42:52,e0a60ad9cc734c06,c28908886bf869f8,R,90151.70,response>60s
2024-11-13 14:44:07,1fdaa7c92d541593,975719f766573510,R,0.03,response<0.1ms
2024-11-13 10:48:25,4c2ca120715354f0,2c035e3360de1468,R,0.04,response<0.1ms
2024-11-13 18:10:44,9769dbec775a9e46,850b8ff99deb202f,R,116630.15,response>60s
2024-11-13 15:10:14,b5551081c71446b9,5d73943bfad32cce,R,89416.90,response>60s
2024-11-14 13:13:58,3c8d8390b3238f56,49307452359c6dc0,R,0.07,response<0.1ms
2024-11-14 15:10:01,3613a26f323dd5e1,d7593ce580482425,R,107219.02,response>60s
2024-11-14 09:01:09,e9981b8e935bd8fd,9ad512c7d59224f4,R,105815.15,response>60s
2024-11-14 11:22:22,bc429d3a78a71857,06aefc7c7eec008f,R,0.07,response<0.1ms
2024-11-14 21:26:12,59caf4ea090f602e,28746a741cadb4e6,R,0.08,response<0.1ms
2024-11-15 15:18:39,ec714914bfbc9fb2,d40190c96f386bc9,R,0.06,response<0.1ms
2024-11-15 18:24:08,0c90e83c3df59a54,36c9074adf502b03,R,0.05,response<0.1ms
2024-11-15 08:30:55,f48c5550182f3075,709a7f26b73dd964,R,0.03,response<0.1ms
2024-11-15 08:56:17,d98f1f01702cc602,183d972960ed59bf,R,60604.28,response>60s
2024-11-15 09:06:13,5daad3134857c26f,11cfc3119b269bb4,R,88809.62,response>60s
2024-11-15 21:05:40,401c8a222fa400b6,183d972960ed59bf,R,0.06,response<0.1ms
2024-11-15 23:52:50,df687d17ad552c8a,b6d1bf3761373543,R,0.08,response<0.1ms
2024-11-15 13:07:19,8abeef7858bd978b,4a1a4183d3887451,R,102478.86,response>60s
2024-11-16 15:15:34,3bef4c81da926c16,a512a53f2a5ed061,R,114898.39,response>60s
2024-11-16 20:11:30,8b2fcb0da1cb2ec8,a8139eed7f51c1a5,R,0.04,response<0.1ms
2024-11-17 21:47:47,ab20b4f9593d4785,16cf0fbc02ee3300,R,107914.06,response>60s
2024-11-17 14:08:05,cec6118090f5b704,74f4a1f195c4dfa7,R,0.05,response<0.1ms
2024-11-18 09:30:29,189a8f421d6bd453,39e38a00874a803c,R,105848.52,response>60s
2024-11-18 09:09:38,9bce6c8db96ca6e1,e792687f0a82b46a,R,0.08,response<0.1ms
2024-11-18 09:46:11,150133d24830d6ba,eafe28053992d84b,R,114170.87,response>60s
2024-11-18 10:33:00,ec59488a658b8be0,661b777b9465997a,R,66937.15,response>60s
2024-11-18 10:51:35,e78896e9b7c1e484,06aefc7c7eec008f,R,0.05,response<0.1ms
2024-11-18 13:50:29,4f3a77458e76edb9,9c0032999765a7c4,R,0.06,response<0.1ms
2024-11-18 22:33:53,80b0141fc42d83db,4d4951d72262cb80,R,0.04,response<0.1ms
2024-11-19 09:49:07,18b079488387e92e,e6f1be6306a50523,R,94803.78,response>60s
2024-11-19 12:59:43,e0f43017b8564845,28746a741cadb4e6,R,81520.16,response>60s
2024-11-19 09:46:47,92c46dd461425787,74b223e662867261,R,0.04,response<0.1ms
2024-11-19 16:55:39,11b1a5192c68c92f,51eed1fd1c4c8a1d,R,82899.86,response>60s
2024-11-19 20:39:26,0ac1f2c2c337e581,e9b2a8c1853d77e4,R,0.05,response<0.1ms
2024-11-20 08:54:57,48eabdc9de2805f9,1c406bc0064b95dc,R,0.09,response<0.1ms
2024-11-20 20:52:56,7172a895d900aed1,fcddd6becab1e74a,R,89193.43,response>60s
2024-11-20 16:41:12,bacb80818b854419,94200a847016bbc9,R,0.06,response<0.1ms
2024-11-20 18:22:21,fadccff34d24d960,243940974e66c5c7,R,62303.24,response>60s
2024-11-20 19:12:50,987e82ce8a9d1a99,88fac0048b0b5fbe,R,0.08,response<0.1ms
2024-11-20 11:22:29,87ca844ab23b2df7,8e0323a37f6b67d0,R,0.02,response<0.1ms
2024-11-20 13:54:11,1ccd6d6859a3a3f1,183d972960ed59bf,R,94218.90,response>60s
2024-11-21 10:21:48,8f4664ed78165fe3,3c4fdaf533863217,R,0.08,response<0.1ms
2024-11-21 20:31:14,0f94d1541df40ce5,f1ecaca03d0d04c7,R,113821.68,response>60s
2024-11-21 18:53:04,b3520e4bb3675cc4,e792687f0a82b46a,R,0.08,response<0.1ms
2024-11-21 21:18:12,3951c7f9915eeeb0,d73007fcee0b6692,R,0.02,response<0.1ms
2024-11-21 08:49:12,e2ec35267166e09c,06aefc7c7eec008f,R,75504.67,response>60s
2024-11-22 08:53:17,ba948fa9819c735e,0840e93ecc69e538,R,116900.53,response>60s
2024-11-22 09:46:03,b3f876ecc947204d,183d972960ed59bf,R,0.06,response<0.1ms
2024-11-22 06:55:29,5887f8181d67156e,683c569a75d27d4a,R,89631.99,response>60s
2024-11-22 10:57:46,d86f503118224672,2f40d80c2f5f3f3e,R,0.09,response<0.1ms
2024-11-22 10:31:35,77f96ad6b8047077,2811704477645586,R,100363.50,response>60s
2024-11-23 16:56:28,e9254b77e8bc88ac,aae24f88004f0d9b,R,103425.09,response>60s
2024-11-23 08:02:08,cc0f47032376b5f9,a64280c8baac8a70,R,0.04,response<0.1ms
2024-11-24 14:06:58,5c33de00b6b57a1a,dc976d73b0010f0a,R,95097.24,response>60s
2024-11-24 09:21:05,78b5ed8a795b7497,5169f33ae220d3e6,R,85754.26,response>60s
2024-11-25 17:20:10,db45396962fcd5cd,4183d380a06aa216,R,116928.18,response>60s
2024-11-25 14:58:04,5065faf7945bdef1,6bb8778c82a1f2a3,R,0.06,response<0.1ms
2024-11-25 09:31:21,fadcbd2af16accd0,183d972960ed59bf,R,104246.68,response>60s
2024-11-25 21:38:26,e9b2a189931b820c,427cd0fc03d526c9,R,0.05,response<0.1ms
2024-11-25 19:51:12,3d04160cfb2f9695,70ca7a1036f5e3f2,R,99207.18,response>60s
2024-11-25 09:22:10,74636bcd910c266d,2186ef70c9522edb,R,0.02,response<0.1ms
2024-11-26 09:34:48,bb854d1780d907da,ff21d06185ad37e1,R,0.03,response<0.1ms
2024-11-26 18:40:10,68cc7f4507a07b7e,0ea9dd4bac11d210,R,0.03,response<0.1ms
2024-11-26 21:05:35,c53db6453e31c378,1f2a693c63c296a9,R,75053.34,response>60s
2024-11-26 14:28:47,613795dd3ec801a2,162322c88abb1c7a,R,109364.47,response>60s
2024-11-26 11:10:43,e5e6f2e1d22eec7a,e2efd67ea6ac2a89,R,69659.91,response>60s
2024-11-27 07:25:07,7e168ce9b8017dbc,737996fff321cdd5,R,0.06,response<0.1ms
2024-11-27 09:29:10,d2dd0637ed2652f4,f97a529d5a36b078,R,0.05,response<0.1ms
2024-11-27 08:48:22,f3ef833c0387cd25,408bd5763eb82a23,R,112729.61,response>60s
2024-11-27 16:40:42,10c8ad1f0e4b2e2a,e792687f0a82b46a,R,0.04,response<0.1ms
2024-11-27 10:46:47,3f9fca15c0f0eb4b,50001b543dc4b841,R,0.07,response<0.1ms
2024-11-28 12:46:37,78fe5e6b5d8432c6,c0ec38800eb3117a,R,98357.97,response>60s
2024-11-28 19:32:31,87d6171689e0ae0d,6d72899af32bfbb6,R,0.02,response<0.1ms
2024-11-28 20:31:46,7723b0eb5c85cfca,183d972960ed59bf,R,103685.20,response>60s
2024-11-28 16:28:56,732c84dc4d7e0aa6,cb103aafe47b4496,R,79831.62,response>60s
2024-11-28 15:49:30,24284f1add9257c7,e07eb9ba746edd93,R,0.07,response<0.1ms
2024-11-28 10:21:02,2ad92fa840be29d6,8e970e96811fc593,R,0.06,response<0.1ms
2024-11-29 22:24:55,f6091df7e9de0e21,8696976901e0b529,R,116521.28,response>60s
2024-11-29 16:16:33,1297f84c2cb1fbb0,400f8ead73549a08,W,0.09,response<0.1ms
2024-11-29 13:51:26,bd5efcc0be76dd89,cb4abe436d5d317b,R,0.04,response<0.1ms
2024-11-29 18:53:56,ad303f4572878c01,183d972960ed59bf,W,91254.59,response>60s
2024-11-29 17:16:00,aff31fe7aff14b7f,76802ec7a4a53bc5,R,101502.04,response>60s
2024-11-29 11:26:36,613795dd3ec801a2,214f69edc4c8df8c,R,106088.54,response>60s
2024-11-30 14:34:04,8b8e4f138a3f4053,643003417d05c15b,R,0.06,response<0.1ms
2024-11-30 08:38:56,6c2edb4ecd666c3c,90741645dc26bdb7,R,0.03,response<0.1ms
2024-12-01 06:44:51,1cd98edce12b6e71,6c715327a88e3c7e,R,0.07,response<0.1ms
2024-12-01 12:37:47,c1d73e5ad10a0c7a,1efe460c8279a498,R,62372.54,response>60s
2024-12-02 09:52:05,116d2e6c3cb7c570,c715cfee601b1ace,R,0.02,response<0.1ms
2024-12-02 09:02:25,8346cf07d8ae49ea,183d972960ed59bf,R,0.05,response<0.1ms
2024-12-02 08:52:01,3ca8dad2024cbc02,7c65efcb55dd0f2c,R,65971.27,response>60s
2024-12-02 08:15:43,aba3000bd3feb5b0,01479186a29b433d,R,112036.27,response>60s
2024-12-02 08:53:56,bcb45d5c8a02178a,0c6c18c121fe779c,R,0.08,response<0.1ms
2024-12-03 12:25:07,104ddabe326f5de1,54a55aae8c9e1b01,R,0.07,response<0.1ms
2024-12-03 10:15:11,56b0f8bfdf1e96ba,162322c88abb1c7a,R,66224.16,response>60s
2024-12-03 17:02:03,66fd42747a64d0cd,a6863ac0a2351dc9,R,86158.33,response>60s
2024-12-03 19:31:36,3346225261774d35,0f5c1ae6982f088a,R,89400.86,response>60s
2024-12-03 16:59:43,836bc7e41317ce45,6fb9cf6638189d98,R,78163.41,response>60s
2024-12-04 18:04:42,396f9183ff7b560b,5e693ce3fd0f4153,R,78436.01,response>60s
2024-12-04 15:46:58,432b8649f6df058e,01a1aa7870de95d2,R,0.09,response<0.1ms
2024-12-04 21:40:40,c41512a14d4353a4,44af743d07e38643,R,66779.15,response>60s
2024-12-04 14:41:05,2fff8a887bffde18,06aefc7c7eec008f,R,96565.32,response>60s
2024-12-05 09:58:25,0e3102e38e837156,e792687f0a82b46a,R,0.03,response<0.1ms
2024-12-05 21:53:03,5db77d926227a38e,183d972960ed59bf,R,106859.67,response>60s
2024-12-05 21:30:50,3514e5d26b028d6b,d3d38bac9494963d,R,0.04,response<0.1ms
2024-12-05 04:33:04,9e41952cbf7e03ec,77bd019dac1222be,R,0.07,response<0.1ms
2024-12-05 09:37:43,0da0c5ddc04a161b,8c55d335c7506d8f,R,66643.23,response>60s
2024-12-05 15:28:33,9403392338d5dc29,8e970e96811fc593,R,62444.79,response>60s
2024-12-05 21:36:37,c3c356b02554c70a,65bd07e82e7fec11,R,79989.66,response>60s
2024-12-06 22:06:49,f061d2b6ced6e88c,20eebff433e81b6b,R,68772.22,response>60s
2024-12-06 09:24:56,a4ee58fbd78fb7d0,183d972960ed59bf,R,0.05,response<0.1ms
2024-12-06 19:57:47,605be6cc7e259528,d7e9f3feffd6ebf0,R,0.06,response<0.1ms
2024-12-06 09:37:35,eb0ff1937825f170,d67e69a35fd282bd,R,0.09,response<0.1ms
2024-12-06 17:00:52,b2462b637d54234f,75daa38948147c46,R,0.04,response<0.1ms
2024-12-07 23:22:34,6753f4be48ff7b31,bf3da71ac89a5438,R,88256.76,response>60s
2024-12-07 21:56:42,b659f437828a29e2,d0f22f2df51cab1e,R,77403.66,response>60s
2024-12-08 12:10:47,b6c5187e31eaf34d,98f75cd82ba355a4,R,75711.31,response>60s
2024-12-08 11:10:40,e3031a0db55d5ce5,195f43ebe5e49467,R,0.06,response<0.1ms
2024-12-09 15:28:48,a9e1140d0b518451,f3b2dfe66104a0d5,W,60874.82,response>60s
2024-12-09 22:34:21,0983d7f7f1b69eaf,e792687f0a82b46a,R,109071.69,response>60s
2024-12-09 10:32:48,2e052d9b16e907b6,2c2213430a435ba7,R,0.05,response<0.1ms
2024-12-09 21:02:45,7238007bf75ce6ae,4ad6f410ca3778e0,R,0.05,response<0.1ms
2024-12-09 10:25:14,705fa8b80f074512,280632066e4a25c1,R,0.09,response<0.1ms
2024-12-09 14:24:35,51f6e16790d604e0,33cb59755faf33a0,R,115045.92,response>60s
2024-12-10 13:06:04,3acfa173829d4230,011fda4c7041235d,R,76838.57,response>60s
2024-12-10 11:31:34,7ec92d87e5fc583a,7049c1d5757c709d,W,82388.48,response>60s
2024-12-10 16:07:35,6b5e79afc5d844bf,e792687f0a82b46a,R,92608.90,response>60s
2024-12-10 08:13:51,0fd1dbbd2d252101,ab4285b6ac5ef1a5,W,65232.70,response>60s
2024-12-10 20:33:59,2baa16226c9b9ad5,28746a741cadb4e6,R,0.03,response<0.1ms
2024-12-11 15:00:45,bc0ad57cedbda08e,12fe617da503dc5b,R,0.05,response<0.1ms
2024-12-11 17:35:31,db9bc4bf38f9cf69,6527622261c6ead2,R,0.03,response<0.1ms
2024-12-11 08:13:35,0a772f1bde536800,bd43a43d0850ed2e,R,0.09,response<0.1ms
2024-12-11 19:32:53,a26626f8e55fd38a,5f462878c666c29a,R,108516.96,response>60s
2024-12-11 06:54:50,e7435bad22d73a87,183d972960ed59bf,R,117563.78,response>60s
2024-12-11 13:47:00,4321dd4e45684088,a12da264207c3085,R,94755.22,response>60s
2024-12-12 13:44:05,30ab643ab548ecee,2eff2ca360b07bce,R,109844.95,response>60s
2024-12-12 19:55:02,48a93ff0c714ea54,f0ed2b2d8c702bdb,R,93071.00,response>60s
2024-12-12 23:34:31,cf75d9e4ec17d073,e792687f0a82b46a,R,0.05,response<0.1ms
2024-12-12 09:26:22,d0ed2079286a8905,be1a99ada18803ae,R,69204.42,response>60s
2024-12-12 09:25:38,143fafc7b5da9a13,2adacc203fae076b,R,65870.86,response>60s
2024-12-12 08:24:43,0333c392a061dc02,055b99f19922e157,R,0.06,response<0.1ms
2024-12-13 15:27:22,5c6cd78233c90309,28746a741cadb4e6,R,67096.99,response>60s
2024-12-13 09:43:55,c3e7f22959f3c06a,14b7b6f6105bf2af,R,117245.83,response>60s
2024-12-13 10:33:16,b0ac27cdc785ba92,d5c709b1a967fe84,R,0.06,response<0.1ms
2024-12-13 18:41:40,334503df40fdbd02,ce82651fdbddac93,R,0.04,response<0.1ms
2024-12-14 09:40:27,00017bc34906fe3c,971d09dc3da1bd6a,R,0.03,response<0.1ms
2024-12-14 13:50:58,62fa47e9b5b66b54,830b6e5993ee0e64,R,0.02,response<0.1ms
2024-12-15 21:23:59,512d506a1f977a50,28746a741cadb4e6,W,64200.70,response>60s
2024-12-15 15:57:26,73a5d1d5558f733c,8e970e96811fc593,R,108163.55,response>60s
2024-12-16 15:58:22,e14c30c103db5968,54a55aae8c9e1b01,R,0.03,response<0.1ms
2024-12-16 09:28:21,58897b3256c35655,663ac46198c673ef,R,69662.30,response>60s
2024-12-16 15:23:17,b4e78ae9fb7d4a99,7085c29756810f00,R,0.09,response<0.1ms
2024-12-16 14:32:00,ffd1733877454f36,c41d15040a3f9c1a,R,0.06,response<0.1ms
2024-12-16 12:40:56,0a41dfbd2ee2c59b,29c13abc3c6267a1,R,0.07,response<0.1ms
2024-12-17 13:43:56,13c446b99e9a173c,e792687f0a82b46a,R,0.06,response<0.1ms
2024-12-17 10:15:26,bd76bce220a861a5,0295d7e07822833f,R,111971.47,response>60s
2024-12-17 09:50:28,7ec92d87e5fc583a,54a55aae8c9e1b01,R,0.04,response<0.1ms
2024-12-17 10:08:28,0a9adb43b8c92e51,795ea9feeff997cd,R,108195.44,response>60s
2024-12-17 13:39:07,1fdaa7c92d541593,28746a741cadb4e6,R,62295.57,response>60s
2024-12-18 17:40:30,905c18ad21708553,f38d43a36df2478b,R,74007.10,response>60s
2024-12-18 07:56:58,92cd9a002524c40a,8185ec8bc27b372f,R,0.03,response<0.1ms
2024-12-18 19:18:21,3fdd4982a8813159,28746a741cadb4e6,R,0.03,response<0.1ms
2024-12-18 19:30:32,35e0fd6cf022887c,9f9a48e7596e7032,R,0.08,response<0.1ms
2024-12-18 14:46:05,0a0478efb0fb61b2,9a03684742848c9f,R,66821.82,response>60s
2024-12-19 21:03:43,5b382a67d48728cc,9d12c45d0e684121,R,0.04,response<0.1ms
2024-12-19 18:42:59,51d14d650b3d1e84,ca42ed76ddd29a6c,R,0.07,response<0.1ms
2024-12-19 11:34:41,312530dd8da56eab,8c8533c0adc52a57,R,66693.91,response>60s
2024-12-19 08:20:11,c6a9cd40f594a9ac,a03ea5cb00decc88,R,76640.66,response>60s
2024-12-19 08:54:16,ec3f7fcc5b547613,9776ef53ab5df899,R,98752.17,response>60s
2024-12-20 15:06:37,5117950e283ca874,183d972960ed59bf,R,90766.42,response>60s
2024-12-20 21:23:20,a45c192b691712f8,cb791e2918da388d,R,67685.24,response>60s
2024-12-20 08:57:08,30e20b3c7de4947f,30a6e635a21ffd90,R,116384.75,response>60s
2024-12-20 14:24:17,c382bcad875a3033,0a750e0a9e7d47bc,R,79689.69,response>60s
2024-12-20 11:10:39,62021e7e1272f8b2,e6f1be6306a50523,R,0.04,response<0.1ms
2024-12-20 20:51:15,c6866c2a97955f30,aedf06c2ac625568,R,67363.43,response>60s
2024-12-21 23:19:01,60426402ff575bb0,183d972960ed59bf,R,0.04,response<0.1ms
2024-12-21 14:17:56,19ee3ceb037ffec8,6c2e79ef4f3e4102,R,0.06,response<0.1ms
2024-12-22 11:04:24,b8a10acfd3bbb35f,d5145cdbf57c6401,R,74660.26,response>60s
2024-12-22 16:10:52,11fb70ac667748fa,183d972960ed59bf,R,0.08,response<0.1ms
2024-12-23 07:37:09,810425180012d2cc,e6f1be6306a50523,R,68742.75,response>60s
2024-12-23 19:59:31,f3a632612e863d2a,7301b0223a703491,R,65558.12,response>60s
2024-12-23 03:50:33,4e0121d85f08a1ce,360ca732ba68d03d,R,83094.98,response>60s
2024-12-23 09:03:08,ca5f87469200d1f3,0482eeab42f47501,R,103008.97,response>60s
2024-12-23 16:29:11,6a7151fc7bf0fa80,183d972960ed59bf,W,72816.61,response>60s
2024-12-23 15:22:54,26c4b434568a6e85,403d6175318f0f70,R,115018.45,response>60s
2024-12-24 10:12:55,80390bdf293adee0,af6f8b6ab9b8249b,R,99087.59,response>60s
2024-12-24 13:56:05,29e00bd2566887cb,cf3131c831a72175,R,0.05,response<0.1ms
2024-12-24 09:01:22,a07ca07dad23343c,28746a741cadb4e6,W,0.05,response<0.1ms
2024-12-24 14:43:27,bf810e57e453908b,3f13cf36da680aec,R,0.05,response<0.1ms
2024-12-24 08:17:32,8bcd76e259a0c631,9c3794cda0be45f1,R,0.04,response<0.1ms
2024-12-25 08:04:04,aecd21c9917850b7,a65677533db148d0,R,91114.41,response>60s
2024-12-25 09:40:15,aad3074c090b29fe,79ad4792326ab61c,R,0.04,response<0.1ms
2024-12-25 11:33:19,ca5312f849bc67c3,9de17d7eb22b22dc,R,0.05,response<0.1ms
2024-12-25 19:12:38,da6b9964c03a4d5f,c64af35e91d64414,R,0.03,response<0.1ms
2024-12-26 14:53:35,1797523b8d071c6b,162322c88abb1c7a,R,0.06,response<0.1ms
2024-12-26 11:13:50,25e1230c5cdc0d38,2e757f4ac32fd142,R,104982.98,response>60s
2024-12-26 11:30:40,ecfc3f3ed0a9608f,dd240ae697d78419,R,73544.44,response>60s
2024-12-26 10:16:36,fd4555a627b0fd3f,28746a741cadb4e6,R,0.08,response<0.1ms
2024-12-26 13:28:12,f813b4054ab697bb,9e29cb46be636b35,W,0.03,response<0.1ms
2024-12-27 20:58:11,94586e577462f4a7,bf2c0edfc76ce902,R,0.07,response<0.1ms
2024-12-27 15:21:02,eae89bcaeca3d588,ebc02b8a0cda9cd7,R,102666.39,response>60s
2024-12-27 10:18:41,437a62cdbc04a883,a3ce22fde35e38af,W,0.07,response<0.1ms
2024-12-27 16:06:25,c84d27e9cf896aaa,e792687f0a82b46a,R,0.02,response<0.1ms
2024-12-28 18:25:59,347b08436ed978ae,a40e278aff1c31f3,R,68900.61,response>60s
2024-12-28 15:15:21,be03a58bf5a30999,5ae485442f5ad77f,R,0.05,response<0.1ms
2024-12-29 12:43:42,bfc7d3a9e2b7d4bb,31e5809f74710f5b,R,0.08,response<0.1ms
2024-12-29 08:39:04,0996252e536bc51a,5b3ff0b03147755e,R,0.09,response<0.1ms
2024-12-30 16:43:46,7af4c1c9d5c3181c,3cbd875581a76658,R,93182.63,response>60s
2024-12-30 15:35:14,8936ddffe1a94091,28746a741cadb4e6,W,100100.79,response>60s
2024-12-30 09:06:28,99a8aebff06dbf4b,183d972960ed59bf,R,99197.60,response>60s
2024-12-30 12:50:31,278e724f79b9bd8e,183d972960ed59bf,R,0.04,response<0.1ms
2024-12-30 18:23:40,5130f758c747b64a,588d0e18ac64ca89,R,115941.79,response>60s
2024-12-31 23:16:49,47700ad1cefde942,f5b376505beab3b6,R,0.08,response<0.1ms
2024-12-31 11:34:19,1636b843e91535b4,6bd4c00f9df3d8d8,R,63818.77,response>60s
2024-12-31 10:20:56,34426a808cf51245,28746a741cadb4e6,R,0.07,response<0.1ms
2024-12-31 14:31:39,e3814eb3a8225416,962582f5e057a9f0,R,0.05,response<0.1ms
2025-01-01 10:13:04,da99405be300e134,a3aeae330838759b,R,113882.93,response>60s
2025-01-01 21:34:10,480673d77d6e0341,4b4efa9fd5d38a23,R,0.08,response<0.1ms
2025-01-01 11:04:19,6c90ed0fdac44378,4da3c2566e359e15,R,0.06,response<0.1ms
2025-01-01 08:14:31,3d02ee133d83ee59,f8d9c804dde30219,R,78815.15,response>60s
2025-01-01 10:07:42,664d51d0d46bc9d5,50942f806deff37c,R,66049.97,response>60s
2025-01-02 08:21:15,306ff7ba0b238702,e9b2a8c1853d77e4,R,0.07,response<0.1ms
2025-01-02 21:14:10,0a541ed133b24a7e,546440135328ee2b,R,117202.92,response>60s
2025-01-02 17:57:08,5c9df780433e78dd,e792687f0a82b46a,R,86690.61,response>60s
2025-01-02 16:06:22,362a3a37cfed88af,9f69ba77c6ca33ee,R,72289.47,response>60s
2025-01-02 15:23:28,9357879044fad5f1,8e970e96811fc593,R,61036.57,response>60s
2025-01-03 10:28:13,a9ad16e7244e67ba,ce02391a669dcee4,R,73696.87,response>60s
2025-01-03 13:50:20,4da4ac1f6efe1e09,e792687f0a82b46a,R,0.08,response<0.1ms
2025-01-03 18:00:51,2bd57a22fe278da0,183d972960ed59bf,R,0.07,response<0.1ms
2025-01-03 15:43:55,44b8ea66cdcfcaca,28746a741cadb4e6,R,68155.07,response>60s
2025-01-03 13:25:46,78acfaab3ebfc9b7,1788e89d0f17dd28,W,0.07,response<0.1ms
2025-01-04 15:43:19,064eae062799d18c,b0f8849c094bb9a6,R,0.04,response<0.1ms
2025-01-04 11:35:42,78154270b4022eb0,20fd5f3124aa6147,R,0.05,response<0.1ms
2025-01-05 16:45:32,465763116e9f80b9,e6364143c0652455,R,91797.70,response>60s
2025-01-05 08:31:55,d3fbe43b8cecf010,be112bc63cb7a5af,R,0.07,response<0.1ms
2025-01-06 20:28:05,cab3b51dc12e1af7,183d972960ed59bf,R,0.06,response<0.1ms
2025-01-06 09:45:13,56ad9fe056c56b60,edc5b500c8763305,W,80314.56,response>60s
2025-01-06 11:32:08,91c6a9a03a127f58,97d7ad917bd0f4f9,R,107466.04,response>60s
2025-01-06 09:25:05,ffdb8536a3bc7043,28746a741cadb4e6,R,75396.40,response>60s
2025-01-06 18:48:40,b48cff5039c13f39,444060f78a9a7efb,R,0.08,response<0.1ms
2025-01-06 20:21:53,20940d534948e1de,85b8635695f5b7cc,R,0.09,response<0.1ms
2025-01-06 16:41:49,a6deff15ceaf054b,be359af3879ee5f8,R,107388.43,response>60s
2025-01-06 11:15:04,bd4252d310016edd,f8e40d2b5c805b64,W,60054.50,response>60s
2025-01-06 11:24:51,e3f52eba5ab26086,900787c442233779,R,0.06,response<0.1ms
2025-01-06 09:46:54,48eabdc9de2805f9,4781a09ace82e5a5,W,93028.59,response>60s
2025-01-06 08:24:40,d667c34312eac5b1,2eb946cb5742aed6,R,0.04,response<0.1ms
2025-01-06 09:21:00,0166e6083a7aee41,603f51df237394ac,R,79374.27,response>60s
2025-01-06 16:14:09,7d7a84904b15be23,9d7dffaaa2405654,R,115898.69,response>60s
2025-01-06 19:17:54,1152c3b6fac9a406,28d45db5a92c357d,R,70321.72,response>60s
2025-01-06 11:25:50,dd2e86c7a2ec43d9,f827873950a2871a,R,94104.57,response>60s
2025-01-06 14:07:40,124fadecb8a498fd,e9b2a8c1853d77e4,R,113193.16,response>60s
2025-01-06 10:22:26,68d3c4471b5c0cda,fc6e51647ff813bf,W,0.02,response<0.1ms
2025-01-07 20:43:07,bf1b8b5e7b87a021,183d972960ed59bf,R,103827.89,response>60s
2025-01-07 13:55:14,a2a7c5c5140da4d8,183d972960ed59bf,R,0.06,response<0.1ms
2025-01-07 15:13:56,c6603a54e79988d1,1ad851ee84b19352,R,79314.77,response>60s
2025-01-07 09:45:58,b6ab53282aa433e8,38e5d15843e256d6,R,0.09,response<0.1ms
2025-01-07 11:10:12,2e297578b41a3f19,a3aeae330838759b,R,108763.73,response>60s
2025-01-07 16:00:28,fe9f89f07b57a5dd,55000700bff04f81,R,110626.27,response>60s
2025-01-07 17:14:33,dea106ee310e203a,183d972960ed59bf,R,0.06,response<0.1ms
2025-01-07 10:05:19,5425c3201a8b09fd,a8eb0b27a0c35cb7,R,0.08,response<0.1ms
2025-01-07 14:46:30,c366b16a709a3bd5,99fef4b656d934a7,R,116093.30,response>60s
2025-01-07 15:51:38,2003f361d03414e2,dceb42a4e1ff2fc5,R,0.05,response<0.1ms
2025-01-07 18:00:59,13dc7dbd2e1078d6,3a3554ea02928eeb,R,0.02,response<0.1ms
2025-01-07 17:58:51,8c8d2e2dc5edaa11,71b7b672a4590c6c,R,92083.65,response>60s
2025-01-07 20:43:31,2499a7f0555bcf11,4b68990fdc41e1a6,R,0.05,response<0.1ms
2025-01-07 17:52:48,8089ae953b84c0e6,183d972960ed59bf,R,0.06,response<0.1ms
2025-01-07 09:26:23,e11f59849a03b77c,bcf15a64a9d8f363,R,76385.08,response>60s
2025-01-07 08:29:30,91aac0fc2cde6e86,7e9035bbfa65a2ba,R,0.05,response<0.1ms
2025-01-08 07:55:00,36032724576bf7c8,6cbb04d6cadf32b1,R,94079.35,response>60s
2025-01-08 22:03:55,f62f9b2bce87d127,8e970e96811fc593,R,0.04,response<0.1ms
2025-01-08 10:25:03,d063eb5c8c06d778,c2b6f1f2ea6effd4,R,79494.18,response>60s
2025-01-08 15:58:04,0e37fa25ee9cf2e6,0bd7129df44676ea,R,114651.41,response>60s
2025-01-08 21:01:50,60d4ca9566e899f8,7bc2d47d0367b588,R,65943.22,response>60s
2025-01-08 20:11:49,7ed29d537df4bfb1,183d972960ed59bf,R,98705.27,response>60s
2025-01-08 15:36:53,dbb967ff02629865,693faa108376d7be,R,65674.57,response>60s
2025-01-08 13:51:30,352f7f182eaf487f,c353affdc81e3cef,R,0.07,response<0.1ms
2025-01-08 19:06:14,1ba213bd0422bd5f,585f7824d7d4be9d,R,0.06,response<0.1ms
2025-01-08 20:23:46,1e43f5dee7f71f56,06aefc7c7eec008f,R,0.05,response<0.1ms
2025-01-08 10:16:20,ecf5737cb7ed683b,28746a741cadb4e6,R,0.07,response<0.1ms
2025-01-08 18:23:33,892ae6ce84c1e3cb,5257b0a391fbf393,R,0.09,response<0.1ms
2025-01-08 13:24:58,dee2613b6edfe51a,06aefc7c7eec008f,R,100345.37,response>60s
2025-01-08 09:23:46,3e7bd2a09b6afe60,06aefc7c7eec008f,W,78879.72,response>60s
2025-01-08 15:24:19,d10e5913d16dc47f,161d0df37020151a,R,83084.64,response>60s
2025-01-09 23:54:52,38c3be70f39ce49f,4fcf35a308a9ecec,R,0.07,response<0.1ms
2025-01-09 15:52:45,6b96de3a5ebd0be8,7df837067dcf725c,R,0.09,response<0.1ms
2025-01-09 14:49:33,1e6f8abec0082bd3,06aefc7c7eec008f,R,73782.08,response>60s
2025-01-09 19:52:44,5775257756ae3b94,f00b69e8eb8692ce,R,97361.14,response>60s
2025-01-09 08:47:50,035b5f1cfb10fb4e,06aefc7c7eec008f,R,0.05,response<0.1ms
2025-01-09 13:07:55,6daa8e790e57f90b,7f2ad864dc0c9112,R,65578.42,response>60s
2025-01-09 08:30:44,be903c892bac1dc3,38726a26e23759d1,R,98804.18,response>60s
2025-01-09 12:05:02,702a9b212b474736,88d3a9fca5f4a0b3,R,0.06,response<0.1ms
2025-01-09 09:26:24,e88244fb429604d0,699576b1c93fc3dc,R,116312.30,response>60s
2025-01-09 19:10:30,266c250f7c20fdef,183d972960ed59bf,R,0.04,response<0.1ms
2025-01-09 20:41:34,54230f3c775920dd,6b1ec94a1d1d7a12,R,76641.87,response>60s
2025-01-09 09:28:37,281015e7b8355842,6527622261c6ead2,R,0.05,response<0.1ms
2025-01-09 10:57:48,be859210426fa977,dcc889c928b7ee2f,R,100093.15,response>60s
2025-01-09 15:25:18,56402f656093f62c,7554a66bbe56a55e,R,109126.08,response>60s
2025-01-09 21:16:50,5dd9c18efd15141d,2f1d50f89a3ae9f0,W,100752.84,response>60s
2025-01-09 09:35:31,ac98816b7b6d13a7,b38aac69b668fa25,R,0.04,response<0.1ms
2025-01-09 07:59:49,18ff9575f5593a76,ba2e69e648afb52d,R,81349.62,response>60s
2025-01-09 17:48:00,148d31e101f0a60d,e62707c1b5be107d,R,0.07,response<0.1ms
2025-01-10 14:58:49,d10c00c48ce3bc1d,d8d264b97aa284c3,R,0.05,response<0.1ms
2025-01-10 15:06:16,cf6d79f7b889f744,42fdedf64f48e907,W,0.08,response<0.1ms
2025-01-10 16:43:06,b84b45a6c86ac92e,482adaa1329f7276,W,0.04,response<0.1ms
2025-01-10 15:36:03,d9d1f2ba0f6f5eb0,28746a741cadb4e6,R,88720.09,response>60s
2025-01-10 20:54:16,e17a67d61959688c,a8da80d03a5f3e8c,W,0.03,response<0.1ms
2025-01-10 16:11:52,fc09673443bc4cdb,183d972960ed59bf,R,95849.88,response>60s
2025-01-10 08:30:12,f542419740c3d3ea,f21155db8caf545f,W,0.02,response<0.1ms
2025-01-10 08:26:33,61afc02bd0c46231,5a9b7a56eb80106e,R,61148.03,response>60s
2025-01-10 21:00:47,e1c57de196e30106,183d972960ed59bf,R,0.03,response<0.1ms
2025-01-10 09:06:24,758c7b4b60ac55ea,b27c692e1eab903e,R,101810.87,response>60s
2025-01-10 20:43:08,b10d49e1261e6316,4cc4f2bf230e66d6,R,0.06,response<0.1ms
2025-01-10 15:59:03,96a920eaa49b9f12,e90f886c2632153c,R,0.04,response<0.1ms
2025-01-10 14:16:51,cc9c29aa214cde16,585ada01fad0137f,R,99221.54,response>60s
2025-01-10 09:52:09,7311811f2dd86784,06aefc7c7eec008f,W,0.08,response<0.1ms
2025-01-10 15:48:34,de7e88dc5359769c,183d972960ed59bf,R,0.08,response<0.1ms
2025-01-10 20:05:38,5cdb7bbe86cf52a8,eeffb0c045196225,R,72350.16,response>60s
2025-01-10 17:05:24,2bd57a22fe278da0,bb8340cedddfd7e8,R,0.04,response<0.1ms
2025-01-10 20:16:16,75cb4fd2c32c1e0e,162322c88abb1c7a,R,110817.14,response>60s
2025-01-11 21:54:00,f3fb53400642e462,a3aeae330838759b,W,111405.34,response>60s
2025-01-11 15:22:31,6138732e2f401b77,c7a32be7d6e0e44c,R,0.04,response<0.1ms
2025-01-11 07:00:58,2c4d43caef2ee91c,9194a408a1448361,R,0.05,response<0.1ms
2025-01-11 08:45:18,70a93f2c3c6659ff,30b795c2d7907a5f,R,0.08,response<0.1ms
2025-01-11 14:18:57,636b6967d806b124,7aee022c4fc47bbe,R,105300.28,response>60s
2025-01-11 09:55:07,1095c7c00e786701,3866e45189aafa32,R,100788.65,response>60s
2025-01-11 13:12:30,3de50537911f5695,183d972960ed59bf,R,87070.98,response>60s
2025-01-11 10:44:37,4bfcbe1e076f4f3b,0830489f1aa7bca4,R,71155.28,response>60s
2025-01-11 18:38:12,d5b82c24133c26d5,61cb6b8340977e35,R,0.02,response<0.1ms
2025-01-11 20:40:28,6cfe0b1f293f927b,183d972960ed59bf,R,110573.91,response>60s
2025-01-11 22:06:45,6b3a6ba63160923e,162322c88abb1c7a,R,0.07,response<0.1ms
2025-01-11 08:23:43,f48232c98d9e7178,8e6dc813bd9364b7,R,99086.87,response>60s
2025-01-11 14:51:17,36078735f259f37b,6448a4c30780e32e,R,81524.37,response>60s
2025-01-12 21:01:04,2bfa1527febc85b7,b1d23847513f62c0,R,0.04,response<0.1ms
2025-01-12 17:34:36,81f408b78a76673d,fa9295cfb59a4e13,R,0.03,response<0.1ms
2025-01-12 07:44:18,56dc7461f6c68f03,9c31364e1e6c110f,R,0.05,response<0.1ms
2025-01-12 21:08:31,bca4aeac8378e95a,4a649b51960ddf39,R,106989.81,response>60s
2025-01-12 07:22:09,d583f73140add535,945a6a5550734a67,R,77984.44,response>60s
2025-01-12 08:28:44,b58a6586ef6a388c,acb10943f8774b8d,R,0.07,response<0.1ms
2025-01-12 10:18:05,0dba9ebc0bac4809,8e970e96811fc593,R,66397.89,response>60s
2025-01-12 15:26:57,8e9cb7285f0c0767,a1b16eba6be57452,W,0.08,response<0.1ms
2025-01-12 10:06:18,d0ef62bc083de451,71872d998b0c24c9,W,103094.54,response>60s
2025-01-13 11:38:00,f44059ca19838b18,a029d6ba160af335,R,0.03,response<0.1ms
2025-01-13 14:01:53,bfd236daf93a0ab6,8559d32e0ead7ce7,R,0.08,response<0.1ms
2025-01-13 14:49:35,590a40352ffac852,923abba549e55c5a,R,64196.61,response>60s
2025-01-13 14:57:11,cf3dab72912ae206,8c2b223b29565665,W,111806.45,response>60s
2025-01-13 21:42:13,82e1ee65bedab237,9de4ea8e36a8dafc,W,0.07,response<0.1ms
2025-01-13 08:20:47,30b332624442b1a7,28746a741cadb4e6,R,66894.68,response>60s
2025-01-13 09:40:48,d15b68350d414fe3,c3e585d1f24bd022,R,0.04,response<0.1ms
2025-01-13 18:23:38,815a4acc16d3e2e4,b7ac6cb4905ea6b4,R,0.05,response<0.1ms
2025-01-13 11:20:53,59a1a0f97e082950,e59df09f5bd0cc42,W,0.06,response<0.1ms
2025-01-13 11:18:37,ef624757687e2348,28746a741cadb4e6,R,60147.11,response>60s
2025-01-13 13:27:11,4bf77bee80cb7963,40524b08015508fc,R,65664.80,response>60s
2025-01-13 22:48:20,56e76c226c667733,49c757da1744adf1,R,94263.71,response>60s
2025-01-13 09:02:20,396eeb4555e88a76,024e3aa14e919d80,R,104788.79,response>60s
2025-01-13 10:32:09,f4686bae8c4bd6f4,73fa52eb5404f32a,R,88768.99,response>60s
2025-01-13 15:50:57,37133867da02f229,ad048690ab3f2b49,R,111522.98,response>60s
2025-01-13 10:00:40,38c3be70f39ce49f,148b02375b9d2d6a,R,0.03,response<0.1ms
2025-01-13 21:20:11,68028943a3513d95,85c2aba4ceabc578,R,88176.63,response>60s
2025-01-13 09:29:34,cd0a9a2db09a2413,3d35243a014fe564,R,106359.68,response>60s
2025-01-13 20:56:47,0552e5bdb78afdf8,df14970037bd415e,R,81724.44,response>60s
2025-01-13 16:54:36,fbf1c275eb34f3ac,89476aed46c253bb,R,105014.78,response>60s
2025-01-14 11:28:52,2de5ebb1a2768df7,183d972960ed59bf,R,0.06,response<0.1ms
2025-01-14 20:39:23,911973bac3e2e603,c1236d792d82d246,R,94227.94,response>60s
2025-01-14 13:49:27,c263e039f30fd2f9,8e970e96811fc593,R,117962.59,response>60s
2025-01-14 08:32:52,71acd5d0c051c996,183d972960ed59bf,R,0.04,response<0.1ms
2025-01-14 09:03:39,77a79327fa2eaf22,160bba27dddecac2,R,100446.56,response>60s
2025-01-14 14:24:23,227a3d2e44d75df4,643003417d05c15b,R,108268.47,response>60s
2025-01-14 10:58:15,474141fc2f6cde20,2ab47d0dafa53eb4,W,0.06,response<0.1ms
2025-01-14 17:43:09,2362c1b0533d6e23,183d972960ed59bf,R,66197.46,response>60s
2025-01-14 17:53:01,fe89a0c609ed4bc6,183d972960ed59bf,R,76249.52,response>60s
2025-01-14 11:34:54,7226518e238016cf,5519a889813cdebe,R,0.06,response<0.1ms
2025-01-14 08:52:11,5ea56df4ae9b686e,183d972960ed59bf,R,76039.36,response>60s
2025-01-14 10:18:14,04df9a3804b3a520,3bdd95f94e4fac6b,R,0.07,response<0.1ms
2025-01-14 15:03:33,5e98265b56811042,183d972960ed59bf,R,115190.06,response>60s
2025-01-14 17:58:09,dd789a41ddd93101,d4a42ef9a183b1d5,R,79813.65,response>60s
2025-01-14 19:55:21,499d70aa36af08fe,5eb6deac7f8db59e,R,0.05,response<0.1ms
2025-01-14 13:27:17,8a0d413a6c296881,6450536e3aefbae7,R,0.06,response<0.1ms
2025-01-14 17:24:33,8ca9128c04f57454,853638baf3162892,R,90585.86,response>60s
2025-01-14 11:28:12,5f5e1a4a5e625b7d,eab724899ea4160f,W,113177.85,response>60s
2025-01-14 19:21:19,d4da1f97fbc7b8ce,77821aa77abc93c7,R,85777.88,response>60s
2025-01-14 22:16:45,09eb0b03a6481a59,d192c080ffe5e34f,R,93091.39,response>60s
2025-01-14 20:06:01,5184664507687116,738552fe9f608db1,R,79111.54,response>60s
2025-01-15 15:41:46,0a772f1bde536800,a4c089985b17c447,R,72068.05,response>60s
2025-01-15 14:52:33,26c98c9ff4abec67,162322c88abb1c7a,R,111351.94,response>60s
2025-01-15 20:57:05,e64112d3763f5305,183d972960ed59bf,R,0.06,response<0.1ms
2025-01-15 20:03:32,147a3f535c472688,304dcd2a7bd4a28d,R,107955.46,response>60s
2025-01-15 16:02:43,ce12e1080657a50b,12b8cb97a6989d1a,R,102130.35,response>60s
2025-01-15 20:39:01,52b0c2b1be1a946e,222680598ebcecad,W,103599.23,response>60s
2025-01-15 18:06:11,e82d213b9b6014d4,9d1989ae1626dc1e,R,100045.05,response>60s
2025-01-15 16:43:31,df6fca0f3d38e3dd,31f79774fcdb35e4,W,0.04,response<0.1ms
2025-01-15 22:46:01,1029e7cea5a1b666,28746a741cadb4e6,W,0.05,response<0.1ms
2025-01-15 17:20:46,8fda449ecaf4bb1e,26359d724186e5a8,R,104255.20,response>60s
2025-01-15 20:03:04,04a389515751ea11,fa346f233dbabcc2,R,0.06,response<0.1ms
2025-01-15 15:10:59,b14588b7a468da0a,5972d66c6fcddc8c,R,68222.18,response>60s
2025-01-15 21:12:27,49c339ea0d0fb9c4,1c348a6809ca8f51,R,0.04,response<0.1ms
2025-01-15 11:31:22,15be27d50108905c,01d1f42d5a676fea,W,108336.65,response>60s
2025-01-15 21:10:30,36078735f259f37b,d73246e52e2ecc26,W,107580.11,response>60s
2025-01-15 20:39:10,9e41952cbf7e03ec,95a9540b2edfa858,R,0.08,response<0.1ms
2025-01-15 10:59:09,d86e4d4567fa8628,5f498cac4deb5766,R,96922.39,response>60s
2025-01-16 11:34:18,d98f1f01702cc602,f80d0f3ca13abebd,R,69464.39,response>60s
2025-01-16 09:27:31,64fbd23c50f81850,943f8fd3b4e538ab,R,65962.39,response>60s
2025-01-16 09:58:45,b22f4650ce4efc1a,ef0e95305355a20e,R,82402.95,response>60s
2025-01-16 14:49:55,88b7af94cb375121,162322c88abb1c7a,R,82079.10,response>60s
2025-01-17 20:14:01,8a092f28ad72ee68,91990923b5cf6851,R,0.02,response<0.1ms
2025-01-17 09:48:26,14cd851d156edf71,6cb3765e1f2262c3,R,89726.13,response>60s
2025-01-17 11:08:33,21fa2493b96f251a,183d972960ed59bf,R,0.06,response<0.1ms
2025-01-17 09:14:05,df5c0cf729d5e35e,e92bc00da96ab029,R,0.09,response<0.1ms
2025-01-17 17:41:50,6401c4f79ee08d8d,643003417d05c15b,R,0.04,response<0.1ms
2025-01-17 21:24:50,f57754cde1dc6212,183d972960ed59bf,R,76161.13,response>60s
2025-01-18 22:02:04,787f1e55cb0b9326,183d972960ed59bf,R,0.08,response<0.1ms
2025-01-18 20:01:17,f5e1a59416028adf,06aefc7c7eec008f,R,75477.14,response>60s
2025-01-19 20:29:37,8ca9128c04f57454,26ed888694fc9bd4,R,67372.21,response>60s
2025-01-19 09:35:00,6c4168e43e381e31,28746a741cadb4e6,R,109959.28,response>60s
2025-01-20 08:50:03,bdfa112d466c492c,b55b7eafe04338d0,W,108314.90,response>60s
2025-01-20 09:54:59,9e5389832b1d831c,b8343f203ac50181,R,0.07,response<0.1ms
2025-01-20 10:18:55,fae4d402917df4e2,103642a40a8d547b,R,0.05,response<0.1ms
2025-01-20 11:39:02,538b5511a5f114ea,28746a741cadb4e6,R,77529.47,response>60s
2025-01-20 10:01:14,a848edb7847f08be,754359d955e145ba,R,76224.46,response>60s
2025-01-21 22:56:06,5d6ab2ea595fc7d1,c08a9c623b7aa1b5,R,69370.41,response>60s
2025-01-21 14:13:20,8be55a4a6361989b,2231667cc3d9e150,R,71731.25,response>60s
2025-01-21 14:54:07,a44a7c8169f4e4dc,f835328af4e5a3f8,R,0.05,response<0.1ms
2025-01-21 21:46:46,83c292e6939b4b96,2a4dcf6bdce83d12,R,86704.82,response>60s
2025-01-21 08:33:19,d26f5fdba8914bac,5772183755f5e338,R,0.02,response<0.1ms
2025-01-22 07:26:04,e565242ae4ce482f,96c13e96d9e74162,R,0.06,response<0.1ms
2025-01-22 16:57:08,4071fbf351e724fb,c27ae3054103c401,R,0.07,response<0.1ms
2025-01-22 16:34:14,3e9bedc6eb0b8147,183d972960ed59bf,R,0.03,response<0.1ms
2025-01-22 14:59:07,7409f7bd57bbd86e,bfd9a8448b21abd3,R,90813.05,response>60s
2025-01-22 23:20:17,36721b3cca3cd446,450c24111f0d3149,R,0.06,response<0.1ms
2025-01-22 10:01:35,db42e87a72100650,331460a97be0c19b,R,91331.05,response>60s
2025-01-23 10:22:58,ace3863074e022c7,5e7c097bd5d2b1be,R,0.08,response<0.1ms
2025-01-23 20:25:03,b3bfc4f337bab88c,fa1f4c0d4c667760,R,0.09,response<0.1ms
2025-01-23 15:17:40,901e655a8f30607b,800a9238eafb2048,R,0.08,response<0.1ms
2025-01-23 19:41:17,f5baa2ff70456f62,ab0982a3cef08274,R,86374.76,response>60s
2025-01-23 07:57:09,44b73873e7de5c5c,18ff42f6d8dc5321,R,70909.66,response>60s
2025-01-23 16:26:07,b521b7010e7a04d7,89acfd071e5e4f0d,R,102318.45,response>60s
2025-01-24 21:22:15,ca9547e352b49ef8,398f35b8d1a1e666,R,117368.47,response>60s
2025-01-24 15:54:58,cd0b5b36f8cbaa81,d33e71ba55b3668d,R,0.04,response<0.1ms
2025-01-24 14:05:39,756c00ba35fe2a5a,b1edac2e8c275672,R,89503.13,response>60s
2025-01-24 09:19:01,bfcd559b6f379b32,1bdcb78b3b1271d8,R,91941.18,response>60s
2025-01-24 13:16:01,3388c52615e0de8e,e2de2a5e1809431a,R,0.08,response<0.1ms
2025-01-25 22:35:23,bcb45d5c8a02178a,fa22c58c57273962,R,0.03,response<0.1ms
2025-01-25 10:56:50,c897b09fd38d1195,183d972960ed59bf,R,96626.96,response>60s
2025-01-26 09:46:47,540855e056ce7336,e6f1be6306a50523,R,87724.47,response>60s
2025-01-26 21:24:27,94d7b00bde0e4570,6bfa2d8fadf8b5b2,W,0.08,response<0.1ms
2025-01-27 13:53:29,e9ea24a07b15ed99,c7dc3787bd48e5d2,R,0.05,response<0.1ms
2025-01-28 21:52:51,a42aa185c62e45db,1e6fd0d5f41fd49c,R,67825.87,response>60s
2025-01-29 16:01:10,6932b021b9ac5a8d,4dec6c72fc95f254,R,98588.15,response>60s
2025-01-30 08:38:49,12489ecd27375b85,28746a741cadb4e6,W,0.06,response<0.1ms
2025-01-31 09:51:10,fb0d613092bf7fb5,183d972960ed59bf,R,0.03,response<0.1ms
2025-02-01 14:14:19,1a5f76753f27dc05,b504027e9533e91b,R,83939.44,response>60s
2025-02-02 12:37:34,1a50c39e731c43c0,4f0810e381cce1b2,R,60942.05,response>60s
2025-02-03 16:34:42,4f18722a9fe95b30,667285343dd3b473,R,83188.28,response>60s
2025-02-04 13:28:10,6802f56770bb4c95,aae24671eb102300,W,76706.33,response>60s
2025-02-05 19:02:59,45fa3e8c0586e142,d796aaae855deca8,R,69069.76,response>60s
2025-02-06 13:25:15,11ac2c6c07815f90,c29b666045345fba,R,62253.74,response>60s
2025-02-07 06:52:48,d217aa34f0a3a497,d82c5610028c9671,R,84012.63,response>60s
2025-02-07 07:42:48,c1075bf287929499,62576f96ba868742,R,0.07,response<0.1ms
2025-02-08 19:22:15,bd99bdbffe5c7f15,06aefc7c7eec008f,R,102426.00,response>60s
2025-02-09 20:02:38,a0855c13b89a685e,cf1ed6a30bb690bd,R,0.08,response<0.1ms
2025-02-09 15:04:12,812c83f0ab30e42d,28746a741cadb4e6,W,68891.36,response>60s
2025-02-10 15:09:07,1a0775e5a5285333,3590b91c489f3233,R,113317.35,response>60s
2025-02-11 09:36:49,bce5e46eae083a03,06aefc7c7eec008f,R,88356.40,response>60s
2025-02-12 09:56:11,a07f20a50b148a69,cfc98f64262f5072,R,67482.78,response>60s
2025-02-13 11:03:22,64a631d18761641c,9bcdd516a4335818,R,108773.27,response>60s
2025-02-13 19:58:10,e6668aaf8b08907c,b7ed27582f18d1ed,R,0.09,response<0.1ms
2025-02-14 20:29:45,a4e03ecc2d1935ad,183d972960ed59bf,R,90757.77,response>60s
2025-02-15 19:01:13,a480b3e46886e4ee,06178ace91d08832,R,0.04,response<0.1ms
2025-02-15 09:38:52,70b093c0ad007c7f,06aefc7c7eec008f,R,101870.45,response>60s
2025-02-16 15:13:15,bebe4cf6597fa632,b3805768b8041acf,R,0.08,response<0.1ms
2025-02-16 15:05:05,5df11f10ca9e486d,27248113433200a3,R,0.06,response<0.1ms
2025-02-17 08:39:35,f6bd0cb814b61983,b9cc3e62e0c46258,R,67995.49,response>60s
2025-02-18 16:20:10,f500240c823ef274,643003417d05c15b,R,0.04,response<0.1ms
2025-02-19 20:47:18,2ee3ba73aad04e40,183d972960ed59bf,R,102838.29,response>60s
2025-02-20 22:39:38,6b6db454dad78a01,1d7b67cc76d9e16c,R,111732.83,response>60s
2025-02-21 09:53:43,16102651e9f72e04,183d972960ed59bf,R,63194.84,response>60s
2025-02-22 15:43:02,6439e37599fe1a1c,06aefc7c7eec008f,R,95602.47,response>60s
2025-02-23 08:59:13,4060e6a3dbc7f85a,9c21378bbeb8085a,R,0.04,response<0.1ms
2025-02-24 15:51:13,e64112d3763f5305,10d600c982c5d101,R,0.07,response<0.1ms
2025-02-24 10:31:32,787fd517d5af479e,06aefc7c7eec008f,R,0.06,response<0.1ms
2025-02-24 08:23:22,26f049403483c462,af6f8b6ab9b8249b,R,0.04,response<0.1ms
2025-02-24 13:22:26,9e5389832b1d831c,183d972960ed59bf,R,0.08,response<0.1ms
2025-02-24 08:48:17,b67f1a8b2c14052c,d1fcac93e9042fc7,R,60233.72,response>60s
2025-02-24 10:05:36,c311edb4c16d7a25,3dfe57728cf16d2b,W,0.06,response<0.1ms
2025-02-24 08:33:27,d5ca9fcf554e9a37,b21e2a92f876ce3d,R,0.05,response<0.1ms
2025-02-24 10:01:22,ff8423b94cc0ce6e,183d972960ed59bf,R,68860.46,response>60s
2025-02-24 10:31:41,7e851c24985f0032,73aed81f70b9dc70,R,83358.10,response>60s
2025-02-24 21:10:34,c2fbedb53531b30d,de8c8e77816aea44,R,0.03,response<0.1ms
2025-02-25 09:21:58,50174fb871b98a77,9c1491568544b05a,R,85696.69,response>60s
2025-02-25 10:34:25,79bdb9a65ef6c58c,65ac77602e30f60e,R,0.05,response<0.1ms
2025-02-25 18:01:54,efdb97d85c2059dd,87dfb66a8e336194,R,93350.96,response>60s
2025-02-25 11:18:19,c7fe4bdc24ed6414,183d972960ed59bf,R,0.09,response<0.1ms
2025-02-25 08:07:53,5344c43de167d3a6,154afd3b56c60ac0,W,0.04,response<0.1ms
2025-02-25 11:59:33,788a7c562ce6c669,183d972960ed59bf,R,0.04,response<0.1ms
2025-02-25 16:11:04,1d44fd995d9cc51f,c04f4ba77f5f7007,R,84576.92,response>60s
2025-02-25 00:42:30,ce382a952b57c42c,841b64d6536a81f8,R,85839.11,response>60s
2025-02-25 21:36:44,c0815aec62dc9add,d543fcf9eafbcb95,R,78538.41,response>60s
2025-02-26 14:02:42,bc5e7162e7577b9e,c82ad872f5d09a44,R,92017.23,response>60s
2025-02-26 17:17:09,613795dd3ec801a2,0f6221e8e25d8a4a,R,0.04,response<0.1ms
2025-02-26 21:53:07,1abd867150bb1e95,104c2aa7559da9da,R,63636.68,response>60s
2025-02-26 20:12:08,61253c01f1e04b8c,a49219ff60443041,R,81388.53,response>60s
2025-02-26 19:42:13,aaed64cd1deec4a9,0358548263177bc6,W,0.04,response<0.1ms
2025-02-26 09:50:10,15a2316d3b43aa95,06aefc7c7eec008f,R,63208.84,response>60s
2025-02-26 16:06:07,fb44ad08affab2fa,5fbb3c7c034f86f9,R,69092.17,response>60s
2025-02-26 12:57:10,d458ffd82a276690,183d972960ed59bf,R,0.08,response<0.1ms
2025-02-27 10:21:14,d6252aa1d689aafb,09b40b6c0f084d0a,R,112006.49,response>60s
2025-02-27 09:59:51,d291d7069650fcb5,9ef2f53f10a2e729,R,0.04,response<0.1ms
2025-02-27 20:37:48,6f120780a9ff4e05,2c1ba99929fce72f,R,0.05,response<0.1ms
2025-02-27 12:36:51,f5d86900607df1be,ca457e811aa851ac,R,109413.50,response>60s
2025-02-27 19:41:26,e19201885286380e,79c7596feda736d3,R,61309.54,response>60s
2025-02-27 09:17:00,bc404015827674f2,9115285e3e7ebabd,W,0.06,response<0.1ms
2025-02-27 20:05:05,a1a12b0262341e04,1bd0078a76b99570,R,83934.12,response>60s
2025-02-27 07:55:56,2ec890b6eece07a2,20fd5f3124aa6147,R,0.08,response<0.1ms
2025-02-27 20:35:24,83eae7000226c888,391030c9a10965bb,R,107776.00,response>60s
2025-02-28 09:19:39,15916c9298ab8600,643003417d05c15b,R,84162.29,response>60s
2025-02-28 08:03:06,d4b16f1c35bac728,ff21d06185ad37e1,R,0.04,response<0.1ms
2025-02-28 13:57:36,35704eb192aa8bfb,874836d6b1998108,R,0.02,response<0.1ms
2025-02-28 10:09:25,ffb5512a11a5ba33,1899100b757dba32,R,0.03,response<0.1ms
2025-02-28 10:23:23,efedc5160008a5d7,6a7451fe677f85d2,R,0.08,response<0.1ms
2025-02-28 14:58:06,5ce7dbafc418bbce,c1523c23b9c25081,R,80802.11,response>60s
2025-02-28 07:46:43,93c60cf0ca872e82,738552fe9f608db1,R,73565.57,response>60s
2025-02-28 14:40:57,3a260d0982128542,b83b226588afd775,R,0.05,response<0.1ms
2025-02-28 16:19:56,4427198075f70950,06be140c18b1cf40,R,0.06,response<0.1ms
2025-03-01 17:48:21,0f50242ff15a02f8,b05f98f8578a1b62,R,84486.44,response>60s
2025-03-01 06:48:49,1b19263e8321ff30,183d972960ed59bf,R,0.02,response<0.1ms
2025-03-01 16:25:34,27a014f81f6d3309,4b8093571ccf06da,R,88494.26,response>60s
2025-03-01 13:42:37,2cb0962788c6f3f8,9460021ebd62e418,R,0.03,response<0.1ms
2025-03-01 09:59:43,5edbbacbcd8f445f,1f571b9cc5669283,R,74614.74,response>60s
2025-03-02 10:25:36,50862034ae1066d7,5a009a3bd2896e13,R,0.04,response<0.1ms
2025-03-02 12:52:28,9ad66babdd8de3de,f110e7e37a37f94f,W,0.04,response<0.1ms
2025-03-02 21:03:59,6d1f204afe49d55d,643003417d05c15b,R,71601.99,response>60s
2025-03-02 10:03:42,88b7af94cb375121,5bf07f8651cdf543,R,0.09,response<0.1ms
2025-03-03 20:27:41,5811817bef7d3dc6,7776384d3f9d4824,W,93675.34,response>60s
2025-03-03 18:58:06,54523438ff2b79b0,47e13b91e50e7f29,R,0.05,response<0.1ms
2025-03-03 10:14:53,07173028a3740339,183d972960ed59bf,R,73922.35,response>60s
2025-03-03 19:42:39,ec7bee670a1f5f97,28746a741cadb4e6,R,103720.12,response>60s
2025-03-03 20:16:57,c67545f76160f9b8,737d94b58c2dab4a,R,107292.06,response>60s
2025-03-03 17:53:47,5b89d29740ce9f61,183d972960ed59bf,R,0.03,response<0.1ms
2025-03-03 16:07:32,46b3e5bac7424a12,e792687f0a82b46a,R,0.06,response<0.1ms
2025-03-03 20:40:51,200e2a918ab41cd8,b18e8e0dffa7f0fc,W,0.08,response<0.1ms
2025-03-03 11:55:22,9240267f75f66daf,183d972960ed59bf,R,0.03,response<0.1ms
2025-03-03 15:22:54,3bc845a4c0dfe7a7,0e160e5a19d93bc8,R,0.03,response<0.1ms
2025-03-04 17:05:17,4b8a17434204309b,45882675b429e289,W,0.06,response<0.1ms
2025-03-04 09:30:37,3042666ac030d630,88fac0048b0b5fbe,R,0.05,response<0.1ms
2025-03-04 10:55:05,5c5fcaf65146c1c7,183d972960ed59bf,R,108176.28,response>60s
2025-03-04 18:02:09,8df2917861bb900d,93c14597bfb2eebf,R,0.05,response<0.1ms
2025-03-04 15:12:45,d08c1fb237548661,589c7e07f7047784,R,84961.42,response>60s
2025-03-04 11:24:43,dcb1b57058b1ed5c,d7a680a5591720a5,R,104264.42,response>60s
2025-03-04 13:55:12,4ee79f40ca2f3ad4,aa53e5faf164d208,R,102522.38,response>60s
2025-03-04 17:12:34,feb820c4aa7e20bd,186c7ce30b86d6fa,R,63080.74,response>60s
2025-03-05 14:02:15,95afe72da1f0b1e9,183d972960ed59bf,R,0.06,response<0.1ms
2025-03-05 09:37:34,f8456706a3d0aefd,23ffa2950ae147ec,R,0.07,response<0.1ms
2025-03-05 15:27:41,ea7273b0d4d0a128,183d972960ed59bf,R,0.06,response<0.1ms
2025-03-05 14:03:35,0b46acc0c19b3f79,183d972960ed59bf,R,61089.68,response>60s
2025-03-05 10:37:54,c41512a14d4353a4,8059c88a9fe60e1e,W,0.04,response<0.1ms
2025-03-05 19:25:18,735cefc1f21828e4,43f31ed048db3c74,R,109500.12,response>60s
2025-03-05 21:03:59,1ee0023844feabc6,96f3c7a1a15b969f,W,0.09,response<0.1ms
2025-03-06 15:36:57,ac2eae28f55cc0d1,410d4b80ae3e6abb,R,0.03,response<0.1ms
2025-03-06 20:59:23,a2e310eb552f0b96,6e2a598ea73a4440,R,94896.01,response>60s
2025-03-06 15:51:20,f4260b353f4f5ac0,28746a741cadb4e6,R,61159.16,response>60s
2025-03-06 08:24:56,91e62d870e87bc7e,28746a741cadb4e6,R,108026.74,response>60s
2025-03-06 15:27:29,eefd1f307a451df9,183d972960ed59bf,R,0.03,response<0.1ms
2025-03-06 15:16:19,59a1a94cca0f561a,2fdbb142d21580cd,R,74242.64,response>60s
2025-03-06 12:07:22,2ee976c0aef5a9fa,06aefc7c7eec008f,R,114854.02,response>60s
2025-03-06 14:38:34,97792ac53caff620,50d35b521a2afcd3,W,100852.97,response>60s
2025-03-06 17:41:50,5888c90acd64d0b7,74e5f0a9b720b9f4,R,0.08,response<0.1ms
2025-03-06 18:59:54,feb820c4aa7e20bd,3acc395d1b23066c,R,0.06,response<0.1ms
2025-03-06 20:06:21,43f0bb100c0829e4,06aefc7c7eec008f,R,0.07,response<0.1ms
2025-03-06 14:08:39,d52b141b1eac90c9,183d972960ed59bf,R,64736.82,response>60s
2025-03-06 07:59:24,086a17232677f39c,140ca702886384c3,R,0.03,response<0.1ms
2025-03-06 15:32:58,febe797122c8f819,d2d2078d272fa8ef,R,0.06,response<0.1ms
2025-03-06 17:10:43,735cefc1f21828e4,9218d8d4d8243aed,W,88416.62,response>60s
2025-03-06 14:37:40,96e819e0668db200,3f7fe73b724d0f60,R,104287.85,response>60s
2025-03-06 14:53:41,2f486d9d0cd2327a,c967440678789f2d,R,0.06,response<0.1ms
2025-03-06 10:09:34,9ab5e287ca8b38e5,8e970e96811fc593,R,0.03,response<0.1ms
2025-03-06 15:25:13,00fe9b64dcc9a7b2,4b2dad921e6fa3bf,R,0.09,response<0.1ms
2025-03-06 09:23:39,4ec45df372460bef,28746a741cadb4e6,R,74446.67,response>60s
2025-03-06 10:57:26,4a2f7e1624a60091,cc1d8f893cb9aa8d,R,0.08,response<0.1ms
2025-03-06 10:17:22,a1ad14f129f24ee8,28746a741cadb4e6,R,79360.74,response>60s
2025-03-07 19:07:25,4df411cb221e3682,fdbce1f0fb700c06,R,110961.85,response>60s
2025-03-07 17:40:40,6c0f68e1b6ed5b24,707fa0dc02b8c2db,W,85254.85,response>60s
2025-03-07 16:12:31,6e5180be9703f4a7,e792687f0a82b46a,R,0.08,response<0.1ms
2025-03-07 09:23:54,55731959f2d2e9f4,9dc492088e93864f,R,61272.31,response>60s
2025-03-07 20:38:54,363bd9dcdf137c92,b6539349a807d1bf,R,0.05,response<0.1ms
2025-03-07 15:22:01,496f2faada5867e2,f6e71dc37c05a5fc,R,98214.87,response>60s
2025-03-07 17:19:36,38285001dd5ca7cb,3aec814080227dc1,W,93904.51,response>60s
2025-03-07 16:44:56,b8f3b611fdc68ac3,8a76b6b641b31810,W,101230.82,response>60s
2025-03-07 05:50:58,60b5f9eadfa08139,58a3aacab0a34ca0,R,0.07,response<0.1ms
2025-03-07 16:57:43,26bcc4003748fd78,e792687f0a82b46a,R,90111.55,response>60s
2025-03-07 07:17:31,28540785f544947b,183d972960ed59bf,R,0.03,response<0.1ms
2025-03-07 13:42:06,36c9f96959867515,5bb2d1f4477a7331,R,0.07,response<0.1ms
2025-03-07 10:58:03,4b1eefc19cad4305,28746a741cadb4e6,R,65379.37,response>60s
2025-03-07 19:15:08,ec6dc98b38a6d79c,06aefc7c7eec008f,R,66326.96,response>60s
2025-03-07 11:14:10,317a0dd7d9618b70,0db14553faf33a30,R,0.08,response<0.1ms
2025-03-07 08:28:46,2eb7eb744442e5f8,be1001c150f2b265,R,68954.60,response>60s
2025-03-07 10:07:48,58930363e95716fb,b9cc3e62e0c46258,R,117129.18,response>60s
2025-03-07 09:45:37,95d912301b41c04a,b8ba150a108fec8e,W,0.06,response<0.1ms
2025-03-07 16:12:41,e2d15c3bf228df42,183d972960ed59bf,R,101687.88,response>60s
2025-03-07 09:09:58,c7fe4bdc24ed6414,28746a741cadb4e6,W,0.09,response<0.1ms
2025-03-07 10:04:09,91c6a9a03a127f58,ebda9dd6a73e0e23,R,103912.20,response>60s
2025-03-07 07:43:26,08f6f6b8228ad680,84486325f01527fb,W,75220.55,response>60s
2025-03-07 09:00:42,dc054f7204920760,7383c968351a2a79,W,89066.71,response>60s
2025-03-07 07:18:30,78b200973fea3740,8e970e96811fc593,R,0.08,response<0.1ms
2025-03-07 16:40:50,d72a148277801d13,639f8406436d26ed,R,0.08,response<0.1ms
2025-03-08 12:08:55,e59415660634c45d,b2b437b4a7381581,R,89566.74,response>60s
2025-03-08 21:23:00,a953482fa1f5b05d,2561bc1c2f29f7d4,R,87011.00,response>60s
2025-03-08 23:27:04,51c1520dea84cbe2,d40190c96f386bc9,R,0.04,response<0.1ms
2025-03-08 13:31:43,ae525d07ae7aaa0b,2dacbab8a00f3644,R,73273.25,response>60s
2025-03-08 16:47:07,b10576db7408062d,b230db2b617ef264,W,65030.27,response>60s
2025-03-08 09:56:48,2c40beee8c14190b,183d972960ed59bf,W,81136.21,response>60s
2025-03-08 09:35:56,8982d3502e1929b2,1396d855dc65bd6e,R,0.04,response<0.1ms
2025-03-08 20:16:43,242f738eb07fbcaa,f100c2dccefad1a0,R,82689.34,response>60s
2025-03-08 12:37:16,c2f190e6c3ab22d1,78af86bc94fdbe7d,R,74214.93,response>60s
2025-03-08 14:19:08,a5f081b889b60e0f,a96c16a06eb6915e,R,0.04,response<0.1ms
2025-03-08 08:43:59,261dfa5f92afe9c5,28746a741cadb4e6,W,106024.29,response>60s
2025-03-08 17:48:16,d20d9aee31009684,183d972960ed59bf,R,0.08,response<0.1ms
2025-03-08 09:27:37,28b3ae811dcb2916,06aefc7c7eec008f,R,109094.70,response>60s
2025-03-08 11:29:50,ed463db947ff6e38,f2f188c62a4dd051,R,114209.81,response>60s
2025-03-08 08:43:48,c4e51209a6cb2a1b,6bc116444927dee5,R,0.02,response<0.1ms
2025-03-08 16:27:22,e49ce95500f7608b,19c2289e83301e92,R,0.06,response<0.1ms
2025-03-08 09:25:46,00017bc34906fe3c,7b8f021c132dd54e,R,100740.28,response>60s
2025-03-08 09:59:02,1ce6a21a870f7030,f5b94c2403f2f27a,R,67469.51,response>60s
2025-03-08 16:27:52,53d241983eba8ac2,869832c3d237d528,R,0.04,response<0.1ms
2025-03-08 15:22:41,8fc8992fca7b633e,b9cebaf18eb3d8db,W,106836.28,response>60s
2025-03-09 09:33:17,9ed6ee3f7d382d27,4fae5088fbab40be,R,0.05,response<0.1ms
2025-03-09 19:43:03,ee6b878b268f8a74,28746a741cadb4e6,R,0.07,response<0.1ms
2025-03-09 15:18:53,31482dff371d5102,06aefc7c7eec008f,R,99058.24,response>60s
2025-03-09 14:19:18,f960756677848b21,e48c4c9a1a7fb360,R,0.03,response<0.1ms
2025-03-09 09:04:00,0c98a461743362ee,d442238dbbcb20e0,R,0.06,response<0.1ms
2025-03-09 14:59:37,786beb2181c269ec,0dc4f729b0ca7d66,R,0.06,response<0.1ms
2025-03-09 09:33:18,219caf7c3ffde147,817c96d627d52de5,R,0.04,response<0.1ms
2025-03-09 10:17:13,cc646f5c004055dc,06aefc7c7eec008f,R,0.07,response<0.1ms
2025-03-09 09:50:27,6b03dfe6da181fbb,7c0c6f68ec11c3aa,R,0.08,response<0.1ms
2025-03-09 08:05:45,c36fcc2b1555be8b,c95dcaf06f38203a,R,0.08,response<0.1ms
2025-03-09 16:20:04,65ae5f88c1c1de6f,741acfffe3a605b7,R,109813.39,response>60s
2025-03-09 18:44:05,2be3a6fa94b7ef09,64a328973bffc9c8,R,0.06,response<0.1ms
2025-03-09 12:04:50,e91960c18a715b83,183d972960ed59bf,R,0.07,response<0.1ms
2025-03-09 15:14:52,eaf683cf0f72be21,1b4b4f49eb250121,W,77856.49,response>60s
2025-03-09 21:09:26,bcfc24ef90fde801,8e970e96811fc593,R,65178.35,response>60s
2025-03-09 19:00:50,5c9df780433e78dd,0597d38e438281fc,R,95663.49,response>60s
2025-03-09 09:19:23,128c68bf48d83a69,28746a741cadb4e6,R,0.06,response<0.1ms
2025-03-09 21:00:12,d7fc8e5c66adb02b,37c8a70b1f793558,W,63575.92,response>60s
2025-03-09 21:17:49,9716d04ba11f6d0c,60eb4854a968cc9a,W,111192.45,response>60s
2025-03-09 10:01:23,2cb80ddaf7882915,d40190c96f386bc9,W,0.08,response<0.1ms
2025-03-10 11:16:57,10c8ad1f0e4b2e2a,c2bda2f1b072b87b,R,86324.06,response>60s
2025-03-10 14:19:53,a1ef1ce89cb0899a,25032e638c6a8a39,R,66420.57,response>60s
2025-03-10 15:29:19,ec7bee670a1f5f97,bf790e9b57ddf7d0,R,0.08,response<0.1ms
2025-03-10 16:19:49,cea61edfb77883a1,d564d2363461e1db,R,0.06,response<0.1ms
2025-03-10 16:30:21,75b999743f19f6ed,15e43e085149a4a5,R,0.08,response<0.1ms
2025-03-10 12:00:02,4c05e6e013c1387d,61e1eeb6cd5d4998,R,0.04,response<0.1ms
2025-03-10 10:17:59,8e933aef42cb1ab4,872f2f7b9650b647,R,0.07,response<0.1ms
2025-03-10 18:26:25,6ad278959687ea27,276b6dec612d23eb,R,0.06,response<0.1ms
2025-03-10 08:58:03,cce111f923114c46,162322c88abb1c7a,R,84755.83,response>60s
2025-03-10 09:28:29,4479705dd15d97ab,4875b8a939819e40,W,63035.79,response>60s
2025-03-10 12:35:11,b1dedaaf8be4bbd3,53fa241ac4618e93,R,0.08,response<0.1ms
2025-03-10 12:48:15,ce375fab5bf3501e,cc6918ed5bb11fad,R,0.04,response<0.1ms
2025-03-10 09:48:13,820f5d7693b6a646,b40efe1111c7582b,R,72280.07,response>60s
2025-03-10 07:55:05,dbc1b6e1418dcfaa,23a7607a5c342321,W,0.08,response<0.1ms
2025-03-10 14:44:17,bedc3dd282ad2800,e401642acb4f65f3,R,75685.52,response>60s
2025-03-10 08:38:03,5c9df780433e78dd,9ac78b2a0ec33683,R,0.03,response<0.1ms
2025-03-10 11:18:25,319d7cfd3e350a1d,29804badb32cb6e1,R,108461.16,response>60s
2025-03-10 08:12:10,93e43210cd2bcaf8,06aefc7c7eec008f,R,0.03,response<0.1ms
2025-03-10 09:16:09,bce5e46eae083a03,828050ab1acf5b9c,R,115185.51,response>60s
2025-03-10 22:47:42,c6e0a823e8bc57f9,9597d2343bc28d6e,R,0.05,response<0.1ms
2025-03-10 13:48:35,52232cfa72f1579a,1c6b1ae92ad7525a,R,75732.47,response>60s
2025-03-10 19:49:55,c6e89cf289f0b6d2,8e970e96811fc593,R,91162.15,response>60s
2025-03-11 11:49:57,2704875308c77ec0,7d0947a9e274825b,R,0.04,response<0.1ms
2025-03-11 10:14:52,c28161151fa2db63,39a913f58b3a22ba,R,66480.31,response>60s
2025-03-11 07:49:34,fd00b7028bbe4108,7557d738b3f14940,R,110615.43,response>60s
2025-03-11 09:39:11,c73bc763d54c1531,28746a741cadb4e6,R,114283.56,response>60s
2025-03-11 14:03:09,34dcbde4215eef71,183d972960ed59bf,R,67248.01,response>60s
2025-03-11 10:41:26,b53fb96329ea6299,36fbb9633bb825ee,R,103162.10,response>60s
2025-03-11 17:21:39,3968c4b2a4fe72fb,81ee450514fa65f9,R,77154.45,response>60s
2025-03-11 12:04:33,626cbc43a9656c5c,9510d6e408c21de0,R,101199.97,response>60s
2025-03-11 13:53:48,c73e8d947b334063,3a4fe97e43d05930,R,91492.62,response>60s
2025-03-11 09:10:54,53a40fac5bcf9f91,86786dd3a9da7936,R,0.09,response<0.1ms
2025-03-11 08:38:46,8b3ac84e6382bfcb,06aefc7c7eec008f,R,0.06,response<0.1ms
2025-03-11 19:25:02,756b069612493240,32ab6962ffd0c6cf,R,0.09,response<0.1ms
2025-03-11 21:12:06,19f4bf57ba5af8d4,23d96420624d4010,R,0.03,response<0.1ms
2025-03-11 06:53:09,b92597e97db62ccd,c68c69a61cac7799,W,0.07,response<0.1ms
2025-03-11 07:25:08,8e4f9a1023a1b197,29dccc1f76256ba1,R,0.02,response<0.1ms
2025-03-11 09:59:48,ff933861ecae270a,56b75001097bb891,R,0.08,response<0.1ms
2025-03-11 09:43:45,06f7db37caf0f48b,28746a741cadb4e6,R,0.06,response<0.1ms
2025-03-11 10:47:31,13ce9517c6e4c6d5,e6364143c0652455,R,74373.67,response>60s
2025-03-11 10:13:45,7160f36e8e670bfd,183d972960ed59bf,R,0.03,response<0.1ms
2025-03-11 07:17:07,ba82eeea8c04e7b2,531f6632a2b2d8b6,R,0.04,response<0.1ms
2025-03-11 09:47:14,99d66c10288fe55f,e2aa34e88e27e036,R,0.03,response<0.1ms
2025-03-11 09:50:00,56dc7461f6c68f03,450c24111f0d3149,R,0.02,response<0.1ms
2025-03-12 20:27:58,f188a9bd9200ab03,a5f5487ca65b5e26,W,85386.69,response>60s
2025-03-12 19:21:43,1ccfdce638b105b4,6b8e3ad23b5ee243,R,110376.93,response>60s
2025-03-12 14:58:35,5c9456c4e969f4c7,1ea9cc115e40fbc3,R,98237.92,response>60s
2025-03-12 09:30:00,2eb383fe83a37ea8,28746a741cadb4e6,R,0.03,response<0.1ms
2025-03-12 21:52:56,e443e68b7cb47260,28fbd4ae04b959de,W,64464.95,response>60s
2025-03-12 08:02:28,6fc740a65f794c52,6cc024874ab71889,R,93047.76,response>60s
2025-03-12 08:25:21,f72263003b9c5a75,dafcede782c4a3f8,W,91200.40,response>60s
2025-03-12 13:23:46,426e5f3687ddb1fa,acf6a8afb8ba0824,R,0.08,response<0.1ms
2025-03-12 10:27:33,bce5e46eae083a03,19f4debd9b94fe18,R,0.07,response<0.1ms
2025-03-12 23:35:12,bc5e7162e7577b9e,3c58ac3f5852f8ed,R,0.07,response<0.1ms
2025-03-12 16:23:00,fe2f4124de8555cc,98691509e8127ace,R,82546.99,response>60s
2025-03-12 14:40:41,917b003bc9122ed9,183d972960ed59bf,R,82447.78,response>60s
2025-03-12 10:12:53,9ab5e287ca8b38e5,dffafa05bcbeb2fe,R,0.07,response<0.1ms
2025-03-12 17:17:54,518c89edfd7aca4c,101511815ca03f44,R,101314.77,response>60s
2025-03-12 09:29:18,816783dd8b416dba,e725b3995e884958,R,0.02,response<0.1ms
2025-03-12 10:31:40,bfd236daf93a0ab6,192ce2b0fd4c46ea,R,76127.36,response>60s
2025-03-12 21:08:54,b8f223f69f3f273f,fdd7aa558831f3ed,R,116410.26,response>60s
2025-03-12 11:55:50,12e82429ecad0a76,a5adb80b24043d1d,R,105444.17,response>60s
2025-03-12 19:16:23,b0f0fa2ae25657e0,4564a094e2752c61,R,0.04,response<0.1ms
2025-03-12 14:57:03,bf6fb74c09e204b8,20ac691b8df83558,W,0.06,response<0.1ms
2025-03-12 08:39:39,57f2fbaba3220532,ecda4cd7fc824761,W,0.06,response<0.1ms
2025-03-12 16:28:24,766a800048edb609,fce34a24653562b3,R,0.04,response<0.1ms
2025-03-13 15:28:40,437a62cdbc04a883,3050362bd5a92d28,R,0.05,response<0.1ms
2025-03-13 17:24:34,d82ca167c7f286d5,15bb4af8a0b4ea6d,R,0.04,response<0.1ms
2025-03-13 23:11:13,bfcd559b6f379b32,183d972960ed59bf,R,86157.17,response>60s
2025-03-13 08:51:23,33698398e2552941,bf837c8c4738d4bf,R,90063.60,response>60s
2025-03-13 15:07:59,c242527c506f165a,5aa8ae1c5bdacad2,R,65883.53,response>60s
2025-03-14 22:08:05,b351304c33e45dfa,72f997a5a311074c,R,94443.41,response>60s
2025-03-14 19:18:43,f7e95e21e7dede0a,b9d0aa160f55abd0,R,0.09,response<0.1ms
2025-03-14 14:12:40,d827ba916ac84039,5ba4440ad3f79467,R,111296.38,response>60s
2025-03-14 19:53:36,0b507c740240a04c,9980285a68c7d918,R,0.04,response<0.1ms
2025-03-14 15:40:59,f7443772f8ce21c3,183d972960ed59bf,R,0.03,response<0.1ms
2025-03-14 12:58:58,baf8103285627927,0acffc2fd3b71644,R,0.08,response<0.1ms
2025-03-15 18:29:31,787f1e55cb0b9326,e10a938e219c2caa,R,72214.47,response>60s
2025-03-15 21:21:06,fdb89954a6628de7,badae262bfc830bd,R,109861.50,response>60s
2025-03-16 15:31:44,b352fd1851820fb8,b8c39cd5db81980e,R,113318.81,response>60s
2025-03-16 09:20:52,eba0837a9477e712,7d375357b521c35f,R,80718.61,response>60s
2025-03-17 21:21:54,a981d03f52f6ef71,19babf142a7252b3,R,0.03,response<0.1ms
2025-03-17 20:56:07,037ed347fb733043,95f9f6614a44eeed,R,117649.55,response>60s
2025-03-17 09:26:02,d3b990f756703dde,183d972960ed59bf,R,0.05,response<0.1ms
2025-03-17 15:19:46,772a4089be1c715b,183d972960ed59bf,R,75236.19,response>60s
2025-03-17 15:11:57,93d182e985eb6693,0e160e5a19d93bc8,R,81763.29,response>60s
2025-03-17 10:05:23,75aece8f12357b07,183d972960ed59bf,W,84563.88,response>60s
2025-03-18 16:51:39,e24b7239e649429a,8d6634f65bc0eb25,R,0.09,response<0.1ms
2025-03-18 10:52:01,363766eb26401527,183d972960ed59bf,R,67940.12,response>60s
2025-03-18 10:29:18,f4820b0ef0d56b9f,31b23826077dde1f,R,91594.63,response>60s
2025-03-18 16:27:04,697f240a8a4e7185,d3efede048078474,R,0.08,response<0.1ms
2025-03-18 14:32:41,966613d0f455c2ca,9f8f3300beae810d,R,92219.90,response>60s
2025-03-18 16:00:40,0ab0e714073cffbe,ae396eb53eab1e0e,R,0.07,response<0.1ms
2025-03-19 10:35:18,bff2dc96bd860c4d,7a3ac8057c82c71c,R,0.07,response<0.1ms
2025-03-19 06:55:05,484bc4b9656c60ee,c713159693aeea12,R,72996.46,response>60s
2025-03-19 14:12:29,121ad1c08cb2beb0,7b52dc56b537102c,W,0.08,response<0.1ms
2025-03-19 12:13:56,eb1fbc47bfde376c,b1291c4831502587,R,100016.99,response>60s
2025-03-19 20:43:10,86f1515b549e4a94,0f647845482dc6d5,R,87818.43,response>60s
2025-03-19 09:02:28,41fb4e0086ca6817,1c34cac1b4e03fd6,R,88798.72,response>60s
2025-03-20 14:40:18,e48b76efedb33031,183d972960ed59bf,R,0.03,response<0.1ms
2025-03-20 08:33:24,9779dc726cef3ae0,9b865bb277f0dc66,R,82081.02,response>60s
2025-03-20 19:12:27,7acfbe6aa2bc3902,528dba763944bb9b,R,0.08,response<0.1ms
2025-03-20 17:46:39,9e7f50204727b8cd,2881903b6edfd597,R,0.04,response<0.1ms
2025-03-20 22:00:41,3cf92b7d0e1c7b77,cf1ed6a30bb690bd,R,97711.35,response>60s
2025-03-21 22:19:46,e1b6b10d5653652d,d4ad7a2a28c7e1ed,W,97813.29,response>60s
2025-03-21 17:51:18,a62cd1679667b2b7,28746a741cadb4e6,R,82248.72,response>60s
2025-03-21 22:54:05,b6476985a92b1c74,bfba585847725484,W,0.06,response<0.1ms
2025-03-21 11:42:57,40c7b0f0a9a504aa,28746a741cadb4e6,R,0.06,response<0.1ms
2025-03-21 09:27:46,6aa6fa514edd9327,803b9bc0edf74ba1,R,0.03,response<0.1ms
2025-03-22 22:23:22,54de2ca3a3829cab,1824b24ad0dd51b3,R,96032.96,response>60s
2025-03-22 15:34:00,65f27d3bd043495c,d3d6176f45d5d42d,R,83477.71,response>60s
2025-03-23 15:11:30,56402f656093f62c,01e1a50cb5d685f3,R,0.07,response<0.1ms
2025-03-23 14:47:15,db7fe329f2732c5f,3e866d5e0a64d029,R,0.02,response<0.1ms
2025-03-24 16:03:10,55b6b15c12eb8ee8,fd2583fd1f98d469,R,108179.22,response>60s
2025-03-24 15:44:26,7723b0eb5c85cfca,12fa52bbe2aec2c7,R,0.08,response<0.1ms
2025-03-24 16:53:32,710a63d922ef87fd,9c0032999765a7c4,R,80018.57,response>60s
2025-03-24 09:09:21,f40b149707a5d5a4,429236672a42dbf0,R,0.08,response<0.1ms
2025-03-24 12:18:09,ee5ab40de4e531c9,abbb1fefab35d8f4,R,0.03,response<0.1ms
2025-03-25 07:56:49,087f1307a18b1731,b20b1f5e43f3cf51,R,93727.24,response>60s
2025-03-25 10:47:50,c23187d9b4171766,b737e5a879ca31c4,R,0.05,response<0.1ms
2025-03-25 19:49:42,e210d5650d025d3b,af3423a3ea9c4467,W,0.07,response<0.1ms
2025-03-25 22:44:48,65f27d3bd043495c,e6364143c0652455,R,0.06,response<0.1ms
2025-03-25 10:32:18,ea268ead872b0a98,2811f2f9c08b531e,R,0.07,response<0.1ms
2025-03-25 08:45:42,0b0da50c8e0cba50,643003417d05c15b,R,67764.93,response>60s
2025-03-26 09:09:20,7ae5c78a92448a42,183d972960ed59bf,R,0.08,response<0.1ms
2025-03-26 09:52:35,e64112d3763f5305,6ee9e99086261daa,R,0.07,response<0.1ms
2025-03-26 10:39:27,3bc0f8afce5c8dc4,0395b549f2eb420a,R,67746.23,response>60s
2025-03-26 14:29:13,fe056991c32e255e,8e970e96811fc593,R,79803.97,response>60s
2025-03-26 04:55:14,e37e656c4840af4e,183d972960ed59bf,R,0.09,response<0.1ms
2025-03-27 16:25:21,c691fc5d436aa095,a3aeae330838759b,R,0.03,response<0.1ms
2025-03-27 14:51:54,99619ab76ff8445c,383f8d9f7bdb02dc,R,0.06,response<0.1ms
2025-03-27 10:00:25,42c002eaf6c72723,e6c5eeb8914ae543,R,0.09,response<0.1ms
2025-03-27 22:35:00,84d259b00f0ddad5,1f3538592e1aad57,R,82487.34,response>60s
2025-03-27 12:54:23,4521e174936712d9,e29d142f48da2099,R,110899.11,response>60s
2025-03-28 14:39:30,8225126c6dd4e4ea,0e757f7d2ee811dd,R,91848.21,response>60s
2025-03-28 07:48:59,964ad31afc88dd60,566812e8f522fec6,R,0.04,response<0.1ms
2025-03-28 19:56:41,c3af80466ddcd982,28746a741cadb4e6,R,85509.49,response>60s
2025-03-28 09:14:49,3fe0f4ab26b161d0,2ca948c0610952f2,R,68397.32,response>60s
2025-03-28 08:31:18,67b3cb9cbcfb021e,5a0f7cfe64786f8d,R,0.05,response<0.1ms
2025-03-29 21:11:02,5acd64746ba87526,183d972960ed59bf,R,109755.93,response>60s
2025-03-29 17:37:15,2c40beee8c14190b,137f8da1b24cc5b6,R,88357.47,response>60s
2025-03-30 21:24:04,8c2f6e93545c3a47,055b99f19922e157,R,70620.49,response>60s
2025-03-30 10:28:25,aa5b41aa97b47713,e2010901d79ac67e,R,0.04,response<0.1ms
2025-03-31 09:44:58,ee37bf96a683c31f,abdd1c16664fe4ab,R,0.07,response<0.1ms
2025-03-31 23:04:26,efae189a60a23769,4d35d21afe1b62d8,R,66558.50,response>60s
2025-03-31 18:03:50,ff2cf63d475188e2,7782bf4e790bc0c0,R,0.02,response<0.1ms
2025-03-31 10:50:45,ba690a91dee4b5cb,f654cee97c217355,R,94471.32,response>60s
2025-03-31 19:20:33,ea6cba402335f746,06aefc7c7eec008f,R,85573.12,response>60s
2025-03-31 10:04:02,0bfb3e8a9a70458e,635b6eb62c8aeb23,R,94554.64,response>60s
2025-03-31 15:04:12,71c4c48bb52657cd,ca468a3dcdd78b93,R,63413.04,response>60s
2025-04-01 12:44:09,d583f73140add535,781abcf91e75f740,R,111524.41,response>60s
2025-04-01 15:00:54,19494323648bb63c,28746a741cadb4e6,R,64875.15,response>60s
2025-04-01 17:17:42,dbaeea4625851546,fb574e48a46ae364,R,0.09,response<0.1ms
2025-04-01 10:39:07,cbff1feffc52a08e,183d972960ed59bf,R,99763.40,response>60s
2025-04-01 19:40:08,a07ca07dad23343c,1443fb8e3b370ac6,R,69402.89,response>60s
2025-04-01 08:20:23,6138732e2f401b77,b1be14897a06f932,W,0.03,response<0.1ms
2025-04-02 14:56:48,d85d07ceabfc553e,88fac0048b0b5fbe,R,0.05,response<0.1ms
2025-04-02 07:00:45,13fd1a2063a0daf5,d83715e0ba505005,R,79723.15,response>60s
2025-04-02 10:15:48,0d6808c8c85d6e19,8740af2c59156fff,R,0.08,response<0.1ms
2025-04-02 16:07:29,a7b5e04d8b29273c,aa284c48f40170fd,R,83918.53,response>60s
2025-04-02 18:16:21,9720de6549182fcd,3ddec21779438e0f,R,101578.86,response>60s
2025-04-03 15:26:39,529fdc444786126a,2344f88d3dfcb4da,R,105517.08,response>60s
2025-04-03 15:06:41,d0bf60277333e9f8,7085c29756810f00,R,82262.44,response>60s
2025-04-03 12:25:27,e3edaa3da74799fe,450c24111f0d3149,R,0.07,response<0.1ms
2025-04-03 13:56:13,c5079d68158127ec,bd02541eeab7d5df,R,0.06,response<0.1ms
2025-04-04 16:51:32,b8f3b611fdc68ac3,09e232c066ba3b67,R,0.04,response<0.1ms
2025-04-04 17:31:17,d3b37d0255962c36,e45f4d6ea7b8d7e2,R,70883.85,response>60s
2025-04-04 16:06:58,564c6627700f8d12,e9b2a8c1853d77e4,R,95987.45,response>60s
2025-04-04 15:31:22,8982d3502e1929b2,b1ccc76ae473874f,R,0.04,response<0.1ms
2025-04-04 11:22:44,6885bb9f6f2fa25b,75ade21be94fe9a2,R,0.07,response<0.1ms
2025-04-05 11:47:08,9dcf37b2ea9f9439,a3aeae330838759b,R,0.04,response<0.1ms
2025-04-05 09:57:58,01d2521833da2aff,25b72cf5ef1f411b,R,0.05,response<0.1ms
2025-04-06 16:07:40,a0cd4fca4d436f45,5e6df15793354065,W,0.03,response<0.1ms
2025-04-06 17:40:37,150133d24830d6ba,863b9e8422d2c621,R,0.03,response<0.1ms
2025-04-07 09:22:11,ccf2b4a056440d40,183d972960ed59bf,R,76037.07,response>60s
2025-04-07 19:12:23,a5c4c66298ece16c,e6bbb6be4f6df9ab,R,0.05,response<0.1ms
2025-04-07 21:28:59,e4622c6513ad3bd5,450c24111f0d3149,R,66826.77,response>60s
2025-04-07 19:57:48,4bb40fa4b428e32e,8e970e96811fc593,R,107104.15,response>60s
2025-04-07 12:59:18,ffb07bed5b1625b9,4e8d2202f33c3049,R,0.04,response<0.1ms
2025-04-07 11:35:38,fbf75350791e0fcf,20ef7d5ece2f81bc,W,0.06,response<0.1ms
2025-04-08 08:42:06,ff2cf63d475188e2,1319051cd2b27df3,R,0.03,response<0.1ms
2025-04-08 09:16:36,7d4e5cca3aa3fc88,f4b2240252fc08c2,R,76421.13,response>60s
2025-04-08 09:45:55,c5c7868eddf670ca,11d6733d215f398b,R,0.04,response<0.1ms
2025-04-08 20:15:21,5b9c2f583f3eea9a,2db7c7a6ef6ab9ad,R,107282.10,response>60s
2025-04-08 10:23:51,117eb114a45dfc07,5a2b177443be764f,R,79619.99,response>60s
2025-04-08 09:04:43,29579e9a0e9988ad,aed729e657791f33,R,0.06,response<0.1ms
2025-04-09 11:32:52,527ba59c26948ae3,38cbdb52d36f7765,R,102399.24,response>60s
2025-04-09 17:15:30,159ad18fee57e686,780137739fbf972a,R,0.02,response<0.1ms
2025-04-09 09:25:46,891831072c181728,259d19fe699355f5,R,0.08,response<0.1ms
2025-04-09 08:15:24,a969fab108cebd8c,9a25263ad83a6ff2,R,97997.75,response>60s
2025-04-09 07:51:50,5eeac28e4ddb64a6,f75ce2041068e351,R,0.03,response<0.1ms
2025-04-09 13:30:13,288f5241c76e972d,76771ba6709c29ad,R,76137.92,response>60s
2025-04-10 15:28:30,782ab9327d7d6248,f172716ebbd01f41,R,0.09,response<0.1ms
2025-04-10 12:13:22,8c178937c2c42b25,b53d2ca221757313,R,0.03,response<0.1ms
2025-04-10 09:41:42,27684c862190e02f,0e24ce75f9f23756,R,0.03,response<0.1ms
2025-04-10 23:14:35,a63e1ba419f28ca3,e69898578660bf09,R,0.03,response<0.1ms
2025-04-10 08:48:33,55e245e3fff676e6,183d972960ed59bf,R,0.08,response<0.1ms
2025-04-10 10:12:46,675cf7cb648484f8,8eaf05ad5f5b6464,R,0.07,response<0.1ms
2025-04-11 13:14:44,2f7a88574241fc57,c4d6c461b01647fd,R,73563.30,response>60s
2025-04-11 16:34:26,edbcb48c5d53c4c9,f24ffce5c67196ec,R,0.05,response<0.1ms
2025-04-11 16:33:09,37a8c814c49b3acb,de8c8e77816aea44,R,90144.19,response>60s
2025-04-11 16:07:43,ef6647be5d6e97c2,183d972960ed59bf,R,0.05,response<0.1ms
2025-04-11 15:45:27,35693f065640510e,7a04ab4950b24c38,R,63352.85,response>60s
2025-04-12 08:31:22,1ccfdce638b105b4,d1f159369017d61c,R,0.05,response<0.1ms
2025-04-12 15:39:52,bcb45d5c8a02178a,2a061bd74cc2decf,R,0.08,response<0.1ms
2025-04-13 10:38:13,9006f2661796107d,7889838d9365646e,R,107620.02,response>60s
2025-04-13 09:01:31,12ac1a39219438c6,f4c670177341082f,R,111952.09,response>60s
2025-04-14 19:35:19,fc6f3a91273ef7dc,6cf0ecce0a5caf44,W,0.03,response<0.1ms
2025-04-14 15:14:18,6a94e6ac85abd08f,28746a741cadb4e6,R,115797.84,response>60s
2025-04-14 14:18:24,90e7e0b5b9f75256,06aefc7c7eec008f,R,68769.17,response>60s
2025-04-14 15:30:31,2248f3b0f8f12a5b,a45ad8bee29f143b,R,115123.43,response>60s
2025-04-14 11:00:20,064eae062799d18c,28746a741cadb4e6,R,97836.61,response>60s
2025-04-15 20:08:56,6f08c374d02e1c8a,1af4cda12b0ec905,R,0.04,response<0.1ms
2025-04-15 07:36:18,caf71f312f9b2a00,efb625c43fc830bd,R,108575.31,response>60s
2025-04-15 18:45:21,8bbb253d5b65bf33,70e6952f2f5b0848,R,110020.84,response>60s
2025-04-15 16:03:26,89039fc0d8163070,8ca7c62be14685a5,R,72263.76,response>60s
2025-04-15 10:33:59,d01dfb4d60523132,37639337b221302c,R,109647.65,response>60s
2025-04-16 09:01:59,3fe739be019405da,c4b604e8c9d01e55,R,104489.57,response>60s
2025-04-16 20:14:48,f30fe9a05b78fb11,a25b6740df48fb36,R,0.05,response<0.1ms
2025-04-16 09:25:12,008a38fdcae98c37,10c4c1730e121714,W,111157.63,response>60s
2025-04-16 15:08:07,48a0d08cc82c4354,7e42880b795eb1eb,R,107397.86,response>60s
2025-04-16 19:56:48,b18e62df9ac1b8df,fcfe71f4702f023f,R,105455.85,response>60s
2025-04-17 16:03:14,0bb77a8a6d7318ad,1fe487163b809f54,R,0.08,response<0.1ms
2025-04-17 10:16:02,2a2adc7a68991233,a5b98dcbe1507b00,R,0.05,response<0.1ms
2025-04-17 14:36:35,69f8bbe9296ea88a,b4a798e068b296cd,R,0.04,response<0.1ms
2025-04-17 13:52:55,ad4fac8fce09712d,8611db34d648da57,R,116841.52,response>60s
2025-04-17 09:09:48,6f8535c322293cbb,9b41755ad457c116,R,0.03,response<0.1ms
2025-04-17 13:11:44,62f4aa7f6afcd5ee,260bf8ced26a18cd,R,81212.96,response>60s
2025-04-18 07:36:33,3d258170c9f5ba40,06aefc7c7eec008f,R,0.08,response<0.1ms
2025-04-18 19:55:04,ff2cf63d475188e2,09635dcccbf056a3,R,91861.99,response>60s
2025-04-18 09:34:31,9e41952cbf7e03ec,29df74c2b3a22c7a,R,0.03,response<0.1ms
2025-04-18 07:46:19,60d2b139dcb4d6ba,6b68b1d41686736c,R,104151.99,response>60s
2025-04-18 15:50:50,f32afd7358d28426,38bd6a1aa9a3945f,R,0.07,response<0.1ms
2025-04-19 20:00:59,4f225b9e46f8ff48,2e589f7cab518533,R,87597.94,response>60s
2025-04-19 18:18:59,b5aeb1e68b02ceb7,183d972960ed59bf,R,0.09,response<0.1ms
2025-04-20 21:18:55,dc05f5c007a9ccbe,b0ca6d60cd62ca14,R,0.06,response<0.1ms
2025-04-20 10:00:57,5c294d27a79a0ec8,8531fc9822076616,W,0.06,response<0.1ms
2025-04-21 14:47:56,5a5d9bcb6050209f,06aefc7c7eec008f,R,81104.35,response>60s
2025-04-21 10:32:44,f5d3466d9bc90651,d3e6a56c6318aaea,R,0.05,response<0.1ms
2025-04-21 15:07:42,d1dd10d4c7ec4c3f,162322c88abb1c7a,R,0.02,response<0.1ms
2025-04-21 09:47:57,e06d1c4c74ad7077,de45b9b9a82b133a,R,60209.12,response>60s
2025-04-21 11:47:08,c7c226ea9a88e753,6527622261c6ead2,R,67635.82,response>60s
2025-04-22 15:26:50,a0a5c1562a3e932a,e792687f0a82b46a,R,0.03,response<0.1ms
2025-04-22 12:53:06,e1b6b10d5653652d,7b8849e85def2ec7,R,77370.97,response>60s
2025-04-22 11:31:40,116d2e6c3cb7c570,11c4690626239a1e,R,0.05,response<0.1ms
2025-04-22 15:16:37,dee13d58bb40986d,3859c2848105f8ba,R,62292.30,response>60s
2025-04-22 16:04:10,1f0a4cad1433c256,e792687f0a82b46a,R,64552.34,response>60s
2025-04-22 21:25:24,36078735f259f37b,5d979a383bd50605,R,0.04,response<0.1ms
2025-04-23 08:02:04,3630f4bcf406ba11,7a027069f1d805a0,R,87799.53,response>60s
2025-04-23 20:52:43,e4d92026e22cbcd7,5bba01c5a3ca5e98,R,0.02,response<0.1ms
2025-04-23 16:08:27,dbb967ff02629865,0ff98dec98ed7e36,R,92224.14,response>60s
2025-04-23 16:29:33,63b2b6d64da16870,a8d9369dfe967c2f,R,0.03,response<0.1ms
2025-04-23 19:27:37,152837c25f21f17b,5b824eb9edc608fa,R,77208.23,response>60s
2025-04-23 08:09:30,b13ff005901f81c1,183d972960ed59bf,R,112683.05,response>60s
2025-04-24 22:16:44,db32a4d78dcf0d6d,51909b07b3368726,R,0.03,response<0.1ms
2025-04-24 15:39:16,1297f84c2cb1fbb0,092a3fffa3e8817b,R,93882.37,response>60s
2025-04-24 08:12:10,5544d4247cbbd425,cfed764318097c51,R,90112.04,response>60s
2025-04-24 19:05:53,9cd8af9df3150c03,fb5dd6ccf6b0ae10,R,0.05,response<0.1ms
2025-04-24 21:39:14,aa225d6eafbdee1a,1b72d00ba35547d5,R,81300.72,response>60s
2025-04-25 15:55:34,4ff736e88e3e5e2c,28746a741cadb4e6,R,0.07,response<0.1ms
2025-04-25 17:16:33,5b2ef17d0e046747,3059fd0be5d564a6,R,0.08,response<0.1ms
2025-04-25 08:48:54,58aeb612edce6ebc,b83b589fd71ede99,R,0.06,response<0.1ms
2025-04-25 22:19:13,ff0b01e00ee523fb,57564c54cde4af65,R,113714.53,response>60s
2025-04-25 09:28:38,e41666b24ea6f438,09c243c96d5c290b,R,0.03,response<0.1ms
2025-04-26 18:57:41,bff2dc96bd860c4d,cac86a689d1b1b48,R,0.06,response<0.1ms
2025-04-26 10:22:29,f857e13495213e1c,a7a40478f0b7a1a3,R,107489.19,response>60s
2025-04-27 15:48:32,f0322423416a537c,c7094a20db35d9f0,R,0.05,response<0.1ms
2025-04-27 09:14:54,bdb128a02e51acb9,183d972960ed59bf,R,0.05,response<0.1ms
2025-04-28 21:54:42,983b2557d5d45aa0,aea677784d92d2e1,R,0.04,response<0.1ms
2025-04-28 09:47:13,a62cd1679667b2b7,9708767f1275a079,R,0.03,response<0.1ms
2025-04-28 21:27:53,b757444b802ce9fe,cd51f121ed6537fc,R,0.03,response<0.1ms
2025-04-28 20:08:08,4bbb0008e4b0b5cf,96b2f92956eecd0b,R,0.06,response<0.1ms
2025-04-29 18:52:54,9f95d5a234249365,7a04ab4950b24c38,R,111299.66,response>60s
2025-04-29 09:54:01,5d41382014f64443,af6f8b6ab9b8249b,R,0.04,response<0.1ms
2025-04-29 07:12:48,32622740dcaea1b0,d3efcc04a514a664,W,0.04,response<0.1ms
2025-04-29 21:31:03,f04f5f0d1f33c318,183d972960ed59bf,R,110137.03,response>60s
2025-04-29 10:53:22,be0b21effb43bcaa,9c7fbe5f6e56c036,R,96056.97,response>60s
2025-04-30 15:36:59,9b5715753b702f2e,503c4403e59f14b2,R,0.08,response<0.1ms
2025-04-30 08:00:02,7dd9e66542844d8e,b9a295851f8ba9d1,R,0.08,response<0.1ms
2025-04-30 22:19:24,129bb7a11d0a0915,c9e3fc50875f7c7e,R,75193.78,response>60s
2025-04-30 16:53:12,59a1a0f97e082950,1e794a37ebbe0042,R,0.05,response<0.1ms
2025-04-30 23:25:42,6cde840da027ca98,6e932c1b49ca5fc5,R,0.08,response<0.1ms
2025-04-30 18:48:56,53eb2aca048ed314,6527622261c6ead2,R,0.03,response<0.1ms
2025-05-01 15:08:40,049a400b5043fcc0,854442347b4d4896,R,0.08,response<0.1ms
2025-05-01 08:11:01,787f1e55cb0b9326,6aff2ba8191ece38,R,94538.23,response>60s
2025-05-01 20:16:12,d86e4d4567fa8628,c629591ac33f8b6a,R,115049.65,response>60s
2025-05-01 10:24:27,0a499e8767bcd27b,6527622261c6ead2,R,0.08,response<0.1ms
2025-05-01 21:18:43,22eae945ba211578,6c4785ec13563f0e,R,101407.89,response>60s
2025-05-02 18:41:29,e352d8840a0805de,11db6580d964fc1d,R,0.05,response<0.1ms
2025-05-02 18:10:10,c11e22ef7a01f176,281c1b4285dbd94a,R,0.03,response<0.1ms
2025-05-02 14:29:42,a08dfa0de0f586c8,06aefc7c7eec008f,R,112167.21,response>60s
2025-05-02 10:29:39,60fc063c1f453933,9c1491568544b05a,R,66819.60,response>60s
2025-05-03 20:42:41,f204774be1b37200,162322c88abb1c7a,R,70653.87,response>60s
2025-05-03 08:52:25,d76c4e19685dd576,a7018e85037a00b3,R,0.02,response<0.1ms
2025-05-04 19:15:49,805bebe586d27efc,d48755844e213c14,R,98904.15,response>60s
2025-05-04 20:23:55,30f53e53f2f61146,b9cc3e62e0c46258,R,0.03,response<0.1ms
2025-05-05 14:12:57,e5443954247bf3e9,6e2698b176c30380,R,101607.08,response>60s
2025-05-05 14:38:38,48f963fa3fd49e5a,6633c07fb81f0b7e,R,0.03,response<0.1ms
2025-05-05 22:10:53,4c76d1c1421c72c9,06aefc7c7eec008f,W,90171.09,response>60s
2025-05-05 15:28:33,5d41382014f64443,20fd5f3124aa6147,R,0.02,response<0.1ms
2025-05-05 21:39:08,a2e310eb552f0b96,f80f6efe5c8439d1,R,0.05,response<0.1ms
2025-05-05 09:04:16,c3c12fa59bca28c7,38c545a60e7c73be,R,0.05,response<0.1ms
2025-05-06 19:04:50,3f2552df8ef8f389,85fb13d40e2b69cc,R,91703.81,response>60s
2025-05-06 09:30:52,46bd684cfd695d7a,adc198c051a3e6bf,R,0.08,response<0.1ms
2025-05-06 19:12:58,f3a632612e863d2a,5277e120ce33add7,R,0.02,response<0.1ms
2025-05-06 15:42:08,675f3fad8a2fa260,0d0cdf86ec83d854,R,0.03,response<0.1ms
2025-05-06 16:57:40,78fb79776721a801,e6f1be6306a50523,R,101779.94,response>60s
2025-05-06 15:03:06,069cdffe63f5188e,a3aeae330838759b,R,0.06,response<0.1ms
2025-05-07 08:35:47,306bb9caf044d2da,d59636ff821bad5b,R,0.05,response<0.1ms
2025-05-07 16:59:00,bb026308886551e0,183d972960ed59bf,R,0.05,response<0.1ms
2025-05-07 19:09:38,ac8e08a77b0bfb3d,b198dbd499ac4df4,R,104276.08,response>60s
2025-05-07 15:43:56,5277754a60e5e2bc,8567af8c87eda49c,R,115911.40,response>60s
2025-05-07 21:23:12,d8a65aaa88c0db2f,5959b2b4607d1f1d,R,0.07,response<0.1ms
2025-05-08 08:16:25,b1c8633e657ee447,055ea18e04d9b798,R,0.06,response<0.1ms
2025-05-08 17:48:04,c3a827dd68048c46,5e8502abfe2e8ba2,R,0.05,response<0.1ms
2025-05-08 14:03:10,b1b6251a8078a1e7,7c49326c75feff10,R,88287.89,response>60s
2025-05-08 21:59:36,8543dff626d89949,88fac0048b0b5fbe,R,0.05,response<0.1ms
2025-05-08 20:33:59,6687bdddd4f55a4c,07557e4a41d7d549,R,0.07,response<0.1ms
2025-05-09 15:32:44,01cd2438ff45ceb0,06aefc7c7eec008f,R,0.03,response<0.1ms
2025-05-09 21:12:36,8eb15dab015d0ea1,8e970e96811fc593,R,0.06,response<0.1ms
2025-05-09 13:38:22,4263901e06be541c,9d1830ac145033aa,R,68882.48,response>60s
2025-05-09 08:45:58,c78001ae1093ed38,28746a741cadb4e6,R,117520.10,response>60s
2025-05-10 09:07:04,5730bb047a326db6,79c7596feda736d3,R,98293.58,response>60s
2025-05-10 21:11:13,49c189da3cc913e4,162322c88abb1c7a,R,0.09,response<0.1ms
2025-05-11 11:09:47,46bd684cfd695d7a,39e38a00874a803c,R,82018.94,response>60s
2025-05-11 10:33:11,2887f1d7e427bedd,183d972960ed59bf,R,76955.40,response>60s
2025-05-12 07:09:07,94b026347f2014d7,20ad2cd7198ebbb0,R,0.03,response<0.1ms
2025-05-12 17:52:57,afcedb9935783aa6,7a04ab4950b24c38,R,62614.26,response>60s
2025-05-12 14:52:37,a0a5c1562a3e932a,1c406bc0064b95dc,R,94341.49,response>60s
2025-05-12 15:56:27,40954c12ac895389,5612d556d0b38114,R,0.03,response<0.1ms
2025-05-12 14:49:24,ca0663283369efc2,20df25a6da7b2b55,R,0.06,response<0.1ms
2025-05-12 08:52:04,e49ce95500f7608b,79c7596feda736d3,R,101892.14,response>60s
2025-05-13 15:48:31,c263e039f30fd2f9,24b589e1a53ead8a,R,93326.01,response>60s
2025-05-13 19:29:14,6f528430a8bce307,8085ee693cd1b6ed,R,74738.90,response>60s
2025-05-13 08:13:13,2fe9367bde0835e8,183d972960ed59bf,R,110894.22,response>60s
2025-05-13 10:34:23,6431bcf9d7a174fd,f66c8e44a4bca7b1,R,60596.47,response>60s
2025-05-13 14:04:08,006aebe383b2f89b,006b4fffcfb849fc,R,96226.74,response>60s
2025-05-14 16:36:52,2d0926c81760eb53,9a9eebc4b3789b25,R,0.08,response<0.1ms
2025-05-14 19:45:42,f9f006b7cfcf37b4,643003417d05c15b,W,72449.62,response>60s
2025-05-14 10:02:47,de1c250b5ec372d0,55e88b96c4976bd0,R,0.07,response<0.1ms
2025-05-14 15:29:42,25fb118e1a63c31c,3893be457550ec2f,R,77702.97,response>60s
2025-05-14 15:27:33,78d4c44d411ef24d,a38bbaef08d718cc,R,75827.18,response>60s
2025-05-15 15:57:08,bce5e46eae083a03,807a0e72837eff6c,R,0.08,response<0.1ms
2025-05-15 16:07:56,e441f9ba0885e971,9bb015979d24e102,R,0.06,response<0.1ms
2025-05-15 19:51:15,1b81047d40971643,6527622261c6ead2,R,62265.14,response>60s
2025-05-15 16:40:43,996a8a0979d5c50f,93f9528ebf947c8f,R,85920.51,response>60s
2025-05-15 10:08:42,a2be4dfdb161c480,183d972960ed59bf,R,0.04,response<0.1ms
2025-05-15 03:36:25,7b9d267a1e38d489,97d1f14ce3a0b1cb,R,0.07,response<0.1ms
2025-05-16 21:13:55,38d92c3ff6e48c90,2cb220956c4bfbe9,R,91998.06,response>60s
2025-05-16 15:11:57,1f4600a9443cd19b,fe818a9a3d845ce0,R,0.04,response<0.1ms
2025-05-16 16:10:57,e16cfe537c9f5dd8,683c569a75d27d4a,R,0.06,response<0.1ms
2025-05-16 12:39:20,270ca71a0ddc949b,54a55aae8c9e1b01,R,89828.23,response>60s
2025-05-16 14:17:03,afcedb9935783aa6,d99ff71bdc53e4c9,R,78126.85,response>60s
2025-05-17 10:32:09,5b054f5eb20f87ce,1e2d761399b36924,R,89185.55,response>60s
2025-05-17 18:09:20,40645bbb3fc18de9,c98ccceb1484c439,R,0.05,response<0.1ms
2025-05-18 12:45:51,bf381748863f56c9,dee7d8fbc301e1a3,R,66683.10,response>60s
2025-05-18 14:30:21,437df9a370228d19,38aaf67255c4f218,R,0.04,response<0.1ms
2025-05-19 16:29:36,ef5227c45d8dae34,7a04ab4950b24c38,R,0.08,response<0.1ms
2025-05-19 20:18:38,a291fdc81bbc832f,14b7b6f6105bf2af,R,63354.14,response>60s
2025-05-19 17:01:00,6b96de3a5ebd0be8,f3ea8754051ef458,R,0.08,response<0.1ms
2025-05-19 19:52:53,ae869c64e6a41777,162322c88abb1c7a,R,103676.03,response>60s
2025-05-19 19:56:05,feaed0d5ce390c22,25731f3abfa5c320,R,96000.26,response>60s
2025-05-19 19:53:28,9faabe22e288501d,b1733c55d6555c4d,R,0.03,response<0.1ms
2025-05-20 10:26:24,5b126e58dbc35578,183d972960ed59bf,R,0.04,response<0.1ms
2025-05-20 19:27:08,aa5b41aa97b47713,728cc55fc64fc66d,R,75238.32,response>60s
2025-05-20 18:55:38,18fd132fa2987db6,0631ebd9d6baac62,R,90219.74,response>60s
2025-05-20 08:38:55,08b6bcaccd9d8f41,f18b65f83b8bcc0f,R,113771.66,response>60s
2025-05-20 07:36:57,3481b6011bbc22cc,369f4dcc13b501fe,R,0.02,response<0.1ms
2025-05-21 18:35:55,a5981262025c42fb,89a605fd887ffbe6,R,0.05,response<0.1ms
2025-05-21 17:05:53,327a62ba0d2c326e,a3aeae330838759b,R,0.06,response<0.1ms
2025-05-21 16:58:56,013f48f98b427e7d,183d972960ed59bf,R,0.08,response<0.1ms
2025-05-21 08:07:40,fc8fcdab7a871b46,28746a741cadb4e6,R,61402.70,response>60s
2025-05-21 11:27:49,0782224219a4b0f7,6133330d02f75e42,W,0.06,response<0.1ms
2025-05-21 08:16:42,df334a84f15acbd3,17e931e88c672314,R,0.07,response<0.1ms
2025-05-21 10:44:36,44b2de68c6a09ecf,28746a741cadb4e6,R,0.06,response<0.1ms
2025-05-22 20:55:52,56b0f8bfdf1e96ba,9c0cdda80461ed89,R,0.06,response<0.1ms
2025-05-22 14:32:24,a12ed77fb5adb579,183d972960ed59bf,R,0.06,response<0.1ms
2025-05-22 20:20:35,a40f0abc0e164498,941af14a225049f2,R,0.05,response<0.1ms
2025-05-22 15:52:28,d2115f38dc740b59,d0fce6072d1e6835,R,0.07,response<0.1ms
2025-05-22 10:12:33,0d542f70b7ad8f09,12ed8b03588822b5,R,0.07,response<0.1ms
2025-05-23 21:13:33,e7fb6d84e4a9e844,183d972960ed59bf,R,0.03,response<0.1ms
2025-05-23 08:38:01,e5185d3db5636ebe,9ed8854bd639c9ca,R,0.06,response<0.1ms
2025-05-23 15:41:39,987e82ce8a9d1a99,183d972960ed59bf,R,0.08,response<0.1ms
2025-05-23 16:24:38,265771dd1daf8dc5,28746a741cadb4e6,R,96983.42,response>60s
2025-05-23 15:13:43,240de4babe8877d2,092a3fffa3e8817b,R,0.08,response<0.1ms
2025-05-23 10:55:18,725eaa74243b95a3,4cd371db9a792a64,R,0.09,response<0.1ms
2025-05-24 07:06:17,16e0c49e7077f87d,0f292eeaae2d6819,R,0.07,response<0.1ms
2025-05-24 08:11:56,d3f516ce25d40040,e792687f0a82b46a,R,93153.32,response>60s
2025-05-25 10:36:15,0941449f8416b6c4,350146ee9ef0e53f,R,0.04,response<0.1ms
2025-05-25 15:52:50,0c1fc871b045d711,183d972960ed59bf,R,107412.22,response>60s
2025-05-26 08:34:08,5c0a1e66949ff8b5,183d972960ed59bf,R,116822.75,response>60s
2025-05-26 09:29:49,f00b2f4750dfe55d,4ae471a5921792c9,R,97516.10,response>60s
2025-05-26 21:12:05,995987875f0a57d9,b8d762fa706398cf,R,0.06,response<0.1ms
2025-05-26 16:38:02,922d767dafe65f55,54a55aae8c9e1b01,R,81345.15,response>60s
2025-05-26 09:13:59,66c6cc547255f5ec,183d972960ed59bf,R,61993.36,response>60s
2025-05-27 16:41:24,e92be3181fdf35f0,ad661e0849bfb5c5,R,97611.43,response>60s
2025-05-27 13:51:07,c868d38135a15576,8ae068655e948c22,R,0.09,response<0.1ms
2025-05-27 21:54:48,051314ab9ed0b287,28746a741cadb4e6,R,0.09,response<0.1ms
2025-05-27 10:33:06,9a587fb6ea6badd3,ef2ee650ac67fd8f,R,88644.00,response>60s
2025-05-27 16:01:35,073e3a2949ec00ac,20ed2813d39cd0cc,R,63901.18,response>60s
2025-05-27 16:35:16,9de94282eb369428,183d972960ed59bf,R,0.03,response<0.1ms
2025-05-28 10:22:48,33d450dddb09b8d5,7f19b43e01ba3a40,R,86746.71,response>60s
2025-05-28 08:06:16,24284f1add9257c7,27d1d7aff5e5764b,R,0.07,response<0.1ms
2025-05-28 09:39:50,cbec0301849d4cd9,3205b26d78b2532d,R,0.06,response<0.1ms
2025-05-28 17:42:10,0cf68a28ff8c8e63,bd58b13d983ec11a,R,93642.05,response>60s
2025-05-28 16:20:10,3736f5ecd7f8821c,c5e9877d65b909c7,R,0.08,response<0.1ms
2025-05-29 15:06:07,858f57e236e7610c,b27c692e1eab903e,R,111914.92,response>60s
2025-05-29 19:56:57,6fe29f8f2522dc38,0e440ffe4cc90c4a,R,76278.83,response>60s
2025-05-29 20:06:00,97b42273d536663a,183d972960ed59bf,R,111427.94,response>60s
2025-05-29 18:18:10,3293c44b7da84fc6,183d972960ed59bf,R,0.04,response<0.1ms
2025-05-29 14:55:13,c8bd221dd6adb04d,183d972960ed59bf,R,83373.96,response>60s
2025-05-30 20:32:52,30ddac93dd4e6f72,6d19446c6c425d5c,R,79291.05,response>60s
2025-05-30 09:49:05,1e7f94cf861ac668,c99a98ae7aa3150a,R,113123.51,response>60s
2025-05-30 19:22:34,bd7a64742f0558c2,6865a341ff7d7557,R,0.05,response<0.1ms
2025-05-30 13:53:04,50af3ca26f8fc94e,10468042f40367db,R,0.02,response<0.1ms
2025-05-30 10:23:59,6d77fa6b02c36535,e806d92cdbed84a4,R,85785.16,response>60s
2025-05-31 16:07:26,0a3d73168af20e40,183d972960ed59bf,R,0.04,response<0.1ms
2025-05-31 12:17:20,3b94b33a6ba64f5a,277ff86f7b5dfe64,R,61937.39,response>60s
2025-06-01 08:37:57,22488d0bfc959a37,6db804ad4a0bd95c,R,80028.04,response>60s
2025-06-01 14:36:21,55b7f0a37fae2e08,28746a741cadb4e6,R,64776.07,response>60s
2025-06-02 19:21:26,4b8fab162b03fa45,3cfa527725fd67c6,R,0.05,response<0.1ms
2025-06-02 13:12:51,a517a75d3a5e5d60,56f867424deaca85,R,0.07,response<0.1ms
2025-06-02 15:50:11,50e88c5333179522,37fac8abf064d5ef,R,85486.88,response>60s
2025-06-02 07:05:46,b35057958046d343,ec22ea3df8199fa1,R,97983.91,response>60s
2025-06-02 18:39:19,5bc1834f9dec49ba,2ccfa0c29b8d85e8,R,0.08,response<0.1ms
2025-06-03 15:34:25,1199e01d33bf675b,1aae931da6b5bb48,R,0.09,response<0.1ms
2025-06-03 16:21:53,74308a48bd91f443,6de57a7c5569a597,R,94691.96,response>60s
2025-06-03 09:49:04,31482dff371d5102,055b99f19922e157,R,106397.12,response>60s
2025-06-03 09:17:41,47625fc1897d4402,06aefc7c7eec008f,R,0.09,response<0.1ms
2025-06-03 13:21:58,2076d7d017c37aa9,a754349676750ac5,R,88169.01,response>60s
2025-06-03 10:30:07,571dad40a3746a6e,ca1d7551cffc14c4,R,86619.01,response>60s
2025-06-04 16:11:24,a5b71376b9c109e7,ddb768b52b5525ec,R,0.03,response<0.1ms
2025-06-04 09:51:51,7c3012c89c87ea65,a190f655286624da,R,0.03,response<0.1ms
2025-06-04 07:58:29,e62464cd0fd7c4bf,e17b966d3a452a0b,R,0.08,response<0.1ms
2025-06-04 09:42:18,1632174e83e66d6f,a0117cf1704c839b,R,0.08,response<0.1ms
2025-06-04 21:49:36,48a93ff0c714ea54,adcc97889b0e5ff7,R,107041.52,response>60s
2025-06-04 13:38:12,61fe2f0a5ac6b808,28746a741cadb4e6,R,0.07,response<0.1ms
2025-06-05 16:24:26,9c77ce0c95c3ed80,3c9a46c2330312b8,R,106058.88,response>60s
2025-06-05 17:37:28,dc05f5c007a9ccbe,6e34c3c332c9ab07,R,0.05,response<0.1ms
2025-06-05 13:19:10,de7af0db522fae92,45b422e3cf3873e8,W,0.09,response<0.1ms
2025-06-05 19:53:04,4f3a77458e76edb9,bbd9cfb9cb8c574b,R,91227.83,response>60s
2025-06-05 10:45:21,92e0376202f68705,5d94afc2d70dd997,R,0.06,response<0.1ms
2025-06-05 17:58:33,63e30cee41ad39ec,1064a5c78ad1a19a,R,109346.13,response>60s
2025-06-06 13:34:37,e914cbfab8495dfc,183d972960ed59bf,R,0.03,response<0.1ms
2025-06-06 07:17:06,8b644cf9c9a520fc,316b00cdd612aab5,R,0.07,response<0.1ms
2025-06-06 19:46:27,feaed0d5ce390c22,183d972960ed59bf,R,0.06,response<0.1ms
2025-06-06 10:10:38,1ccd6d6859a3a3f1,46b9cd99a50733a0,R,0.04,response<0.1ms
2025-06-06 08:52:18,9c77ce0c95c3ed80,40b1b335ed7b6390,R,112066.81,response>60s
2025-06-06 08:33:33,54de2ca3a3829cab,c04e195edf29b27f,R,0.09,response<0.1ms
2025-06-07 08:07:08,c05a5751c5f4fcc1,39e38a00874a803c,R,0.06,response<0.1ms
2025-06-07 08:08:04,e9a7ea7c4ff9e2c5,99c1ce2b8fcdbea4,R,0.05,response<0.1ms
2025-06-08 07:35:41,cc465ed7c126b54b,47bd69700ccd3b47,R,0.09,response<0.1ms
2025-06-08 14:12:23,50af3ca26f8fc94e,183d972960ed59bf,R,102440.94,response>60s
2025-06-09 09:57:36,e316cb8b24102458,c066a7d492631537,R,67710.61,response>60s
2025-06-09 16:03:15,78d0ba997d7c391b,183d972960ed59bf,R,0.03,response<0.1ms
2025-06-09 08:51:38,865280d05f493eb6,28746a741cadb4e6,R,101550.30,response>60s
2025-06-09 21:36:28,788a3324206f2841,b56eb4a9c2555e97,R,106604.03,response>60s
2025-06-09 20:22:06,934f591120b053e4,f54ae8cf6061d9c6,R,77909.68,response>60s
2025-06-10 15:04:55,309826fc87223023,e792687f0a82b46a,R,73408.29,response>60s
2025-06-10 15:52:25,f097ed5cd7499e48,e54f8fe5df4098f1,R,66051.12,response>60s
2025-06-10 10:27:21,363be24aedab7944,9dce9f9d8e8d2d06,R,0.05,response<0.1ms
2025-06-10 15:53:41,f40a945fa1a6725d,f7f6aba0b3373c23,R,107598.18,response>60s
2025-06-10 14:37:17,667e469ecbe92db7,fdd7aa558831f3ed,R,0.06,response<0.1ms
2025-06-10 20:13:04,7565bc3d3456ace5,2c23d52a8539571b,R,111683.27,response>60s
2025-06-11 22:54:09,a5c4c66298ece16c,2ca2472aabd38602,R,82488.82,response>60s
2025-06-11 09:10:29,6d2e33943a44e187,f87fcc21010077d4,R,0.06,response<0.1ms
2025-06-11 09:57:52,ef23760693f4217c,7f454d8b68ecae14,R,0.09,response<0.1ms
2025-06-11 10:04:06,477e09cc53ef1472,c094b3341e3396d7,R,72825.24,response>60s
2025-06-11 10:22:29,6a8adcef8408e5b1,28746a741cadb4e6,R,0.08,response<0.1ms
2025-06-12 16:11:55,95afe72da1f0b1e9,af784cb4c285ef84,R,74773.01,response>60s
2025-06-12 17:52:40,3d5b43c8092fdd20,c6fe6454c30e48a5,R,95302.19,response>60s
2025-06-12 17:30:42,78ba10d8605fc5be,c3ff818ca404ed15,R,107902.29,response>60s
2025-06-12 17:55:24,14fedd19abff431f,1143664f35b6238f,R,63422.98,response>60s
2025-06-12 16:05:45,d48fadd341e14721,81ebe87980855944,R,105368.82,response>60s
2025-06-12 17:09:47,6468799434f1b4c5,0649be862accd496,R,103535.54,response>60s
2025-06-13 13:55:19,4cf436c174c80df7,b380eb3904c3f1eb,R,97923.59,response>60s
2025-06-13 14:25:23,f8dccd6c06c02b6d,183d972960ed59bf,R,0.08,response<0.1ms
2025-06-13 14:13:40,6986109c7322d73c,428475c4615865fb,R,82564.01,response>60s
2025-06-13 16:37:01,9fbd8fa0c6833c49,d507c08405cddea2,R,87034.49,response>60s
2025-06-13 09:22:15,ba1d3e887403ec5e,40ae0d595b2bb904,R,79760.09,response>60s
2025-06-14 09:00:43,c11848212429b870,7f81b9f70da26dd6,R,110310.50,response>60s
2025-06-14 08:47:06,7960a413ff76382a,183d972960ed59bf,R,0.05,response<0.1ms
2025-06-14 09:59:21,6dbaac16eca99619,28999da4abd9b047,R,0.08,response<0.1ms
2025-06-15 21:32:25,2a913ce730a9f06c,c091c9983f27c97f,R,0.04,response<0.1ms
2025-06-15 08:45:31,047a135e726567a0,e6364143c0652455,W,0.02,response<0.1ms
2025-06-16 12:03:03,98fa58e3cfbf8305,1347af43e510f530,R,0.02,response<0.1ms
2025-06-16 10:53:22,da2cb36d0c517d7f,28746a741cadb4e6,R,0.09,response<0.1ms
2025-06-16 18:25:58,efae189a60a23769,d37878ddc81aac52,R,109653.04,response>60s
2025-06-16 16:38:25,33dbce787c8362d6,162322c88abb1c7a,R,107883.30,response>60s
2025-06-16 11:31:24,a435980f983e2d3f,b5b213581cc66edf,R,0.04,response<0.1ms
2025-06-16 12:59:49,ed4ecbafdcf24603,564dd361a49c257e,R,102264.87,response>60s
2025-06-17 12:45:19,9e5cb7c97ef518c4,af6f8b6ab9b8249b,R,86957.97,response>60s
2025-06-17 10:07:58,47341ef1bebb3d5b,a904b55c1e6b354e,R,88608.82,response>60s
2025-06-17 16:01:29,f7beae2ccce8a28f,39d8d4f74b08f842,R,79807.90,response>60s
2025-06-17 18:57:22,a291fdc81bbc832f,183d972960ed59bf,R,116927.32,response>60s
2025-06-17 15:02:34,2a913ce730a9f06c,e6364143c0652455,R,73043.53,response>60s
2025-06-17 22:40:27,a166206943c6d459,1c6b1ae92ad7525a,W,0.04,response<0.1ms
2025-06-18 19:37:21,48a0d08cc82c4354,183d972960ed59bf,R,69830.64,response>60s
2025-06-18 20:57:28,ffafc577fe3a8791,095295e9b0942d9f,R,0.07,response<0.1ms
2025-06-18 14:25:09,bcc16e0c77e01a91,37e57be7fbb9dc06,R,63417.03,response>60s
2025-06-18 14:55:44,70b986f1d735d824,06aefc7c7eec008f,R,0.04,response<0.1ms
2025-06-18 19:31:04,99e3290d992a815e,66200da0011fe1dc,R,92168.01,response>60s
2025-06-19 08:59:26,481ac71e6d8a8d4a,ad6967f192953da4,R,0.08,response<0.1ms
2025-06-19 11:47:25,f40b149707a5d5a4,259cfd6364289a12,R,0.08,response<0.1ms
2025-06-19 09:44:43,5ecdbf984abc7e8f,a28fef0a6269e0a3,R,0.03,response<0.1ms
2025-06-19 17:03:52,8756c4005109903b,643003417d05c15b,R,0.05,response<0.1ms
2025-06-19 07:21:55,6efebc1317fbaaa5,46d9af764996d7f5,R,0.04,response<0.1ms
2025-06-19 22:33:52,0f9781cc0b0357ff,e792687f0a82b46a,R,0.03,response<0.1ms
2025-06-20 20:39:40,74398bdf386bf345,4ac3801a69df7875,R,0.07,response<0.1ms
2025-06-20 14:00:21,e43b658d72a31179,62b16ade57064383,R,86185.00,response>60s
2025-06-20 10:37:59,2895c6b97aaf5848,bd7821f7301c5955,R,94337.64,response>60s
2025-06-20 16:10:47,3a5cca248e6f9242,c04b81d781df02e5,R,93397.19,response>60s
2025-06-20 07:32:20,0e261cc44cfe6db3,d2c6d8a614c9758b,R,0.04,response<0.1ms
2025-06-21 15:47:31,76c56f4ed6edf83d,4ee13b40e313b9ff,R,0.07,response<0.1ms
2025-06-21 07:35:21,2362c1b0533d6e23,b95dd9ea255ce2c9,R,64041.44,response>60s
2025-06-22 19:10:47,9a04224dad5870a2,9b39b061c7cf5677,R,98136.81,response>60s
2025-06-22 10:04:09,515cb5c6125553f2,37b3f966f2b4c6e3,R,0.07,response<0.1ms
2025-06-23 20:18:55,5c99122dc806e7bc,6527622261c6ead2,R,0.03,response<0.1ms
2025-06-23 15:53:21,7daee0c94171e203,28746a741cadb4e6,R,0.02,response<0.1ms
2025-06-23 19:10:09,112cb3bb8bad9553,114d8f9c6565ede0,R,0.04,response<0.1ms
2025-06-23 06:52:03,14d63190a1156a7f,46c799687b7115b3,W,75867.71,response>60s
2025-06-23 09:22:30,943762e6d15c13b9,183d972960ed59bf,R,102101.16,response>60s
2025-06-23 19:20:11,4b02ba789dcbe7d5,183d972960ed59bf,R,0.05,response<0.1ms
2025-06-23 14:39:55,ce3e139b29a43ef5,2679b9ce43cf72cf,R,0.03,response<0.1ms
2025-06-23 16:17:33,03e5317a4592345b,183d972960ed59bf,R,0.03,response<0.1ms
2025-06-23 08:06:11,34607c774ae0ad8b,3a3eff4eda1c0889,R,117647.58,response>60s
2025-06-23 19:54:05,b74d2f3101c21b89,183d972960ed59bf,R,0.02,response<0.1ms
2025-06-23 18:25:22,241df4338124cf03,a0c3f21077da2966,R,108290.23,response>60s
2025-06-23 09:37:35,0d7565c46ba9deee,129a99c238bb9390,R,95519.98,response>60s
2025-06-23 07:42:22,5c076dad6d1d2d08,b90b7f84c51dbfe6,W,60226.94,response>60s
2025-06-23 12:36:08,5f2bc7df9ad2c616,28746a741cadb4e6,R,113204.92,response>60s
2025-06-23 17:03:18,794ba891bec91ffb,7bb9238e0d1a7e8c,R,0.03,response<0.1ms
2025-06-23 09:06:04,4d095734bb94813b,183d972960ed59bf,R,94247.84,response>60s
2025-06-23 10:57:08,1ce7e31f13d34016,d878ce0b7cc853c1,R,89770.22,response>60s
2025-06-23 16:32:50,4cc793ccb078a7a8,2ed4074f5883fc47,R,0.09,response<0.1ms
2025-06-24 14:53:02,ecce925e86e596d7,5532641df008455f,R,108250.34,response>60s
2025-06-24 11:50:42,28054e5a131e8acc,fc3b4d2994c9eb91,R,0.02,response<0.1ms
2025-06-24 09:27:24,b5fb839f9a512190,e6f1be6306a50523,R,0.03,response<0.1ms
2025-06-24 15:15:09,1d5916137f664312,56ddeb3ae673eac8,R,0.04,response<0.1ms
2025-06-24 21:58:50,5ab9a35e6ac73156,3fca7e73962e6dca,W,94022.37,response>60s
2025-06-24 22:08:09,1667ad19cb20ab24,96a6a3ae82202352,R,0.02,response<0.1ms
2025-06-24 17:11:48,b9282c1737428953,50014e523289af58,R,110910.12,response>60s
2025-06-24 07:45:19,5e3afa1c96c87548,e698680f2bbe5894,R,69507.19,response>60s
2025-06-24 09:25:43,c72db8db6cfc15cd,b9dd26e94442070e,W,0.07,response<0.1ms
2025-06-24 12:43:03,a6fd0cb979b3b96e,18ed1347972972ce,R,0.06,response<0.1ms
2025-06-24 09:11:10,ef1239e535c7eeb7,16b55a3451041198,R,0.05,response<0.1ms
2025-06-24 10:05:34,b11d4b44835443f7,a08978f30dff0668,R,0.04,response<0.1ms
2025-06-24 15:17:20,746ba1fc14d7b9c4,d8a2091178e79714,R,0.09,response<0.1ms
2025-06-24 17:43:45,6b51f588da7bd46c,2c5c73845dc07c0a,R,0.08,response<0.1ms
2025-06-24 09:27:45,78fb79776721a801,3462f99224732079,R,0.06,response<0.1ms
2025-06-24 22:49:23,a277155af45c36db,5bb4b1caf7b59229,R,93376.25,response>60s
2025-06-25 20:07:32,1ada4b3aad7811bb,d6911a1844b08661,R,0.05,response<0.1ms
2025-06-25 11:24:52,5a7773de8a1007cc,cdd0a1c60f8d0374,W,0.05,response<0.1ms
2025-06-25 15:25:41,ccf2b4a056440d40,74b223e662867261,W,0.05,response<0.1ms
2025-06-25 17:42:51,3b94b33a6ba64f5a,4b6ef57d64a91927,W,0.03,response<0.1ms
2025-06-25 11:01:36,7e5826ca0b68809d,183d972960ed59bf,R,116994.76,response>60s
2025-06-25 12:37:34,bb66c3665e4864b2,b719eabf5ed8d9d9,R,90977.96,response>60s
2025-06-25 06:58:46,a7d5ccda58fefd05,fc14e3d580595575,W,94059.80,response>60s
2025-06-25 09:31:31,117eb114a45dfc07,bfa872f83f046a30,R,62161.21,response>60s
2025-06-25 13:38:13,0271e596835d7742,183d972960ed59bf,R,99922.64,response>60s
2025-06-25 09:09:39,c897d2fa90539c55,31582cc203b33b2f,R,117231.79,response>60s
2025-06-25 17:29:23,bb9f2bac313f510d,4f58a6e5c4f6d7ee,R,71315.80,response>60s
2025-06-25 19:21:54,464c94af8f514584,04550f14e7810278,R,0.05,response<0.1ms
2025-06-25 16:25:07,e579849a96c62a55,1d8fcf3ee2eba7b3,R,84729.22,response>60s
2025-06-25 09:22:25,5b91346762db59b1,cbf4416385da62c1,W,79253.22,response>60s
2025-06-26 18:11:54,983b2557d5d45aa0,205f9639c4d2f87d,R,0.03,response<0.1ms
2025-06-26 08:26:08,07b95231f9ea060e,4d1506f0f56c6aa1,R,105833.49,response>60s
2025-06-26 21:22:22,138a0a66e977ea5f,28746a741cadb4e6,R,0.03,response<0.1ms
2025-06-26 09:49:13,1c03ca961d94e141,7a6971a6476c1e9b,R,80280.10,response>60s
2025-06-26 08:33:23,1cb099e74229ebed,07fe1553fb09c255,R,0.05,response<0.1ms
2025-06-26 23:40:49,70e835e9e32adaa0,4e7dad75000513ba,R,0.06,response<0.1ms
2025-06-26 18:09:40,327a62ba0d2c326e,97d11f14f3fd4bb4,W,107320.69,response>60s
2025-06-26 22:36:01,698ed9497d73ff99,fab6d43bd14607f6,R,0.04,response<0.1ms
2025-06-26 10:17:49,426b88983accccef,1db73864ad585f4a,R,85173.19,response>60s
2025-06-26 20:44:35,62c129f2b7da015f,e98e418f3aab0694,R,0.08,response<0.1ms
2025-06-26 15:56:26,92cadc1f7dd4e209,28746a741cadb4e6,R,63315.07,response>60s
2025-06-26 20:48:42,8179e8fbe52ffe2d,72e7f74525a594a6,R,78234.54,response>60s
2025-06-26 20:01:56,6ed341b1f042810a,b3fca55fbc780e96,R,0.02,response<0.1ms
2025-06-26 15:39:36,d327f5175e299589,6ca045166ff9b7c1,R,114174.00,response>60s
2025-06-26 20:11:59,d1f857b5a000a117,183d972960ed59bf,R,110521.43,response>60s
2025-06-26 16:06:13,4b8a17434204309b,67832149e7903a0c,R,114580.05,response>60s
2025-06-26 18:49:05,be067d3a584d20f2,e416ee871061fddb,W,91022.66,response>60s
2025-06-26 14:55:53,f8aa7089455dabfc,28746a741cadb4e6,W,0.08,response<0.1ms
2025-06-27 18:09:26,2d690c86e405d4f1,c1e791de0064701f,R,60938.19,response>60s
2025-06-27 14:10:01,65ccc5d976fea812,8fe036e9a909fe1a,R,82969.48,response>60s
2025-06-27 09:36:05,caf71f312f9b2a00,982bf54620eb580c,W,117895.20,response>60s
2025-06-27 11:05:49,c7c226ea9a88e753,7f2486023cec1405,R,65953.26,response>60s
2025-06-27 10:10:17,2baa16226c9b9ad5,febe4a61b54bad3c,R,0.03,response<0.1ms
2025-06-27 21:05:46,44d1b154624e2b5c,82fff5cf5b3ab800,W,0.05,response<0.1ms
2025-06-27 10:04:32,cd0959bb892a5f6d,de8c8e77816aea44,R,0.09,response<0.1ms
2025-06-27 14:27:07,dfb70121671b1018,06aefc7c7eec008f,W,0.09,response<0.1ms
2025-06-27 11:04:31,b8f3b611fdc68ac3,ab4722b5dbae84ce,R,66239.22,response>60s
2025-06-27 09:06:16,2d55c6716c94500b,c4e71ffff167e451,W,89187.48,response>60s
2025-06-27 21:03:24,137163f1e42b3427,37af27a473282616,R,0.04,response<0.1ms
2025-06-27 11:54:48,78ba10d8605fc5be,f4ff6aef9c1f643b,R,0.04,response<0.1ms
2025-06-27 10:28:45,b2314ca49eb4784c,71af922287b18480,R,0.04,response<0.1ms
2025-06-28 21:45:43,c3249d688c6b3358,643003417d05c15b,R,0.06,response<0.1ms
2025-06-28 08:12:14,4e79b524f6fb4f8c,45644afa20ae1757,R,112562.86,response>60s
2025-06-28 15:26:16,c12076b0bb086ecf,8296abd50d73ee7b,R,0.07,response<0.1ms
2025-06-28 15:02:06,a3ee25346fa48efb,06aefc7c7eec008f,R,0.04,response<0.1ms
2025-06-28 16:54:09,905c18ad21708553,8454b85e3ee917ba,R,0.08,response<0.1ms
2025-06-28 11:23:47,08a1812bd56df037,8085ee693cd1b6ed,R,0.02,response<0.1ms
2025-06-28 17:13:48,afbf5a3aaeaa28ce,5dde069009a823a4,R,0.04,response<0.1ms
2025-06-28 10:38:56,db0010c75a59fb40,c67da6cef918c2ad,R,0.05,response<0.1ms
2025-06-28 15:21:46,ca6f73c97ef61019,7b826c55105d1bdc,R,108224.25,response>60s
2025-06-28 11:49:32,9207e1dd1e54448a,6f53174baf626bfb,R,0.03,response<0.1ms
2025-06-28 08:47:44,743534f33ba21b7f,efcb4d1948a1e855,R,68774.65,response>60s
2025-06-29 10:02:44,80294f3ea2bb17e1,ab1196f5b7e95e43,R,94840.46,response>60s
2025-06-29 11:53:45,1217bdf5f3e91612,8e970e96811fc593,R,0.09,response<0.1ms
2025-06-29 08:42:33,6093db693cbc8ad1,28a61f6beec9f5b9,R,73011.24,response>60s
2025-06-29 10:13:05,8384d87a57cf974f,70493a933754004e,R,0.04,response<0.1ms
2025-06-29 20:28:16,f02178f6db41405b,d1c10beaf744d24b,W,0.05,response<0.1ms
2025-06-29 09:54:41,b41fd4b9a6b7b018,173cf5db9c5dc616,W,75337.53,response>60s
2025-06-29 20:07:51,7207e641910e787d,183d972960ed59bf,R,0.03,response<0.1ms
2025-06-29 09:54:09,ada93cbbcd995740,18b975191043845c,W,0.02,response<0.1ms
2025-06-29 09:13:23,be4e8d83cf722fe0,e8cf981487f061d0,R,70573.59,response>60s
2025-06-29 16:26:09,b683a6a8d5b49fb2,de9c481257e883eb,R,0.03,response<0.1ms
2025-06-30 09:27:38,2915287596349d1a,278f85bb1a96d9cd,R,0.07,response<0.1ms
2025-06-30 10:13:40,c28b1d9cd39d614e,84dd794f13c99285,R,0.04,response<0.1ms
2025-06-30 08:20:47,fe41f99440cda37d,969259b3b9384f28,R,0.04,response<0.1ms
2025-06-30 17:41:56,82ea52e6bedd3ea2,3463033ef91fff3b,R,93835.98,response>60s
2025-06-30 20:09:43,8eb15dab015d0ea1,22c0dfb57a4c1c12,W,0.08,response<0.1ms
2025-06-30 18:38:15,e65dfd529eba67e7,e792687f0a82b46a,R,0.07,response<0.1ms
2025-06-30 10:40:24,4e2b8a868fe84169,d6ea4fbe9256fb9c,R,78554.70,response>60s
2025-06-30 08:35:23,7c673345117cf1a9,c5ca45b446669c2b,R,0.05,response<0.1ms
2025-06-30 16:57:10,2997afd5aaed0f67,8496b94d22057765,W,78200.28,response>60s
2025-06-30 21:52:24,f4820b0ef0d56b9f,f3b374b7050c97d1,W,69198.76,response>60s
2025-06-30 12:11:07,a1077bd33abd8f88,6f890cd928a3db73,R,72922.29,response>60s
2025-06-30 21:18:36,0b0d1cee0e60aa3a,ca86ae9d00803d96,R,65986.47,response>60s
2025-06-30 10:54:39,5d2778db8f792db3,1b031afeb6b83dd0,R,0.03,response<0.1ms
2025-06-30 07:17:42,8fea00b09d433e12,ccd0c7642b5f6776,R,0.02,response<0.1ms
2025-06-30 12:27:14,1bca825ec1fdbbc9,5a9558d9990d63b1,R,73041.59,response>60s
2025-06-30 15:32:01,c3249d688c6b3358,5c272bcdab4010b1,W,93097.33,response>60s
2025-06-30 09:19:50,25582de038462b07,c5bc95b687aade39,W,111460.14,response>60s
2025-06-30 23:02:19,1a4cd698ce186dd0,01694745c081b800,R,0.02,response<0.1ms
2025-07-01 09:06:56,febeae5a4afdf128,f701dd6f1c6d8c40,R,84983.76,response>60s
2025-07-01 12:57:54,11b22b866639f0e2,e0e846d8ea6cf10b,R,0.03,response<0.1ms
2025-07-01 23:23:07,26442cdf4f17ce81,35b8dd6f1b5a96ca,R,0.04,response<0.1ms
2025-07-01 17:08:43,29fbda222b9f8278,1a5d76a13b4b48ae,W,77906.71,response>60s
2025-07-01 18:29:41,150133d24830d6ba,5107ab94d05a9477,R,0.09,response<0.1ms
2025-07-01 20:20:11,731bb11d31b56be9,3888ae1aae9f7571,W,0.07,response<0.1ms
2025-07-01 10:28:12,06c5a2b09cc338b9,879640c86b1b792a,R,0.07,response<0.1ms
2025-07-01 23:13:53,9629b9c93914b634,51517e88a31993a1,R,0.05,response<0.1ms
2025-07-01 16:45:50,c59032906a182db8,e56e16fe53854203,R,71999.89,response>60s
2025-07-01 15:18:10,2dd3e1d71864b985,1f6159ac32d93a39,R,70818.96,response>60s
2025-07-01 05:23:10,2319cc5cececab5a,183d972960ed59bf,R,63702.97,response>60s
2025-07-01 20:58:54,aa5b41aa97b47713,e4c99db27ef6a11e,R,0.07,response<0.1ms
2025-07-01 18:27:01,586aafc7e0eb18b3,183d972960ed59bf,R,0.08,response<0.1ms
2025-07-01 18:42:03,4cfe9718f26f4f78,66f757501bd1b6d8,W,89849.02,response>60s
2025-07-02 22:00:06,86899a428cca28ac,f914202011ba1c52,R,114929.64,response>60s
2025-07-02 10:08:24,7b5fec59f77619f3,507ea26f93ccc328,R,0.07,response<0.1ms
2025-07-02 10:50:01,ca7841c5dff982ca,04de0275ba05e68e,R,114000.22,response>60s
2025-07-02 17:02:05,68ebdd951696501f,05927dc71b6d30a4,R,0.06,response<0.1ms
2025-07-02 16:05:02,1ccd6d6859a3a3f1,b092b1b56015e32e,R,0.09,response<0.1ms
2025-07-02 16:38:33,0e2714d0ec64ecf9,ce2e927b1dcb3bcc,R,115387.81,response>60s
2025-07-02 14:14:47,6c689126e62e1617,c64314501a1de9ac,R,114096.47,response>60s
2025-07-02 18:56:34,47341ef1bebb3d5b,bd08bfa17812be69,R,94425.20,response>60s
2025-07-02 22:14:05,e82d213b9b6014d4,592c5dd31cac1a11,W,0.08,response<0.1ms
2025-07-02 18:35:47,389271835cabc6f8,2fe3de0871b6e134,R,107533.84,response>60s
2025-07-02 10:56:44,c07850462c402c07,28746a741cadb4e6,R,108855.37,response>60s
2025-07-02 09:37:43,dc05f5c007a9ccbe,7b089604bb42862a,R,65617.42,response>60s
2025-07-02 09:13:39,28255dc49c3fe571,183d972960ed59bf,R,66217.12,response>60s
2025-07-02 10:14:14,2bdb491a8087bba7,38d0c9f8bbcdf400,R,0.09,response<0.1ms
2025-07-02 15:38:09,b049f74f7dd1654b,183d972960ed59bf,R,0.04,response<0.1ms
2025-07-02 09:55:25,eb1cede902fddd26,183d972960ed59bf,R,83524.11,response>60s
2025-07-02 12:34:40,8d6726403207035c,8085ee693cd1b6ed,R,72640.21,response>60s
2025-07-02 19:50:37,5d5e7c1100d06030,df65b1778bd40925,R,90831.41,response>60s
2025-07-02 20:46:54,9350b53925ac1677,3673a98ca350e96a,R,0.07,response<0.1ms
2025-07-03 20:53:03,6f97606e4b41ad76,5f4144b6807f14c0,R,0.08,response<0.1ms
2025-07-03 16:12:51,d69a1bd7a534cc88,09682a8e4097a3d9,R,0.07,response<0.1ms
2025-07-03 12:43:40,b5853f4fda7517a4,994288bcd5ec36a1,R,97914.11,response>60s
2025-07-03 10:17:12,1e7f94cf861ac668,c13245611210986f,R,81349.18,response>60s
2025-07-03 08:41:24,5e1e52c419cc6425,c92b102b520e6018,R,72198.77,response>60s
2025-07-03 18:00:42,1f1a668ac0215400,7b40f8e385fcbb7b,R,77525.01,response>60s
2025-07-04 10:37:00,030ad4c7a44f6269,9075469ba4beeaee,R,0.04,response<0.1ms
2025-07-04 08:21:07,d090f58ff9f75c04,e043ba7c5356fe33,R,0.04,response<0.1ms
2025-07-04 10:15:23,b6d1d70b98b7a679,8e970e96811fc593,R,0.03,response<0.1ms
2025-07-04 18:07:44,ecf5737cb7ed683b,17865dc22376b787,R,0.09,response<0.1ms
2025-07-05 08:38:40,85f0c9ccbe2173a4,5bb2d1f4477a7331,R,94172.91,response>60s
2025-07-05 22:09:36,875d8f653d06ffb3,183d972960ed59bf,R,0.08,response<0.1ms
2025-07-06 07:52:54,4ced76f6412ee81c,c214e9e298ac7fd2,R,0.03,response<0.1ms
2025-07-06 18:06:24,a6cb56adcceaf498,863e4cd39d30ac02,R,0.06,response<0.1ms
2025-07-07 09:39:37,13b2fb8ba6bda2ce,28746a741cadb4e6,R,0.06,response<0.1ms
2025-07-08 20:22:11,d0240d8fc9b9d306,092a3fffa3e8817b,R,98724.88,response>60s
2025-07-09 13:14:45,86a36e34bfd8d6d4,06aefc7c7eec008f,R,117357.56,response>60s
2025-07-10 08:38:10,fc005faea1b9a012,1cfa547bec7eeb6f,R,65488.74,response>60s
2025-07-11 18:23:56,112fd37e7d75069b,83c1f04d3e22b47c,R,80666.62,response>60s
2025-07-11 14:53:44,d95ceb7af89bff64,9388555cd8518974,R,94384.05,response>60s
2025-07-12 10:05:55,1a4cd698ce186dd0,52147eb3a2f68a53,R,0.08,response<0.1ms
2025-07-13 21:34:32,a845a39975470fc6,06aefc7c7eec008f,R,0.08,response<0.1ms
2025-07-14 09:10:49,65f27d3bd043495c,758f5d74885ad5e4,R,91467.23,response>60s
2025-07-14 08:50:56,8afc605a6a79ec96,28746a741cadb4e6,R,0.02,response<0.1ms
2025-07-15 08:40:20,2f4f3ca44a2634ca,8e970e96811fc593,R,94968.33,response>60s
2025-07-16 21:40:47,2df36e4a73f2aa83,f0fec4acde815312,R,116696.94,response>60s
2025-07-17 10:03:06,a207c70183027e8e,f8ae12fa3ccdb04e,R,0.05,response<0.1ms
2025-07-17 11:34:27,1273bd5ab268efc6,e792687f0a82b46a,R,88860.85,response>60s
2025-07-18 21:42:19,926e6fcc8a51f6f5,1102c15862d5eb10,R,0.06,response<0.1ms
2025-07-19 09:21:52,5151a5ad913dc380,7ae11922b4cf0fcd,R,78532.05,response>60s
2025-07-20 07:01:24,c311edb4c16d7a25,100281b850ae56e8,R,0.04,response<0.1ms
2025-07-21 09:50:41,74af8e0673cd80ef,af6f8b6ab9b8249b,R,91497.32,response>60s
2025-07-22 07:51:10,b4c86de6995dd335,faff7527e520e2c3,R,0.06,response<0.1ms
2025-07-23 15:09:32,a5257ad4fe6ef8ea,25e265a048b5c88a,R,80879.93,response>60s
2025-07-24 10:03:19,de1c250b5ec372d0,06aefc7c7eec008f,R,80469.54,response>60s
2025-07-24 17:38:27,d324479864998495,51f050983b71f5b8,R,62241.74,response>60s
2025-07-25 14:12:31,c11034ca7e7f2fa7,346cd76932f33b3d,R,0.06,response<0.1ms
2025-07-26 14:38:02,2744a013a7ea580f,49fc4e7f91953f92,R,0.06,response<0.1ms
2025-07-27 13:43:06,c517b36c67a6a8f3,053fe3573dcaf54f,R,109696.43,response>60s
2025-07-28 17:19:38,d7e18e4e25810b4b,183d972960ed59bf,R,0.08,response<0.1ms
2025-07-28 21:31:21,0d9f564dce6a3797,28746a741cadb4e6,W,84720.35,response>60s
2025-07-29 16:02:35,981c41b97d219000,0d8bfdc7fe4fd828,R,111538.33,response>60s
2025-07-30 08:09:36,39b5634ff3de2787,683c569a75d27d4a,W,0.06,response<0.1ms
2025-07-31 11:15:24,cec6118090f5b704,fff057b2fa833ca0,R,102803.08,response>60s
2025-08-01 16:50:22,894d3d90d818fcc8,fb04937d771fa103,R,80321.84,response>60s
2025-08-02 16:28:46,68cc7f4507a07b7e,5a61288edcb8604a,R,0.08,response<0.1ms
2025-08-03 19:22:31,767b388eb08e329d,0b0868b56b24f3c2,R,0.07,response<0.1ms
2025-08-04 14:42:12,d6a5d541240ee819,6cddb1a30d171a00,R,0.05,response<0.1ms
2025-08-05 09:05:15,3c80e9d6322032ca,dd7b6d383b6bf0ed,R,104860.36,response>60s
2025-08-06 10:39:25,266a70ff67b701d7,28746a741cadb4e6,R,112668.58,response>60s
2025-08-07 10:57:18,28d06531f4068493,cae8cee2e242c1c0,R,88231.03,response>60s
2025-08-07 08:49:15,a1ca021582c67570,71e0eb34fdb16ead,R,60817.39,response>60s
2025-08-08 19:10:35,ab20b4f9593d4785,28746a741cadb4e6,R,92686.79,response>60s
2025-08-09 16:04:56,b4b1d7bea5b72381,62576f96ba868742,R,85705.92,response>60s
2025-08-10 15:53:33,7df397cfb030fc43,66f3c8e041bffa5e,R,70093.47,response>60s
2025-08-11 09:04:54,5669285fbec7c923,840081133ddc6919,R,63710.48,response>60s
2025-08-11 17:59:55,da389c4ac04344b8,92809985aa39c1c7,R,0.07,response<0.1ms
2025-08-12 09:49:44,3695966857b7cd6b,f91c1b9087ce90f8,R,95489.83,response>60s
2025-08-13 14:04:59,13c131187fc93786,621e07a1c7246644,R,113680.78,response>60s
2025-08-14 14:23:43,99abebdbeb12b480,a422e0133fad6b77,R,0.09,response<0.1ms
2025-08-15 11:16:28,cc6a9848943f45ce,28746a741cadb4e6,R,0.03,response<0.1ms
2025-08-16 15:45:08,66ca626e63286309,68e66f055680e853,R,65801.54,response>60s
2025-08-16 16:00:53,85074aa292b3baa4,9f0af1b1a258809c,R,0.08,response<0.1ms
2025-08-17 18:57:06,2915287596349d1a,06aefc7c7eec008f,R,79025.68,response>60s
2025-08-17 08:27:11,6d199bd1159613f0,741c6981a1b29b81,R,67982.54,response>60s
2025-08-18 14:59:16,10442703653de21b,eabb0820aa115382,R,0.09,response<0.1ms
2025-08-19 10:00:24,3eabbbb991492e1c,f8784c44ca54316f,R,74390.14,response>60s
2025-08-20 22:34:15,9ac1f1a6a16a71ac,934364d82a870202,R,70741.94,response>60s
2025-08-21 10:16:44,6e30cb013affa2e3,28746a741cadb4e6,R,105971.08,response>60s
2025-08-22 13:08:27,b895ba8bf5569d42,28746a741cadb4e6,R,0.03,response<0.1ms
2025-08-23 22:40:41,0b9295d32c5ad5c2,2475e9557344cd93,W,106497.96,response>60s
2025-08-23 21:49:00,0510c67e61553e03,521c8fb274aa619a,R,83513.22,response>60s
2025-08-24 19:14:57,78d0f2afd538bf16,06aefc7c7eec008f,R,0.09,response<0.1ms
2025-08-25 11:51:44,801f6d0f111f413f,183d972960ed59bf,R,96444.23,response>60s
2025-08-26 08:37:34,262cc85ca47bd57b,f6a18244974381c5,R,77678.73,response>60s
2025-08-27 15:04:36,be5ab2d3b22021ca,2ded44e996ce6efb,R,0.08,response<0.1ms
2025-08-28 07:22:33,dc2d2879e062682e,28746a741cadb4e6,R,0.08,response<0.1ms
2025-08-28 16:52:46,e67e60c90e8049d4,06aefc7c7eec008f,R,0.05,response<0.1ms
2025-08-29 16:20:58,c2b5569b717b774a,c65e1aaada0f064a,R,62379.30,response>60s
2025-08-29 19:34:08,97e6f1056ef77d04,06aefc7c7eec008f,R,114655.46,response>60s
2025-08-30 15:23:02,52868e2bcb9bcae6,28746a741cadb4e6,R,0.05,response<0.1ms
2025-08-31 14:07:02,8588cd07926e192d,af6f8b6ab9b8249b,R,0.08,response<0.1ms
2025-09-01 16:47:23,07173028a3740339,b8af2b03973d3647,W,80352.46,response>60s
2025-09-01 07:48:02,e9f88d8746edba04,28746a741cadb4e6,R,63860.50,response>60s
2025-09-01 20:42:14,484bc4b9656c60ee,e792687f0a82b46a,R,103350.91,response>60s
2025-09-01 19:04:38,32425ee1ba3a7863,9840dd0accfe9a9b,R,66251.07,response>60s
2025-09-01 01:26:50,f7e95e21e7dede0a,183d972960ed59bf,R,95487.66,response>60s
2025-09-01 19:56:38,1b1662cd9c1fd490,183d972960ed59bf,R,0.05,response<0.1ms
2025-09-01 10:25:00,c73bc763d54c1531,43e4e1ee50487a4a,R,70803.66,response>60s
2025-09-01 09:14:03,a7ca4df74e73e085,c4edf4d06c2221e2,R,0.03,response<0.1ms
2025-09-02 08:08:12,66a357bb5ec01d6d,173255b5b0212010,R,0.02,response<0.1ms
2025-09-02 18:29:35,829215e654ba639d,183d972960ed59bf,R,0.07,response<0.1ms
2025-09-02 09:30:11,535b00880a72d91e,183d972960ed59bf,R,0.07,response<0.1ms
2025-09-02 07:42:45,d0bf60277333e9f8,e5ae0aefb23244b3,R,0.09,response<0.1ms
2025-09-02 08:46:03,810425180012d2cc,a08df1e967c17586,W,92629.05,response>60s
2025-09-02 20:11:04,6b38852c31997130,ddbc93f66e1e103a,R,0.05,response<0.1ms
2025-09-02 15:42:17,32dbf1f1503fccf7,d4f213c9a58e2664,R,0.03,response<0.1ms
2025-09-02 09:05:36,b1ed16ebe57fbe92,36eb6e79fdde91fa,R,0.08,response<0.1ms
2025-09-03 11:25:51,89d3a4d12f1eb5bf,3a323c9a6c2306c7,R,60104.46,response>60s
2025-09-03 11:27:07,7e57aa9616bbe0dd,8bd781153e3a7424,R,0.08,response<0.1ms
2025-09-03 16:22:59,f591c55b55e9ca3f,a3aeae330838759b,R,84140.15,response>60s
2025-09-03 12:36:24,ee4d476b6f8c2389,e1ce77540c3415f8,R,0.04,response<0.1ms
2025-09-03 07:29:25,2dc40bbec17f334d,28746a741cadb4e6,W,0.03,response<0.1ms
2025-09-03 22:22:36,96f735c5b65402d2,a34cb94f44380aac,W,84695.79,response>60s
2025-09-03 19:49:03,d71e385a9762e83f,b462cc74194a736e,R,0.04,response<0.1ms
2025-09-03 13:24:40,103e33e8d3cb969a,183d972960ed59bf,R,0.08,response<0.1ms
2025-09-03 10:32:49,16109b6a47ed8391,8e970e96811fc593,R,0.04,response<0.1ms
2025-09-03 09:50:24,7198dd872a691b8e,d5668b895aa29888,R,0.05,response<0.1ms
2025-09-03 08:21:46,d43bad3309e638ef,daf80fea0f4cb6c4,R,113838.67,response>60s
2025-09-04 09:26:28,688e6aee9b54a714,349caa3c175092a3,R,0.04,response<0.1ms
2025-09-04 09:16:51,f5d3466d9bc90651,14c9eea898d50d77,R,0.04,response<0.1ms
2025-09-04 15:35:00,7226518e238016cf,0c2d6acce9a2fdf7,W,0.06,response<0.1ms
2025-09-04 08:06:12,b48cff5039c13f39,0472bf297da76633,W,0.06,response<0.1ms
2025-09-04 17:18:34,3eda04a3676b4c72,796f4398c261a0dc,R,82013.02,response>60s
2025-09-04 09:03:43,eeef06e03f3b0546,183d972960ed59bf,R,0.06,response<0.1ms
2025-09-04 19:03:18,3fdd4982a8813159,183d972960ed59bf,R,0.06,response<0.1ms
2025-09-04 15:15:22,de619ee3e26fbed0,183d972960ed59bf,R,0.05,response<0.1ms
2025-09-05 14:07:41,4c2744768f32177c,183d972960ed59bf,R,86466.20,response>60s
2025-09-05 09:26:41,aecd21c9917850b7,06aefc7c7eec008f,W,92944.70,response>60s
2025-09-05 20:08:16,7383bc2aa2e91dcf,c07d60a78084b0dd,R,0.08,response<0.1ms
2025-09-05 22:38:56,4494f94869cad8b1,c758d5bfeb15ebc4,R,63641.72,response>60s
2025-09-05 07:55:08,9ae2be364dfb9730,2345a5b406a68617,R,0.04,response<0.1ms
2025-09-05 20:38:14,d9e16a609cc06a98,162322c88abb1c7a,R,113775.00,response>60s
2025-09-05 20:12:43,3baa8095ccf4e361,a8786006e6b59613,R,0.04,response<0.1ms
2025-09-06 08:49:22,0a772f1bde536800,183d972960ed59bf,R,96044.81,response>60s
2025-09-06 09:33:26,5ce29f721c36bb68,a90a700252223a6f,R,0.07,response<0.1ms
2025-09-06 08:58:00,392c3d3c694546b2,813670e4f317063a,R,0.04,response<0.1ms
2025-09-06 14:07:36,87f6c1d6e97e5239,947b1adcedc0b896,R,77922.08,response>60s
2025-09-07 09:20:18,c0065e9f6f33e486,97ad7c302d55cfca,R,84695.59,response>60s
2025-09-07 20:43:03,34ac2bd58400f902,982ce09a30301d7b,R,0.08,response<0.1ms
2025-09-07 10:08:28,735dcf0114bb101d,162322c88abb1c7a,R,112012.21,response>60s
2025-09-07 10:14:28,86fd57e6b0c5aa10,81707d48b75aeb1f,R,0.03,response<0.1ms
2025-09-08 19:46:39,d618dc3c39018805,5549387e9cfb662b,R,70944.99,response>60s
2025-09-08 22:48:55,9a0316ef73b11eb5,030a7956d8465279,W,0.07,response<0.1ms
2025-09-08 13:26:45,57f60a1a15f63425,d36ebf560f958026,R,0.08,response<0.1ms
2025-09-08 14:22:35,eeef06e03f3b0546,7b9e27b55d94d0ae,R,0.02,response<0.1ms
2025-09-08 21:47:29,a22b6e2449c36f36,28746a741cadb4e6,R,0.06,response<0.1ms
2025-09-08 13:48:23,89d4e361870f7308,badff5625ce5a05a,R,84397.00,response>60s
2025-09-08 14:28:17,1a93d07949ab677f,9cfd918a64ec316d,W,76390.64,response>60s
2025-09-08 19:33:47,464c94af8f514584,f890b2c8c02ec6b3,R,0.04,response<0.1ms
2025-09-09 20:37:29,e500fc66806ecb7a,edfb6664864b261a,R,107236.37,response>60s
2025-09-09 19:51:13,eee11c594d2c7dc9,af6f8b6ab9b8249b,R,99765.94,response>60s
2025-09-09 15:04:10,865280d05f493eb6,06c6dfbd3ec6e262,R,106899.74,response>60s
2025-09-09 14:49:09,58c9a308c642dcb6,e20e690c3f3ccd63,R,60759.94,response>60s
2025-09-09 21:16:51,810425180012d2cc,1a6e139aa1b63203,R,0.03,response<0.1ms
2025-09-09 12:15:44,455f56925ed39c32,183d972960ed59bf,R,0.07,response<0.1ms
2025-09-09 08:25:22,57469a632aa35693,3ec43ffe219eb1a3,R,92768.93,response>60s
2025-09-09 14:10:37,8483fb37e3671475,183d972960ed59bf,R,0.06,response<0.1ms
2025-09-10 16:41:27,80401f9395fae56c,f95ef14f6f0a7f55,R,0.04,response<0.1ms
2025-09-10 16:43:44,3736f5ecd7f8821c,6926e95d79b42129,R,0.02,response<0.1ms
2025-09-10 10:35:10,451950fb884c6ccb,179057b83d91d510,R,109761.13,response>60s
2025-09-10 19:08:04,edb3c65f3d5050e9,183d972960ed59bf,R,0.08,response<0.1ms
2025-09-10 15:14:20,4cc87357724ddbfa,06aefc7c7eec008f,R,0.05,response<0.1ms
2025-09-10 08:14:27,908211d8b9dc2121,b2e10109a98d0169,R,0.04,response<0.1ms
2025-09-10 16:16:01,5233ed2559cd40d5,ff21d06185ad37e1,R,0.03,response<0.1ms
2025-09-10 14:16:46,20900e9fe1d5dfc5,a2d2193700b9c8ce,R,76745.33,response>60s
2025-09-10 08:31:24,55d199f88cfbce71,2161f8577c2eef47,R,106852.96,response>60s
2025-09-11 06:50:23,491a0bb6116dcf5d,5f60bd95c4a95307,R,0.04,response<0.1ms
2025-09-11 10:05:47,d7347727cd75f858,183d972960ed59bf,R,74155.08,response>60s
2025-09-11 20:40:31,00b6167f0015686a,06aefc7c7eec008f,R,81217.70,response>60s
2025-09-11 22:47:20,3f0ad8127d8197a6,5b0346201d19cab1,W,0.08,response<0.1ms
2025-09-11 12:38:51,f36cdec71719d474,095b57330fe10df6,R,81996.18,response>60s
2025-09-11 23:45:47,f6fc5ec02f306933,7ffc12ade305a294,R,92519.02,response>60s
2025-09-11 21:38:15,ff818aef566c3c23,8e970e96811fc593,R,94951.42,response>60s
2025-09-11 16:57:24,c64515c796ad689c,40f4a550c4a101fc,R,100082.12,response>60s
2025-09-11 10:53:36,ee928a1a7ed9a96f,7cd3b165537c1821,R,101089.72,response>60s
2025-09-11 10:28:52,ad8a690354fcd65b,dbd31c5582b6d76b,R,0.09,response<0.1ms
2025-09-11 19:21:18,13fd1a2063a0daf5,183d972960ed59bf,R,0.08,response<0.1ms
2025-09-11 08:13:16,f813b4054ab697bb,4273e883f152f8af,R,0.03,response<0.1ms
2025-09-11 22:43:27,26410396e2d5fc83,183d972960ed59bf,R,61289.63,response>60s
2025-09-11 09:49:47,6d1ba733ccf1e770,836e0f194a0dbc0c,R,0.02,response<0.1ms
2025-09-11 18:17:27,5efaaf4de8894249,53d979b9ca64f9cf,R,0.04,response<0.1ms
2025-09-11 15:22:44,d08c1fb237548661,0791aa07eacda37c,R,103676.06,response>60s
2025-09-11 14:07:54,61afc02bd0c46231,183d972960ed59bf,R,0.04,response<0.1ms
2025-09-11 10:38:39,c506ad385a034409,a0f86b4105e7e461,R,103979.68,response>60s
2025-09-11 10:01:36,c41512a14d4353a4,28746a741cadb4e6,R,0.03,response<0.1ms
2025-09-11 22:16:37,8c7c6e21f50c04a9,28746a741cadb4e6,R,0.08,response<0.1ms
2025-09-11 14:49:04,7c1f2d3a4791581d,580890fc91ced591,R,93711.01,response>60s
2025-09-12 13:36:22,975c992a95c54011,41fc2f1f6550a7ee,W,0.04,response<0.1ms
2025-09-12 08:10:27,fc3c1330aa741229,a2df44233577e621,R,0.09,response<0.1ms
2025-09-12 20:07:39,908211d8b9dc2121,ff21d06185ad37e1,R,66574.57,response>60s
2025-09-12 15:27:21,80ded134845fa88f,a6329f63045025a3,W,0.02,response<0.1ms
2025-09-12 08:01:40,56402f656093f62c,311ef818a597ad0d,R,67930.54,response>60s
2025-09-12 17:44:15,0a7bd3230f2c569a,38aace0b6b1ff9b9,R,75536.78,response>60s
2025-09-12 16:08:09,50059b36c90437d6,60917ad4ee87e5e7,R,67473.04,response>60s
2025-09-12 10:29:32,018617227799cb18,7a36a6713dda5607,R,0.07,response<0.1ms
2025-09-12 18:44:52,2d3a4e8b867dc5e0,60e50b68398ebf03,W,69409.15,response>60s
2025-09-12 15:59:07,a277155af45c36db,de8c8e77816aea44,R,0.06,response<0.1ms
2025-09-12 11:29:39,278a093877664eca,c9772e6fc8b49dfe,R,0.03,response<0.1ms
2025-09-12 12:50:16,fec309540f19b464,7b4e64c5a1d973ae,R,0.05,response<0.1ms
2025-09-12 13:07:10,baeb69880894e394,1990f6dfa8563676,R,0.07,response<0.1ms
2025-09-12 07:38:54,fdbe2bf0fe3b3301,28746a741cadb4e6,R,0.03,response<0.1ms
2025-09-12 08:12:47,5ae73962645daa84,c86138566bffaf4f,R,107604.06,response>60s
2025-09-12 10:11:44,9307cabb5aea4208,ddcecb49e5e03ad2,R,0.07,response<0.1ms
2025-09-12 14:15:05,902e4b142801052e,bd687f46908f7f85,R,0.08,response<0.1ms
2025-09-12 22:25:10,4b197f55f5168bd1,8268095b14bd8da7,R,80775.27,response>60s
2025-09-12 18:28:27,be1a92456a56bb54,9c2f1b7805b1a2e5,R,0.05,response<0.1ms
2025-09-13 20:27:55,15b147d7936e3839,17996e67c3bfdacb,R,0.03,response<0.1ms
2025-09-13 20:33:42,c21d59b2f1146070,183d972960ed59bf,R,0.08,response<0.1ms
2025-09-13 14:30:32,2c2164cd4856fa86,183d972960ed59bf,R,96075.63,response>60s
2025-09-13 15:48:23,9c1a1cc54e3d7eb4,643003417d05c15b,R,67008.83,response>60s
2025-09-13 15:06:02,0271e596835d7742,a76e0fa5c93f40b4,R,0.06,response<0.1ms
2025-09-13 11:05:34,2ad92fa840be29d6,360d19e07bc36998,R,0.04,response<0.1ms
2025-09-13 18:26:30,8dc944aaaca1e5be,b75531b1696469e5,R,0.05,response<0.1ms
2025-09-13 09:15:00,4cc1b8ef42244c25,3e5d68462e670698,R,0.04,response<0.1ms
2025-09-13 15:42:34,d3f410a61b96ee06,a11262e6205ce7ab,R,77351.03,response>60s
2025-09-13 22:21:10,40342db5288d5814,8e970e96811fc593,R,80003.48,response>60s
2025-09-13 17:03:25,e12a7d772e890cf1,f3840fd11dba73fc,R,94792.94,response>60s
2025-09-13 08:39:13,0e14631b663459e7,6e2698b176c30380,R,0.06,response<0.1ms
2025-09-13 19:39:22,316fa1ad43b42bed,bc15f0a268e7c12b,R,77294.37,response>60s
2025-09-13 16:02:54,001df3561ad65c0b,182aa4b424e6f167,R,63053.66,response>60s
2025-09-13 10:13:46,b0ac27cdc785ba92,5306074fe51ac4b6,R,0.04,response<0.1ms
2025-09-13 21:05:07,26442cdf4f17ce81,06aefc7c7eec008f,R,93352.80,response>60s
2025-09-14 17:12:30,c897d2fa90539c55,cd08c457cbb50413,R,0.03,response<0.1ms
2025-09-14 15:59:10,9cea42826f8ab685,e5e60cbca3d817f4,R,68470.56,response>60s
2025-09-14 15:08:42,eba0837a9477e712,3e5802838a49db6c,R,89337.76,response>60s
2025-09-14 15:28:33,6abcfec9fd8e40d7,99b1db3f73679938,R,0.04,response<0.1ms
2025-09-14 21:06:20,7f0572eea7c85dd3,465594995c4ee133,W,0.08,response<0.1ms
2025-09-14 09:12:13,b3144059ab25d779,231ce581768986e2,R,0.04,response<0.1ms
2025-09-14 18:55:26,aa225d6eafbdee1a,5ec99ccc6d0004e1,R,0.06,response<0.1ms
2025-09-14 20:02:57,7c9c29712bc6cc9a,2b71c8c7ea27c566,R,0.07,response<0.1ms
2025-09-14 14:42:40,e990eda994fede87,f1c2803539cb26a5,R,0.07,response<0.1ms
2025-09-14 14:26:28,ebca2df9ac9a917f,f761299cedd9e816,R,0.03,response<0.1ms
2025-09-14 16:12:32,9d46415a7eaadf95,28746a741cadb4e6,R,0.08,response<0.1ms
2025-09-14 14:51:17,219caf7c3ffde147,9554280c6b80ff5f,R,60734.44,response>60s
2025-09-14 08:13:19,527ba59c26948ae3,7d983c1728503317,R,113543.94,response>60s
2025-09-14 20:32:43,c065651aa087e033,2c7fd8ca33e74aeb,R,0.05,response<0.1ms
2025-09-14 21:11:31,7e02da169594dacb,ae51a686a7e6f272,R,0.05,response<0.1ms
2025-09-14 18:39:11,c739490292de1ebb,d8f49efff0f70857,R,77336.57,response>60s
2025-09-14 10:02:35,ae48fe9cadf0111c,28746a741cadb4e6,R,0.03,response<0.1ms
2025-09-15 15:34:23,453dea4144236953,c1eea435ce161a93,R,0.07,response<0.1ms
2025-09-15 12:39:56,bb64455b20ea918f,28746a741cadb4e6,R,0.09,response<0.1ms
2025-09-15 15:34:46,6fb2550d1314f983,e0fcb4acb917c5ac,R,0.06,response<0.1ms
2025-09-15 14:34:22,894eb38686f837ca,a26fa995f72854c7,R,0.07,response<0.1ms
2025-09-15 19:07:21,7517da2b5d055265,dc21195b7be3ca5f,R,0.08,response<0.1ms
2025-09-15 08:52:07,41ece7fa60ebf47d,6ef20ca0ab8abeaa,R,0.05,response<0.1ms
2025-09-15 17:04:46,b5e29269764385b9,28746a741cadb4e6,R,0.07,response<0.1ms
2025-09-15 19:23:03,a4a755c07ed941a9,208bc531b6769894,W,0.07,response<0.1ms
2025-09-15 13:15:08,70e835e9e32adaa0,e792687f0a82b46a,R,110206.11,response>60s
2025-09-15 19:59:30,bc98d6b2bc13fbbc,06aefc7c7eec008f,R,0.05,response<0.1ms
2025-09-15 14:05:37,a3ea0750eef2b9f0,183d972960ed59bf,R,0.04,response<0.1ms
2025-09-15 09:03:16,787808aad9a1adce,bf92b68cffc0301c,R,0.04,response<0.1ms
2025-09-15 15:09:58,559caf1cadef40aa,db601ac99e8666ae,R,96740.53,response>60s
2025-09-15 16:31:37,56ec8a6bbf8002cc,e07ca615a0c3a3e3,R,81828.48,response>60s
2025-09-15 15:08:13,1c08a7d41f77e611,1bc8869c76e853cf,R,111789.64,response>60s
2025-09-15 14:18:24,733d3409845c6a4e,c2cc9376dc851c3b,R,115912.44,response>60s
2025-09-15 10:31:32,54cb38537e471256,cb0b4f5e259ea6c7,R,74291.56,response>60s
2025-09-15 11:38:24,e65dfd529eba67e7,a2a7f7d8eae265b0,W,0.09,response<0.1ms
2025-09-15 17:35:40,c28af7eab3294fb0,28746a741cadb4e6,R,0.02,response<0.1ms
2025-09-15 19:26:59,5f5d4081155f1b42,b493a84a099af64f,R,82193.51,response>60s
2025-09-15 10:51:15,2e3384d391e22b8a,055b99f19922e157,R,0.08,response<0.1ms
2025-09-15 09:52:19,5d49141eb6a49b85,162322c88abb1c7a,R,0.07,response<0.1ms
2025-09-15 15:20:04,cefbc0dd7a4b7a0d,055b99f19922e157,R,71221.69,response>60s
2025-09-16 18:59:22,93f477921ee03404,680cced6a48bf0a8,R,108873.21,response>60s
2025-09-16 17:04:09,ef201987a7bc21a8,28746a741cadb4e6,W,0.02,response<0.1ms
2025-09-16 11:08:02,0c873ceee53d9efd,5bba01c5a3ca5e98,R,107784.50,response>60s
2025-09-16 14:17:35,ce77e57b3c5e7b1f,12370fc633b148dc,R,0.06,response<0.1ms
2025-09-16 09:58:16,35b2b4075eb90810,b444dcc6fb84c04c,R,0.03,response<0.1ms
2025-09-16 21:57:04,78acfaab3ebfc9b7,643003417d05c15b,R,0.06,response<0.1ms
2025-09-16 19:45:45,f8456706a3d0aefd,366c679744aaf44d,R,0.04,response<0.1ms
2025-09-16 20:16:25,17e1b2cecec06150,4fee7272fb804311,R,0.05,response<0.1ms
2025-09-16 18:42:30,74a4d13483948d53,a927b1cbf3427ff0,R,0.08,response<0.1ms
2025-09-16 15:27:22,697c28b376901ffd,aa982b2f42608e7a,R,0.08,response<0.1ms
2025-09-16 15:26:42,8fc8992fca7b633e,87d8fa82b684a3a4,R,103029.61,response>60s
2025-09-16 14:52:26,13729fb0d1c095b5,d19aff49abbe5921,R,107419.34,response>60s
2025-09-16 10:19:11,13ce9517c6e4c6d5,e606ead67466bbee,R,0.09,response<0.1ms
2025-09-16 18:59:20,01d261308f25f144,183d972960ed59bf,R,80871.88,response>60s
2025-09-16 21:30:38,57e36204b7d96481,ab400fd43fa00e5e,R,0.04,response<0.1ms
2025-09-16 15:37:54,ab43c41867c92992,607b7393999160d5,W,0.06,response<0.1ms
2025-09-16 20:56:21,8f52387dc2b1144e,7c3278d08c61ede7,R,0.08,response<0.1ms
2025-09-16 09:58:06,2baddd209c22354d,183d972960ed59bf,W,68821.36,response>60s
2025-09-16 17:53:45,a4e03ecc2d1935ad,4acfd04f566e48ea,R,0.06,response<0.1ms
2025-09-17 11:11:21,aa7eb3aed1e84e8b,f1cd9c9cc0c26b29,R,96245.85,response>60s
2025-09-17 09:41:14,3ce908a75e9ca9bc,21d66b07c8c516b5,W,79496.75,response>60s
2025-09-17 11:00:05,fb4d300edaad257d,af6f8b6ab9b8249b,R,74198.43,response>60s
2025-09-17 14:00:02,e0622af66e2e422c,07bf1d8481424f45,R,74164.07,response>60s
2025-09-17 08:32:41,d43c27dcdeaae9d1,1557720d4ca3842c,R,0.08,response<0.1ms
2025-09-17 11:00:31,181464d0152d39a7,06aefc7c7eec008f,R,0.06,response<0.1ms
2025-09-17 19:39:18,14d74fd3053b8ba0,b40a0b42a317677f,R,117746.06,response>60s
2025-09-17 08:10:27,7cafd43db09bb369,d081a94331dd3498,R,0.02,response<0.1ms
2025-09-17 19:41:46,bebe4cf6597fa632,94aeb98868c8b33f,R,68966.62,response>60s
2025-09-17 18:53:29,faa2af9407bed15c,6096932c30bc4354,R,0.07,response<0.1ms
2025-09-17 22:07:19,0b8f86369a2e13f2,a8b42854d90faedf,W,0.08,response<0.1ms
2025-09-17 12:09:14,78154270b4022eb0,2690f05c20915356,R,102985.57,response>60s
2025-09-17 21:31:12,da073087dd8c2fa4,28746a741cadb4e6,W,107088.45,response>60s
2025-09-17 09:42:24,9a5b8600705f3f79,183d972960ed59bf,R,96495.33,response>60s
2025-09-17 21:12:27,14876b9855e7c55e,08e4bb64ec59d712,R,113570.81,response>60s
2025-09-17 15:25:20,761b9658249e4f43,a353a46b06b7b9f5,R,109622.04,response>60s
2025-09-17 08:44:26,001403033b5531c5,28746a741cadb4e6,R,91650.24,response>60s
2025-09-17 15:50:56,4ef2948d1cb802bf,9f1d54928bca0827,R,97635.54,response>60s
2025-09-17 16:12:54,5b779a538e48f5a1,183d972960ed59bf,R,0.08,response<0.1ms
2025-09-17 08:23:12,94b026347f2014d7,ddc3bb6040fc162a,R,0.03,response<0.1ms
2025-09-17 10:51:40,5632df9debbd6c39,06aefc7c7eec008f,R,74532.11,response>60s
2025-09-17 14:24:20,9443e667ccf6c6d5,6bc1b6f88066a3a6,R,114470.92,response>60s
2025-09-17 07:21:05,e176a17c397f1635,77c8c3a99b45ba85,W,110828.86,response>60s
2025-09-18 20:02:11,af0d94caf3fa4579,20fd5f3124aa6147,R,0.03,response<0.1ms
2025-09-18 20:51:30,83c292e6939b4b96,f81fc6c1f3a15f74,R,0.09,response<0.1ms
2025-09-18 08:51:16,8346cf07d8ae49ea,183d972960ed59bf,R,88303.89,response>60s
2025-09-18 09:58:39,7a55b5022a161da9,70b6a5cb5b1dfaf3,R,94977.18,response>60s
2025-09-18 21:38:10,db61302a0224fea0,9c4db340e765f711,R,0.03,response<0.1ms
2025-09-18 09:42:50,6bf0b7311d6e6a3a,a34754c88088aa25,R,0.05,response<0.1ms
2025-09-19 16:28:32,838cae01c9914dfb,162322c88abb1c7a,R,0.06,response<0.1ms
2025-09-19 20:11:55,1f0f135db394c27c,700e295aed33f965,R,60629.55,response>60s
2025-09-19 17:39:26,b701a7464464e79a,849d62def84e3a9d,R,0.08,response<0.1ms
2025-09-19 10:52:58,fa90b750c1d5bbf6,32721f11413ddc58,R,0.06,response<0.1ms
2025-09-19 21:15:51,9b224d0e85ee0a32,fb31d850b7cb11b8,R,80972.86,response>60s
2025-09-19 09:30:59,913577ba132d320e,183d972960ed59bf,R,0.04,response<0.1ms
2025-09-20 11:00:20,abdcd4a365c8a675,183d972960ed59bf,R,82908.16,response>60s
2025-09-20 14:56:00,8c1c771766bb47bc,28746a741cadb4e6,R,0.06,response<0.1ms
2025-09-21 07:51:50,3042666ac030d630,0c80fe188fa9f5b8,R,89861.28,response>60s
2025-09-21 10:05:36,46d54408943bccdb,55e51d12f3bb7ee1,R,63971.36,response>60s
2025-09-22 10:47:43,7363c9b8ce366d45,2e47d18497ccff4f,R,94090.69,response>60s
2025-09-22 15:55:10,fe742dcea9e9db64,af6f8b6ab9b8249b,R,0.08,response<0.1ms
2025-09-22 08:43:35,270b2b56630a6ef1,f16c69db25312bf1,R,114477.67,response>60s
2025-09-22 15:45:25,c00ea6991656401d,9acb31e36a1f9ff4,R,103075.38,response>60s
2025-09-22 21:08:05,27604564fedfc7c8,ae9c0a2a6e968fe2,W,94675.23,response>60s
2025-09-23 15:19:29,aa5b41aa97b47713,6216534ad11f83e4,R,83678.81,response>60s
2025-09-23 16:52:35,e231825abea71c8e,8e970e96811fc593,R,0.03,response<0.1ms
2025-09-23 16:46:18,4286e9531d176be0,b9cc3e62e0c46258,R,0.05,response<0.1ms
2025-09-23 18:26:23,60d4ca9566e899f8,686a10963cf2f828,R,84847.52,response>60s
2025-09-23 12:44:15,0408977edffccc96,16fcd9a0750cc745,R,0.07,response<0.1ms
2025-09-24 09:20:52,6d199bd1159613f0,e9b725e93f5974f1,R,83462.60,response>60s
2025-09-24 14:29:29,81361d459a331ca3,c712f59bf747aa3b,R,0.04,response<0.1ms
2025-09-24 17:01:37,4fac688b3beac354,183d972960ed59bf,R,86062.14,response>60s
2025-09-24 17:27:22,b67f1a8b2c14052c,28746a741cadb4e6,R,0.05,response<0.1ms
2025-09-24 14:34:03,2499a7f0555bcf11,214a40ef80330ea0,R,0.09,response<0.1ms
2025-09-24 12:57:28,f16f6b222e74cacb,6f70ce4e57708513,R,72444.55,response>60s
2025-09-25 22:10:25,7f9ffc57a8be4a6f,99058bc319d32e6f,R,0.03,response<0.1ms
2025-09-25 08:55:58,c53dc2db794b75a8,feba622162aad8a2,R,74097.46,response>60s
2025-09-25 15:08:46,0a9adb43b8c92e51,1e6dec5910fcd992,R,0.04,response<0.1ms
2025-09-25 17:04:12,b3f876ecc947204d,a14ced854bf3ab32,R,0.06,response<0.1ms
2025-09-25 20:28:01,eb1cede902fddd26,28746a741cadb4e6,R,78183.76,response>60s
2025-09-26 15:17:18,f6905a962385b11f,f6d8b929f8a9335a,R,0.05,response<0.1ms
2025-09-26 15:05:14,6efd1af853c62af9,cfcf7bfab069cf11,R,0.07,response<0.1ms
2025-09-26 09:02:22,164c7ebf127c546f,8f54d1d5bb5e70e6,R,0.03,response<0.1ms
2025-09-26 09:15:08,69ebc87fae5da9be,99c030f0185ee352,R,0.06,response<0.1ms
2025-09-26 15:17:07,3bd63533971a5262,69aba6e368e52f43,R,62561.73,response>60s
2025-09-26 10:10:50,9ee434b7526d5705,35b8f5785997203f,R,0.02,response<0.1ms
2025-09-27 10:23:26,117eb114a45dfc07,699da217c7024a94,R,65845.38,response>60s
2025-09-27 20:26:51,cf22d5edd3196666,325c0a5be8790bed,R,111659.00,response>60s
2025-09-28 18:42:27,ea5ea31fdfb6e635,d718dc9864765b2e,R,69673.07,response>60s
2025-09-28 12:09:09,3481b6011bbc22cc,28746a741cadb4e6,R,78141.11,response>60s
2025-09-29 08:24:50,400df4c635efc53f,183d972960ed59bf,R,0.03,response<0.1ms
2025-09-29 10:13:02,6dde15a456f0b767,183d972960ed59bf,R,84431.12,response>60s
2025-09-29 08:06:05,e0a8e7504414cc40,abd28c62f854da9f,R,0.08,response<0.1ms
2025-09-29 17:39:05,cce111f923114c46,8910544e47bbef6e,R,105934.48,response>60s
2025-09-29 20:18:33,a71d95a25e3d4d8b,10c8075823e55de2,R,0.06,response<0.1ms
2025-09-29 11:46:56,5151a5ad913dc380,183d972960ed59bf,R,0.04,response<0.1ms
2025-09-29 12:06:56,6da3c61ce753bd3a,a53254820675c258,R,0.05,response<0.1ms
2025-09-30 17:57:44,49c339ea0d0fb9c4,9e55d5f9b63499ae,R,0.06,response<0.1ms
2025-09-30 19:06:29,983b2557d5d45aa0,092859bba6c38ed3,R,81053.87,response>60s
2025-09-30 20:38:58,64ba044335143b8d,ad73028b21b406c2,R,110070.34,response>60s
2025-09-30 07:55:05,2a46695afd16a6bd,a671a0057aea001a,R,71103.68,response>60s
2025-09-30 21:03:11,ac3ce9e13d44f649,6c41ad270aac6787,R,0.07,response<0.1ms
2025-09-30 13:42:27,1f0a4cad1433c256,72f5c87ff37047e8,R,0.05,response<0.1ms
2025-10-01 13:58:52,49f9067323bc7f22,23c9ba292137c637,R,0.03,response<0.1ms
2025-10-02 20:30:14,72957b0c735d85b1,3ea5d8780e692fe6,R,0.02,response<0.1ms
2025-10-03 08:02:32,82ef1bfd205d018d,28746a741cadb4e6,R,0.07,response<0.1ms
2025-10-04 19:04:42,c065651aa087e033,104f81d9816e1a8a,R,0.06,response<0.1ms
2025-10-05 15:44:43,afcefd546d7b76bc,183d972960ed59bf,R,0.04,response<0.1ms
2025-10-06 16:03:37,f160a42990852cac,183d972960ed59bf,R,0.03,response<0.1ms
2025-10-07 09:43:46,bf524281a50098f9,0ec53815af055999,R,0.07,response<0.1ms
2025-10-08 20:49:02,0a9adb43b8c92e51,96ff004a6fd0098e,R,85291.09,response>60s
2025-10-08 20:31:53,8c8b61bbb6d920a7,e6f1be6306a50523,R,0.06,response<0.1ms
2025-10-08 08:42:19,cf3dab72912ae206,06da5c97296c8499,R,60209.84,response>60s
2025-10-08 14:16:01,2ab78fef2e901c53,e9927e7229e16bee,R,0.07,response<0.1ms
2025-10-08 19:22:07,6618f45a2749970a,2184a4596fa8d703,R,0.05,response<0.1ms
2025-10-09 16:21:14,efbccdf1dce31b53,2557da1241d4fa79,R,0.02,response<0.1ms
2025-10-09 22:39:12,e52cd9165c7e306b,1192e212100549f7,R,0.03,response<0.1ms
2025-10-09 09:14:27,e56bfdfed4550374,3b9f16406234ce42,R,100957.94,response>60s
2025-10-09 13:53:05,c2a3a0377eb9c16a,74d31c8c8411050f,R,0.05,response<0.1ms
2025-10-09 22:28:27,77e1e6645b3c3924,3aca1c1827aef809,R,0.03,response<0.1ms
2025-10-09 10:36:25,7700bcf43892b0c0,9d5d1ef331d283c7,R,0.07,response<0.1ms
2025-10-10 09:44:13,5d5e7c1100d06030,dc185ae018e3456c,R,71937.69,response>60s
2025-10-10 21:41:52,28d127b5b55cdca7,b87e010941fea9f7,R,106881.55,response>60s
2025-10-10 16:18:02,91115af73e3b8b93,b1c76eed5ead241a,R,108022.84,response>60s
2025-10-10 10:30:30,8077f5b67b32b1d3,805d074a7bbf8240,R,82343.45,response>60s
2025-10-10 10:29:37,3b848d3a61f4309a,183d972960ed59bf,R,0.06,response<0.1ms
2025-10-10 15:22:45,980d9155a54a2135,82307288a2c1e238,R,0.04,response<0.1ms
2025-10-11 09:29:10,beb339a6ea988b45,28d253eb0f1857f4,R,115042.62,response>60s
2025-10-11 17:06:32,665f2a265d69e1bd,28746a741cadb4e6,R,0.03,response<0.1ms
2025-10-12 20:25:51,ffd1733877454f36,bdd9b654090b85f8,R,111533.35,response>60s
2025-10-12 19:36:11,d403044c73a491fc,92246617f0206ac1,R,103888.97,response>60s
2025-10-13 21:24:16,57a1164865ecb7aa,6dd2a2e27eb7e709,R,113650.80,response>60s
2025-10-13 10:13:18,98decf73a1400fd9,d7d11f3e10758d50,R,89964.52,response>60s
2025-10-13 07:38:54,1d7857326df725fe,234c75c39937a666,R,77411.76,response>60s
2025-10-13 10:15:36,218026fc507632ba,183d972960ed59bf,R,0.05,response<0.1ms
2025-10-13 16:13:24,f5c562345928d61d,eb711c603acf7bc3,R,0.06,response<0.1ms
2025-10-13 20:10:18,917b003bc9122ed9,8acdc6007d96ea72,R,65825.98,response>60s
2025-10-14 14:59:18,a517a75d3a5e5d60,05341569903435f4,R,112817.84,response>60s
2025-10-14 21:23:35,27a810bcff5ab9b1,28746a741cadb4e6,W,79563.41,response>60s
2025-10-14 09:28:09,26b69c7ecb3993f5,a3aeae330838759b,R,68597.99,response>60s
2025-10-14 23:26:41,943cb8eb8febe9ad,28746a741cadb4e6,R,87131.30,response>60s
2025-10-14 20:42:14,2acea2b9e3d2fcaa,a7e8e074ba67f6d6,W,0.06,response<0.1ms
2025-10-15 21:38:07,f7362b4ce3701cd2,06aefc7c7eec008f,R,0.08,response<0.1ms
2025-10-15 18:34:26,a82f1e5deab165a3,6db933d407d9cfb2,R,0.03,response<0.1ms
2025-10-15 08:42:10,1c278e330b33506d,c8a936cbd095c8dc,R,74213.62,response>60s
2025-10-15 21:09:10,7acfbe6aa2bc3902,183d972960ed59bf,R,61758.65,response>60s
2025-10-15 10:34:21,7217073d47ec4b65,2500dfda0c76246f,R,109200.81,response>60s
2025-10-16 16:44:52,4e56bca3e4202b00,ef820f90fb2310d1,R,71384.51,response>60s
2025-10-16 14:30:28,7fdbff28a63c232f,183d972960ed59bf,R,115334.05,response>60s
2025-10-16 17:58:12,4ab238ed244e62eb,183d972960ed59bf,R,0.03,response<0.1ms
2025-10-16 07:25:06,8b644cf9c9a520fc,402b6e46969ee903,R,80123.86,response>60s
2025-10-16 17:54:15,d38babbb11febced,637a63f755ff9db6,R,0.04,response<0.1ms
2025-10-16 14:14:17,1277f62648e697b8,e987138c28dba698,R,74350.97,response>60s
2025-10-17 09:30:20,f04f5f0d1f33c318,21503b2ec4520b22,R,0.07,response<0.1ms
2025-10-17 17:20:08,6401c4f79ee08d8d,0ca983f8440c76d2,R,104796.74,response>60s
2025-10-17 11:25:43,53d241983eba8ac2,c1e986f9b11ac79d,R,75550.05,response>60s
2025-10-17 10:56:05,812132126e439b70,3802815a97f9b070,R,0.06,response<0.1ms
2025-10-17 14:28:39,bd1aaafbaadab550,e6f1be6306a50523,R,0.08,response<0.1ms
2025-10-18 20:07:05,a19f69aea33dd397,dc6e6427357f2bce,R,79314.48,response>60s
2025-10-18 19:58:16,9999ea446a4b0745,2f6ba19931f1603f,R,60556.38,response>60s
2025-10-19 16:21:06,de17fda311147e8a,183d972960ed59bf,R,64045.13,response>60s
2025-10-19 07:58:21,62f4aa7f6afcd5ee,5a904596a4568f19,R,70447.54,response>60s
2025-10-20 15:41:32,437a0bd35625fea3,28746a741cadb4e6,R,0.04,response<0.1ms
2025-10-20 07:13:21,8ebf503e6ed2441f,8e970e96811fc593,W,83295.54,response>60s
2025-10-20 15:40:04,e766b4457bf35372,06aefc7c7eec008f,R,0.04,response<0.1ms
2025-10-20 19:28:22,7acfbe6aa2bc3902,06aefc7c7eec008f,R,93543.55,response>60s
2025-10-20 14:46:13,a95e5dc06825198d,1c26a0331a68e5ef,R,0.04,response<0.1ms
2025-10-21 19:32:13,c4e51209a6cb2a1b,09f35729963a81ae,R,90759.93,response>60s
2025-10-21 20:40:33,a30475a9758c5d60,0f2a99dce5339521,R,108590.63,response>60s
2025-10-21 21:48:51,6ed341b1f042810a,183d972960ed59bf,R,106009.36,response>60s
2025-10-21 09:22:15,04d593047c0c6246,9ee8ca03645b8a07,R,0.05,response<0.1ms
2025-10-21 11:20:20,c26bd7e6ca54f835,ab6171cfac6c6813,R,0.07,response<0.1ms
2025-10-22 19:40:01,6380bbed27cff605,4f0620c0cb75fee5,R,0.05,response<0.1ms
2025-10-22 21:06:52,c32d8ebd2356818a,f025cb4ccfc75a66,R,70773.17,response>60s
2025-10-22 20:11:32,f889968cf2309260,79c7596feda736d3,R,0.08,response<0.1ms
2025-10-22 08:27:55,be5ab2d3b22021ca,34562393516dea39,R,95158.86,response>60s
2025-10-22 19:10:49,f04750de24b80aa0,5f7b35c2eaa4e05f,R,103475.52,response>60s
2025-10-23 20:58:21,85db0ed9a8e19730,26ada4293e55ca38,R,0.04,response<0.1ms
2025-10-23 15:34:17,15b05aed73b69365,369940136d231ce0,R,0.05,response<0.1ms
2025-10-23 16:39:20,2d7f171e5af21484,d55bf6de95205fee,R,0.08,response<0.1ms
2025-10-23 11:04:23,22177df23f503bf0,0e84636510b3575e,W,0.05,response<0.1ms
2025-10-23 16:38:10,8ebf503e6ed2441f,28746a741cadb4e6,R,106520.78,response>60s
2025-10-24 08:06:40,96a4a06928fe34f8,28746a741cadb4e6,W,76200.46,response>60s
2025-10-24 10:00:25,0ea9f94ce122b876,fba9c79235c859e8,R,74361.46,response>60s
2025-10-24 14:30:14,91c6a9a03a127f58,e6364143c0652455,R,0.05,response<0.1ms
2025-10-24 10:00:45,eb0ff1937825f170,962582f5e057a9f0,R,0.06,response<0.1ms
2025-10-24 19:09:38,a00d0fc25dcfb549,4572036ff8fcaf9a,R,0.05,response<0.1ms
2025-10-25 09:17:31,0b2ffe0f0e6918e6,49aad5a1eb96aa2c,R,0.08,response<0.1ms
2025-10-25 20:43:11,02d91055586d6d15,28746a741cadb4e6,W,64772.13,response>60s
2025-10-26 08:49:01,a54608ca82e5d2f2,c64af35e91d64414,R,0.05,response<0.1ms
2025-10-26 21:39:08,daf6cb9779130c34,c28134eca40ab4b0,R,0.07,response<0.1ms
2025-10-27 09:35:52,c441ae6d7d668169,bab61fdf29bf6dec,R,0.03,response<0.1ms
2025-10-27 15:26:50,badaa243f81019e6,5baaecaa4f00bd53,R,0.03,response<0.1ms
2025-10-27 09:22:32,7311d58074582e42,28746a741cadb4e6,W,0.07,response<0.1ms
2025-10-27 13:49:22,9e41952cbf7e03ec,2c2213430a435ba7,R,0.04,response<0.1ms
2025-10-27 09:41:56,5b9a0bcec1bfa3cc,28746a741cadb4e6,R,71173.52,response>60s
2025-10-27 21:55:48,792f85a7708cd334,06aefc7c7eec008f,W,98017.74,response>60s
2025-10-28 22:41:03,672f14a97fba6ac5,e0372e902265880a,R,0.07,response<0.1ms
2025-10-28 09:04:23,c15eb84a06529cb1,3c24c07d5ba234e3,R,0.07,response<0.1ms
2025-10-28 19:59:14,9b7e4361525daad1,efa11727113ff498,R,0.06,response<0.1ms
2025-10-28 16:07:07,3ed5f86590514d45,1ad76c0f1d05d5a9,R,70442.16,response>60s
2025-10-28 09:19:24,70fc9fb09704c11c,445b1937ef683fa5,R,0.03,response<0.1ms
2025-10-29 22:18:58,feb820c4aa7e20bd,e31408b1343cbd14,R,90104.38,response>60s
2025-10-29 18:09:38,3f06c55b94a28cd4,af6f8b6ab9b8249b,R,108535.41,response>60s
2025-10-29 17:53:57,f4f8698b25cac5eb,a1c713133505058a,W,86389.14,response>60s
2025-10-29 14:11:07,e05f60ac1fda993c,183d972960ed59bf,R,0.08,response<0.1ms
2025-10-29 16:20:59,e41666b24ea6f438,69fc4da1a95289bc,R,0.07,response<0.1ms
2025-10-29 20:43:39,2b4346310e649346,12d3faa7f49f5e06,R,0.06,response<0.1ms
2025-10-30 18:30:23,86f1515b549e4a94,ec58b676576d4599,R,115521.01,response>60s
2025-10-30 16:11:08,a39b7b615f71b8a9,70d1e99cc803db2d,R,100425.49,response>60s
2025-10-30 12:49:57,d63ccf011a853520,e792687f0a82b46a,R,103613.47,response>60s
2025-10-30 15:18:27,3ed5f86590514d45,bb97d362b229774b,R,117120.38,response>60s
2025-10-30 11:07:17,967f52c46200c188,51b8ee6ef35203fb,R,110597.82,response>60s
2025-10-30 14:40:12,e8c5ceec5bb57550,9679dfb527b760ce,R,95401.65,response>60s
2025-10-31 18:56:27,53da4ac96d89a00d,2d69d5efc806fd2b,R,63917.09,response>60s
2025-10-31 20:57:11,7ab35061ea62a056,06aefc7c7eec008f,R,106436.27,response>60s
2025-10-31 07:55:37,b3fa60135b92eebc,b8af0cef4cac0c35,R,0.07,response<0.1ms
2025-10-31 15:22:05,4c2744768f32177c,59fad8f49b5acace,R,113252.69,response>60s
2025-10-31 16:33:11,e7b547f9177a80e8,28746a741cadb4e6,R,0.08,response<0.1ms
2025-10-31 07:25:58,4b52f03a2cefb3d3,f32b529fd6c5d9f0,R,117443.66,response>60s
2025-11-01 15:00:43,61afc02bd0c46231,d68b0ad590097c9e,R,0.02,response<0.1ms
2025-11-01 16:30:49,810425180012d2cc,b1ab4715e450e190,R,0.09,response<0.1ms
2025-11-02 18:18:05,e0612806adc5274c,4e9b9ceab9ca68e6,R,76823.88,response>60s
2025-11-02 09:32:39,5d37ae3a9fca701b,c7b4d594331faad9,R,0.03,response<0.1ms
2025-11-03 09:34:12,a1969174a50d8d19,0986dabf8033e3c4,R,85632.26,response>60s
2025-11-03 13:23:27,a98942bc102d2fa1,5aa8010403ece025,R,98911.62,response>60s
2025-11-03 09:02:05,b049f74f7dd1654b,4adb159dbcc6924a,R,0.08,response<0.1ms
2025-11-03 09:40:23,57671422700b53ad,6ff2447549beb67e,R,0.05,response<0.1ms
2025-11-03 13:22:18,92cd9a002524c40a,64ee10ff1b1561d2,R,0.08,response<0.1ms
2025-11-04 15:27:36,ac3ce9e13d44f649,def1a34e5f40dc5d,R,0.09,response<0.1ms
2025-11-04 08:19:39,e7b5c461f481d767,2efbdc3d22037416,R,107465.88,response>60s
2025-11-04 10:10:05,df0d246c7d2672ad,183d972960ed59bf,R,0.03,response<0.1ms
2025-11-04 16:12:39,76b97f379ca06eb0,183d972960ed59bf,R,0.06,response<0.1ms
2025-11-04 20:15:04,432b8649f6df058e,426c30a7f9f462d3,R,0.06,response<0.1ms
2025-11-05 16:00:01,9c48604221025ce1,8a60bed251528fbb,W,80243.42,response>60s
2025-11-05 19:55:08,a511c7477309c83d,46bb945eadc681db,R,0.06,response<0.1ms
2025-11-05 19:22:12,e6275dffc7635e53,e3728698140218fb,R,0.05,response<0.1ms
2025-11-05 21:26:49,9e0b476d52b6d6ca,183d972960ed59bf,R,0.05,response<0.1ms
2025-11-05 10:16:57,8566e981a1a3ca5e,707710bdfbe2b843,W,86939.57,response>60s
2025-11-05 08:41:15,e4e114d173b77e3c,17b9d52725a62eb7,R,0.06,response<0.1ms
2025-11-06 16:05:29,60d4ca9566e899f8,1024fe8179377c6d,R,0.08,response<0.1ms
2025-11-06 15:33:43,6febb47d2ef3389e,3d03f36d4007afb4,R,0.04,response<0.1ms
2025-11-06 14:35:54,12e87c0c73e7fe0b,8e970e96811fc593,R,87086.83,response>60s
2025-11-06 19:48:10,bbf8e72485c0192e,b28d11af0b224684,R,0.07,response<0.1ms
2025-11-06 15:02:13,e0482d8dce2d3c3a,58d08e74d8b58f64,W,0.02,response<0.1ms
2025-11-07 17:07:56,ad1ea0a8a847c330,69290d20c4714ad6,R,0.03,response<0.1ms
2025-11-07 08:10:15,9928e3a28755f673,557628b77c5892c5,R,0.03,response<0.1ms
2025-11-07 21:45:40,a53ad219be121a6b,e7ad0458a04d1008,R,62254.06,response>60s
2025-11-07 16:38:13,8890b221873714ab,54a55aae8c9e1b01,R,110656.51,response>60s
2025-11-07 19:53:22,89334d38231855cb,5be9044cf72f9021,R,104377.65,response>60s
2025-11-08 14:01:47,59caf4ea090f602e,7b4fecd6be68a80e,R,0.03,response<0.1ms
2025-11-08 11:22:19,e2f0b14a62430850,013a24b5e1c0dd5f,R,0.04,response<0.1ms
2025-11-09 07:54:51,b754bf9a15d6cde2,d08abad5c491b0f2,W,0.02,response<0.1ms
2025-11-09 15:18:17,e6668aaf8b08907c,5bba01c5a3ca5e98,R,0.05,response<0.1ms
2025-11-10 20:45:47,b85fb2a0d9d70baa,3a26ca12008b9b87,R,101206.47,response>60s
2025-11-10 07:35:46,7e3188df9250e3de,34e7b2a75bba545a,R,0.06,response<0.1ms
2025-11-10 17:08:10,be067d3a584d20f2,aa52681c03399f37,R,84309.82,response>60s
2025-11-10 20:29:52,540739a96f3b4cfe,38471545d2c512f4,R,105303.41,response>60s
2025-11-10 16:04:34,f344818e062dc3be,211c2bb97b90606a,R,0.05,response<0.1ms
2025-11-10 17:49:29,a3cda4251cc9fff0,38b732d0339c9c08,R,0.04,response<0.1ms
2025-11-11 20:29:10,7b7dc7486b70d938,e16d84bda0d44c88,R,0.04,response<0.1ms
2025-11-11 10:13:15,7b5fec59f77619f3,14fac5ea7a739d61,R,0.05,response<0.1ms
2025-11-11 21:06:08,e4974aee19d03170,81c7b116785c3011,R,0.02,response<0.1ms
2025-11-11 19:15:30,a06e567afef4ff8f,b51a903ffbe6a630,R,0.08,response<0.1ms
2025-11-11 10:29:19,24284f1add9257c7,183d972960ed59bf,R,0.08,response<0.1ms
2025-11-12 09:22:05,6da9d99df7284539,6b5b83be75c93b89,R,0.07,response<0.1ms
2025-11-12 14:33:11,3f69bf8d41b34c83,2d9480b65416383a,R,84526.01,response>60s
2025-11-12 22:11:52,ab8b489f9698d9c6,28746a741cadb4e6,R,89031.88,response>60s
2025-11-12 15:00:04,81f408b78a76673d,37f90259a91b51f1,R,0.08,response<0.1ms
2025-11-12 11:17:36,8beef48c2bc42bd0,8fd30bfa5e983eef,R,76371.55,response>60s
2025-11-13 07:14:49,54230f3c775920dd,78a3d46634d5a928,R,98744.49,response>60s
2025-11-13 18:31:28,df5c0cf729d5e35e,183d972960ed59bf,R,0.06,response<0.1ms
2025-11-13 14:56:41,c73bc763d54c1531,20fd5f3124aa6147,R,113252.60,response>60s
2025-11-13 08:40:35,55b6b15c12eb8ee8,183d972960ed59bf,R,0.09,response<0.1ms
2025-11-13 10:42:02,f4260b353f4f5ac0,1a0ea1c4b61d2151,R,0.04,response<0.1ms
2025-11-14 18:31:00,db96e56281807e9a,cf1a8f20a6a1c1e1,R,99768.92,response>60s
2025-11-14 08:10:24,a7ca4df74e73e085,fbc8727b457191bb,R,0.08,response<0.1ms
2025-11-14 17:49:54,6e5180be9703f4a7,a108af498e169519,R,0.08,response<0.1ms
2025-11-14 13:48:50,392faffdf8ce1233,eb711c603acf7bc3,R,0.05,response<0.1ms
2025-11-14 09:19:15,acbfc7ec85b2a9f1,3f07e9ae193f4979,R,90215.79,response>60s
2025-11-14 10:57:07,e19201885286380e,e6f1be6306a50523,R,90932.69,response>60s
2025-11-15 09:58:18,ee26f67127c06a7b,3016c8ff8eb346e2,R,0.07,response<0.1ms
2025-11-15 19:43:56,71c5f1a0f51547fa,71815c0d940b64d3,R,95045.98,response>60s
2025-11-16 15:25:58,15e266e0093bcd59,64750a978521288e,R,80651.29,response>60s
2025-11-16 20:20:34,73a5d1d5558f733c,183d972960ed59bf,R,100511.55,response>60s
2025-11-17 10:06:41,3edfe0233002deb7,2db52a9cefcf6583,R,71700.17,response>60s
2025-11-17 13:26:55,dfa9d1704e8d72c4,183d972960ed59bf,R,0.09,response<0.1ms
2025-11-17 19:21:19,06d4c8e499a19fe1,6806a2e55250ce02,W,76025.99,response>60s
2025-11-17 20:51:07,b460cae9062f44bc,3857fe7f5aa49eb9,R,70329.48,response>60s
2025-11-18 10:33:02,a41471087c6afe29,e40d9ba16e83c9d7,R,81421.02,response>60s
2025-11-18 09:53:08,cae4c1f0672a3640,2d0f6bf6ee3cf410,R,115732.07,response>60s
2025-11-18 15:58:08,a2293473e6c4ef8f,bad9f0010f14ded6,R,0.02,response<0.1ms
2025-11-18 09:50:55,f35a8295fa202219,f0697aa2a785a5e4,R,102914.13,response>60s
2025-11-18 21:02:29,87874a0ee1fc95e9,9b743d7c84716071,R,93964.42,response>60s
2025-11-18 09:38:54,dfe68cca1fc4e602,8725143dcd6ea4db,R,0.04,response<0.1ms
2025-11-18 19:17:06,c438133c012da0df,03101934d2f9cbb1,R,91887.38,response>60s
2025-11-19 19:22:37,74defd7fb91b29e6,28746a741cadb4e6,R,68632.09,response>60s
2025-11-19 18:33:12,d4fdd9f7fb28ae65,183d972960ed59bf,R,0.09,response<0.1ms
2025-11-19 12:11:20,d49500e4568fe741,45ce8a8294140b85,R,0.05,response<0.1ms
2025-11-19 12:35:32,dbaeea4625851546,f835f2b159cb50d4,R,114274.65,response>60s
2025-11-19 10:40:49,8008148f6c80ac9a,dc49c5f20abaeac7,R,0.06,response<0.1ms
2025-11-20 15:11:45,d21a43bb62f7f0f9,e25d4ed3ef1dae00,R,0.08,response<0.1ms
2025-11-20 09:40:22,0181946bd6146179,183d972960ed59bf,R,0.02,response<0.1ms
2025-11-20 22:11:51,b3f876ecc947204d,19e196cb3e81b21a,R,0.06,response<0.1ms
2025-11-20 20:59:07,1dfe4656d388947b,11e8cf9e34cb7b4c,W,92863.29,response>60s
2025-11-20 09:57:49,9716d04ba11f6d0c,ce32edaada944ff0,R,0.04,response<0.1ms
2025-11-20 09:56:25,d67db83456603ceb,20fd5f3124aa6147,R,0.02,response<0.1ms
2025-11-21 10:59:44,f4820b0ef0d56b9f,de146252e07a45d6,R,0.04,response<0.1ms
2025-11-21 22:03:04,14cd851d156edf71,4eb975214e0a7e65,R,0.07,response<0.1ms
2025-11-21 15:41:40,a47b602365ee6cd1,183d972960ed59bf,R,0.04,response<0.1ms
2025-11-21 10:00:41,882887d47c3a67b8,e3fdc2fce579c069,R,0.04,response<0.1ms
2025-11-21 10:56:17,7e813ceca02811e2,d3bb586d625267ab,W,0.07,response<0.1ms
2025-11-21 13:32:43,6236f81b078d9668,183d972960ed59bf,R,0.07,response<0.1ms
2025-11-22 13:54:33,f1557013ea7f6e61,c5961461c1e8f1ba,R,100377.87,response>60s
2025-11-22 19:56:17,1670c2d1b7d25f55,28bb5ad067bb4b92,R,0.03,response<0.1ms
2025-11-23 17:32:03,1d0b8036bd8f66d8,e0372e902265880a,R,91442.32,response>60s
2025-11-23 10:11:52,85d2efacd4076da6,f54ae8cf6061d9c6,R,78269.55,response>60s
2025-11-24 06:56:30,b8a32196e22fe8a1,cc134a125d454c9d,R,0.09,response<0.1ms
2025-11-24 22:57:06,26dd96f8f38345ae,c85b3eb3b431755d,R,61426.19,response>60s
2025-11-24 19:54:36,31d733059881f253,ed9d7d05ce58e7d3,R,91092.94,response>60s
2025-11-24 16:28:15,823ec7aef98ceb65,4afb5264038d9293,R,113464.03,response>60s
2025-11-24 08:11:31,fe10cf96bd2b5c29,6b55ac0b7b8f27dd,R,0.08,response<0.1ms
2025-11-24 13:07:29,3891421cafcd694c,76586d242491a7df,R,0.08,response<0.1ms
2025-11-25 23:10:25,3aaa9ec9728c5a24,591f1eedc6257c84,R,89862.15,response>60s
2025-11-25 21:18:08,788a3324206f2841,711c62899336e3e9,R,70788.63,response>60s
2025-11-25 15:55:27,10e36869374fcb8c,183d972960ed59bf,R,89081.74,response>60s
2025-11-25 21:18:32,c74479d0f468e294,9560beb4a17591b6,R,0.03,response<0.1ms
2025-11-25 14:36:04,5b779a538e48f5a1,6527622261c6ead2,R,101220.91,response>60s
2025-11-25 10:24:53,e1e39ac1baf8e90a,b8b19bfefebebbc1,R,0.04,response<0.1ms
2025-11-26 09:03:58,d0ef62bc083de451,183d972960ed59bf,R,78587.87,response>60s
2025-11-26 09:08:28,47b8c58b5a601592,d6db7053da048ca6,R,0.03,response<0.1ms
2025-11-26 08:24:57,64fbd23c50f81850,bbce695605c53ce9,R,113862.94,response>60s
2025-11-26 10:23:33,4dd3fd7d3df1d3c7,f3693fc6f5542e7a,R,0.05,response<0.1ms
2025-11-26 08:18:42,b00d7c3fe89ea6d0,183d972960ed59bf,R,64006.77,response>60s
2025-11-26 08:28:48,1bb1a01fe6476820,28746a741cadb4e6,R,0.07,response<0.1ms
2025-11-26 21:46:40,0734a7db768bca3a,e6364143c0652455,W,0.05,response<0.1ms
2025-11-27 13:34:38,16bb44cda4ee9ffd,91420b89760d8eb2,R,0.08,response<0.1ms
2025-11-27 17:15:08,9a5b8600705f3f79,aca25f7cf4f65b0d,W,0.05,response<0.1ms
2025-11-27 21:08:51,57ce046e85c2d1dc,e987138c28dba698,R,102329.79,response>60s
2025-11-27 08:05:08,44ac5dd088734e49,28746a741cadb4e6,R,0.03,response<0.1ms
2025-11-27 13:24:39,1ce3f6830cc88bb9,494026c42f887ebc,R,0.05,response<0.1ms
2025-11-27 15:31:14,2d4bd58c30d290cc,89afebc5e3081463,R,109233.89,response>60s
2025-11-28 10:09:27,3d74d74853475eb6,38d60b939ffaca2c,R,0.04,response<0.1ms
2025-11-28 15:04:46,49ea333749fbdd55,e453d9a42ec5223d,R,91303.51,response>60s
2025-11-28 09:34:37,2c100190c4ea304c,b83b226588afd775,R,88104.95,response>60s
2025-11-28 17:20:32,85ed8e1ed01e907f,e6f7f48d1711d09b,R,80810.51,response>60s
2025-11-28 15:10:20,bccfd5b5dd88e994,1b586541a29d60a9,R,0.08,response<0.1ms
2025-11-28 19:17:43,ffbfa081e7fe4f3e,af6f8b6ab9b8249b,R,98243.79,response>60s
2025-11-29 08:47:11,88b7af94cb375121,72196d0fb78007ea,R,0.07,response<0.1ms
2025-11-29 15:24:34,3916a068e6a56012,84cbb539ffe96ffc,R,61717.43,response>60s
2025-11-30 19:05:02,916eed74db65ae11,76698070069689fc,R,0.03,response<0.1ms
2025-11-30 11:59:39,2eb383fe83a37ea8,0fb837961a9d28a2,R,0.08,response<0.1ms
2025-12-01 15:49:29,6cfe0b1f293f927b,643003417d05c15b,R,0.03,response<0.1ms
2025-12-01 19:54:59,7cd388ff1551867f,183d972960ed59bf,R,114592.92,response>60s
2025-12-01 08:59:08,4bbb0008e4b0b5cf,28746a741cadb4e6,R,0.03,response<0.1ms
2025-12-01 14:24:15,89d3a4d12f1eb5bf,2764d9a8fbb0248d,R,0.09,response<0.1ms
2025-12-01 09:59:17,46596716db3ef7be,0b8902977a04175c,R,87538.61,response>60s
2025-12-01 08:53:33,a39b7b615f71b8a9,06cab920baae3c1f,R,0.04,response<0.1ms
2025-12-02 20:22:25,e51a90e1e928c049,cd9dd176c470f701,R,62395.20,response>60s
2025-12-02 20:34:17,983b8c08bf302298,be1a99ada18803ae,R,117005.51,response>60s
2025-12-02 15:02:51,cfe77941cbcc053c,8e970e96811fc593,R,67409.44,response>60s
2025-12-02 21:34:54,b2cdfa6660c7d376,af6a0e59b3be348b,R,0.04,response<0.1ms
2025-12-02 14:31:30,bfd12630022bc7ec,e792687f0a82b46a,R,103542.03,response>60s
2025-12-03 16:22:25,362a3a37cfed88af,183d972960ed59bf,R,0.07,response<0.1ms
2025-12-03 09:25:52,448395b859747d01,d7b5bb1bd596e612,R,0.02,response<0.1ms
2025-12-03 18:36:19,6f32ae1ef8bdac28,e2d902cca2ca1a53,R,0.03,response<0.1ms
2025-12-03 15:01:09,e9b2a189931b820c,4626e30f6ace74a3,R,0.02,response<0.1ms
2025-12-03 07:57:42,b6476985a92b1c74,1afb575b6c09fc0d,R,114738.43,response>60s
2025-12-04 16:18:50,8f3eb60864cf0bb6,2cfaa59dea61ef85,R,78331.73,response>60s
2025-12-04 08:53:26,121ad1c08cb2beb0,58338a67d764b679,R,61700.74,response>60s
2025-12-04 16:04:16,2bba79b17549884e,7fb6f2dca50aaba7,R,111119.81,response>60s
2025-12-04 18:59:52,b33b23fd8afaa18b,de8c8e77816aea44,R,0.03,response<0.1ms
2025-12-04 08:02:45,45821bef02ac130c,183d972960ed59bf,R,85105.69,response>60s
2025-12-04 16:18:34,79c3603b5a2af2c6,183d972960ed59bf,R,0.07,response<0.1ms
2025-12-05 20:59:40,f16f6b222e74cacb,7bc8b96d9823190d,R,117766.67,response>60s
2025-12-05 07:51:33,d15b68350d414fe3,9c1491568544b05a,R,81142.69,response>60s
2025-12-05 16:58:05,01ae68a5b4f77d00,dd795379d161cbf0,R,76242.68,response>60s
2025-12-05 15:58:38,c649a96663dc4680,d9dcc61c4b05ed01,R,63470.00,response>60s
2025-12-05 09:41:56,181765e48d591d44,183d972960ed59bf,R,84655.58,response>60s
2025-12-06 08:25:01,b00d7c3fe89ea6d0,1e00088a7694b3d0,R,60451.91,response>60s
2025-12-06 08:58:05,c61633954775a6dc,474f40866edeb5b2,R,68296.64,response>60s
2025-12-07 14:55:12,3996a354d2bdaa3b,c9c94aec6b9c72a7,R,116572.11,response>60s
2025-12-07 07:52:28,3678d7cf5abf9e0e,2f583f395ab258d0,R,61650.38,response>60s
2025-12-08 14:18:13,9a04224dad5870a2,450c24111f0d3149,R,0.08,response<0.1ms
2025-12-08 14:03:43,587dcec171e8c003,3267fc50bc63e7f9,R,0.04,response<0.1ms
2025-12-08 10:09:40,d67f3d75ce0a0005,183d972960ed59bf,R,93852.96,response>60s
2025-12-08 12:53:35,ba9d61a7c0f72a56,bea4342fcb7ffbf4,R,0.09,response<0.1ms
2025-12-08 20:54:53,9a77fbddc8142384,1c6b1ae92ad7525a,R,61494.93,response>60s
2025-12-09 10:41:29,a48d243a5131ca12,25b72cf5ef1f411b,R,0.09,response<0.1ms
2025-12-09 03:06:42,9a77fbddc8142384,450c24111f0d3149,R,87527.86,response>60s
2025-12-09 23:13:57,e3031a0db55d5ce5,c1360adf4d8cab2b,R,0.08,response<0.1ms
2025-12-09 13:28:14,7462a669a766d55e,4c67a106de6b2473,W,0.03,response<0.1ms
2025-12-09 14:59:51,32b041ad8943f2e2,182985186c3ab9bd,R,87846.53,response>60s
2025-12-10 12:35:47,d628d2a323e25ad7,efac89c52d8e128c,R,71935.44,response>60s
2025-12-10 10:02:16,03bdfdee0b59eef8,28746a741cadb4e6,R,94461.49,response>60s
2025-12-10 17:01:42,9240267f75f66daf,540c11e4d8da87f2,R,0.08,response<0.1ms
2025-12-10 15:05:17,e9edac83c6c389a3,dd2678e96c62f960,R,90275.16,response>60s
2025-12-10 21:10:10,3913014bb1e0aa19,183d972960ed59bf,R,0.06,response<0.1ms
2025-12-11 10:34:27,50fb18461bc82274,ceb833ab6324cc1f,R,0.04,response<0.1ms
2025-12-11 20:40:57,9727e5fdc8a66960,3dc5a44b4b66fee1,R,0.07,response<0.1ms
2025-12-11 07:53:03,36032724576bf7c8,a113fcc5c83fb81c,R,115144.97,response>60s
2025-12-11 11:28:07,1071609aa0940e46,8e970e96811fc593,R,62114.97,response>60s
2025-12-11 20:38:53,b00d7c3fe89ea6d0,74ece2d3e9bed652,R,63837.24,response>60s
2025-12-11 09:43:33,ddc59c035a77926f,183d972960ed59bf,R,114977.46,response>60s
2025-12-12 13:59:23,8339773ec5d462cd,e792687f0a82b46a,R,96355.37,response>60s
2025-12-12 08:37:08,9ac573d57b1cba80,5bba01c5a3ca5e98,R,0.02,response<0.1ms
2025-12-12 20:58:00,10e452e10606863b,54a55aae8c9e1b01,R,0.04,response<0.1ms
2025-12-12 15:52:32,6e67536b271d43b3,2af4b7e08a5a2734,R,0.04,response<0.1ms
2025-12-12 19:11:40,0d4fd29fcb2995d2,c4d3bdd376848b84,R,66104.10,response>60s
2025-12-12 20:04:58,ca7841c5dff982ca,2e269dc8f9b201bb,R,65566.22,response>60s
2025-12-13 22:08:46,ecd53aff52a60f30,a192650970faabfc,R,0.08,response<0.1ms
2025-12-13 17:40:17,ed2f2eb3d305c799,28999da4abd9b047,R,111456.90,response>60s
2025-12-14 16:45:44,2a5cb015b10dfd8c,8085ee693cd1b6ed,R,0.04,response<0.1ms
2025-12-14 15:04:21,76dad930067d65c4,09d0fd4e307908f5,R,115632.73,response>60s
2025-12-15 16:40:35,527ba59c26948ae3,2f326ef704bc4fa6,W,0.04,response<0.1ms
2025-12-15 15:04:06,ed571e64553c1a73,c2a63afb3417aa70,R,0.05,response<0.1ms
2025-12-15 19:51:05,cec5a4b6db29e990,fc21ad110c9b81cf,R,90809.13,response>60s
2025-12-15 22:25:08,7ee27adf6a2f1824,7f8135bb46153ca9,R,78099.47,response>60s
2025-12-15 16:14:03,02d91055586d6d15,9c0032999765a7c4,R,101186.62,response>60s
2025-12-16 08:32:37,fe41f99440cda37d,8e970e96811fc593,R,0.07,response<0.1ms
2025-12-16 12:01:55,f83de7a466100ab7,2aed7a2fdaef5e02,R,66307.62,response>60s
2025-12-16 22:08:06,26442cdf4f17ce81,183d972960ed59bf,R,0.06,response<0.1ms
2025-12-16 09:42:14,cca198454618f3f5,055b99f19922e157,R,77802.68,response>60s
2025-12-16 09:27:52,69c238315412322a,c62775eab67dceea,R,95697.27,response>60s
2025-12-17 17:22:55,bcacbfcc3b0e6f85,4daa8323877223c8,R,0.03,response<0.1ms
2025-12-17 20:51:32,ad303f4572878c01,458ae56ec117c3bd,W,0.04,response<0.1ms
2025-12-17 08:41:57,379a6df7c95ca50e,8568f95964baa8a9,R,89085.79,response>60s
2025-12-17 17:50:19,bfd2004fa2b7bc28,f531a9b742b74545,R,71335.09,response>60s
2025-12-17 21:51:38,5c167ff99728bd7e,d3efede048078474,R,95585.12,response>60s
2025-12-17 17:09:04,53a40fac5bcf9f91,fae6ba7a0ef6aaec,R,0.02,response<0.1ms
2025-12-18 21:05:37,13e0d48988b36a5f,de288002fe07eaef,R,0.03,response<0.1ms
2025-12-18 19:56:27,dc054f7204920760,d4a5499859818f9d,R,62491.83,response>60s
2025-12-18 14:45:07,3fdd4982a8813159,2306720200c58cf7,R,0.04,response<0.1ms
2025-12-18 16:31:05,c0e455c4bf83a61b,9dea842c9539e724,R,60208.94,response>60s
2025-12-18 20:38:23,6d1256ccbb12aa3f,e14485a05c6a6df8,R,108766.85,response>60s
2025-12-18 16:25:12,79ee490a00488f85,a93c54907568b950,R,68864.96,response>60s
2025-12-19 08:00:51,642ea3e68effe3db,afd9b30e1a2c7e40,R,0.04,response<0.1ms
2025-12-19 07:31:12,1ce6a21a870f7030,9f887726d1b03dcc,R,75536.45,response>60s
2025-12-19 19:36:35,f7443772f8ce21c3,183d972960ed59bf,R,72530.81,response>60s
2025-12-19 08:06:14,e49ce95500f7608b,b27d0530d38936df,R,0.06,response<0.1ms
2025-12-19 07:41:29,33c432ff525250d0,28746a741cadb4e6,R,64529.33,response>60s
2025-12-19 09:45:59,999d297f16b6beca,6abde9dd5e3a1fb3,R,0.08,response<0.1ms
2025-12-19 21:32:21,99619ab76ff8445c,290f57f8beca52dd,R,103555.75,response>60s
2025-12-20 18:57:59,bdb4d21cf7b9a841,62386bdb158d6d38,R,0.08,response<0.1ms
2025-12-20 14:08:57,01ad1ff4f0709bb7,ab40885585916d21,R,0.08,response<0.1ms
2025-12-21 20:51:52,8566e981a1a3ca5e,fc21ad110c9b81cf,R,0.08,response<0.1ms
2025-12-21 21:58:37,38285001dd5ca7cb,4a5e4c7cd9895c08,R,0.06,response<0.1ms
2025-12-22 10:12:02,3ec9a209827ff0af,08766b5d6cb95a0e,R,0.07,response<0.1ms
2025-12-22 14:49:35,1bb1b44e8b98f4fc,231a701b19fef124,R,0.04,response<0.1ms
2025-12-22 20:33:35,fc6cb05af93a6ae4,e6f1be6306a50523,W,76048.28,response>60s
2025-12-22 15:08:29,8fa2b5ec8b925bbe,c4821efe2590e396,R,85724.71,response>60s
2025-12-22 09:34:33,f3175c7a472c1790,183d972960ed59bf,R,0.05,response<0.1ms
2025-12-22 08:06:01,3c974eb72df8c9a4,f3e1b4dece29399b,W,0.03,response<0.1ms
2025-12-22 18:38:34,233d32128fb1949a,06aefc7c7eec008f,W,0.03,response<0.1ms
2025-12-22 19:09:36,026cbbedf9232b9f,4d5518cdd01378e9,R,0.06,response<0.1ms
2025-12-22 17:26:24,60426402ff575bb0,22e13591907293e3,W,0.07,response<0.1ms
2025-12-22 09:16:46,92886a88836b6ece,183d972960ed59bf,R,0.05,response<0.1ms
2025-12-22 08:37:23,0be87bb9922aa3d5,7808cbd352e59bc6,W,0.05,response<0.1ms
2025-12-22 16:36:33,3387a4d4fdc3f8e6,d6ea4fbe9256fb9c,R,79760.86,response>60s
2025-12-22 08:39:25,3149ef1878c7dd00,c7f525aaa3719c82,R,0.07,response<0.1ms
2025-12-22 17:19:31,ecfc3f3ed0a9608f,876a63e5b406d2ae,W,0.07,response<0.1ms
2025-12-22 10:02:52,90df1b535bd4099b,e6364143c0652455,W,0.08,response<0.1ms
2025-12-23 11:52:09,ed910df8004f2bba,ea285f8124eb3445,R,102987.21,response>60s
2025-12-23 23:04:20,15fedd37a0232e0a,183d972960ed59bf,R,61849.80,response>60s
2025-12-23 22:38:14,5e7260551fd8d066,f2cf8ce9571d1129,R,113753.86,response>60s
2025-12-23 15:41:21,cf3dab72912ae206,f3883b3ac3846ecd,R,0.08,response<0.1ms
2025-12-23 21:01:29,6c1c4f250ebb5fc5,71497563fcb3d64a,R,116410.52,response>60s
2025-12-23 16:10:37,2b22066859f86748,98b2f7bd74cff378,R,0.07,response<0.1ms
2025-12-23 09:15:49,e0f43017b8564845,a38601c1dee86e06,R,0.02,response<0.1ms
2025-12-23 21:21:50,b5c3b30b175596c8,183d972960ed59bf,R,0.08,response<0.1ms
2025-12-23 14:51:50,5b1a8339482f9cfd,bb95f83790cdd6f1,W,72895.44,response>60s
2025-12-23 08:57:36,0a1941143f339673,64b307cd316c4583,R,110092.40,response>60s
2025-12-23 23:39:56,8eb15dab015d0ea1,79fbd305a5382439,R,0.06,response<0.1ms
2025-12-23 10:56:55,7143c2ef12bf8d29,d23ffe6118a1a89c,R,60676.41,response>60s
2025-12-23 08:52:27,ab1a0f5c8e55cc92,569fbff21d54ec74,R,95526.70,response>60s
2025-12-23 10:50:13,29536c1196d339f9,2806877c3dccf7d2,R,0.03,response<0.1ms
2025-12-23 09:02:44,bf1b414d6dbf7a36,28746a741cadb4e6,R,0.07,response<0.1ms
2025-12-23 21:25:14,01d9bc916b747383,8ca809ec957bdc79,R,0.07,response<0.1ms
2025-12-23 19:05:59,b7c0e7991b9452d0,b9cc3e62e0c46258,R,95252.51,response>60s
2025-12-24 23:16:36,8ebf503e6ed2441f,183d972960ed59bf,W,96864.83,response>60s
2025-12-24 08:43:52,aa5b41aa97b47713,28746a741cadb4e6,R,0.05,response<0.1ms
2025-12-24 08:15:43,cd274164687ae307,183d972960ed59bf,R,72463.86,response>60s
2025-12-24 09:10:26,61caa1f57dee65a4,183d972960ed59bf,R,107309.66,response>60s
2025-12-24 20:41:22,882e4b360f724048,6718a12e09274532,R,0.09,response<0.1ms
2025-12-24 12:24:06,12d3bb4b02839a1d,183d972960ed59bf,R,108766.09,response>60s
2025-12-24 16:38:10,e1879f913d84b30a,06aefc7c7eec008f,R,0.06,response<0.1ms
2025-12-24 18:46:25,ad0dbdce628ad3b3,401ad37b2bfbbdfd,R,115880.25,response>60s
2025-12-24 12:03:09,c23187d9b4171766,1c3e7748b3736831,R,0.06,response<0.1ms
2025-12-24 17:36:12,9b224d0e85ee0a32,28746a741cadb4e6,R,91139.28,response>60s
2025-12-24 17:56:13,dfa5b19742566626,eb604fd4394c102c,R,0.07,response<0.1ms
2025-12-24 10:02:23,8979f1c9213e6b23,ffcd3bd4ecd24545,R,80152.44,response>60s
2025-12-24 13:57:18,c73bc763d54c1531,641783c1f48b8c6a,R,0.02,response<0.1ms
2025-12-24 09:49:12,16102651e9f72e04,183d972960ed59bf,R,104907.10,response>60s
2025-12-24 08:36:20,f6fc5ec02f306933,438e96c4779adb9b,R,61123.93,response>60s
2025-12-24 14:55:53,b754bf9a15d6cde2,183d972960ed59bf,R,0.07,response<0.1ms
2025-12-24 09:40:56,e8c5ceec5bb57550,24b63e249133731b,R,106510.59,response>60s
2025-12-24 20:38:15,45ca071078120027,e6364143c0652455,R,110529.68,response>60s
2025-12-25 13:53:32,856b4febc8f1d731,06aefc7c7eec008f,W,99495.47,response>60s
2025-12-25 08:05:20,3f58dd84954edb07,afaea99a1061c6e1,R,0.06,response<0.1ms
2025-12-25 20:25:04,d1b0eb5ee5e4b403,48e63672c2465074,R,0.08,response<0.1ms
2025-12-25 16:25:49,51393e47529ec7cd,7dad8ca6acd8ef26,R,0.04,response<0.1ms
2025-12-25 23:49:47,43f0bb100c0829e4,e62707c1b5be107d,R,0.04,response<0.1ms
2025-12-25 11:46:13,5d41382014f64443,c38107e79890afb2,R,87791.97,response>60s
2025-12-25 16:46:33,7248283e780f24e3,183d972960ed59bf,R,0.06,response<0.1ms
2025-12-25 11:25:38,292712b692d3155c,183d972960ed59bf,R,0.02,response<0.1ms
2025-12-25 15:06:23,6401c4f79ee08d8d,0782566017c165a2,R,0.07,response<0.1ms
2025-12-25 13:13:22,f04f5f0d1f33c318,cf1ed6a30bb690bd,R,109992.91,response>60s
2025-12-25 09:56:04,d505fd9c0507e200,bd2828933470b753,R,106149.96,response>60s
2025-12-25 08:55:26,e3a8917c1ea91fe8,a01c8c6d65bdf269,R,109420.84,response>60s
2025-12-25 20:37:44,93c44eddbbc5aac3,7d4ad1eb878a7384,R,66605.52,response>60s
2025-12-25 22:10:45,068535bab2fe0b1c,515aa269fe0a1ab5,R,107227.90,response>60s
2025-12-25 09:26:39,773c21b07e1c4646,5dde069009a823a4,W,117612.00,response>60s
2025-12-25 08:49:55,d43bad3309e638ef,ca30b9e47cb53318,R,0.06,response<0.1ms
2025-12-26 20:08:54,2a46695afd16a6bd,183d972960ed59bf,R,0.04,response<0.1ms
2025-12-26 17:13:08,1c80247cd78ffb5e,d69116bf2adcb140,R,110404.24,response>60s
2025-12-26 18:52:12,697c28b376901ffd,5bf25585f549fa9e,R,0.05,response<0.1ms
2025-12-26 19:32:17,32425ee1ba3a7863,05d266c123fa390a,W,73988.45,response>60s
2025-12-26 15:56:00,b516a5ed9739c538,74b223e662867261,W,103747.84,response>60s
2025-12-26 16:22:55,f1b81ce9a011c4e7,8e970e96811fc593,R,112859.18,response>60s
2025-12-26 22:04:26,43fb0ba7bd83fd44,a12cf983f3974dbf,W,0.04,response<0.1ms
2025-12-26 13:35:44,1a3e107617d22a7b,88117adfca1505d4,R,85728.54,response>60s
2025-12-26 15:43:11,7badc39e5739ef10,c9160865da4ef5ce,W,0.05,response<0.1ms
2025-12-26 19:26:30,bcb22b55fb16d246,f82e9e18a2b43f66,R,0.02,response<0.1ms
2025-12-26 10:51:50,bf810e57e453908b,8e747382ccb79275,R,80818.66,response>60s
2025-12-26 21:54:59,8a967dd8b65c8a87,6e666f1f81b574c4,R,0.05,response<0.1ms
2025-12-26 10:59:46,7fb89e745f6649c5,28746a741cadb4e6,W,0.08,response<0.1ms
2025-12-26 14:34:25,090b8713f6aaa90f,183d972960ed59bf,R,0.09,response<0.1ms
2025-12-26 19:40:25,3c78a0fe06d1a46d,fcdb6e9f2aebcae9,R,109875.21,response>60s
2025-12-26 17:44:17,001403033b5531c5,183d972960ed59bf,R,94279.23,response>60s
2025-12-26 13:08:34,0f1fb7a781059af3,28746a741cadb4e6,R,72441.97,response>60s
2025-12-27 17:59:04,568cfa0e805a9a9c,39f85f262c989fb4,R,0.05,response<0.1ms
2025-12-27 21:42:25,44c34d77cb92b69b,73259b5226e694a3,W,0.09,response<0.1ms
2025-12-27 09:48:05,c1250e7897505377,a3aeae330838759b,W,71943.54,response>60s
2025-12-27 15:19:10,00ff5e0122b48f7d,34e5a0bbcc049d9f,R,0.07,response<0.1ms
2025-12-27 10:16:36,58aeb612edce6ebc,183d972960ed59bf,R,0.07,response<0.1ms
2025-12-27 22:17:48,ccdf91d5a3e0c6df,6af11d20c42422dc,R,110359.12,response>60s
2025-12-27 22:50:21,295a68b21609310c,183d972960ed59bf,R,0.08,response<0.1ms
2025-12-27 17:52:06,74fc123dd7458181,d2605bbe0b434e79,R,0.04,response<0.1ms
2025-12-27 14:56:18,ff4dde0868f47667,bab61fdf29bf6dec,R,0.07,response<0.1ms
2025-12-27 16:06:56,0b6cd9bb722203ad,599edc9ed1fef53d,R,114546.65,response>60s
2025-12-28 15:51:46,d583f73140add535,183d972960ed59bf,R,85246.72,response>60s
2025-12-28 14:33:33,acd7aba253feb6ea,9c1491568544b05a,R,0.07,response<0.1ms
2025-12-28 12:42:46,80e795ed294608e1,e792687f0a82b46a,R,0.03,response<0.1ms
2025-12-28 18:44:18,7e5476f75040e55f,8f57210bb66ab577,R,86732.65,response>60s
2025-12-28 05:29:32,fe2d34c487075bca,cf1ed6a30bb690bd,R,60845.05,response>60s
2025-12-28 09:32:28,12473fb865bcf1ad,183d972960ed59bf,R,61003.63,response>60s
2025-12-28 23:12:59,379eb1bba26331b4,4c8fe328fa1d8596,R,88025.99,response>60s
2025-12-28 18:00:40,908a2e1aa1ec0a2f,af1a5be465004d74,R,0.05,response<0.1ms
2025-12-28 14:51:59,848b48d16a0df251,9297826998b5b1a6,R,0.03,response<0.1ms
2025-12-28 12:36:11,c0e455c4bf83a61b,f73e431c70517f72,R,65831.45,response>60s
2025-12-29 19:42:58,2d56c4fd3128ee58,8c8533c0adc52a57,R,67082.70,response>60s
2025-12-29 11:52:10,3000b3b8b7877dfc,cc363bb22cbbf72b,R,0.08,response<0.1ms
2025-12-29 07:58:42,fdb89954a6628de7,5f6a4d940052d813,R,0.06,response<0.1ms
2025-12-29 11:23:29,6343c7cc54010305,55e6af4eb4c2381d,R,0.04,response<0.1ms
2025-12-29 20:50:44,22b53a6236387db1,ff21d06185ad37e1,R,72640.55,response>60s
2025-12-29 08:39:55,079277681a6ec56c,e9b2a8c1853d77e4,R,0.06,response<0.1ms
2025-12-29 08:49:58,a086a533445733ac,28746a741cadb4e6,R,0.04,response<0.1ms
2025-12-29 15:08:39,9c0336f2ce3c73d6,6d392e17f071a605,W,0.06,response<0.1ms
2025-12-29 18:26:47,9db45af80abb2567,913107ac9285f54e,R,60593.19,response>60s
2025-12-29 18:53:15,035effc034f46286,e30f0ee9200b483a,W,115779.15,response>60s
2025-12-29 10:14:15,faa10723761c8311,f7550f59848d0185,R,0.07,response<0.1ms
2025-12-29 14:07:40,c63ce481ab8f4774,28746a741cadb4e6,R,0.06,response<0.1ms
2025-12-29 07:32:41,badaa243f81019e6,829187f6c8e57a5c,R,84600.70,response>60s
2025-12-29 08:31:56,c6e0a823e8bc57f9,8e90fae849f5634f,W,62495.04,response>60s
2025-12-29 21:50:24,52561d5f629b344c,12180e7c87694e86,R,0.04,response<0.1ms
2025-12-29 11:01:42,6653786db3805fd4,183d972960ed59bf,R,0.07,response<0.1ms
2025-12-29 15:27:30,3c200e79225a5d40,618f9c2d52055f18,R,97053.82,response>60s
2025-12-29 15:40:28,6bf69748ce834a90,7beca47ca5004dee,R,68470.39,response>60s
2025-12-30 14:34:03,1bb58bb6b4d29531,c50b3617db413445,W,70757.66,response>60s
2025-12-30 21:36:15,03e5f0683eb3827a,d063fe191bcb0e5f,R,74297.14,response>60s
2025-12-30 11:48:05,bcb45d5c8a02178a,0fccf1035a679dd6,R,90778.03,response>60s
2025-12-30 11:04:07,92237fa03707476e,7306f15adf75fd8d,R,111384.42,response>60s
2025-12-30 10:05:44,d607f9342e56ea8e,9fee2eac1665976d,R,0.08,response<0.1ms
2025-12-30 20:25:55,fdde6e924e4b7c12,7e432c39af00e928,R,0.02,response<0.1ms
2025-12-30 12:17:33,2b22066859f86748,8e970e96811fc593,R,79090.09,response>60s
2025-12-30 16:57:41,df94205dfacad108,183d972960ed59bf,R,0.08,response<0.1ms
2025-12-30 09:45:24,1a0775e5a5285333,5ba14efc96cddf6b,R,93654.49,response>60s
2025-12-30 08:48:45,2d0926c81760eb53,59e9eb4e42e03601,R,0.06,response<0.1ms
2025-12-30 10:51:44,3a0e0319a0a162fe,183d972960ed59bf,R,60592.52,response>60s
2025-12-30 15:48:33,649563644972d7e4,3f2f796c1d896b58,R,84084.13,response>60s
2025-12-30 22:21:08,f6129ec4b7400030,68e2e4f5e09b7233,R,0.05,response<0.1ms
2025-12-30 20:35:21,ffdb8536a3bc7043,b3b2010960424eb1,R,89823.76,response>60s
2025-12-31 07:50:26,3c974eb72df8c9a4,65e66e19d251303d,R,65460.25,response>60s
2025-12-31 20:08:51,3d74d74853475eb6,66dcdfaabe36c828,R,110890.10,response>60s
2025-12-31 19:38:49,c81d3fa10d18bef8,316b00cdd612aab5,R,84847.00,response>60s
2025-12-31 15:12:08,78d0ba997d7c391b,c2d621699d6427c9,R,93883.84,response>60s
2025-12-31 08:48:58,9b1761b51390caa8,055b99f19922e157,R,0.03,response<0.1ms
2025-12-31 12:41:10,75746de7c08acf32,64708c95a5074abe,W,0.03,response<0.1ms
2025-12-31 14:16:54,cb137b0ad9701783,f3da043ee31e4d9f,W,0.06,response<0.1ms
2025-12-31 19:11:37,f8a8c0bea746b913,22983316b5ca00a4,R,0.06,response<0.1ms
2025-12-31 15:29:14,590a40352ffac852,183d972960ed59bf,R,0.03,response<0.1ms
2025-12-31 20:17:33,8b4147783b2c40d3,5d9ec6a77c7fe9be,R,0.03,response<0.1ms
2025-12-31 09:07:18,213950b60c56db38,afe25aba4ce45f45,R,0.06,response<0.1ms
2025-12-31 16:06:14,26139736df2e71f6,c3b2b537dfa46d1e,R,103500.87,response>60s
2025-12-31 19:49:04,54db40b30fd42132,39e38a00874a803c,R,0.04,response<0.1ms
2025-12-31 17:23:49,4f2545047a6efa36,0f3034d743c83c43,R,112887.76,response>60s
2025-12-31 11:59:01,cb6599714cb6f5e1,183d972960ed59bf,R,0.04,response<0.1ms
2025-12-31 14:44:14,cea105609f5224d5,28746a741cadb4e6,R,89571.50,response>60s
2025-12-31 13:15:44,7d66aacff8f02bd4,2f8464785e970f92,R,73694.18,response>60s
2025-12-31 15:15:38,b5551081c71446b9,622bf08f66c69816,R,0.05,response<0.1ms
2025-12-31 18:16:48,f4f8698b25cac5eb,cd9e469fc2696db0,R,0.03,response<0.1ms
2025-12-31 09:12:42,905c18ad21708553,a41ed5aa17613e0a,R,108165.32,response>60s
2025-12-31 10:59:15,af9d8785ad3d3f8f,7d5f334c8957f7b4,R,116602.77,response>60s
