user_id,user_no,college,grade,activity_weight
29ba1c6f943ab62e,U000001,School of Business Administration,2025,0.1226
abc3a47b8ad18b85,U000002,School of Electrical Engineering,2024,1.1695
0195616cec890a4d,U000003,School of Electrical Engineering,2020,0.7274
4bb40fa4b428e32e,U000004,School of Civil Engineering,2021,0.2348
96f0bff74a5165fe,U000005,School of Civil Engineering,2024,0.4262
856c500310e0b91c,U000006,School of Education,2020,0.689
dbffce9e93ca860b,U000007,School of Information Engineering,2025,0.3377
20bdc7ae7082d21e,U000008,School of Civil Engineering,2022,0.592
a4e13249216e89cd,U000009,School of Computer Science,2024,0.1026
1137a11d2e66c5ed,U000010,School of Design & Arts,2025,2.276
d3b6bef414dc63ee,U000011,School of Economics,2022,0.5998
a78892d993b0ea78,U000012,School of Education,2022,0.1966
613365a056e0c1a2,U000013,School of Civil Engineering,2023,0.0505
6767d864c164a21c,U000014,School of Computer Science,2023,1.6522
62390621352107ba,U000015,School of Education,2022,1.0316
9449171f669bcae3,U000016,School of Information Engineering,2023,0.7288
8005e16beaf835be,U000017,School of Information Engineering,2025,1.4002
e0bd240d05731a8a,U000018,School of Education,2022,1.3964
f256e949f4e40ba3,U000019,School of Food Science,2021,0.7171
ce3592dcd9513134,U000020,School of Applied Chemistry,2022,0.4578
b8ece9b4d515405a,U000021,School of Computer Science,2022,0.389
08eb06b47805ab0c,U000022,School of Education,2021,0.8994
7b50af0ae87a6600,U000023,School of Education,2021,2.387
0b95ee623f264837,U000024,School of Food Science,2024,0.5326
8100f2b879e04059,U000025,School of Economics,2022,2.5843
a85fce63b4a41d71,U000026,School of Design & Arts,2025,0.8574
a6724b4c1f368019,U000027,School of Electrical Engineering,2021,0.8639
e443e68b7cb47260,U000028,School of Civil Engineering,2020,6.5411
697c28b376901ffd,U000029,School of Applied Chemistry,2024,3.0823
49e5dc79ab6d8188,U000030,School of Civil Engineering,2025,3.1633
c2483f77a2511434,U000031,School of Food Science,2022,0.2659
b2f0c20bd66e11c9,U000032,School of Information Engineering,2021,5.2866
fc8036f4d3bff9ee,U000033,School of Mechanical Engineering,2021,0.5438
2d02ada0aefc6d76,U000034,School of Civil Engineering,2023,0.4702
ed6b366d9f31e216,U000035,School of Business Administration,2022,0.0681
1f726f9416aa717d,U000036,School of Economics,2021,0.8181
b9d9e60dde324732,U000037,School of Food Science,2020,0.1998
442efbff6f39036d,U000038,School of Education,2023,0.888
afabde808412e536,U000039,School of Electrical Engineering,2025,0.1848
6c3f7adf4f2a7914,U000040,School of Education,2023,3.5633
81dfda4a3ec95eae,U000041,School of Information Engineering,2023,1.0249
b049f74f7dd1654b,U000042,School of Education,2021,5.7711
ea3fd43be1e57d62,U000043,School of Business Administration,2021,0.2122
15d12fa25285fe19,U000044,School of Mechanical Engineering,2022,2.7792
687e31952599627f,U000045,School of Economics,2024,0.0973
e977337e9b7d9b79,U000046,School of Applied Chemistry,2025,0.7269
7833fb03c8589574,U000047,School of Electrical Engineering,2025,0.3139
71cd4f7b3e0104d7,U000048,School of Business Administration,2025,0.3772
bfe5c77b945df7a5,U000049,School of Electrical Engineering,2025,0.3522
5def974bb8b4aef7,U000050,School of Design & Arts,2025,0.2365
772a4089be1c715b,U000051,School of Information Engineering,2020,0.1675
04bfe73e11429d3f,U000052,School of Education,2021,0.3793
0234ea7eb8a52a4f,U000053,School of Foreign Languages,2022,0.663
2e0f5d109fa3b578,U000054,School of Food Science,2023,1.8902
29bb8b65a83a4f6b,U000055,School of Mechanical Engineering,2020,0.7932
c283b8d4e85fff55,U000056,School of Food Science,2024,1.8956
a7ff86697d2a7462,U000057,School of Food Science,2023,0.1346
dae2969062f34202,U000058,School of Electrical Engineering,2023,0.3829
856b4febc8f1d731,U000059,School of Applied Chemistry,2021,1.202
8d2bb99230629ae3,U000060,School of Applied Chemistry,2021,0.8321
b94bb3da92c31ecf,U000061,School of Economics,2021,0.2495
db6d13c650ea0ee7,U000062,School of Computer Science,2024,1.5024
aba3000bd3feb5b0,U000063,School of Education,2023,0.3471
0f35346d5638ede0,U000064,School of Applied Chemistry,2024,0.2713
b53fb96329ea6299,U000065,School of Mechanical Engineering,2022,0.9607
a2cb33f407390e42,U000066,School of Computer Science,2022,0.594
95e5d0406f8ff3de,U000067,School of Information Engineering,2022,0.35
b4419d49c1957f67,U000068,School of Economics,2024,0.3383
ada304c3111488bb,U000069,School of Electrical Engineering,2024,0.2025
fbade199d957f1f1,U000070,School of Civil Engineering,2021,0.3974
ffe56b1138f81fa2,U000071,School of Electrical Engineering,2025,1.7736
02927b89ffa840e0,U000072,School of Foreign Languages,2021,0.7539
e9ac0d57c26721a2,U000073,School of Education,2025,1.5397
d138941d1b4422fe,U000074,School of Food Science,2021,0.9891
f50ed78b09aca340,U000075,School of Education,2021,0.3201
3857e3b05efa184e,U000076,School of Computer Science,2024,0.1135
ac0cf4950f8ee0d8,U000077,School of Design & Arts,2021,0.2337
93c44eddbbc5aac3,U000078,School of Design & Arts,2022,0.3017
aa3e3c66ecde7e1f,U000079,School of Computer Science,2022,0.2793
fa7fbc07c93a7085,U000080,School of Food Science,2021,1.5746
dbb7296eeb2b9e18,U000081,School of Education,2024,1.5583
f996d0d81d3ee780,U000082,School of Education,2024,5.3918
24be40ccfd8a6efb,U000083,School of Education,2025,0.2751
bbd2b08c34a86439,U000084,School of Information Engineering,2022,2.9167
7d4898cc54f33bd1,U000085,School of Information Engineering,2023,2.8987
e0ad93ac735073c7,U000086,School of Foreign Languages,2021,0.468
40ae73ca67b28b5e,U000087,School of Foreign Languages,2021,0.948
c3c94b5128037c25,U000088,School of Civil Engineering,2021,2.0416
a61af15b11ce8c02,U000089,School of Information Engineering,2025,0.5566
6aa130d04c4ba8c2,U000090,School of Computer Science,2025,0.5151
9c9999da6c7c2b0f,U000091,School of Information Engineering,2024,0.3153
1f4975240e6c424a,U000092,School of Information Engineering,2023,0.0557
1734859fc79fbdfa,U000093,School of Business Administration,2023,0.6335
f03cb019ecb8a2fc,U000094,School of Design & Arts,2023,0.2903
6cc8d2642c050a80,U000095,School of Applied Chemistry,2023,0.2014
a49cc7a30beb3fbf,U000096,School of Electrical Engineering,2022,0.9005
998a29995be3c35d,U000097,School of Applied Chemistry,2021,0.1383
856fb0bc3ae4854f,U000098,School of Foreign Languages,2021,1.3219
609a5aa2e576a72b,U000099,School of Information Engineering,2025,0.9575
3a8f1c1223948eb5,U000100,School of Computer Science,2023,0.3957
73c6ef3da748adb3,U000101,School of Business Administration,2025,0.5542
6a3f9cb7ea702c12,U000102,School of Mechanical Engineering,2021,0.1796
df718002b68df06f,U000103,School of Information Engineering,2023,1.2502
5d57702068d2fa61,U000104,School of Economics,2021,0.712
f76761899518398b,U000105,School of Food Science,2021,0.7671
829e7fa50c3817a9,U000106,School of Information Engineering,2020,0.9752
443d0a1ac4daacf7,U000107,School of Economics,2021,0.3105
e7cc1cf8531c1ba4,U000108,School of Computer Science,2025,0.1292
105772de3e2e6525,U000109,School of Information Engineering,2022,1.5377
665f2a265d69e1bd,U000110,School of Business Administration,2023,1.1755
c4023d4b7895ed6b,U000111,School of Education,2022,0.3456
03dfc805e8141e5f,U000112,School of Electrical Engineering,2022,0.8888
2fd77d029eed532b,U000113,School of Foreign Languages,2023,2.0771
5c76a658080e2482,U000114,School of Civil Engineering,2021,1.8436
2df45663f8d0c308,U000115,School of Civil Engineering,2025,0.3357
b5eb231959234823,U000116,School of Economics,2024,0.1332
36ffa906e6dbde16,U000117,School of Education,2024,0.1581
e163653a9bbe6e9d,U000118,School of Design & Arts,2022,0.4323
508e57b4544e4392,U000119,School of Food Science,2021,2.548
2e269fc99682c68b,U000120,School of Information Engineering,2025,0.2849
fa4b13bc67684b5d,U000121,School of Food Science,2022,0.3252
8190565d9fb16428,U000122,School of Business Administration,2020,0.3186
e4b9e33a938046ad,U000123,School of Business Administration,2022,0.3469
61b7de306ccf11d6,U000124,School of Food Science,2024,0.5838
b3224a72ff85a87a,U000125,School of Civil Engineering,2023,0.1641
812132126e439b70,U000126,School of Business Administration,2024,1.746
ae43995b0b1039a4,U000127,School of Mechanical Engineering,2024,0.5108
2139d70ead871ff0,U000128,School of Business Administration,2021,7.0437
b13dc47d8a9c35eb,U000129,School of Economics,2025,0.1826
f1320520f5475abc,U000130,School of Mechanical Engineering,2022,2.8946
acb16d87c821ff83,U000131,School of Education,2023,2.3734
d4a587441f9c9554,U000132,School of Economics,2020,0.3911
5118be9b68110a52,U000133,School of Business Administration,2025,0.3977
ccfa01573dc77140,U000134,School of Foreign Languages,2022,0.235
916eed74db65ae11,U000135,School of Applied Chemistry,2020,0.2377
f64e308c4a0ba33f,U000136,School of Electrical Engineering,2022,0.59
c36606d7b0323936,U000137,School of Applied Chemistry,2021,0.6027
dc034266a00f7347,U000138,School of Mechanical Engineering,2021,0.1189
917b003bc9122ed9,U000139,School of Food Science,2023,5.8503
17983e4859049312,U000140,School of Economics,2022,0.4554
fb85cd0891343e91,U000141,School of Business Administration,2025,0.6304
bab50b6c7a071417,U000142,School of Information Engineering,2022,0.3156
aada7730450039e3,U000143,School of Civil Engineering,2024,0.452
f10fac1ad7f25f4e,U000144,School of Civil Engineering,2022,0.4128
7a49978a5b30aa61,U000145,School of Economics,2023,0.5886
08fe57ab11529527,U000146,School of Food Science,2023,0.5818
669af9016937db2d,U000147,School of Mechanical Engineering,2023,1.3203
797bc6e5c2a2d97c,U000148,School of Business Administration,2025,0.741
7f819a59790877e3,U000149,School of Design & Arts,2022,1.194
08cf7a8eecd35df0,U000150,School of Electrical Engineering,2021,0.5846
5ab9a35e6ac73156,U000151,School of Education,2024,0.744
53329683b60873d8,U000152,School of Design & Arts,2024,0.4638
984e14a4a27ea16c,U000153,School of Computer Science,2020,1.6098
08c75e3ddf80b27a,U000154,School of Foreign Languages,2022,0.8152
77d7f815239b4019,U000155,School of Civil Engineering,2025,0.504
fa8313a6d0cd9c89,U000156,School of Civil Engineering,2024,0.4892
26f049403483c462,U000157,School of Foreign Languages,2025,0.5293
364c0441918b102a,U000158,School of Civil Engineering,2023,0.6086
1d69f9fe09f6da0a,U000159,School of Foreign Languages,2023,0.558
0c422408fcb3f9ec,U000160,School of Civil Engineering,2022,0.3376
8583b1286eefec56,U000161,School of Design & Arts,2025,1.2686
481621b5ffcfe751,U000162,School of Civil Engineering,2022,1.3513
25e86fcde6f39cae,U000163,School of Applied Chemistry,2024,3.5143
a78816e28aae5e54,U000164,School of Electrical Engineering,2022,0.3228
1de804a11c041d9b,U000165,School of Information Engineering,2023,1.1496
c366b16a709a3bd5,U000166,School of Computer Science,2024,0.0875
b1b24393ed6c3074,U000167,School of Electrical Engineering,2023,1.3526
f2ff9e675a695146,U000168,School of Computer Science,2025,0.1376
fc17bde98039363a,U000169,School of Civil Engineering,2022,0.2206
7ecb9a58e71e87e3,U000170,School of Civil Engineering,2023,0.823
50ca192ed3dc60d0,U000171,School of Computer Science,2022,0.3171
8fcb293dbce35068,U000172,School of Electrical Engineering,2022,0.2766
399cdebc51c2622b,U000173,School of Computer Science,2022,0.3636
ff933861ecae270a,U000174,School of Design & Arts,2021,1.2246
f34b84c7eb955dff,U000175,School of Civil Engineering,2020,0.2323
6279cde72c2ce986,U000176,School of Design & Arts,2023,0.5592
61a5fb108cc308db,U000177,School of Civil Engineering,2023,0.4043
aa4ac67515bce9db,U000178,School of Education,2023,1.3403
6b38852c31997130,U000179,School of Civil Engineering,2020,1.3784
32c9560ae2673d5f,U000180,School of Design & Arts,2022,0.0942
15ef891e746f8219,U000181,School of Civil Engineering,2021,1.6788
c4608e10532e92df,U000182,School of Foreign Languages,2024,0.3205
9c577260815e1814,U000183,School of Applied Chemistry,2025,0.7477
11e76d6b888c3c86,U000184,School of Information Engineering,2021,0.2309
12e82429ecad0a76,U000185,School of Foreign Languages,2023,0.8557
ac87c729c40083ff,U000186,School of Economics,2021,7.5711
65caf2f50b5e552f,U000187,School of Electrical Engineering,2022,0.6704
e1b6b10d5653652d,U000188,School of Applied Chemistry,2021,0.3727
a53ad219be121a6b,U000189,School of Mechanical Engineering,2022,0.4681
969131e94cc6283d,U000190,School of Food Science,2024,0.1359
38d92c3ff6e48c90,U000191,School of Economics,2025,2.5142
a7b7dfcbb36f0cfc,U000192,School of Education,2021,0.8072
2b79909a3fc72286,U000193,School of Design & Arts,2023,0.2068
5a240b3cf1829a30,U000194,School of Business Administration,2024,0.2137
9beabcea410ee3e0,U000195,School of Computer Science,2025,0.5995
30e63cfd4d4ad1f2,U000196,School of Education,2023,1.4993
85bed899042e7b82,U000197,School of Mechanical Engineering,2021,0.1867
5b9101ca82477c12,U000198,School of Foreign Languages,2023,1.7975
5468079d9fdfceb9,U000199,School of Mechanical Engineering,2022,0.5387
2cabb8aeb3d77c51,U000200,School of Foreign Languages,2025,0.2329
e16a421d031be7d3,U000201,School of Applied Chemistry,2022,0.3698
2cb66b9863d0da21,U000202,School of Civil Engineering,2024,3.3924
61caa1f57dee65a4,U000203,School of Foreign Languages,2020,0.1473
dd95ce1db76e0f1f,U000204,School of Electrical Engineering,2022,0.284
952049306f623024,U000205,School of Applied Chemistry,2025,1.5305
037ed347fb733043,U000206,School of Economics,2023,0.733
843078cc2ea7183f,U000207,School of Civil Engineering,2022,0.2676
d04ea0783e78794d,U000208,School of Mechanical Engineering,2025,1.5493
d022c9aeee6b9085,U000209,School of Education,2024,1.6246
be9c6ca46ee9981b,U000210,School of Applied Chemistry,2022,0.8223
39147f90fbdaa9de,U000211,School of Civil Engineering,2023,0.32
ce05a8a609ab5705,U000212,School of Mechanical Engineering,2023,0.3733
be4d340ce4aef1d8,U000213,School of Information Engineering,2023,0.7848
d79a63da78e95b42,U000214,School of Computer Science,2022,0.159
b0ac27cdc785ba92,U000215,School of Education,2021,2.2273
7cbb830bc6bccfec,U000216,School of Foreign Languages,2025,3.2323
fbd59ae586aa9b7c,U000217,School of Electrical Engineering,2025,0.4663
51e576ccab7aa9bd,U000218,School of Economics,2024,0.8429
2f12a413553ca203,U000219,School of Electrical Engineering,2025,1.9325
666980bd8e4faf8c,U000220,School of Food Science,2024,4.1727
ced6df1d3ee88c76,U000221,School of Computer Science,2024,2.801
f599bc964841392f,U000222,School of Foreign Languages,2024,0.1041
523365f054d738ce,U000223,School of Civil Engineering,2023,0.4306
228adcc3430e9eba,U000224,School of Foreign Languages,2022,0.974
9ef8f4fa8101bff2,U000225,School of Business Administration,2021,0.3602
7a6f894dc3ee9aa4,U000226,School of Education,2023,3.5105
fcfaa4826492b69b,U000227,School of Computer Science,2022,3.0113
2a786db0f79e8a08,U000228,School of Applied Chemistry,2021,0.2611
20b672dea2b7eee4,U000229,School of Foreign Languages,2023,0.5019
1386d7bb79eb9e36,U000230,School of Design & Arts,2022,0.279
db21b52b86e159c0,U000231,School of Applied Chemistry,2021,0.4857
f0c7e0ed5ec8b3e2,U000232,School of Food Science,2024,0.4712
f0be6e7dbe564dae,U000233,School of Education,2025,1.533
be4ef771c8b18464,U000234,School of Economics,2021,0.2428
2c46320321854bb6,U000235,School of Business Administration,2020,0.0431
e0a60ad9cc734c06,U000236,School of Economics,2022,0.1187
bf4c6c596b9630c9,U000237,School of Applied Chemistry,2024,0.2111
a1ef1ce89cb0899a,U000238,School of Applied Chemistry,2024,0.3065
39d3794d33e32ffe,U000239,School of Education,2021,0.7119
6afa478441a5071b,U000240,School of Applied Chemistry,2024,0.2005
9907b9e12eaf4019,U000241,School of Food Science,2021,0.1759
50b52ef7937aaad7,U000242,School of Design & Arts,2022,0.2331
aa992245dc20f688,U000243,School of Information Engineering,2025,0.1935
b5e29269764385b9,U000244,School of Foreign Languages,2021,0.3391
5bed2f0401f94e95,U000245,School of Civil Engineering,2021,0.3249
d96dc164dffd4bcb,U000246,School of Applied Chemistry,2022,1.1759
ef881127bf53de44,U000247,School of Computer Science,2023,0.2195
694401c9b4fa3309,U000248,School of Business Administration,2025,0.4129
23cdcd88f49b708a,U000249,School of Foreign Languages,2025,0.3423
3a674059212ea3b5,U000250,School of Business Administration,2020,1.3256
0d570a75885bba1d,U000251,School of Information Engineering,2021,0.506
b351304c33e45dfa,U000252,School of Civil Engineering,2024,1.6882
6871daa5011aa255,U000253,School of Foreign Languages,2022,0.1865
b2a75502d4ef929e,U000254,School of Business Administration,2025,0.5619
0da0c5ddc04a161b,U000255,School of Electrical Engineering,2023,0.3319
8fe8486d63f9d7dc,U000256,School of Civil Engineering,2021,0.1732
e49978a23a3c10a9,U000257,School of Education,2024,0.5518
91bce67558bc9bd2,U000258,School of Information Engineering,2021,3.3398
f69ef11d7551c545,U000259,School of Education,2022,0.2516
72cddc2e6ec29e48,U000260,School of Information Engineering,2023,0.5197
b3d234347107bdee,U000261,School of Applied Chemistry,2023,0.1589
8dcbd23c4a1c025e,U000262,School of Food Science,2024,0.1372
e448284e7dcf4d42,U000263,School of Food Science,2023,0.2687
e338d25ff71d9949,U000264,School of Applied Chemistry,2025,0.3764
edb3c65f3d5050e9,U000265,School of Civil Engineering,2025,0.3935
76b965ae22a71a52,U000266,School of Economics,2023,0.4709
26dcafa5e28f9c96,U000267,School of Food Science,2020,0.1136
24d2a11eee6cdf5b,U000268,School of Mechanical Engineering,2024,0.3157
d4ebe4da1cf5c1e9,U000269,School of Computer Science,2025,0.9751
10da92ee210dd710,U000270,School of Computer Science,2022,0.1518
fd00b7028bbe4108,U000271,School of Food Science,2022,0.4139
36032724576bf7c8,U000272,School of Mechanical Engineering,2022,0.7912
47fb716cfaad911e,U000273,School of Information Engineering,2020,0.27
5ac71c5e411779f2,U000274,School of Mechanical Engineering,2024,0.8307
37b528951597d763,U000275,School of Education,2022,0.129
d731dccd0e69e72d,U000276,School of Mechanical Engineering,2024,1.4354
420b11941446ec01,U000277,School of Computer Science,2024,0.8511
b4c86de6995dd335,U000278,School of Applied Chemistry,2024,0.6242
d52bd72bf975fa9d,U000279,School of Electrical Engineering,2022,1.8181
4c3a0823a2f6d49e,U000280,School of Information Engineering,2022,0.4247
2bf63d4b4be8ba3d,U000281,School of Electrical Engineering,2024,0.3183
5adcb3aaa473d1ba,U000282,School of Economics,2024,2.3292
0c95fe70a0ca1d73,U000283,School of Computer Science,2023,3.7201
542484e9c9f488df,U000284,School of Applied Chemistry,2025,0.2951
c9ab0de5362bb3a7,U000285,School of Civil Engineering,2021,0.5269
2611b03add3f9f47,U000286,School of Business Administration,2025,1.6787
6d4eadbe2e7e3907,U000287,School of Mechanical Engineering,2020,0.546
f24e7e05582d37da,U000288,School of Food Science,2021,1.0699
3e9526f5f65f6da1,U000289,School of Education,2023,1.2884
e16927373062c352,U000290,School of Applied Chemistry,2020,0.3364
b478ed02c17569c9,U000291,School of Economics,2020,0.8979
ec928319dcb14ffc,U000292,School of Electrical Engineering,2020,0.5867
fe0b23a780b0d776,U000293,School of Education,2022,0.1748
cdec74651f6ac948,U000294,School of Applied Chemistry,2024,0.2194
e36d6950fda1ce0a,U000295,School of Economics,2020,0.3075
fbb85f196812b69a,U000296,School of Foreign Languages,2023,1.4941
6fc4cb330af854b4,U000297,School of Education,2024,1.544
1c8d082469a8f346,U000298,School of Applied Chemistry,2021,1.2497
4fee29cb068744a2,U000299,School of Food Science,2021,0.9168
8db40dfff7cd3508,U000300,School of Education,2025,0.8921
287a280f3e96373f,U000301,School of Economics,2024,0.7792
8dc944aaaca1e5be,U000302,School of Electrical Engineering,2023,0.8874
4e00ed275fe23835,U000303,School of Information Engineering,2024,0.9497
8d1d180b18bc5087,U000304,School of Electrical Engineering,2020,0.1449
5f049c182f708261,U000305,School of Foreign Languages,2022,0.2679
9e5cb7c97ef518c4,U000306,School of Food Science,2024,0.211
18da61b64b5b9090,U000307,School of Economics,2021,1.7863
cb3f3ef25ef7b49a,U000308,School of Design & Arts,2024,3.0867
6915842813ec44bc,U000309,School of Applied Chemistry,2023,0.0675
85802130aece7a5c,U000310,School of Education,2024,2.823
a8d214fdde07cea1,U000311,School of Business Administration,2022,0.6439
f6c03d6c620fc8f6,U000312,School of Economics,2022,1.6253
8e8cd61bb7bc4aca,U000313,School of Applied Chemistry,2021,0.9797
5b1a8339482f9cfd,U000314,School of Applied Chemistry,2021,2.4928
b407e420bc95a4d7,U000315,School of Electrical Engineering,2024,0.7281
17be73c907693965,U000316,School of Design & Arts,2021,0.151
1e8f38cbb0ae1701,U000317,School of Education,2020,0.5312
fe668d5983f51167,U000318,School of Electrical Engineering,2021,0.9887
72a2f2bbd751f1f3,U000319,School of Information Engineering,2021,0.4757
286cf4ab43ca9259,U000320,School of Information Engineering,2024,1.1397
71828ca0ebd4b211,U000321,School of Business Administration,2022,0.5528
22cd2c32c447be38,U000322,School of Electrical Engineering,2025,0.3255
049a400b5043fcc0,U000323,School of Mechanical Engineering,2021,0.1993
033a0415353b96da,U000324,School of Computer Science,2023,0.399
4eb4654fb132f610,U000325,School of Foreign Languages,2022,0.7244
1712b652bce4f309,U000326,School of Foreign Languages,2022,0.0832
8574ead2c80ae62a,U000327,School of Foreign Languages,2025,0.2706
52467296cc1a1959,U000328,School of Foreign Languages,2025,0.0802
8a8524b83506233a,U000329,School of Mechanical Engineering,2025,0.3185
8ea08f3a4be10f97,U000330,School of Education,2021,1.9548
09fad991eb28c83c,U000331,School of Computer Science,2021,0.1803
4ca5fb9660cc961f,U000332,School of Mechanical Engineering,2023,1.1926
228295319959cca6,U000333,School of Economics,2022,10.1942
97e2c868d328fe04,U000334,School of Civil Engineering,2024,2.5257
53476aa49daa56aa,U000335,School of Electrical Engineering,2023,0.6747
8610595887befdcd,U000336,School of Electrical Engineering,2023,1.393
d318afa9113f16e4,U000337,School of Applied Chemistry,2024,0.1501
47cbbcf73a627033,U000338,School of Applied Chemistry,2024,0.1224
f6bd0cb814b61983,U000339,School of Mechanical Engineering,2020,0.6076
81e5312b7123f90f,U000340,School of Information Engineering,2020,0.8795
6dbaac16eca99619,U000341,School of Education,2023,1.7637
219ae89a62d911de,U000342,School of Civil Engineering,2023,0.3343
6f3fcde37927c673,U000343,School of Education,2021,0.7163
2bba79b17549884e,U000344,School of Design & Arts,2022,0.6922
ab1c3a5c50feea26,U000345,School of Foreign Languages,2024,0.5177
89d255265e75dc71,U000346,School of Computer Science,2024,0.5491
e57ff71525a1026c,U000347,School of Food Science,2023,0.2511
a0c0f44b09919b2f,U000348,School of Design & Arts,2022,0.7809
9716949260662681,U000349,School of Economics,2022,0.7175
3934e51df7fc139d,U000350,School of Computer Science,2023,0.3802
17982a72f4c8d037,U000351,School of Design & Arts,2022,1.1489
c210978534d1adb4,U000352,School of Electrical Engineering,2023,1.6501
8bcc53306b50e950,U000353,School of Food Science,2024,1.1623
5493fbc0789f1b10,U000354,School of Food Science,2020,0.2082
93fc6c8752d451ea,U000355,School of Electrical Engineering,2020,0.6522
2e418ffbeadd8fa8,U000356,School of Mechanical Engineering,2021,0.2373
fac65e5bf1a55896,U000357,School of Business Administration,2025,0.6502
a33b3b67373b3a19,U000358,School of Computer Science,2023,0.2382
3f9c39124b7fc630,U000359,School of Mechanical Engineering,2021,2.1173
1cb6adeb9163efbb,U000360,School of Education,2025,1.2922
ef8bce94feeb7e53,U000361,School of Civil Engineering,2022,1.8701
cba87ecd54b15aae,U000362,School of Information Engineering,2023,1.69
4aeb0ba01769b94f,U000363,School of Design & Arts,2025,0.4504
29b6b79c73513ba6,U000364,School of Electrical Engineering,2020,0.3857
b03a0f232e1f938e,U000365,School of Business Administration,2021,3.3693
d6e0293824dda95b,U000366,School of Civil Engineering,2023,0.5005
fa0d30d305067b72,U000367,School of Design & Arts,2021,0.1523
4f4e35d9739c5f3d,U000368,School of Design & Arts,2024,1.6168
7bb611482622bc7a,U000369,School of Business Administration,2021,0.6817
67279c91e351d505,U000370,School of Design & Arts,2020,2.6616
5b47c5b4ec8583dd,U000371,School of Economics,2021,0.7527
f49a7a5ae9456e5c,U000372,School of Design & Arts,2022,0.5787
165aff372b73312f,U000373,School of Education,2021,2.7159
a68aae4cc9bd5227,U000374,School of Education,2021,0.1268
9d0ef4fea576f770,U000375,School of Civil Engineering,2025,0.3288
c1485f8d0ff6bd51,U000376,School of Electrical Engineering,2022,0.2431
3abf2f35867e4d12,U000377,School of Civil Engineering,2022,0.0657
edf92a9c96cf3fe7,U000378,School of Civil Engineering,2020,1.4136
3e48df00372b2e64,U000379,School of Business Administration,2022,0.3381
921d32f1c9a773cd,U000380,School of Education,2021,1.4599
d774693af4b218d7,U000381,School of Applied Chemistry,2023,0.8712
4056717c97982214,U000382,School of Information Engineering,2021,1.0834
52587ca0dfe6182f,U000383,School of Food Science,2025,0.3744
0c83d7c7d3028b47,U000384,School of Education,2025,0.2749
877fcad268c548bf,U000385,School of Applied Chemistry,2020,0.6458
feff947db17e852e,U000386,School of Education,2021,1.4802
cd22228ba88032a9,U000387,School of Education,2021,0.5614
f7a3a9b0d919e111,U000388,School of Education,2023,0.2926
3a33f6e707ab0e3d,U000389,School of Education,2021,0.178
adfaa1682d4ec39d,U000390,School of Mechanical Engineering,2024,0.7241
689f14aea33d7e68,U000391,School of Mechanical Engineering,2024,0.3392
926e6fcc8a51f6f5,U000392,School of Applied Chemistry,2024,0.5495
3514e5d26b028d6b,U000393,School of Foreign Languages,2023,0.465
46c4f25186ea5605,U000394,School of Food Science,2025,0.3785
5c96563c848e785c,U000395,School of Design & Arts,2020,0.792
3009cc841259fbbc,U000396,School of Computer Science,2022,1.0279
bc6324205e50fe7f,U000397,School of Education,2022,4.2134
6749e4f8e2cbbc58,U000398,School of Design & Arts,2025,1.2598
750f9bd3e9375388,U000399,School of Foreign Languages,2023,2.9057
1f869515a5a9aeb5,U000400,School of Computer Science,2024,0.2604
e3132854383bcd80,U000401,School of Economics,2021,0.1191
dabcd5c102617275,U000402,School of Information Engineering,2025,0.5819
7e9c129c41564ca9,U000403,School of Food Science,2023,1.3924
c352d64dd07bfedc,U000404,School of Food Science,2023,1.1902
c483836d7edfa4cf,U000405,School of Foreign Languages,2025,1.9825
9310e53abd9e641e,U000406,School of Education,2022,0.0467
de3ce9899f1f7440,U000407,School of Food Science,2022,2.0667
4f582076f405adad,U000408,School of Mechanical Engineering,2023,0.8257
5d37ae3a9fca701b,U000409,School of Business Administration,2021,0.1261
21c63f772d392f11,U000410,School of Information Engineering,2022,1.2172
4a67ecbab514cd87,U000411,School of Computer Science,2021,0.6994
12ddd1f527252446,U000412,School of Design & Arts,2021,0.8644
5ce9e64ff50b9da1,U000413,School of Information Engineering,2025,1.6034
ea497014e4327e85,U000414,School of Information Engineering,2023,0.9078
df141c8b23ede1b3,U000415,School of Design & Arts,2022,0.1354
c6e7cd178a264b21,U000416,School of Design & Arts,2022,0.5117
657e344f90aade48,U000417,School of Electrical Engineering,2022,0.1171
5a542579213044d7,U000418,School of Foreign Languages,2023,1.1298
8f95339684b201a6,U000419,School of Design & Arts,2025,2.3892
eb5a4f044ebf53f6,U000420,School of Electrical Engineering,2025,0.1706
f3823776296190e6,U000421,School of Mechanical Engineering,2022,0.3017
c69150f84df1ef92,U000422,School of Economics,2022,0.2443
181765e48d591d44,U000423,School of Design & Arts,2022,0.375
b69aeeb695cd5c93,U000424,School of Information Engineering,2023,0.8917
48157b16b775c31a,U000425,School of Business Administration,2022,0.3791
cfec5b2a0d9df378,U000426,School of Computer Science,2023,1.1337
461b569097cf2151,U000427,School of Business Administration,2023,1.7132
2aa9eabe95db8ea2,U000428,School of Economics,2022,1.7767
e03cedeb5d974486,U000429,School of Education,2022,0.193
e967b8e36e99b788,U000430,School of Information Engineering,2022,2.3606
896d4da28fa811c5,U000431,School of Business Administration,2020,2.5576
83beeb25e5a8ad3e,U000432,School of Computer Science,2021,2.789
1f4600a9443cd19b,U000433,School of Education,2024,0.5042
91d3e190f0bbc908,U000434,School of Design & Arts,2022,0.2784
91a6f354971a82d5,U000435,School of Education,2021,0.2206
efd497f58ba11dd5,U000436,School of Business Administration,2023,0.1962
ef122accaf5909f1,U000437,School of Mechanical Engineering,2024,0.5973
c64460b2879f0506,U000438,School of Civil Engineering,2021,1.3783
f16b2296c08c1229,U000439,School of Economics,2024,2.1805
f293731d64c93dc8,U000440,School of Food Science,2025,0.3633
8a7e159ec7d029fb,U000441,School of Civil Engineering,2023,0.568
ddde26f0a6572cc5,U000442,School of Computer Science,2023,0.532
305458053fe46f18,U000443,School of Mechanical Engineering,2020,0.3128
e774b58400148dc8,U000444,School of Civil Engineering,2025,1.2321
cd9196d9a8491e71,U000445,School of Applied Chemistry,2022,0.8486
2f39eb16ab4fbc25,U000446,School of Mechanical Engineering,2025,0.6803
229ca7a755135f42,U000447,School of Education,2023,0.8448
33e24ac2b991402e,U000448,School of Foreign Languages,2020,1.0925
f054fa7846b97920,U000449,School of Computer Science,2020,1.0816
0ab4c6781df8314b,U000450,School of Electrical Engineering,2024,0.2553
dbaeea4625851546,U000451,School of Electrical Engineering,2023,1.4468
ed18db9357809297,U000452,School of Food Science,2020,0.7621
b9a94dbacbdd9dab,U000453,School of Foreign Languages,2024,0.3823
d10309b4cd0a84fb,U000454,School of Information Engineering,2024,0.7462
cce669d024ee2095,U000455,School of Computer Science,2023,0.8332
cf49cf743f6eb709,U000456,School of Economics,2022,1.7416
0be154a02b932226,U000457,School of Electrical Engineering,2020,0.2074
2b4fe7a064322448,U000458,School of Economics,2024,2.221
43dd383b7c2d7840,U000459,School of Applied Chemistry,2022,0.6042
91b6dba8c5ee39b6,U000460,School of Economics,2025,0.3559
59fd1ae07135a7e3,U000461,School of Applied Chemistry,2022,0.3452
b08272f12eae261f,U000462,School of Foreign Languages,2023,0.2169
f36c8d3539b1afd4,U000463,School of Civil Engineering,2022,0.1035
8c232265ccb7892a,U000464,School of Business Administration,2021,1.1623
2e7176947d6be9e8,U000465,School of Food Science,2024,4.2797
2e0cc7b03544d0fe,U000466,School of Civil Engineering,2023,0.1171
5bfe210745969e4b,U000467,School of Mechanical Engineering,2023,0.2282
05e3c6c3c6629d71,U000468,School of Electrical Engineering,2025,1.2518
7f81c4c3c2343bd0,U000469,School of Electrical Engineering,2025,0.564
d9f990c4afb26074,U000470,School of Business Administration,2024,1.3599
cb1a579dc56d00e0,U000471,School of Food Science,2021,0.5333
9c7182f61906bc8c,U000472,School of Civil Engineering,2023,0.3303
715c6bfc3ccbe8eb,U000473,School of Electrical Engineering,2025,0.471
eb966ee86300b734,U000474,School of Foreign Languages,2022,0.0545
fd0ae9bd2b4aabdb,U000475,School of Design & Arts,2021,0.1882
80ca3ea6d4672f49,U000476,School of Civil Engineering,2024,1.5239
55511d2eaa5edcf6,U000477,School of Education,2023,1.9443
4bc51cf73d71996c,U000478,School of Education,2023,2.4089
03b1388a04d6eee8,U000479,School of Civil Engineering,2025,0.9175
3916a068e6a56012,U000480,School of Foreign Languages,2023,0.0618
b3149c9d7e24e9af,U000481,School of Mechanical Engineering,2022,0.3129
3f9fca15c0f0eb4b,U000482,School of Civil Engineering,2022,2.2203
90d5fa4d50cae080,U000483,School of Civil Engineering,2022,2.9923
be3f8ff0be2c0cc2,U000484,School of Electrical Engineering,2021,2.3063
87c9b6ae2c7c3de8,U000485,School of Food Science,2024,0.4661
82251b7c39c1d612,U000486,School of Design & Arts,2024,0.1598
6884857e84bf34a3,U000487,School of Civil Engineering,2022,0.5669
5b200900fdecf2f4,U000488,School of Civil Engineering,2022,0.5992
4edeb0bf72596a78,U000489,School of Design & Arts,2025,2.8251
34887a0984f219c3,U000490,School of Business Administration,2020,0.7414
f6f5aab67eb0b1b3,U000491,School of Business Administration,2023,0.6003
4cc1b8ef42244c25,U000492,School of Applied Chemistry,2022,0.6354
90fbd646a8a03f77,U000493,School of Computer Science,2024,0.8806
b25e6ea6d736d35b,U000494,School of Foreign Languages,2021,1.1045
ff4be7d8c95812da,U000495,School of Food Science,2023,0.2861
bffb4bf310a31ff1,U000496,School of Electrical Engineering,2022,0.205
70d0f859149dd503,U000497,School of Applied Chemistry,2023,2.3246
21dd28b5e343067c,U000498,School of Computer Science,2020,0.1144
d2298097598d2264,U000499,School of Economics,2022,3.0366
3cba72c9ac531442,U000500,School of Business Administration,2023,0.0874
4507cada2ab20733,U000501,School of Applied Chemistry,2021,0.329
1fdc657099447388,U000502,School of Electrical Engineering,2021,1.5603
af6612f611a84bfd,U000503,School of Economics,2021,0.5906
c7b85ce8294d77da,U000504,School of Business Administration,2022,0.1583
6b96e2f93626375a,U000505,School of Business Administration,2020,0.9043
b01364f6b2187d04,U000506,School of Economics,2025,0.6313
c07b6378355196cf,U000507,School of Applied Chemistry,2022,0.4757
721ef52f9fa48802,U000508,School of Design & Arts,2024,0.3163
3f3c872fea1e30cd,U000509,School of Economics,2025,0.5703
560fc43796da25f7,U000510,School of Computer Science,2020,0.3299
aa7fccea3bf47e23,U000511,School of Business Administration,2023,6.7364
0483fb3b0384cf0e,U000512,School of Education,2025,0.4644
1dffc88297748280,U000513,School of Information Engineering,2023,0.4063
a36e061939f86192,U000514,School of Design & Arts,2022,0.3435
b12095f39ea79f50,U000515,School of Electrical Engineering,2022,3.4902
af15eadad831f2f1,U000516,School of Information Engineering,2020,0.1146
81e263b098b22e5c,U000517,School of Education,2023,0.8457
355b10467e1392fc,U000518,School of Economics,2025,0.4647
eb5de05582175696,U000519,School of Business Administration,2025,0.1422
82f655c07a87a171,U000520,School of Economics,2020,0.2603
fc632d37fa6e5c6d,U000521,School of Economics,2024,0.8105
0a61fc66d78dda61,U000522,School of Applied Chemistry,2022,0.2487
39d8bcaa65cd25a2,U000523,School of Education,2025,0.7653
72f0e8780a788031,U000524,School of Business Administration,2020,3.3273
8bb86209b392901d,U000525,School of Mechanical Engineering,2025,0.7002
4c7e03cd06107fae,U000526,School of Economics,2024,0.138
34a805341cb54c6c,U000527,School of Electrical Engineering,2021,0.2531
5cfbffa7dbb53c85,U000528,School of Information Engineering,2020,0.4438
d597ac2528134aa0,U000529,School of Education,2024,0.4151
4deec8340bf6d9f3,U000530,School of Civil Engineering,2021,0.6873
3162d84267c79884,U000531,School of Food Science,2023,0.8069
79f22ae5e85487df,U000532,School of Economics,2025,3.3318
26dd96f8f38345ae,U000533,School of Computer Science,2023,0.5882
d607f9342e56ea8e,U000534,School of Economics,2022,0.1865
20376e53aa4953e8,U000535,School of Civil Engineering,2022,1.8716
907414eab9307455,U000536,School of Design & Arts,2020,2.0876
465411fc309aca7d,U000537,School of Computer Science,2025,0.7449
211f0ccf2034a0e5,U000538,School of Mechanical Engineering,2022,0.4614
08906cd6a8c75fd1,U000539,School of Business Administration,2021,1.1003
a499134e48d0dd01,U000540,School of Computer Science,2022,0.478
bc963e1b9a5c519a,U000541,School of Applied Chemistry,2025,0.0756
f3bc7ab6a745a56c,U000542,School of Food Science,2020,1.0371
99095359fd67ffd7,U000543,School of Business Administration,2025,1.4409
9ed69ec6b3a30461,U000544,School of Foreign Languages,2024,2.4945
5888c90acd64d0b7,U000545,School of Foreign Languages,2024,0.2843
b0d28f473c98af9a,U000546,School of Economics,2025,0.7402
d8d1d17e5a6d5232,U000547,School of Economics,2024,0.7564
d6514a2a0e8e3140,U000548,School of Mechanical Engineering,2025,0.643
4e5af8e07a21ab44,U000549,School of Business Administration,2021,0.6622
f7e6423838c65baa,U000550,School of Education,2024,0.6127
3e7ceb6a6ddc693a,U000551,School of Design & Arts,2023,0.7296
78b5ed8a795b7497,U000552,School of Business Administration,2023,1.2382
0e2714d0ec64ecf9,U000553,School of Education,2025,2.0003
feb74d6a03ca6857,U000554,School of Computer Science,2025,0.2771
ebcefade435264e9,U000555,School of Computer Science,2024,0.4969
94d9e713dc709d41,U000556,School of Food Science,2023,0.3869
25674bd1ae19c8c8,U000557,School of Education,2022,0.3353
e607ba58c54a1793,U000558,School of Electrical Engineering,2022,0.1173
3bd5f55d66d9f6ce,U000559,School of Design & Arts,2022,0.6048
9ac500383764e2f4,U000560,School of Design & Arts,2022,0.9534
d76c4e19685dd576,U000561,School of Business Administration,2020,0.5056
af51a6a26dc4f29d,U000562,School of Applied Chemistry,2020,0.5851
186b3e952d0f6343,U000563,School of Mechanical Engineering,2024,0.8971
4e6768673a9afa2b,U000564,School of Food Science,2022,2.4208
4f0b61d3f56c3b38,U000565,School of Economics,2025,0.388
e93185a8cb406cac,U000566,School of Information Engineering,2023,0.1829
54e7a6d52e1e7d40,U000567,School of Design & Arts,2020,0.5393
9153db9d4cb7c84a,U000568,School of Information Engineering,2021,3.8828
503d7867eae698b3,U000569,School of Information Engineering,2021,0.1849
aa9cca91f7982852,U000570,School of Design & Arts,2025,1.131
b9c5a721b2bb0a7b,U000571,School of Economics,2021,1.8793
22a88c0eb1249de7,U000572,School of Food Science,2023,0.0554
5d4837327723dd4d,U000573,School of Computer Science,2025,0.8898
db64b510a4ac12d3,U000574,School of Education,2025,1.0794
4e900e547f7a93d4,U000575,School of Applied Chemistry,2021,0.4519
cf08332101e7997f,U000576,School of Electrical Engineering,2020,0.3093
ca381703c85ea5aa,U000577,School of Electrical Engineering,2021,0.327
3951c7f9915eeeb0,U000578,School of Foreign Languages,2020,0.425
71bb895efb416da1,U000579,School of Electrical Engineering,2021,0.4364
49c6d68027c465c1,U000580,School of Electrical Engineering,2023,0.3614
86c8e6e2974990db,U000581,School of Electrical Engineering,2025,0.4183
35f8435f568e4043,U000582,School of Computer Science,2023,1.9421
baac0901cf4dc42b,U000583,School of Electrical Engineering,2023,0.1753
f87d07a1aeb197db,U000584,School of Mechanical Engineering,2021,0.1027
581f9a4db71a9c84,U000585,School of Food Science,2024,1.9734
53d49ebd008c0419,U000586,School of Computer Science,2023,0.4872
886671ea4802b860,U000587,School of Civil Engineering,2025,0.4004
61b3c6bac02e0d15,U000588,School of Business Administration,2025,0.5282
1e936c80629538a8,U000589,School of Applied Chemistry,2022,0.7278
e238a97b7b32f79e,U000590,School of Computer Science,2020,0.3496
aaac669981dc2921,U000591,School of Business Administration,2021,0.9791
be903c892bac1dc3,U000592,School of Computer Science,2022,0.2255
ebf767b042bf99e7,U000593,School of Food Science,2025,0.4366
ffb5512a11a5ba33,U000594,School of Food Science,2022,0.0645
446b545e1aecb0e0,U000595,School of Economics,2024,1.9064
f3ec968ff2873aa8,U000596,School of Business Administration,2023,0.4951
6cf3511cc0cb260d,U000597,School of Design & Arts,2021,1.1538
5b480e703636d287,U000598,School of Economics,2022,0.9508
1483525ed0917de0,U000599,School of Design & Arts,2023,1.0231
2abd5ad205c64872,U000600,School of Food Science,2024,0.5858
bc53eaea646350bd,U000601,School of Business Administration,2022,0.8704
3bc0f8afce5c8dc4,U000602,School of Civil Engineering,2021,0.2258
5429b5af7a33e554,U000603,School of Computer Science,2024,0.183
c54dfec163ce1fa7,U000604,School of Foreign Languages,2021,0.5336
a07446527dcf19f8,U000605,School of Information Engineering,2025,0.2992
f1dd873cb2326949,U000606,School of Computer Science,2021,2.4558
5a9830b691f3fda3,U000607,School of Foreign Languages,2021,0.8591
437ca4f26ae6c96c,U000608,School of Mechanical Engineering,2023,0.2884
f427b5d420b1a503,U000609,School of Computer Science,2023,0.45
58d1b307aeca5c79,U000610,School of Foreign Languages,2023,0.6744
b941127b16427e39,U000611,School of Business Administration,2022,0.5516
3aa982ccce00c6d5,U000612,School of Design & Arts,2025,0.7747
ed497a88abddb59b,U000613,School of Electrical Engineering,2023,0.6323
d29ee3833a5c3617,U000614,School of Civil Engineering,2023,0.147
3894705c783ca057,U000615,School of Electrical Engineering,2022,0.0687
c851bd9fefa152ba,U000616,School of Food Science,2020,0.4063
d1e5ba786c5a4e3e,U000617,School of Foreign Languages,2023,1.0341
6dde15a456f0b767,U000618,School of Foreign Languages,2021,0.4109
78630849e5dc0aec,U000619,School of Economics,2023,2.0331
3d8fb3072a18f1e7,U000620,School of Civil Engineering,2020,0.5633
3eabbbb991492e1c,U000621,School of Information Engineering,2025,2.2938
f514739dee571f3c,U000622,School of Mechanical Engineering,2022,1.8681
e08f21644cc74435,U000623,School of Civil Engineering,2025,1.6892
10cf0813fa3f43b0,U000624,School of Food Science,2023,0.1772
afef93389327fe08,U000625,School of Civil Engineering,2020,0.6006
f0a10939696a4175,U000626,School of Education,2024,2.0052
5f5de00ae7016d40,U000627,School of Applied Chemistry,2023,0.7752
6e9d1b62c4467148,U000628,School of Design & Arts,2024,1.0277
34af1f9310f965b3,U000629,School of Mechanical Engineering,2022,0.1474
d5d630490be6d6db,U000630,School of Economics,2023,4.022
38f15abbe38e1ed1,U000631,School of Food Science,2024,0.2676
69ae2cd080813920,U000632,School of Applied Chemistry,2023,0.0803
7c99440f747af5a7,U000633,School of Food Science,2022,0.4156
81b8467b52615606,U000634,School of Business Administration,2023,0.0511
00bad3498b8c360c,U000635,School of Civil Engineering,2024,0.1995
de4bd6a976106291,U000636,School of Food Science,2025,7.6256
ce47a01f840a018c,U000637,School of Design & Arts,2022,0.4037
6618f45a2749970a,U000638,School of Foreign Languages,2022,0.1416
8fda449ecaf4bb1e,U000639,School of Electrical Engineering,2024,0.6055
bc7da2d9cfcc72e1,U000640,School of Applied Chemistry,2023,0.2406
5dd047d07309cb46,U000641,School of Electrical Engineering,2024,1.4015
bfbd0c0254a1a00d,U000642,School of Foreign Languages,2022,0.2425
6f5d0ab87433c729,U000643,School of Mechanical Engineering,2021,0.7739
e131cdefd568c759,U000644,School of Applied Chemistry,2024,0.1875
6142a2a6f67fce92,U000645,School of Education,2021,7.9409
a41471087c6afe29,U000646,School of Mechanical Engineering,2021,0.9769
52148c2cad2f9e50,U000647,School of Civil Engineering,2023,0.5104
d7e18e4e25810b4b,U000648,School of Design & Arts,2024,0.4404
58c70eb4ee054b2e,U000649,School of Information Engineering,2025,0.3394
5dad39a0e84f2455,U000650,School of Mechanical Engineering,2022,0.2758
952b8cde06023752,U000651,School of Information Engineering,2021,0.2684
1020584d453fd852,U000652,School of Business Administration,2025,3.1624
6f11bdf03c093ce9,U000653,School of Food Science,2021,0.3397
baad2a315dcfe824,U000654,School of Information Engineering,2021,0.0702
7b4e3992af083d3d,U000655,School of Design & Arts,2022,0.184
702a9b212b474736,U000656,School of Electrical Engineering,2023,1.4929
fe857eec48829b7f,U000657,School of Applied Chemistry,2025,0.4587
8f8ff285e9acce98,U000658,School of Food Science,2024,0.5163
ac5a27b49cff7202,U000659,School of Food Science,2024,1.9018
5624d6a0c40c3582,U000660,School of Mechanical Engineering,2021,0.2714
c7696e8d14273f74,U000661,School of Information Engineering,2022,1.1112
0be1f4e8b48cecc0,U000662,School of Electrical Engineering,2023,0.3027
f42112d2f3904439,U000663,School of Economics,2021,1.0501
56e5597781e2ddbf,U000664,School of Economics,2022,0.3993
37a20000a0e7c9dc,U000665,School of Design & Arts,2022,0.4637
986367657365b9c8,U000666,School of Food Science,2021,1.3406
e1281e2cf12e3bff,U000667,School of Business Administration,2023,1.2473
b7ae90954284a874,U000668,School of Foreign Languages,2024,0.5004
77c34df898e99df7,U000669,School of Education,2020,0.3684
372d03e6387ac757,U000670,School of Education,2023,2.9216
df8d32a938857955,U000671,School of Foreign Languages,2024,1.0643
3547678ac651a9dc,U000672,School of Foreign Languages,2024,0.3993
2d87daa6cd8a531d,U000673,School of Business Administration,2024,0.3073
3e6708167a5d53a8,U000674,School of Foreign Languages,2022,1.6452
68627da225184a8a,U000675,School of Business Administration,2024,0.6626
8140a82c914ef02b,U000676,School of Civil Engineering,2021,0.5013
58cdeb647a6f2cd8,U000677,School of Information Engineering,2022,0.6623
d70adf30e9f424e1,U000678,School of Computer Science,2021,0.8276
0201fd4aeb0c5ba7,U000679,School of Mechanical Engineering,2022,0.5578
7e3c44f4812b025f,U000680,School of Civil Engineering,2022,1.9673
97b620737b794bd1,U000681,School of Mechanical Engineering,2021,2.0799
c4943394da37bc46,U000682,School of Economics,2024,1.0049
3f1aeb60f71b4cd3,U000683,School of Design & Arts,2022,2.3343
51d0a60e6a2a0091,U000684,School of Design & Arts,2022,0.5954
0b18b2239bae996b,U000685,School of Foreign Languages,2021,1.1774
d0d1fd3b69d1c324,U000686,School of Economics,2022,1.612
d966445414028778,U000687,School of Foreign Languages,2022,1.6356
6e4ffffc65903f4e,U000688,School of Design & Arts,2022,1.4755
8572265bc8252d3b,U000689,School of Business Administration,2021,1.1098
920eca7b6c7f0995,U000690,School of Foreign Languages,2024,4.1792
bb01350e2516d144,U000691,School of Civil Engineering,2025,0.3441
883a2801c63eb450,U000692,School of Information Engineering,2023,0.5055
f3fa669e5c8270e5,U000693,School of Civil Engineering,2023,0.4764
8e36b68be3237c30,U000694,School of Computer Science,2025,0.4086
d13e0661edffc7da,U000695,School of Business Administration,2025,0.0808
60d2b139dcb4d6ba,U000696,School of Applied Chemistry,2023,2.3346
a5257ad4fe6ef8ea,U000697,School of Food Science,2025,0.2116
92e0376202f68705,U000698,School of Mechanical Engineering,2025,0.6996
df39f1441f209414,U000699,School of Information Engineering,2024,0.1424
445b48667b5cffcd,U000700,School of Food Science,2022,1.0982
2f1148685217c58b,U000701,School of Foreign Languages,2020,0.2692
aedd7e70e4030b4d,U000702,School of Business Administration,2020,0.1896
d5b82c24133c26d5,U000703,School of Electrical Engineering,2023,0.717
5f3014d8d64720f4,U000704,School of Information Engineering,2023,0.293
b89e92cbc2c7cb5d,U000705,School of Food Science,2022,0.3325
49c41e39226aa01a,U000706,School of Design & Arts,2023,0.701
58224d67102f2494,U000707,School of Business Administration,2023,1.3139
dc6921f69bb315eb,U000708,School of Business Administration,2024,0.2604
336e188038a571d0,U000709,School of Foreign Languages,2021,0.2191
42a006674b894c35,U000710,School of Applied Chemistry,2021,0.6044
d38a564b260feeb5,U000711,School of Foreign Languages,2024,1.0123
ffe3b6bb8b808033,U000712,School of Business Administration,2024,2.5491
e20a977deadd67fb,U000713,School of Education,2025,0.2022
3fa8d9931e4adf00,U000714,School of Information Engineering,2025,0.4296
67d30bac3f53a133,U000715,School of Business Administration,2025,1.9132
84fa6c81ff4a4ccf,U000716,School of Foreign Languages,2022,4.2465
fbeb4c73647dee6d,U000717,School of Applied Chemistry,2022,0.2187
8fea00b09d433e12,U000718,School of Electrical Engineering,2021,0.282
1d3730d107da7985,U000719,School of Foreign Languages,2023,0.8642
7c56a7b709c92e0e,U000720,School of Applied Chemistry,2025,0.3313
0db4eb5e898d86fa,U000721,School of Electrical Engineering,2022,0.2763
14fc3131f8b4f64f,U000722,School of Business Administration,2023,0.7539
f4cd56157b7a4933,U000723,School of Foreign Languages,2022,2.7799
4937e6707bb36bf2,U000724,School of Applied Chemistry,2021,0.1594
2ea9c3feb6897547,U000725,School of Food Science,2021,2.6415
e2d15c3bf228df42,U000726,School of Civil Engineering,2020,0.3323
c5765e5b91c056a3,U000727,School of Computer Science,2025,0.8343
7d7f918569714a9b,U000728,School of Mechanical Engineering,2022,2.8975
1286e83f1342e979,U000729,School of Computer Science,2024,0.8174
c26bd7e6ca54f835,U000730,School of Foreign Languages,2024,0.4385
4f9aff3cd9297359,U000731,School of Computer Science,2021,1.2107
c59a21d688ddc322,U000732,School of Applied Chemistry,2021,0.4965
9db5ba58387af372,U000733,School of Business Administration,2024,0.9944
25c8aeac57269b24,U000734,School of Education,2021,0.4811
47954ec9dd551e87,U000735,School of Food Science,2025,1.3967
1df30a48a42c31f0,U000736,School of Economics,2021,0.1464
97f5c6a281fa969a,U000737,School of Foreign Languages,2024,0.2143
d94cc62b69b5e6d7,U000738,School of Applied Chemistry,2024,0.1443
e316cb8b24102458,U000739,School of Mechanical Engineering,2021,0.558
71631b86cdae0f47,U000740,School of Mechanical Engineering,2022,0.1279
f97f1b29a5d8c634,U000741,School of Civil Engineering,2025,0.2956
9f9ef8b0200d20e3,U000742,School of Economics,2021,0.195
e74a8736b1041727,U000743,School of Information Engineering,2022,2.5926
8bf208988027866a,U000744,School of Applied Chemistry,2022,0.2192
8c249448c3004d01,U000745,School of Education,2021,0.1631
654a7470783650c1,U000746,School of Food Science,2024,0.7568
eb5bf04d7303de28,U000747,School of Applied Chemistry,2024,3.1893
99750591738864c1,U000748,School of Applied Chemistry,2022,0.5257
cf343e6a0b486a08,U000749,School of Mechanical Engineering,2024,0.5679
f793987006f46dbd,U000750,School of Mechanical Engineering,2021,2.1463
124fadecb8a498fd,U000751,School of Computer Science,2020,1.4208
789af858a254b360,U000752,School of Economics,2023,0.9034
f49527d839baccb4,U000753,School of Mechanical Engineering,2025,0.3298
e30a0cafe1327467,U000754,School of Economics,2020,0.9314
b966ee676ea7b529,U000755,School of Computer Science,2021,0.1514
43a6c851aa7f9ede,U000756,School of Information Engineering,2023,0.3164
be14c2f3dded77ec,U000757,School of Information Engineering,2024,2.4706
a1e98928c177afe8,U000758,School of Foreign Languages,2020,2.1706
6f86c4197747dbea,U000759,School of Mechanical Engineering,2022,0.9144
ae0428be583ab2ee,U000760,School of Applied Chemistry,2024,0.0857
bfc45c58195abb43,U000761,School of Education,2022,0.1764
f2aa8238e8e0a3c5,U000762,School of Design & Arts,2021,0.2992
62e5195c8fbe5709,U000763,School of Electrical Engineering,2021,0.4972
0f99f5e310183621,U000764,School of Food Science,2022,0.1691
96f81ac3ffe03018,U000765,School of Mechanical Engineering,2023,0.4615
6df1217799d4de3c,U000766,School of Business Administration,2025,3.4566
55e245e3fff676e6,U000767,School of Business Administration,2023,0.8815
55a89950c761c812,U000768,School of Mechanical Engineering,2024,0.7348
beba40a691e0bad2,U000769,School of Education,2025,0.2134
bc404015827674f2,U000770,School of Business Administration,2022,0.1146
45f33e026414f0c3,U000771,School of Mechanical Engineering,2022,0.1729
bd4b076a93eca3a7,U000772,School of Food Science,2025,0.1101
e6977d654c205a70,U000773,School of Education,2021,0.6364
34d2a2c45e2aa348,U000774,School of Business Administration,2024,0.8667
56b4e394999a2209,U000775,School of Electrical Engineering,2024,0.2249
e16cfe537c9f5dd8,U000776,School of Foreign Languages,2020,0.6845
998fb1d29d248186,U000777,School of Civil Engineering,2022,2.5651
841d2bf961d415cf,U000778,School of Economics,2021,4.1816
55ff6f8e3068149e,U000779,School of Business Administration,2021,1.2756
fb4d300edaad257d,U000780,School of Economics,2022,0.4957
46b8a471b4d1d5e3,U000781,School of Applied Chemistry,2022,1.235
544b9ed49811e903,U000782,School of Mechanical Engineering,2024,2.2814
9972f7091493c494,U000783,School of Design & Arts,2025,0.0793
59949e2cd447d39d,U000784,School of Mechanical Engineering,2024,2.5988
91a4c5ff7ae3d586,U000785,School of Food Science,2021,0.3425
0e14631b663459e7,U000786,School of Education,2022,0.3458
6250fbb4ccf30f3d,U000787,School of Information Engineering,2021,0.414
8bf4efe36a9ffa38,U000788,School of Applied Chemistry,2021,0.8131
6337ba309777730e,U000789,School of Electrical Engineering,2025,0.1943
50fc22939a2303e7,U000790,School of Mechanical Engineering,2022,0.444
9cc495f8b5dbcaa3,U000791,School of Foreign Languages,2021,0.9983
dfd61129b0acc0b8,U000792,School of Mechanical Engineering,2024,0.7346
cdd56161e4fd32a0,U000793,School of Mechanical Engineering,2022,0.864
b76a7acaf3ad2b73,U000794,School of Economics,2020,0.427
0a772f1bde536800,U000795,School of Computer Science,2021,1.1814
905294860a018db9,U000796,School of Food Science,2023,1.6979
0f7bb79a1c31360a,U000797,School of Design & Arts,2024,1.5991
0ee27bed335ae4f1,U000798,School of Applied Chemistry,2021,0.9054
41d4fd3923c8dcb5,U000799,School of Electrical Engineering,2025,1.5097
e0f43017b8564845,U000800,School of Electrical Engineering,2024,1.4107
347b08436ed978ae,U000801,School of Business Administration,2024,8.5806
49c0ab13cc2b6f6a,U000802,School of Foreign Languages,2021,1.9958
2c4d43caef2ee91c,U000803,School of Design & Arts,2020,0.5402
4d095734bb94813b,U000804,School of Mechanical Engineering,2025,0.2372
ca1fcc0c2542c5b8,U000805,School of Computer Science,2022,0.4547
15d2bb51842e6e36,U000806,School of Food Science,2023,0.4237
4c283a385870944c,U000807,School of Civil Engineering,2024,0.9845
e593eb0548ca0597,U000808,School of Computer Science,2021,0.2931
df94205dfacad108,U000809,School of Business Administration,2024,1.9448
842cea486a82e92c,U000810,School of Business Administration,2025,0.1471
7af4c1c9d5c3181c,U000811,School of Food Science,2024,0.1154
10786adeaae875a2,U000812,School of Computer Science,2022,0.5158
d0c5e2a1d58d94f1,U000813,School of Computer Science,2025,0.2542
be40d6fe8be3ce05,U000814,School of Mechanical Engineering,2023,0.1678
28990e010bb5cfbf,U000815,School of Food Science,2024,0.3122
9a04224dad5870a2,U000816,School of Electrical Engineering,2024,0.2757
3574163b846a6661,U000817,School of Foreign Languages,2024,0.5964
a7b502c9f15e27f3,U000818,School of Foreign Languages,2022,0.3174
b9e8aa8aeb1988de,U000819,School of Electrical Engineering,2021,0.3443
3e9bedc6eb0b8147,U000820,School of Civil Engineering,2021,0.5875
a8f62e15eb9a5a02,U000821,School of Information Engineering,2023,1.6278
39202c2dd16dc762,U000822,School of Foreign Languages,2023,2.5696
4a5654512660d3e3,U000823,School of Foreign Languages,2023,0.6844
49c889979c5d3da1,U000824,School of Business Administration,2022,0.7397
4668c1c71a301b5f,U000825,School of Business Administration,2024,0.4915
78d0f2afd538bf16,U000826,School of Electrical Engineering,2025,0.9553
2e15e7edbdf7f80b,U000827,School of Foreign Languages,2021,0.8722
5a80936b483ffe0b,U000828,School of Applied Chemistry,2024,2.223
45467d81ed2236ff,U000829,School of Mechanical Engineering,2024,0.0893
98fd54705c001923,U000830,School of Applied Chemistry,2023,0.467
030ad4c7a44f6269,U000831,School of Foreign Languages,2021,0.8288
fbd1fba0cb206375,U000832,School of Business Administration,2024,0.5751
517d98b2c3e4f676,U000833,School of Civil Engineering,2025,0.2308
2cda975eb2cb97c8,U000834,School of Economics,2024,0.161
a438ce78baefc2ca,U000835,School of Computer Science,2025,1.3222
c16b396c4a212612,U000836,School of Information Engineering,2025,0.2769
258c751aa93d2548,U000837,School of Education,2022,0.1021
9836fdcb847beadd,U000838,School of Information Engineering,2023,1.3904
ac33585344acee7f,U000839,School of Mechanical Engineering,2023,0.9342
44d6d361eeb4b08f,U000840,School of Business Administration,2025,0.5258
d2f22ec60adfbf4c,U000841,School of Economics,2020,0.2366
921b764ae675a56b,U000842,School of Design & Arts,2022,0.5271
2d4bd58c30d290cc,U000843,School of Business Administration,2025,1.9909
c097efeb3261d06e,U000844,School of Mechanical Engineering,2022,0.1175
10ebd1cffabb0b8b,U000845,School of Education,2024,0.1236
c5faa709828782b9,U000846,School of Mechanical Engineering,2022,0.3151
51cab24fee1cde7f,U000847,School of Education,2025,0.5748
34841e17dff96e72,U000848,School of Civil Engineering,2025,0.3594
76082407d3623758,U000849,School of Business Administration,2022,1.1228
1c455e16c19bf195,U000850,School of Electrical Engineering,2024,1.7539
34566be31f353210,U000851,School of Computer Science,2022,0.7802
3c2520bb2024bc65,U000852,School of Information Engineering,2023,1.034
cb684a261d7863ff,U000853,School of Civil Engineering,2023,0.775
16fa6ac8be645ddb,U000854,School of Design & Arts,2024,0.596
2fe953b44c6a0f95,U000855,School of Civil Engineering,2020,0.1619
e231825abea71c8e,U000856,School of Design & Arts,2021,0.2112
01421b95ba0feb18,U000857,School of Education,2024,0.1529
6b9fc58290ebba7b,U000858,School of Information Engineering,2023,0.5089
71acd5d0c051c996,U000859,School of Foreign Languages,2023,0.7447
3f696949c0f23e49,U000860,School of Business Administration,2020,0.1386
a802449ac4b92ced,U000861,School of Mechanical Engineering,2022,0.6348
c7d7834133cd2619,U000862,School of Electrical Engineering,2025,0.246
d2432d8cd9a1aca2,U000863,School of Electrical Engineering,2020,0.2027
374150967b4cf084,U000864,School of Education,2022,0.3159
d505fd9c0507e200,U000865,School of Electrical Engineering,2025,0.1925
7f025d4929b3a972,U000866,School of Economics,2020,1.0829
f25900ca0b6ddfe6,U000867,School of Education,2024,0.4991
cd416ab6760ffafe,U000868,School of Electrical Engineering,2021,1.334
e6765265d5bd5095,U000869,School of Business Administration,2025,0.3789
bbf8e72485c0192e,U000870,School of Education,2024,0.3935
467ed1b26f282db8,U000871,School of Civil Engineering,2025,3.8435
d92edad523aec26e,U000872,School of Civil Engineering,2021,0.1165
c0cebf5751dd380b,U000873,School of Foreign Languages,2023,2.1329
9faabe22e288501d,U000874,School of Electrical Engineering,2024,3.088
0a429af8fa34a2d1,U000875,School of Applied Chemistry,2021,1.2697
30e20b3c7de4947f,U000876,School of Education,2021,0.4242
701d33e8239b9456,U000877,School of Mechanical Engineering,2020,2.4593
60dd5b81b5a34ee9,U000878,School of Foreign Languages,2025,0.4279
64b1995ac799f938,U000879,School of Electrical Engineering,2024,0.2915
148d31e101f0a60d,U000880,School of Applied Chemistry,2023,0.4004
2ce0b9e5bf2c1aee,U000881,School of Food Science,2024,0.3338
815e230041e5124b,U000882,School of Design & Arts,2023,0.2291
d0ef62bc083de451,U000883,School of Civil Engineering,2023,1.7914
52380b1680544847,U000884,School of Education,2022,0.2724
249cf9fadb5edb69,U000885,School of Design & Arts,2023,0.5731
464f69d88ee6513b,U000886,School of Information Engineering,2021,0.1393
80fc48fe6493bfb4,U000887,School of Information Engineering,2025,0.6088
5a81ac198dfe913d,U000888,School of Electrical Engineering,2024,0.1858
e731509a2a7cfc8e,U000889,School of Foreign Languages,2022,0.1813
a52ae02952f60711,U000890,School of Civil Engineering,2023,0.5293
5cdb7bbe86cf52a8,U000891,School of Business Administration,2021,1.6989
f49acbce8b0dffed,U000892,School of Education,2025,0.9171
6b9fe5b1dd7e3ce9,U000893,School of Business Administration,2025,0.9823
259b60fd22c19e46,U000894,School of Information Engineering,2025,0.5184
67a512240a8ea082,U000895,School of Electrical Engineering,2022,0.422
893ea49a16e81346,U000896,School of Information Engineering,2021,1.3023
add652dd100a2434,U000897,School of Design & Arts,2021,0.3362
11de14217d75db73,U000898,School of Civil Engineering,2020,1.3599
0473bec268588c46,U000899,School of Education,2021,2.0318
d2f18dbde20a2d49,U000900,School of Business Administration,2020,0.2545
cf589c3d16be018e,U000901,School of Computer Science,2025,0.2948
26d30fc6afd88138,U000902,School of Foreign Languages,2020,0.3421
bf8397d2965ae32b,U000903,School of Foreign Languages,2021,0.1362
7b5653eb7951ddcb,U000904,School of Electrical Engineering,2024,0.3692
77649d8e57ce76d6,U000905,School of Education,2023,2.1694
55043d58c392fed1,U000906,School of Food Science,2024,0.2075
6c4b61c33bb61dc0,U000907,School of Design & Arts,2023,2.2215
6d127b6bfae31362,U000908,School of Foreign Languages,2025,0.3827
ab222680419e105b,U000909,School of Applied Chemistry,2023,4.8892
c46d48af814270c1,U000910,School of Civil Engineering,2023,0.2985
0a6f4aee6324053e,U000911,School of Applied Chemistry,2024,0.5112
46f667f0fc9e1580,U000912,School of Food Science,2022,0.2376
4c74e62e2ee98984,U000913,School of Mechanical Engineering,2022,0.2968
46eafeec58a2d04d,U000914,School of Information Engineering,2022,2.2505
8de27c3dd57d0be5,U000915,School of Civil Engineering,2021,0.9489
4cc5bc2ec23c4bef,U000916,School of Applied Chemistry,2024,1.6517
df2027b35a31b14f,U000917,School of Business Administration,2021,0.1584
e8334402aec7eaf1,U000918,School of Design & Arts,2021,1.1364
82dd52c1ebd2a504,U000919,School of Mechanical Engineering,2021,0.2235
bad90b919823640b,U000920,School of Business Administration,2024,0.155
fd3be9a7c5cb667c,U000921,School of Civil Engineering,2022,0.7496
5879c349aa622532,U000922,School of Mechanical Engineering,2024,0.742
93a55f51041cb757,U000923,School of Design & Arts,2024,0.6227
16128c3524ac2ee7,U000924,School of Applied Chemistry,2020,1.2099
6a4e83179c0bab63,U000925,School of Applied Chemistry,2024,1.4142
050192cf76bc1eaf,U000926,School of Applied Chemistry,2022,2.567
57c055f5f90c9d15,U000927,School of Foreign Languages,2021,0.1795
e2266eed5399bae2,U000928,School of Design & Arts,2024,2.6512
89d4e361870f7308,U000929,School of Design & Arts,2025,3.8779
44b73873e7de5c5c,U000930,School of Business Administration,2022,0.4093
e250b594739bb812,U000931,School of Foreign Languages,2023,0.1113
92267e26ffd08593,U000932,School of Business Administration,2022,0.148
78f86c55203ba878,U000933,School of Mechanical Engineering,2023,0.372
3fe0f4ab26b161d0,U000934,School of Education,2023,4.4244
e75937d3a0da66cc,U000935,School of Business Administration,2023,0.6005
db9ba9eee56700d0,U000936,School of Information Engineering,2023,0.3185
87b114861bdfbfd6,U000937,School of Computer Science,2021,0.2975
1f0a4cad1433c256,U000938,School of Education,2024,0.1573
52bea26dccb8aecf,U000939,School of Food Science,2024,1.4156
1095c7c00e786701,U000940,School of Foreign Languages,2024,0.5384
ef91352abdfdd45c,U000941,School of Business Administration,2020,4.8202
abdcd4a365c8a675,U000942,School of Design & Arts,2022,1.1065
1bb1a01fe6476820,U000943,School of Economics,2022,1.3538
380c81f68cfadb37,U000944,School of Electrical Engineering,2020,0.4634
88f0701257294df4,U000945,School of Computer Science,2021,0.1983
39d351d2d6c4f529,U000946,School of Food Science,2022,0.2465
09dadece439bfade,U000947,School of Information Engineering,2024,0.1501
94586e577462f4a7,U000948,School of Food Science,2021,1.4672
4092825d938cfa80,U000949,School of Civil Engineering,2024,0.4018
e37ffeac6adaba91,U000950,School of Foreign Languages,2023,1.5303
f23c94c0d0d5a08d,U000951,School of Electrical Engineering,2024,0.6763
d43079336827a267,U000952,School of Foreign Languages,2023,0.4405
d2ce5f5f08798fc2,U000953,School of Education,2023,0.1833
18fd132fa2987db6,U000954,School of Civil Engineering,2023,0.7982
25b318e456e320e2,U000955,School of Business Administration,2025,0.4744
bf1b414d6dbf7a36,U000956,School of Mechanical Engineering,2023,1.4553
25b9cc683a0bafda,U000957,School of Education,2023,0.2887
98fbbeeef4da5868,U000958,School of Education,2023,1.0932
78d0ba997d7c391b,U000959,School of Design & Arts,2024,3.046
e396936d101f7fe2,U000960,School of Mechanical Engineering,2020,0.7753
3eba47dd4c1acd2e,U000961,School of Food Science,2023,1.2947
1ec65325abb9cc93,U000962,School of Civil Engineering,2023,1.0459
ab8b489f9698d9c6,U000963,School of Business Administration,2025,3.9396
e464a9d970da567f,U000964,School of Electrical Engineering,2023,0.856
eef2ffe08945a00c,U000965,School of Education,2022,1.1888
aa5b684b3678b697,U000966,School of Economics,2025,0.5693
33cb50f8e1d52a65,U000967,School of Design & Arts,2022,0.2722
85634c9dcafdc692,U000968,School of Foreign Languages,2021,0.1764
c3983214035cf412,U000969,School of Food Science,2021,2.0958
e4fd45d64779b65d,U000970,School of Design & Arts,2020,0.2154
e1bfd7d23f0b40e9,U000971,School of Computer Science,2020,1.2447
f813b4054ab697bb,U000972,School of Mechanical Engineering,2022,0.8949
09ba7cc5ae72dbcb,U000973,School of Information Engineering,2024,1.4781
5c8359e3553aa24f,U000974,School of Business Administration,2024,0.3528
e4f11cf792f8fefe,U000975,School of Economics,2020,0.2677
81a706742bfaf304,U000976,School of Information Engineering,2023,0.8619
d217aa34f0a3a497,U000977,School of Information Engineering,2021,0.4407
22488d0bfc959a37,U000978,School of Education,2025,0.1724
e82156b7decc686d,U000979,School of Electrical Engineering,2021,4.1022
9da1f45dfdeef242,U000980,School of Information Engineering,2023,0.2676
b6966754301e18ab,U000981,School of Food Science,2022,0.2186
921f0e0b0de0a33d,U000982,School of Education,2023,0.4634
a4035049bf758796,U000983,School of Applied Chemistry,2022,2.0665
b3f8ae22b4c5a8e3,U000984,School of Information Engineering,2024,0.0676
127c3ac530b5d822,U000985,School of Design & Arts,2021,1.9019
4e667fb4c313254a,U000986,School of Food Science,2025,0.2373
6d610b43989aa091,U000987,School of Education,2023,0.7691
0dad72d177429cf5,U000988,School of Applied Chemistry,2024,0.3003
2d69cefcc2037cd0,U000989,School of Education,2024,4.3272
bd9c217f50e39ff6,U000990,School of Economics,2025,0.6687
a2277c902343b414,U000991,School of Information Engineering,2021,0.2908
65db781b8746e05e,U000992,School of Design & Arts,2022,0.4369
1bdc8d3cf0ba3059,U000993,School of Design & Arts,2021,0.6457
2462fbac7667fef3,U000994,School of Economics,2021,0.7052
c60458872bc12c2d,U000995,School of Applied Chemistry,2023,0.9155
ed82d94ee3c10efb,U000996,School of Foreign Languages,2025,0.5895
711020967360b7cf,U000997,School of Design & Arts,2025,0.1489
378732e3b219aaad,U000998,School of Computer Science,2023,0.4201
2fde63e5480ed5ad,U000999,School of Civil Engineering,2023,1.0829
13f8f090f2d045ac,U001000,School of Education,2024,0.3021
8f0479f255507e28,U001001,School of Food Science,2025,1.1569
486bab3d69f62dd8,U001002,School of Design & Arts,2021,0.6094
f21efe9996bab14e,U001003,School of Computer Science,2023,0.4749
ff9474892be87b3d,U001004,School of Business Administration,2024,1.9487
13dc7dbd2e1078d6,U001005,School of Computer Science,2022,0.1038
9ef52a7cb07caf71,U001006,School of Computer Science,2022,0.3005
46ad2199f7f8dd3a,U001007,School of Education,2025,2.0247
c00ea6991656401d,U001008,School of Applied Chemistry,2025,3.6805
60e03a1106d2a1f0,U001009,School of Electrical Engineering,2025,5.8066
fff060e8dff9bb32,U001010,School of Food Science,2024,0.6209
640b02ad3195f041,U001011,School of Electrical Engineering,2021,0.9332
c8552e783192b1da,U001012,School of Economics,2022,1.337
779684e007306055,U001013,School of Design & Arts,2023,2.1129
89074bd8874831b3,U001014,School of Computer Science,2023,0.8074
1efdf0efce22e51d,U001015,School of Education,2023,1.4905
b82bedada74aa9d6,U001016,School of Foreign Languages,2023,0.935
b516a5ed9739c538,U001017,School of Education,2022,0.9952
f1557013ea7f6e61,U001018,School of Mechanical Engineering,2024,0.2357
639a6b4cfbb89b45,U001019,School of Computer Science,2022,0.4248
53fb673086942cb4,U001020,School of Computer Science,2022,0.35
d72a148277801d13,U001021,School of Foreign Languages,2021,0.1798
116d2e6c3cb7c570,U001022,School of Food Science,2021,0.1132
8637533a771e74df,U001023,School of Information Engineering,2024,0.3865
59491857282c5546,U001024,School of Information Engineering,2022,0.4534
2e55d08927ec64c4,U001025,School of Foreign Languages,2021,0.6558
6ccc13b7cfdbdab2,U001026,School of Electrical Engineering,2024,1.0291
638159cc903d6df8,U001027,School of Foreign Languages,2023,0.7126
1480336067732295,U001028,School of Mechanical Engineering,2020,0.4566
e45c046ecd458223,U001029,School of Applied Chemistry,2022,0.2364
4791602d95102428,U001030,School of Mechanical Engineering,2021,1.4192
1e2a6a4c2f3ee309,U001031,School of Education,2023,0.5332
9ae2be364dfb9730,U001032,School of Information Engineering,2022,0.3826
58d8dce34b0eb7bf,U001033,School of Business Administration,2020,0.4899
4c75a64ac79bf0e5,U001034,School of Information Engineering,2020,0.2837
1f088aae99d2671d,U001035,School of Business Administration,2023,0.3473
09719271c2e0363a,U001036,School of Civil Engineering,2020,0.3364
186ccd48cab2f236,U001037,School of Design & Arts,2024,0.4429
fa4f96ae95a4c6f4,U001038,School of Food Science,2021,1.1374
88b4cef52a49b8a0,U001039,School of Food Science,2023,0.887
3388c52615e0de8e,U001040,School of Information Engineering,2022,2.7725
e6bc738049ab1e73,U001041,School of Civil Engineering,2022,1.9832
b4f2204242363d37,U001042,School of Food Science,2020,4.1763
94c177c6054c6cd7,U001043,School of Information Engineering,2024,1.0327
ade0f239d365b5f9,U001044,School of Foreign Languages,2025,1.0162
7520b3b4b153d9b3,U001045,School of Civil Engineering,2020,0.3626
70271edff7c3ea5c,U001046,School of Business Administration,2021,1.3485
e80a5cd8daddd844,U001047,School of Mechanical Engineering,2025,0.3063
fc4ba632c89be2e4,U001048,School of Computer Science,2023,0.1357
10077f5afbe3259c,U001049,School of Mechanical Engineering,2021,2.7164
867ca89cf66e6ecf,U001050,School of Business Administration,2021,0.1693
0f4a3da8bb105566,U001051,School of Applied Chemistry,2023,0.9156
ea2bff78906ea8ac,U001052,School of Economics,2024,0.2448
0b70a4aef9b451c9,U001053,School of Applied Chemistry,2023,1.8215
3bd2479c2bfd8acc,U001054,School of Foreign Languages,2025,2.0875
2e78514cead5bc42,U001055,School of Mechanical Engineering,2023,1.0022
5dd2c72439c102dc,U001056,School of Computer Science,2022,2.0531
8990a6b744c07775,U001057,School of Design & Arts,2023,0.5947
0f96961f16e1f343,U001058,School of Mechanical Engineering,2022,5.5133
e6d8e47d0630d723,U001059,School of Design & Arts,2021,1.245
3eedca40f72b78cf,U001060,School of Business Administration,2020,0.2399
bc98d6b2bc13fbbc,U001061,School of Civil Engineering,2022,0.6329
773e9bc6d52e474f,U001062,School of Design & Arts,2024,0.5069
d6a0559e41f558d0,U001063,School of Education,2020,0.4596
22747b46fc2e0fb8,U001064,School of Information Engineering,2022,0.1126
f500240c823ef274,U001065,School of Applied Chemistry,2023,0.8692
25e1230c5cdc0d38,U001066,School of Applied Chemistry,2023,0.1477
4ee1cb795801e195,U001067,School of Mechanical Engineering,2024,0.0472
f032c6ba02a049d4,U001068,School of Design & Arts,2024,0.4185
13b449dee7a6fa54,U001069,School of Mechanical Engineering,2024,0.2772
44f91e42e382f0b0,U001070,School of Foreign Languages,2021,0.2494
67fc9816e4339983,U001071,School of Business Administration,2023,0.0265
e32070d30337e4a6,U001072,School of Information Engineering,2023,0.2521
7d0e593d6568a605,U001073,School of Mechanical Engineering,2021,0.4963
8a4ce95dd15bc7d8,U001074,School of Civil Engineering,2020,0.3131
b716b391f6f9a519,U001075,School of Business Administration,2021,0.8697
34d2f06edf1997dc,U001076,School of Civil Engineering,2022,2.3766
678f291c2b2311fb,U001077,School of Food Science,2022,0.9894
f3997febe4bc07eb,U001078,School of Food Science,2021,1.6477
93f6d79efa8bf3ba,U001079,School of Economics,2024,1.7898
5278a8d555e75cf3,U001080,School of Civil Engineering,2025,0.2131
cab3b51dc12e1af7,U001081,School of Information Engineering,2021,0.9159
8e4f9a1023a1b197,U001082,School of Electrical Engineering,2025,1.597
9a01332856be62eb,U001083,School of Mechanical Engineering,2020,0.3818
4ef4ab6677d31b52,U001084,School of Information Engineering,2025,0.2678
8176727e9c1bddc9,U001085,School of Computer Science,2025,1.0034
2c68008561e891ac,U001086,School of Foreign Languages,2020,0.1342
7f03d8a4374fb706,U001087,School of Economics,2024,0.1989
9cc82f35602b51d0,U001088,School of Design & Arts,2025,0.3031
003e3de22651a1a9,U001089,School of Computer Science,2025,0.9264
d0654d189db1ae56,U001090,School of Foreign Languages,2025,0.7348
9db7968c53a526dc,U001091,School of Education,2023,1.6576
4f47173fbdb76b9b,U001092,School of Design & Arts,2020,0.2348
252b3d33f9d7fe70,U001093,School of Economics,2024,0.2226
6d7e67c70d705432,U001094,School of Food Science,2023,0.9969
6ba31e771efba8ae,U001095,School of Foreign Languages,2023,0.2656
17c7872ee5b6e2ca,U001096,School of Food Science,2022,0.3229
98e50a91cbb58fb8,U001097,School of Computer Science,2023,0.0922
f530fe57231517b4,U001098,School of Computer Science,2021,0.7897
9fd668345862569b,U001099,School of Business Administration,2024,2.7574
2c4087321d55392d,U001100,School of Business Administration,2020,0.2109
815419cf45ef667c,U001101,School of Applied Chemistry,2024,1.64
1bfd6768e13e53a2,U001102,School of Education,2024,0.5563
f100b79af61dfcad,U001103,School of Business Administration,2023,0.101
7375c8230099d260,U001104,School of Foreign Languages,2023,0.2413
33d74bd5ab5081e9,U001105,School of Mechanical Engineering,2022,0.2268
469f28df778585b5,U001106,School of Education,2025,0.4302
332026edb75fb045,U001107,School of Applied Chemistry,2024,0.8981
d009361f58263c21,U001108,School of Civil Engineering,2022,3.7506
31bd4f906ad52dd9,U001109,School of Electrical Engineering,2021,0.1411
fe6af1230306ed54,U001110,School of Education,2021,0.3636
325b0553e8d64551,U001111,School of Civil Engineering,2022,0.241
27a11de287988db3,U001112,School of Information Engineering,2025,0.1661
afdcd1949529c48d,U001113,School of Applied Chemistry,2024,0.6495
2efb1b5ba9eb1178,U001114,School of Design & Arts,2021,0.5912
c0cb0a8a28ca63ec,U001115,School of Foreign Languages,2024,0.0962
797daaa94ad7011a,U001116,School of Civil Engineering,2022,0.6012
0436b5efb36b8d96,U001117,School of Computer Science,2024,0.1769
7e4f597a6a0c66e4,U001118,School of Mechanical Engineering,2021,0.5974
41d2060f90087866,U001119,School of Education,2023,2.1012
188178887dc76213,U001120,School of Business Administration,2025,0.9381
422a6e36bfa28b6d,U001121,School of Electrical Engineering,2021,0.705
5bd846ab4b10530e,U001122,School of Information Engineering,2024,0.3479
34bc8138ab45f4eb,U001123,School of Business Administration,2025,0.6312
fe2f4124de8555cc,U001124,School of Mechanical Engineering,2021,1.0369
92237fa03707476e,U001125,School of Electrical Engineering,2020,0.9391
12cedd1acc27caa9,U001126,School of Education,2024,0.5346
6f8393c3ab1c5829,U001127,School of Business Administration,2022,0.7337
0d8148644cf1f140,U001128,School of Education,2020,0.1583
545dff7b61eb6610,U001129,School of Design & Arts,2023,0.2833
7a50cae22b71786a,U001130,School of Food Science,2024,1.1979
50c21b73360c598a,U001131,School of Design & Arts,2022,1.3703
f2939127c90998fa,U001132,School of Education,2022,0.6483
3871d52e51f47926,U001133,School of Applied Chemistry,2024,2.5908
8c8ca2bf1134dd05,U001134,School of Economics,2023,0.9812
74745d5425f6c1ac,U001135,School of Mechanical Engineering,2024,0.4676
86d9acb29260e9d5,U001136,School of Education,2022,0.1743
355306ae022b7f3a,U001137,School of Mechanical Engineering,2025,2.4886
c873ed986ac9612e,U001138,School of Business Administration,2023,1.2755
c236dd40ff51ce4f,U001139,School of Foreign Languages,2021,3.5655
c1a487f3caff9e8d,U001140,School of Computer Science,2025,5.1544
6cca28f1cb2f3a91,U001141,School of Mechanical Engineering,2023,0.163
da067c8ec579d720,U001142,School of Food Science,2021,0.1634
3d6d9ff65a6ac6a2,U001143,School of Applied Chemistry,2021,0.0337
a8969003c6be5b3b,U001144,School of Civil Engineering,2024,1.479
e6370f59a55e568c,U001145,School of Computer Science,2020,1.1382
a98942bc102d2fa1,U001146,School of Foreign Languages,2022,0.651
6d91bb2ec7f89e23,U001147,School of Computer Science,2021,0.1732
6361a1142d9d0617,U001148,School of Applied Chemistry,2022,0.5401
36b68a3f0595c89c,U001149,School of Information Engineering,2022,0.7101
16790ff84be03ca4,U001150,School of Computer Science,2023,1.2914
9e67461b3a3a40fa,U001151,School of Mechanical Engineering,2022,0.7757
7aed0a2c739163f4,U001152,School of Computer Science,2020,1.1466
cc15365f0c6c3001,U001153,School of Electrical Engineering,2023,0.5215
10ffc7621e8ff3b1,U001154,School of Foreign Languages,2022,1.9241
c2a1387fe00c54bf,U001155,School of Economics,2023,1.1104
e42bd97d380f7571,U001156,School of Applied Chemistry,2021,0.1802
8a0e084f7f3c5cf5,U001157,School of Education,2020,2.3684
c84b1aa048c1c0c8,U001158,School of Electrical Engineering,2021,2.0109
842a702e338d5a90,U001159,School of Civil Engineering,2022,0.9403
24e02aa8aa0fdfe9,U001160,School of Design & Arts,2022,0.7817
52f01bf5fd47d7ca,U001161,School of Business Administration,2024,3.1006
b390395f44dcda7b,U001162,School of Civil Engineering,2022,0.1153
f13ce798854539fd,U001163,School of Food Science,2023,2.0426
4d6874a3273152b4,U001164,School of Civil Engineering,2023,0.3667
11affecc53caa229,U001165,School of Education,2020,1.765
839bf44d1f0fed8b,U001166,School of Foreign Languages,2023,0.6659
66eb2d49bdfded1a,U001167,School of Business Administration,2022,0.1703
7297191d64748892,U001168,School of Civil Engineering,2022,0.3593
4263901e06be541c,U001169,School of Electrical Engineering,2021,1.64
b5dd090e115f1b02,U001170,School of Education,2024,0.4784
7e6c4c8e6b365f2f,U001171,School of Electrical Engineering,2025,0.3171
47e3d30664b92dad,U001172,School of Civil Engineering,2020,0.315
b7ce5e555455365e,U001173,School of Foreign Languages,2023,1.1221
dc05f5c007a9ccbe,U001174,School of Education,2024,3.3995
01b820eab10f2512,U001175,School of Applied Chemistry,2022,0.0694
e7b5c461f481d767,U001176,School of Food Science,2024,9.7151
7b51f7492a19daf5,U001177,School of Information Engineering,2023,0.7238
f675133ed4f13eba,U001178,School of Food Science,2025,1.0547
668dc0fea51ce7ed,U001179,School of Business Administration,2025,0.3816
790187736ee96cd3,U001180,School of Economics,2020,0.5883
d9f14ecc741099dd,U001181,School of Applied Chemistry,2022,0.7157
54de2ca3a3829cab,U001182,School of Design & Arts,2023,0.2068
9a0316ef73b11eb5,U001183,School of Information Engineering,2021,0.2638
60d9fc49b111faf8,U001184,School of Applied Chemistry,2022,1.9301
4f8a81df00e92a9f,U001185,School of Information Engineering,2025,0.125
d2b9f17c41df37b6,U001186,School of Applied Chemistry,2020,0.9176
a9281c27cb24dd3c,U001187,School of Electrical Engineering,2022,0.4076
36eb5bbb3bee9dc6,U001188,School of Business Administration,2024,0.2259
72a19cdf02f16f47,U001189,School of Civil Engineering,2022,4.2415
21a066a8b46a3c68,U001190,School of Business Administration,2023,0.2273
82f5d8d1ed2964de,U001191,School of Mechanical Engineering,2025,0.1907
564007caffe89fda,U001192,School of Mechanical Engineering,2023,0.4897
d85422e304535d39,U001193,School of Electrical Engineering,2021,0.2737
111cd5a8af1146cf,U001194,School of Foreign Languages,2020,0.5941
2ff1866d1716f562,U001195,School of Applied Chemistry,2025,0.6896
fa5b28932c577ab8,U001196,School of Information Engineering,2021,0.7465
09daf51a156b4202,U001197,School of Civil Engineering,2023,0.5216
b0db0ea9c62972a6,U001198,School of Applied Chemistry,2020,0.2925
8b891feb0672c90f,U001199,School of Business Administration,2022,1.1234
9b83c1b1e8f85e32,U001200,School of Information Engineering,2025,0.528
8b6abd945cf14f6e,U001201,School of Business Administration,2023,0.3597
f47d9fb7e63c4282,U001202,School of Mechanical Engineering,2025,2.5934
b5a13519880d504b,U001203,School of Business Administration,2021,0.5229
eb18e7768a4426d1,U001204,School of Applied Chemistry,2023,1.7594
4c932ecd8aa12ebf,U001205,School of Economics,2024,2.0134
d95e4eb2ef36a9ee,U001206,School of Food Science,2022,2.1397
ead9054104e3e783,U001207,School of Foreign Languages,2022,1.1784
c2455fd43fceb8e0,U001208,School of Electrical Engineering,2024,0.59
94e788215d8820be,U001209,School of Education,2022,0.5537
112cb3bb8bad9553,U001210,School of Education,2023,0.4625
bffea4dd8d4d26cc,U001211,School of Electrical Engineering,2025,0.0676
ade3aa338883f7c7,U001212,School of Mechanical Engineering,2021,1.2114
5621e0f418671556,U001213,School of Civil Engineering,2022,0.7539
7569ebf96dc15a41,U001214,School of Civil Engineering,2020,1.3479
0e8f3452147d877b,U001215,School of Foreign Languages,2022,0.5252
8d6c9f96942d8b80,U001216,School of Information Engineering,2021,1.1478
13b339b9f2f77c94,U001217,School of Applied Chemistry,2024,0.1489
63a99259d51be399,U001218,School of Computer Science,2021,0.1834
ec46d2081e864dd6,U001219,School of Civil Engineering,2024,0.0496
142162ac0a46b8b8,U001220,School of Mechanical Engineering,2021,0.5162
933345ec3aa6d9df,U001221,School of Applied Chemistry,2022,0.2727
4bb1a561f7aae3bc,U001222,School of Mechanical Engineering,2022,0.2392
e0edaab5b7090635,U001223,School of Food Science,2024,0.825
3e757f8ba181de03,U001224,School of Foreign Languages,2022,0.3858
8346cf07d8ae49ea,U001225,School of Education,2022,0.1408
e00da140c580d99b,U001226,School of Design & Arts,2024,7.5215
42e14f1185ff0e7f,U001227,School of Education,2023,0.5689
6296d6bd477c15b2,U001228,School of Business Administration,2021,0.1999
fd0278bb85b426a1,U001229,School of Mechanical Engineering,2025,0.3021
a40d3a5ba16de7e1,U001230,School of Food Science,2022,0.4965
703750e23cedd676,U001231,School of Design & Arts,2020,0.4955
d327f5175e299589,U001232,School of Foreign Languages,2023,2.1709
752cd8f62abd835a,U001233,School of Computer Science,2021,0.5453
437a0bd35625fea3,U001234,School of Electrical Engineering,2021,3.7743
a511c7477309c83d,U001235,School of Foreign Languages,2024,0.3831
8b2fcb0da1cb2ec8,U001236,School of Electrical Engineering,2021,0.9043
3b94b33a6ba64f5a,U001237,School of Mechanical Engineering,2024,1.6405
1ad2cccda5a30429,U001238,School of Computer Science,2025,1.9506
4b894175b0d7f37c,U001239,School of Electrical Engineering,2023,2.1921
24b0b97b63fdfd0b,U001240,School of Economics,2024,0.4498
87c21943a1448205,U001241,School of Electrical Engineering,2024,0.5871
26754a26ab5ec53c,U001242,School of Civil Engineering,2025,0.0495
841d7e914a675e0f,U001243,School of Design & Arts,2022,0.4853
fafc48d610de585d,U001244,School of Information Engineering,2021,1.7581
02c18adfdd823a5a,U001245,School of Applied Chemistry,2023,1.4475
664d51d0d46bc9d5,U001246,School of Business Administration,2023,0.5415
45d13c4be56c3bc9,U001247,School of Food Science,2021,3.2289
8c0dbd1d4747b8d5,U001248,School of Computer Science,2023,0.4021
4c532e3c295b379d,U001249,School of Computer Science,2020,0.2885
e23f1ca0ad9c4bf6,U001250,School of Electrical Engineering,2025,0.3697
a51dd6d1cc7a8b2b,U001251,School of Electrical Engineering,2021,0.1922
46e0708ed1d6d361,U001252,School of Design & Arts,2020,1.1001
c98909c2931140d9,U001253,School of Foreign Languages,2021,0.7878
41f03f2c6633d893,U001254,School of Education,2021,1.0865
0f94d1541df40ce5,U001255,School of Food Science,2022,0.3901
79c113bf8efcf429,U001256,School of Computer Science,2020,0.5571
00075e1444d23d3e,U001257,School of Design & Arts,2022,0.0668
2e82be84973cc530,U001258,School of Computer Science,2021,0.86
24bc595a0916dfb8,U001259,School of Economics,2022,0.6517
d3d863018380e233,U001260,School of Mechanical Engineering,2022,0.1964
16b3da22a6ca9d92,U001261,School of Education,2022,0.5317
8fc2fd9277f09060,U001262,School of Electrical Engineering,2022,0.4562
519f264f8e2fe5d0,U001263,School of Foreign Languages,2020,3.4463
f1a14dc92249a0ef,U001264,School of Foreign Languages,2020,0.2043
7f67edb6f30020ab,U001265,School of Electrical Engineering,2021,0.8224
8ec4a5428edaecdd,U001266,School of Education,2024,0.1983
3204d84e0843c140,U001267,School of Computer Science,2025,0.3379
5b549f94e50d6b43,U001268,School of Foreign Languages,2025,0.7787
b895ba8bf5569d42,U001269,School of Education,2023,0.4779
adb3c7634467bec2,U001270,School of Information Engineering,2023,0.5868
43e269aad9204206,U001271,School of Education,2022,0.8234
66e1ec6651c66bc5,U001272,School of Food Science,2024,0.3603
9c1e723a2dc554ce,U001273,School of Electrical Engineering,2024,1.4292
2c6deedf7596a0a9,U001274,School of Food Science,2024,0.435
a67d93edc2486586,U001275,School of Mechanical Engineering,2025,0.5355
626cbc43a9656c5c,U001276,School of Business Administration,2022,0.8473
cc646f5c004055dc,U001277,School of Economics,2024,0.7408
7805a6013b0bc9d3,U001278,School of Education,2024,1.1244
7afc7676098a3427,U001279,School of Information Engineering,2022,0.8106
baa6cbf1e2e7534b,U001280,School of Foreign Languages,2025,0.9437
47184cce7f72fbf5,U001281,School of Information Engineering,2020,0.4264
40eb50c9856f91c7,U001282,School of Economics,2025,0.2028
e2c97a60ebae0d3c,U001283,School of Food Science,2024,0.1416
088b16aec312ac91,U001284,School of Civil Engineering,2020,0.1111
83402b4ecaf8b05e,U001285,School of Information Engineering,2023,3.4409
ef201987a7bc21a8,U001286,School of Business Administration,2020,0.0646
14e2bba5cfa67789,U001287,School of Applied Chemistry,2024,1.9478
7aa7dd58732928d7,U001288,School of Economics,2024,0.2598
22544a6bc1212855,U001289,School of Applied Chemistry,2023,1.9337
e82e53b28c87c05d,U001290,School of Civil Engineering,2024,0.0652
ec02a64554bb82d0,U001291,School of Design & Arts,2020,0.4667
576e46070f92ca12,U001292,School of Education,2022,2.527
ca06ba69a978fa39,U001293,School of Economics,2022,1.2047
bca1ca18aa25b627,U001294,School of Information Engineering,2020,0.4214
9bc88fc30d00b3b7,U001295,School of Business Administration,2022,0.0846
addaeddfc191a7bf,U001296,School of Electrical Engineering,2021,0.1573
3bcdc3faa0f02b77,U001297,School of Computer Science,2022,2.3682
48672e23a0e74a38,U001298,School of Foreign Languages,2022,0.4168
53c5211bb0205ea0,U001299,School of Education,2025,0.5495
2bdc2d0ce2a4049a,U001300,School of Applied Chemistry,2022,0.7839
69706074423d036e,U001301,School of Food Science,2025,0.1604
20ff870e4e08804f,U001302,School of Civil Engineering,2022,0.8872
14eca27a095ffc73,U001303,School of Foreign Languages,2022,0.3881
3655cddf158e8969,U001304,School of Foreign Languages,2023,0.7919
51f6e16790d604e0,U001305,School of Computer Science,2022,0.3312
2fe9367bde0835e8,U001306,School of Foreign Languages,2021,0.1224
6cf8b13a230fa7b7,U001307,School of Applied Chemistry,2023,0.3851
53d241983eba8ac2,U001308,School of Applied Chemistry,2021,1.1205
1c5eeaa7afc3c025,U001309,School of Computer Science,2022,0.8755
7d50b0029769c413,U001310,School of Computer Science,2023,0.6089
8c682f98e430dc15,U001311,School of Food Science,2022,1.4494
434cce996a7c3dbb,U001312,School of Design & Arts,2024,0.4816
a7643ea9573b65bc,U001313,School of Information Engineering,2021,0.6245
8fc8992fca7b633e,U001314,School of Applied Chemistry,2025,0.3654
ea1a12e1d7a424df,U001315,School of Design & Arts,2024,1.5367
3d33d99a9170ae86,U001316,School of Economics,2025,0.7902
dc8d9bafb6e0b191,U001317,School of Food Science,2024,0.3383
1c5ef5352b6e70e5,U001318,School of Design & Arts,2021,0.1332
dcdf2085864b301b,U001319,School of Mechanical Engineering,2023,1.7824
6b36184dedc64073,U001320,School of Civil Engineering,2021,0.2805
8560fa206c37c575,U001321,School of Business Administration,2024,0.6345
22b1a62e7b832cfc,U001322,School of Mechanical Engineering,2023,6.2065
81361d459a331ca3,U001323,School of Education,2021,1.3159
4664d4a84f3bfc8f,U001324,School of Business Administration,2025,2.9569
d671fb687d471413,U001325,School of Business Administration,2021,0.3447
6a8a6c41e04248df,U001326,School of Electrical Engineering,2023,1.7228
e64b3c009755c406,U001327,School of Civil Engineering,2024,0.6063
69c238315412322a,U001328,School of Design & Arts,2020,0.8513
8c9065415f1acdb8,U001329,School of Computer Science,2023,4.4542
6117afed88c9a80f,U001330,School of Economics,2024,0.4468
18f1f21be35dc727,U001331,School of Information Engineering,2020,0.6018
f27f22a304912b54,U001332,School of Education,2023,0.2393
d3fe3905ae511784,U001333,School of Food Science,2021,1.4354
2afab32eb8772a44,U001334,School of Design & Arts,2023,0.337
4f780b48ccb43174,U001335,School of Mechanical Engineering,2021,1.6417
2155f3f24ab9bb9d,U001336,School of Foreign Languages,2025,0.1134
6bf3480ef6edd110,U001337,School of Foreign Languages,2025,1.0219
a3f819a8bdfd63a1,U001338,School of Design & Arts,2021,0.3102
10b81523a8e48e1b,U001339,School of Computer Science,2022,1.2257
991343a09f640495,U001340,School of Civil Engineering,2023,0.5824
87f6b4bc8a3f0b16,U001341,School of Electrical Engineering,2024,0.3456
a2f9fd29be868555,U001342,School of Design & Arts,2022,0.4011
61a307c8555a58ca,U001343,School of Computer Science,2021,0.2522
8b4147783b2c40d3,U001344,School of Electrical Engineering,2021,1.3645
7088361dc076edd1,U001345,School of Food Science,2025,0.2069
0bd586342def3cc2,U001346,School of Civil Engineering,2022,0.452
2a73bb632c041913,U001347,School of Design & Arts,2025,0.8338
8102c833bdf70f6e,U001348,School of Food Science,2023,2.9639
c582d0fdd16fbfb7,U001349,School of Education,2025,0.5849
8ef3553a301d51db,U001350,School of Applied Chemistry,2020,0.4632
865d9f214f7f9de0,U001351,School of Computer Science,2021,0.7762
30c937de139919a2,U001352,School of Information Engineering,2025,0.0742
52a08600b6acc81c,U001353,School of Food Science,2025,0.1781
53e38c9a704761ab,U001354,School of Applied Chemistry,2022,0.4056
c4580fb1b2d1ef6d,U001355,School of Applied Chemistry,2022,0.2894
0ce3ddceade29c9d,U001356,School of Education,2022,0.1191
4c76d1c1421c72c9,U001357,School of Electrical Engineering,2022,1.392
f47f5536bfb6f3b3,U001358,School of Information Engineering,2021,0.7655
fd03c4d3672dbd9c,U001359,School of Foreign Languages,2025,0.6793
0c3596a7c2ab5774,U001360,School of Education,2021,0.2949
737e5a1e1f0b465c,U001361,School of Business Administration,2024,0.6392
c6b594ce3912994c,U001362,School of Education,2020,0.9875
c9fa7cd7b004022b,U001363,School of Applied Chemistry,2020,0.453
0da4cd4847769351,U001364,School of Applied Chemistry,2023,0.9209
32425ee1ba3a7863,U001365,School of Education,2022,0.2663
f278af08c069272c,U001366,School of Computer Science,2023,0.6508
62f4aa7f6afcd5ee,U001367,School of Foreign Languages,2020,1.8506
87874a0ee1fc95e9,U001368,School of Mechanical Engineering,2025,2.0239
1a4c5303ae69e9e7,U001369,School of Foreign Languages,2024,2.2268
259a647ffe6bcd8f,U001370,School of Mechanical Engineering,2025,0.7855
ba7c664624967f12,U001371,School of Mechanical Engineering,2021,0.6093
f6651095a98380e1,U001372,School of Electrical Engineering,2022,0.3769
ab997a8d75873a5c,U001373,School of Electrical Engineering,2022,0.0969
8496580e7a610c01,U001374,School of Economics,2023,0.1538
20bcdc44060fb01d,U001375,School of Food Science,2022,0.499
7450b2a3917036a8,U001376,School of Education,2020,0.5298
3fdcd8f275896f5a,U001377,School of Design & Arts,2022,2.4235
c315b926ca7dcfdf,U001378,School of Information Engineering,2021,2.1985
ab14e573d45990c6,U001379,School of Foreign Languages,2022,0.2972
ec1f5a86cc3b67b3,U001380,School of Civil Engineering,2021,1.3382
11dcd29bca6f538b,U001381,School of Applied Chemistry,2021,0.3664
c0065e9f6f33e486,U001382,School of Applied Chemistry,2023,1.1684
7736d5d26ed5dd76,U001383,School of Food Science,2022,1.3218
8d242b6eb55f3a0d,U001384,School of Electrical Engineering,2022,2.0444
b3ed0bd2e970bd2a,U001385,School of Education,2023,0.3607
0edf8c55cc1c551b,U001386,School of Applied Chemistry,2024,1.6279
1b79c70afc03c6ae,U001387,School of Foreign Languages,2022,0.0907
ad5fd484d43afd9c,U001388,School of Education,2023,2.1581
884f5d795d838844,U001389,School of Economics,2025,0.5758
bea589acc643b4ac,U001390,School of Civil Engineering,2023,0.5882
743f4b55cf21a376,U001391,School of Business Administration,2025,0.077
20799a96461b802e,U001392,School of Information Engineering,2024,0.4002
ace96a5c8ad32569,U001393,School of Electrical Engineering,2020,2.2898
e5d826a336946a4d,U001394,School of Design & Arts,2022,0.3853
56907bf1517bbe21,U001395,School of Economics,2024,1.205
aa3982450eb102bc,U001396,School of Mechanical Engineering,2025,0.6111
950013f1ea1cb51f,U001397,School of Civil Engineering,2022,1.7086
bbd84e89d62f4564,U001398,School of Education,2020,0.715
a1e95e37b313f48e,U001399,School of Economics,2023,0.2325
557123ed9ef14296,U001400,School of Education,2021,0.6247
4ced76f6412ee81c,U001401,School of Education,2024,2.9277
2dcf58b37093f6cc,U001402,School of Information Engineering,2023,0.9711
5f3677ce4ae29812,U001403,School of Foreign Languages,2024,0.5255
209fbd4023f4cafd,U001404,School of Applied Chemistry,2025,5.6335
5d6ab2ea595fc7d1,U001405,School of Civil Engineering,2023,1.8818
39d05f24b9549972,U001406,School of Economics,2023,1.3361
4a9ed1460b86fde0,U001407,School of Education,2024,0.8109
77e1e6645b3c3924,U001408,School of Civil Engineering,2024,1.2254
b0960482199a9b58,U001409,School of Design & Arts,2025,1.2658
3c80e9d6322032ca,U001410,School of Civil Engineering,2020,0.0665
4c2f927b62be8ca2,U001411,School of Design & Arts,2023,0.8763
6f08c374d02e1c8a,U001412,School of Education,2021,0.5027
855e2bfd8b48e9b1,U001413,School of Economics,2025,0.3582
484294fd59b91cfd,U001414,School of Business Administration,2023,0.4856
92520dd117a16fc7,U001415,School of Food Science,2022,0.1246
7c8df57f8beedd90,U001416,School of Applied Chemistry,2021,0.0971
4b2e43cacf20e7c8,U001417,School of Design & Arts,2022,2.0534
6ffaca34c3cdc08d,U001418,School of Information Engineering,2024,0.9372
2e0535bc0cb5a63c,U001419,School of Civil Engineering,2021,0.0529
9b8d38b2d4eea269,U001420,School of Computer Science,2020,0.3317
05e788bf9b64ab46,U001421,School of Information Engineering,2025,1.4241
6d1256ccbb12aa3f,U001422,School of Food Science,2024,0.4462
d3992e93b8d56f08,U001423,School of Information Engineering,2021,2.0503
b3737a26c2314ccd,U001424,School of Foreign Languages,2022,1.6867
81e8d24e62c3c6cb,U001425,School of Foreign Languages,2025,0.152
429aa700c9d1dadb,U001426,School of Design & Arts,2024,0.5115
0c0eb318b40977ee,U001427,School of Food Science,2023,0.3772
4d367254ed45e12d,U001428,School of Information Engineering,2022,0.1472
8b64885eeba93dca,U001429,School of Mechanical Engineering,2022,0.1379
ab83d1b1423e8e3b,U001430,School of Food Science,2020,0.2637
991520a33ceb20ac,U001431,School of Business Administration,2024,0.311
3c7ab805da439699,U001432,School of Computer Science,2020,0.7837
c578889cdf6f999d,U001433,School of Foreign Languages,2020,1.6773
86aa90bf553077ff,U001434,School of Applied Chemistry,2024,0.9867
f4260b353f4f5ac0,U001435,School of Business Administration,2025,1.2503
5172348df564a606,U001436,School of Business Administration,2024,0.4522
50af3ca26f8fc94e,U001437,School of Food Science,2023,1.079
ca5f87469200d1f3,U001438,School of Applied Chemistry,2023,0.509
1636b843e91535b4,U001439,School of Education,2022,0.3797
f02178f6db41405b,U001440,School of Applied Chemistry,2022,3.9357
787181efe4199ad2,U001441,School of Design & Arts,2023,0.0574
27a810bcff5ab9b1,U001442,School of Electrical Engineering,2022,0.0907
de882453832777c9,U001443,School of Mechanical Engineering,2023,0.8656
86b6d6e2b4d36fab,U001444,School of Applied Chemistry,2025,0.4529
9a14b41f8a59d8d3,U001445,School of Foreign Languages,2025,0.1403
42c81b1439bfc063,U001446,School of Electrical Engineering,2020,0.2056
e8f525d5af7c0285,U001447,School of Food Science,2022,0.2342
9eda990b8016f16a,U001448,School of Foreign Languages,2021,1.441
c2a3c2821e95b03d,U001449,School of Applied Chemistry,2022,1.9846
d00e7697f0c604b2,U001450,School of Applied Chemistry,2022,3.0421
10f8d5104c95661b,U001451,School of Business Administration,2021,0.1205
265be93d547ff7c3,U001452,School of Food Science,2024,0.1504
e0bbcc383c57ceb5,U001453,School of Mechanical Engineering,2023,0.1405
eb4e358d71706f71,U001454,School of Mechanical Engineering,2025,2.1422
616879d53e11906e,U001455,School of Economics,2020,0.896
664678e8af2cfd2b,U001456,School of Mechanical Engineering,2020,0.6397
77e4355e27e1b9cb,U001457,School of Applied Chemistry,2022,0.7428
b6d1d70b98b7a679,U001458,School of Business Administration,2020,0.5578
f6317d1d9c7cb91d,U001459,School of Foreign Languages,2021,0.1924
8dccf0e8b8b9f75b,U001460,School of Information Engineering,2025,0.9863
a52545052743e751,U001461,School of Computer Science,2021,0.4901
14876b9855e7c55e,U001462,School of Applied Chemistry,2021,0.1778
4746aaaa937af126,U001463,School of Electrical Engineering,2023,1.0484
f9aa70ae0851a8d3,U001464,School of Business Administration,2023,0.3857
2d218e2b5d89f33a,U001465,School of Mechanical Engineering,2023,0.7412
513cf61b8e0686d1,U001466,School of Mechanical Engineering,2022,0.521
3b05b43b5f00bf04,U001467,School of Business Administration,2024,1.4396
624e02d59b950391,U001468,School of Computer Science,2021,0.7358
ceff382dd787f61f,U001469,School of Information Engineering,2022,0.244
b63f87fe3b7e5901,U001470,School of Applied Chemistry,2024,0.8146
c4b4118741ba9b82,U001471,School of Food Science,2025,0.8417
4391d1a9b1962624,U001472,School of Foreign Languages,2022,0.9844
36dff7131e560d22,U001473,School of Computer Science,2023,1.6634
6ff40351526b6a04,U001474,School of Civil Engineering,2020,0.3189
30190c9be30c7e85,U001475,School of Economics,2021,1.1513
815c77867d8e2b6e,U001476,School of Education,2020,0.1052
d07e4946eca02e73,U001477,School of Applied Chemistry,2024,0.5236
69a864375d56fd0a,U001478,School of Business Administration,2022,0.4486
5ca7e42800b3a301,U001479,School of Food Science,2024,2.5114
83a9687b0e580ec4,U001480,School of Applied Chemistry,2020,0.5049
6b5e79afc5d844bf,U001481,School of Mechanical Engineering,2025,1.0844
dcd22ad42578a71d,U001482,School of Computer Science,2024,0.1014
91c6a9a03a127f58,U001483,School of Applied Chemistry,2020,0.4153
e23d813d3ccf685d,U001484,School of Economics,2020,0.2533
d455d66e82b8d3a6,U001485,School of Food Science,2020,7.0182
8f2cf4af561a5f0b,U001486,School of Business Administration,2024,0.3031
c2f665a892175e4a,U001487,School of Foreign Languages,2021,0.6353
69696f7b2417c1f0,U001488,School of Education,2023,0.67
a08b27027cac105e,U001489,School of Economics,2022,0.1205
88a008a68fbc5852,U001490,School of Foreign Languages,2024,0.3489
3ba84dd312feb141,U001491,School of Economics,2023,0.8849
6f9ab42a59d99b08,U001492,School of Applied Chemistry,2023,0.6432
613795dd3ec801a2,U001493,School of Design & Arts,2025,0.0592
0c2f4e5217b1e31b,U001494,School of Applied Chemistry,2021,0.3349
7fa214db8f85b650,U001495,School of Education,2024,1.6386
52005f6bc5603387,U001496,School of Electrical Engineering,2020,1.0631
36917260aebd8dee,U001497,School of Economics,2023,1.9958
7b28098bbf04d4c3,U001498,School of Mechanical Engineering,2025,0.2203
b1d7855d062098d4,U001499,School of Civil Engineering,2023,2.1253
c82cfa0e52b672c3,U001500,School of Food Science,2024,0.5647
730ac01fc055cfdc,U001501,School of Business Administration,2021,2.9015
765b48da216ce130,U001502,School of Economics,2022,0.5923
fa55a33f439c9c13,U001503,School of Applied Chemistry,2022,0.0762
54a906e7e84524ba,U001504,School of Information Engineering,2023,1.3802
26930b21e9e7066a,U001505,School of Information Engineering,2022,0.3789
356ea8454b7fa41c,U001506,School of Information Engineering,2022,0.4053
08bd04ff3d4b4ab3,U001507,School of Civil Engineering,2022,0.1381
ba690a91dee4b5cb,U001508,School of Computer Science,2021,2.9898
8956d666276fd4cf,U001509,School of Food Science,2022,0.3506
1c12bf7969bd6ea6,U001510,School of Economics,2021,2.852
12e7b98c08c32721,U001511,School of Information Engineering,2025,0.3836
5d494c09d82d34fc,U001512,School of Applied Chemistry,2023,0.2335
8e77b4a9e902b7f3,U001513,School of Economics,2021,2.209
8bf83d5532d28213,U001514,School of Design & Arts,2024,0.5486
830d02f0197a9a4b,U001515,School of Mechanical Engineering,2024,0.554
33b856c74406c5d8,U001516,School of Mechanical Engineering,2021,0.1639
a22b0c92eb2f0083,U001517,School of Design & Arts,2021,0.3736
52f9e52b9a2760dd,U001518,School of Education,2020,0.9064
34810cead50a7098,U001519,School of Mechanical Engineering,2020,0.161
d1412e421e399dd6,U001520,School of Information Engineering,2024,0.3444
cbc6692617baffa3,U001521,School of Business Administration,2025,0.3877
b3234a4f6337a289,U001522,School of Computer Science,2020,0.6309
cc17c7577ab14308,U001523,School of Food Science,2024,2.5923
6c827bf80a43612c,U001524,School of Education,2020,0.4374
042b30dc3142d17d,U001525,School of Computer Science,2023,0.296
c79389b8302c7440,U001526,School of Foreign Languages,2024,9.2015
0a2655d2de1ce767,U001527,School of Mechanical Engineering,2022,0.3828
e5774fa420457e72,U001528,School of Applied Chemistry,2020,0.4879
77da1beb992e710a,U001529,School of Design & Arts,2023,0.4128
b87676e0d89266c2,U001530,School of Food Science,2025,0.4476
bfc3860ecf2d0039,U001531,School of Economics,2021,0.6381
496de675d711e941,U001532,School of Mechanical Engineering,2021,1.4826
9a5b8b419031d9b7,U001533,School of Electrical Engineering,2021,0.8842
d397ca105dc6caf7,U001534,School of Mechanical Engineering,2023,1.7334
0ebad2b66edffdfa,U001535,School of Mechanical Engineering,2023,1.677
9f48030400798e4e,U001536,School of Information Engineering,2024,0.7273
4a1997ddab5cdbf6,U001537,School of Education,2024,0.8601
952c307615253706,U001538,School of Computer Science,2025,1.7891
90c53143ab795ea2,U001539,School of Foreign Languages,2024,0.1943
261323281f9a747b,U001540,School of Foreign Languages,2021,7.1793
7f952a4a60fb5b4e,U001541,School of Food Science,2023,0.3536
b59616099c87bb2e,U001542,School of Applied Chemistry,2022,0.4156
6653786db3805fd4,U001543,School of Education,2022,0.1757
e2c2267e750f50f5,U001544,School of Civil Engineering,2025,0.181
1f61ae66b43c7155,U001545,School of Economics,2024,1.5637
2d34ed89d71a76d0,U001546,School of Economics,2025,5.7155
241df4338124cf03,U001547,School of Applied Chemistry,2022,0.3348
8348aa35326ee5bb,U001548,School of Computer Science,2023,0.8355
621b708308b58c8c,U001549,School of Information Engineering,2023,0.7358
5fec5743b7298743,U001550,School of Information Engineering,2021,1.6052
76527a0d467a8f3a,U001551,School of Civil Engineering,2021,5.4288
1d0b8036bd8f66d8,U001552,School of Electrical Engineering,2023,2.7019
40fd9fda32058f9b,U001553,School of Business Administration,2020,0.465
604eb1c6543c7cdb,U001554,School of Economics,2025,1.0018
ff00c29bcdcca72c,U001555,School of Information Engineering,2021,1.1063
bf1a12a479dc1c9d,U001556,School of Civil Engineering,2021,0.5786
9d3ac24b8c28f7bf,U001557,School of Civil Engineering,2024,0.1973
62fa47e9b5b66b54,U001558,School of Education,2020,0.2656
ae176b55e3d516b9,U001559,School of Information Engineering,2025,1.8611
85e9ce9bfb8a0e1e,U001560,School of Food Science,2024,2.0633
587b598ef339d82e,U001561,School of Foreign Languages,2020,0.4797
499805b3b509e15c,U001562,School of Economics,2024,0.7665
4c082bffcf044176,U001563,School of Economics,2023,1.9547
6a6d9f268a1250d9,U001564,School of Economics,2024,0.1074
35868a83109d9f51,U001565,School of Civil Engineering,2024,0.3778
b067d294d151e771,U001566,School of Applied Chemistry,2024,4.4409
f9ce7548ea32c795,U001567,School of Electrical Engineering,2023,0.7964
47511c0150640bae,U001568,School of Food Science,2022,0.1909
018ae5a1bfaa963d,U001569,School of Business Administration,2024,0.6638
15355aab2e24b192,U001570,School of Design & Arts,2025,1.6396
6e2744718739737f,U001571,School of Business Administration,2023,0.0463
e5d29f7869ca71ef,U001572,School of Electrical Engineering,2023,0.7042
3210aaf41505fefa,U001573,School of Education,2022,0.4068
1236feb7bd572df6,U001574,School of Business Administration,2024,0.1143
cafd2e20efbbfedc,U001575,School of Food Science,2025,0.6408
f4f8ad11dfd6a45e,U001576,School of Economics,2021,0.5151
0ca0bec9e8894628,U001577,School of Electrical Engineering,2021,0.5763
949cc85d16de6a99,U001578,School of Electrical Engineering,2023,0.4168
f7f2d856ee42fcb1,U001579,School of Mechanical Engineering,2023,0.2126
ec800e2fb0f93148,U001580,School of Economics,2023,0.1378
c45c34dafb927d68,U001581,School of Design & Arts,2020,0.2959
7e5da480dced0885,U001582,School of Education,2022,1.3941
e8d0c44e1b74898d,U001583,School of Computer Science,2023,0.7453
e8ab58b0c6238ad1,U001584,School of Electrical Engineering,2023,0.5509
306bb9caf044d2da,U001585,School of Foreign Languages,2023,0.2087
b3ddb4c803c2b3cb,U001586,School of Electrical Engineering,2024,0.4062
4bc631389061eac9,U001587,School of Computer Science,2023,1.2339
e6ef83b7e9764533,U001588,School of Business Administration,2024,0.978
1d44fd995d9cc51f,U001589,School of Education,2023,0.3663
cd9c7157408f7bff,U001590,School of Civil Engineering,2023,0.0434
8f32efcd8ddb395c,U001591,School of Economics,2023,0.3006
db446e3591261d4f,U001592,School of Design & Arts,2021,0.3643
703c6549fcd63c7e,U001593,School of Design & Arts,2022,0.2383
c0610cbf7757954e,U001594,School of Computer Science,2023,0.3906
56b0f8bfdf1e96ba,U001595,School of Computer Science,2025,1.3358
e2dad56a20702e6b,U001596,School of Civil Engineering,2024,0.5688
a766f8cbd1862ce9,U001597,School of Information Engineering,2020,1.5883
8ce72cf8b16683b0,U001598,School of Applied Chemistry,2023,0.1306
83cacddc56039323,U001599,School of Information Engineering,2021,0.4351
fdef7500ab5721fb,U001600,School of Computer Science,2024,0.0849
bb32ec5abd73d8ee,U001601,School of Design & Arts,2024,0.3854
13b2fb8ba6bda2ce,U001602,School of Mechanical Engineering,2023,0.2075
5c5c287bca03ef4c,U001603,School of Mechanical Engineering,2023,2.126
46726119db4a4eb1,U001604,School of Business Administration,2022,0.8893
83eae7000226c888,U001605,School of Economics,2022,1.6288
b33ca7d2fc114018,U001606,School of Economics,2025,0.3843
79964a55879cd5da,U001607,School of Mechanical Engineering,2024,0.2129
38e4bf1845a3de29,U001608,School of Computer Science,2023,0.2063
67b7d944f93c4acf,U001609,School of Mechanical Engineering,2022,0.7698
06df6ad429b8d831,U001610,School of Mechanical Engineering,2020,3.608
70fe58239b2c55bc,U001611,School of Education,2021,0.8917
fc9270bc223fbd29,U001612,School of Civil Engineering,2021,0.4058
236dbc46f93e0744,U001613,School of Economics,2022,0.4888
134cd6b5d3ed58d9,U001614,School of Foreign Languages,2025,0.5722
bfc7d3a9e2b7d4bb,U001615,School of Civil Engineering,2023,4.4801
5fcc310089565622,U001616,School of Economics,2021,2.0271
f03b53762131e0c8,U001617,School of Business Administration,2021,0.7656
55084532a6944950,U001618,School of Electrical Engineering,2022,0.6588
28b3ae811dcb2916,U001619,School of Electrical Engineering,2024,0.7964
76ec276881d7d77e,U001620,School of Applied Chemistry,2022,0.9678
3face1775c0fd121,U001621,School of Business Administration,2024,0.3905
6e484fc4edfd6826,U001622,School of Foreign Languages,2024,0.2538
6c84c2d348850e0e,U001623,School of Food Science,2021,1.6573
3f4fbc6593b71ecc,U001624,School of Food Science,2023,0.6035
dc77bd8a769076eb,U001625,School of Food Science,2025,1.5246
977882d4f5143160,U001626,School of Design & Arts,2022,3.0623
1b328c2e51d9a2ea,U001627,School of Economics,2020,0.9936
97632f517689488a,U001628,School of Foreign Languages,2025,0.845
996c36d7d05e6995,U001629,School of Education,2025,14.4868
4e150f72d89636e5,U001630,School of Information Engineering,2023,0.7262
a2f607d5f6700abf,U001631,School of Business Administration,2023,0.1984
fc56ee80947b2a0d,U001632,School of Civil Engineering,2021,0.4456
8f358d0d2367ef3f,U001633,School of Design & Arts,2024,2.7862
1adc5163852b19a3,U001634,School of Food Science,2023,0.1618
17ba51554bfae7c9,U001635,School of Information Engineering,2020,0.2782
6de40e846cb7c7e2,U001636,School of Information Engineering,2024,1.785
4c7d495b54c79d19,U001637,School of Food Science,2025,0.4499
c425ce1172856d4d,U001638,School of Computer Science,2024,0.5287
bb2749d325343ba9,U001639,School of Mechanical Engineering,2022,1.727
0899731ba2ec1069,U001640,School of Foreign Languages,2020,0.2883
c99712095e79a554,U001641,School of Food Science,2025,0.1359
e0b82bf8c0722e78,U001642,School of Food Science,2025,0.1472
51464023cbbfb034,U001643,School of Food Science,2023,1.0563
9ab5e287ca8b38e5,U001644,School of Mechanical Engineering,2023,0.765
059fde06573ceffb,U001645,School of Information Engineering,2022,0.2954
abdec002073bf939,U001646,School of Food Science,2022,0.1853
cdcccdc9f83a6456,U001647,School of Foreign Languages,2021,0.4504
c57fc1dae2196413,U001648,School of Business Administration,2020,1.8031
66141e0f3a1f5021,U001649,School of Electrical Engineering,2021,0.2559
54156be42a4a3a35,U001650,School of Food Science,2024,0.3043
db6aecf0faccf77b,U001651,School of Education,2021,0.1795
0f9e3a296cd39bd8,U001652,School of Food Science,2021,0.4088
d3fb281a6f105580,U001653,School of Civil Engineering,2023,0.8278
847c23c52ccbd939,U001654,School of Economics,2021,4.8948
a0f23f976282cf48,U001655,School of Mechanical Engineering,2021,0.734
ceb302b7d70fd254,U001656,School of Education,2023,0.5595
65569d3d4b2b5192,U001657,School of Business Administration,2022,1.3992
d164c31b0adcbcc0,U001658,School of Education,2023,1.1844
aaa7da77bafc390e,U001659,School of Mechanical Engineering,2025,0.3313
20504b3e9b7138ec,U001660,School of Education,2021,5.9006
c4b6bfa2785444dc,U001661,School of Applied Chemistry,2025,0.5761
9923d585b0fd8c01,U001662,School of Applied Chemistry,2025,0.7478
7a4b81bcef79f909,U001663,School of Foreign Languages,2024,1.0246
1ae260f4f4622c88,U001664,School of Civil Engineering,2023,0.8343
4245c09c14060663,U001665,School of Education,2023,2.7139
d3f516ce25d40040,U001666,School of Information Engineering,2023,0.3273
00fb49f406544280,U001667,School of Design & Arts,2024,1.2922
678ff24758721a04,U001668,School of Business Administration,2020,0.696
7e077ba1b4a04f2d,U001669,School of Mechanical Engineering,2025,1.5773
a2e094c89e6b6985,U001670,School of Design & Arts,2023,0.4762
c62e83cbf97e0f77,U001671,School of Foreign Languages,2024,0.4159
b649e80d463b4416,U001672,School of Information Engineering,2022,1.2276
dc9faacfe24b5b59,U001673,School of Foreign Languages,2020,0.8445
648096bbed4db78c,U001674,School of Education,2023,0.2599
bed6aef747bd94e6,U001675,School of Foreign Languages,2023,2.2673
a33a38b9351f3a9a,U001676,School of Business Administration,2022,1.2281
f63133812ed08a68,U001677,School of Information Engineering,2022,0.5481
4689e7c39de580bb,U001678,School of Information Engineering,2021,0.3696
ab285825d031702a,U001679,School of Design & Arts,2023,0.8497
f1ea92572ad97bea,U001680,School of Business Administration,2022,1.1428
3ee7425e56093681,U001681,School of Electrical Engineering,2025,0.1199
a2e310eb552f0b96,U001682,School of Mechanical Engineering,2021,0.8596
3de50537911f5695,U001683,School of Civil Engineering,2022,1.1338
66df30fcc078880e,U001684,School of Information Engineering,2022,0.0562
f23a075371d97916,U001685,School of Civil Engineering,2023,0.7183
c3300d939fdbea50,U001686,School of Design & Arts,2023,1.1825
ee3e14cfb9962d82,U001687,School of Education,2023,1.0554
4e9a664a26f0e96a,U001688,School of Computer Science,2025,1.3171
a6e4c48639a73fa1,U001689,School of Computer Science,2022,0.4255
c5041a63057e8cc6,U001690,School of Economics,2024,0.2087
87d7f2a4dffaed52,U001691,School of Education,2020,0.0976
e254efe13deb00ba,U001692,School of Electrical Engineering,2021,1.7598
f46d11943094028d,U001693,School of Electrical Engineering,2022,1.1925
dd19b38394217e76,U001694,School of Foreign Languages,2020,1.8993
49d112de510d1f50,U001695,School of Economics,2023,0.2859
133b14209b5b35d6,U001696,School of Foreign Languages,2024,1.3189
0a9d51f847c07d56,U001697,School of Design & Arts,2024,0.1314
cf4aa15d85865c9e,U001698,School of Information Engineering,2023,0.2475
2a37f7a8ba70ef17,U001699,School of Computer Science,2023,0.6696
341c3ae45e973eaa,U001700,School of Mechanical Engineering,2022,1.1459
49421d511170e8c7,U001701,School of Electrical Engineering,2020,3.1645
12a3c6f438acc4b9,U001702,School of Food Science,2020,0.4644
3dfd846d8400cbc0,U001703,School of Business Administration,2023,0.2484
e1e39ac1baf8e90a,U001704,School of Foreign Languages,2025,0.2359
e226a81723ef5476,U001705,School of Civil Engineering,2020,0.2968
bb1f07e2068ffe02,U001706,School of Business Administration,2023,5.4413
61795ada5ecd0bba,U001707,School of Business Administration,2024,1.2584
8c10e05c3448f3c4,U001708,School of Foreign Languages,2024,1.7959
eb4652b31dc571d9,U001709,School of Economics,2023,0.4649
3a532018026ae7b3,U001710,School of Computer Science,2023,0.5894
87be6bd145c73a10,U001711,School of Education,2024,1.188
647e60d3c0bffd7f,U001712,School of Mechanical Engineering,2024,0.356
5d7ff850ae5d9fd2,U001713,School of Applied Chemistry,2021,0.4412
8fb9c69f909426b5,U001714,School of Business Administration,2025,0.3007
66b4750d20aa2e11,U001715,School of Food Science,2020,0.3774
79cc940b69e4c841,U001716,School of Economics,2024,0.62
3206cc96a7072a32,U001717,School of Mechanical Engineering,2020,0.2596
fffed319c2c132b9,U001718,School of Electrical Engineering,2021,0.7858
5669285fbec7c923,U001719,School of Foreign Languages,2020,0.7847
3149ef1878c7dd00,U001720,School of Applied Chemistry,2022,0.4935
11ea3f0b8f81a7b3,U001721,School of Civil Engineering,2022,0.2581
24b5c66511dec67c,U001722,School of Information Engineering,2021,0.6557
d4baab72b3e6b232,U001723,School of Applied Chemistry,2022,0.3563
a401d8702416bbe8,U001724,School of Information Engineering,2022,0.6185
9133973e857cb8bc,U001725,School of Computer Science,2024,1.7703
5beb8aba146cc485,U001726,School of Business Administration,2025,0.1686
1b3806d76e8f05e3,U001727,School of Design & Arts,2023,5.1887
dabdeeabd0d8e3a7,U001728,School of Civil Engineering,2021,0.5491
49f1ae48200dabd8,U001729,School of Civil Engineering,2022,0.8912
bf6fb74c09e204b8,U001730,School of Food Science,2025,0.2781
141be7a27d602d63,U001731,School of Electrical Engineering,2020,1.85
1c08a7d41f77e611,U001732,School of Economics,2022,0.5207
ee24a80cf98bf4d7,U001733,School of Food Science,2025,0.3981
fdacbc389e4b7597,U001734,School of Information Engineering,2025,0.332
87a20fa723eca8e5,U001735,School of Foreign Languages,2022,0.4514
60a14691d7a131f6,U001736,School of Mechanical Engineering,2023,0.897
f8aa7089455dabfc,U001737,School of Design & Arts,2022,0.7017
d21926f54e197275,U001738,School of Business Administration,2024,0.5673
e5fecc14c25748da,U001739,School of Computer Science,2020,0.2898
7c94c9b94143de14,U001740,School of Food Science,2021,0.2736
94642f64d9c1eb62,U001741,School of Business Administration,2023,0.3724
320290dc71e1cbcf,U001742,School of Applied Chemistry,2021,0.9354
f4fc436691fc9cc2,U001743,School of Economics,2023,1.1448
5d94e9807d6a9ee7,U001744,School of Economics,2022,1.31
521f3a46044e7b69,U001745,School of Business Administration,2025,0.5895
30f19dd4f8742987,U001746,School of Electrical Engineering,2024,0.8664
f45a919aeec968a8,U001747,School of Applied Chemistry,2023,0.4988
387e3d77494c5e25,U001748,School of Design & Arts,2024,0.1034
8295e936be5f0b3d,U001749,School of Information Engineering,2022,0.4757
cd0959bb892a5f6d,U001750,School of Design & Arts,2023,0.4056
0b98451186ab2858,U001751,School of Mechanical Engineering,2021,0.2089
13729fb0d1c095b5,U001752,School of Design & Arts,2025,0.3347
88ac8158726b0edd,U001753,School of Foreign Languages,2024,0.6758
d1ea06e4ff0a2ff1,U001754,School of Civil Engineering,2025,0.1901
e48b76efedb33031,U001755,School of Business Administration,2025,0.29
a40fe7cf4d3c9a27,U001756,School of Business Administration,2025,2.7757
84702bb9a0d6e381,U001757,School of Foreign Languages,2021,0.1189
5d30340333b30303,U001758,School of Civil Engineering,2025,0.4916
b6a43716661e787b,U001759,School of Education,2023,0.1839
da389c4ac04344b8,U001760,School of Education,2022,0.2784
4cb0493ee606af00,U001761,School of Civil Engineering,2023,0.4844
37e313fb385d084f,U001762,School of Computer Science,2022,0.2199
10d1bd369f27cd31,U001763,School of Economics,2022,1.048
3d35b9408cd1360c,U001764,School of Foreign Languages,2021,2.2799
93aafa9f7c317562,U001765,School of Information Engineering,2020,1.3698
7f7a3a4656805d7a,U001766,School of Education,2023,1.6448
c8bd221dd6adb04d,U001767,School of Business Administration,2025,0.1486
0e322dc4ab6d5d9f,U001768,School of Applied Chemistry,2023,0.463
5e305fa1dbfdbedc,U001769,School of Business Administration,2023,0.9422
b2462b637d54234f,U001770,School of Civil Engineering,2022,1.4108
9dbc8ea715b916b9,U001771,School of Design & Arts,2022,3.4088
5a22ecd0dd713eb0,U001772,School of Information Engineering,2021,1.7195
c93bd09609e61baa,U001773,School of Computer Science,2024,1.447
51c4c5ba3ae449f3,U001774,School of Economics,2021,8.2202
72ecd8078b745ec4,U001775,School of Education,2024,0.6501
470cf88c3d2db1b1,U001776,School of Food Science,2024,0.4422
725b138ff52ca107,U001777,School of Economics,2023,0.7049
974924e7f4d1e8cb,U001778,School of Education,2025,0.2364
564ab455e2b5079e,U001779,School of Information Engineering,2022,0.6317
fbf7c27f37af4400,U001780,School of Business Administration,2025,0.105
0c476d3292429b70,U001781,School of Electrical Engineering,2024,0.3477
f0175368fbb4f274,U001782,School of Education,2024,0.5261
54b2d048460dfba0,U001783,School of Economics,2023,1.526
192de1bebdf0f22e,U001784,School of Electrical Engineering,2024,1.7933
dee3bfe4628d0f33,U001785,School of Mechanical Engineering,2025,0.2252
523ce5d15037ee5e,U001786,School of Design & Arts,2022,4.7069
03e64eda05f286f0,U001787,School of Computer Science,2024,0.6848
58aeb612edce6ebc,U001788,School of Business Administration,2024,0.7505
ba559c23c053c49b,U001789,School of Business Administration,2022,0.1171
a90192cd8c3e8b33,U001790,School of Business Administration,2025,0.3176
7d0467b0e8954262,U001791,School of Computer Science,2022,1.6868
7d82d8dfc5965b5c,U001792,School of Design & Arts,2023,0.6996
fdf4f881fd76ff5b,U001793,School of Information Engineering,2021,0.6576
2a0d7981fa30eb03,U001794,School of Civil Engineering,2021,0.7409
ce14665cf5c267f8,U001795,School of Education,2024,0.1394
51c1520dea84cbe2,U001796,School of Education,2022,0.536
7226518e238016cf,U001797,School of Economics,2022,2.4141
e1949a99ffdf9caf,U001798,School of Computer Science,2021,1.7502
3da5a28ce8bf0192,U001799,School of Information Engineering,2023,0.5209
fd53e3a064685a9a,U001800,School of Food Science,2024,2.8198
8ce0f50592fc65c5,U001801,School of Electrical Engineering,2025,0.1676
1e6f8abec0082bd3,U001802,School of Civil Engineering,2020,0.2234
b9ac7fb8857dc8a6,U001803,School of Civil Engineering,2023,3.8061
4b943236cb8f9bae,U001804,School of Information Engineering,2022,1.0523
e5aa014380bf8a92,U001805,School of Foreign Languages,2023,0.4422
89e37023e4b19845,U001806,School of Business Administration,2022,0.5586
a4ee58fbd78fb7d0,U001807,School of Business Administration,2022,0.2635
6926f983ececf698,U001808,School of Economics,2023,0.7785
ee231da4a3a728aa,U001809,School of Foreign Languages,2023,0.7192
015f862fe947cd53,U001810,School of Economics,2023,0.6022
f1acc52c7c642c03,U001811,School of Foreign Languages,2023,0.1851
ffd7b49337feb1d7,U001812,School of Mechanical Engineering,2024,0.7693
12016a63dc7953f5,U001813,School of Civil Engineering,2024,0.3477
febe797122c8f819,U001814,School of Electrical Engineering,2022,0.2203
fbf1c275eb34f3ac,U001815,School of Computer Science,2024,2.0954
a7fc9aaa51d5acd1,U001816,School of Civil Engineering,2024,5.1692
ec0fb4cf94d2dc40,U001817,School of Civil Engineering,2021,4.119
f88eb56bb82d5681,U001818,School of Design & Arts,2023,1.131
127236c291109f0a,U001819,School of Education,2022,0.4527
7c3012c89c87ea65,U001820,School of Design & Arts,2024,0.5503
bfaba545316fc9d0,U001821,School of Education,2021,0.8857
fdd707112e039895,U001822,School of Economics,2024,0.3878
73e21f43c6b5f409,U001823,School of Foreign Languages,2021,2.2074
23755bfce7caff1f,U001824,School of Computer Science,2023,0.0771
7f72153d79534adf,U001825,School of Applied Chemistry,2025,0.4392
d21a43bb62f7f0f9,U001826,School of Information Engineering,2022,1.3153
329ed8938c298f4b,U001827,School of Education,2025,0.2536
137163f1e42b3427,U001828,School of Business Administration,2025,0.4643
f298e581086cc6af,U001829,School of Business Administration,2025,1.0689
2dd87aedef626693,U001830,School of Education,2021,2.6946
dcb42dc47fc8bea7,U001831,School of Information Engineering,2024,0.1619
9b7e4361525daad1,U001832,School of Applied Chemistry,2020,0.1503
e39131b7f357815b,U001833,School of Applied Chemistry,2022,0.2292
33d450dddb09b8d5,U001834,School of Business Administration,2025,0.1269
5aaa4dc2f9ec50a2,U001835,School of Electrical Engineering,2024,0.1362
61ee0f919267bf6d,U001836,School of Economics,2023,0.2232
d3001623d0902034,U001837,School of Foreign Languages,2022,2.0269
b8e7d6584d0a995b,U001838,School of Design & Arts,2024,0.4321
7700bcf43892b0c0,U001839,School of Applied Chemistry,2024,0.6092
5b788217f8cc34ee,U001840,School of Electrical Engineering,2022,0.2271
dc52bddff3dd7582,U001841,School of Design & Arts,2025,1.1124
a082293b8f32fa7f,U001842,School of Mechanical Engineering,2021,3.8526
eb3d1752b1df39cc,U001843,School of Mechanical Engineering,2021,0.243
f4478a3e35b86705,U001844,School of Economics,2023,3.3126
2a7acad4898d8436,U001845,School of Business Administration,2025,0.8499
04c765381d8b3ca9,U001846,School of Foreign Languages,2021,0.6004
b1c51601fe70cbb3,U001847,School of Mechanical Engineering,2021,0.8808
73777c7c6e053029,U001848,School of Computer Science,2021,0.8724
c0d801dd95a4ef6a,U001849,School of Education,2025,3.7814
2e3d09ab3e0ec0c9,U001850,School of Computer Science,2021,0.9932
0221ad3caa75054c,U001851,School of Education,2023,1.0142
d1f1385d3441f58e,U001852,School of Computer Science,2025,0.3873
a1ca021582c67570,U001853,School of Design & Arts,2020,1.3663
44736e1f55c7725d,U001854,School of Foreign Languages,2023,0.2268
fb7fedf73da8dbee,U001855,School of Design & Arts,2023,0.6584
c085c706f736f774,U001856,School of Computer Science,2024,10.5516
ebc0bc1927a3d9da,U001857,School of Economics,2022,0.0483
c8fa71a41b4f6164,U001858,School of Computer Science,2022,0.7454
c531ba87d2491516,U001859,School of Economics,2021,0.7746
fc6f3a91273ef7dc,U001860,School of Electrical Engineering,2024,0.47
1f33ec9fe1691ac1,U001861,School of Food Science,2024,0.4812
faf5a997793e2d79,U001862,School of Education,2021,0.6469
9b7e511cedd1ac88,U001863,School of Economics,2022,0.4589
1eb0186d4e6de6ee,U001864,School of Civil Engineering,2025,0.7371
3e02fdb36a7dc082,U001865,School of Civil Engineering,2020,0.3625
0fe8e1d6794e8e58,U001866,School of Electrical Engineering,2022,4.4611
5a691d6377bbb3fb,U001867,School of Electrical Engineering,2023,0.4589
1de4d275ed65d547,U001868,School of Civil Engineering,2022,1.0435
91f70c1126de4cc4,U001869,School of Civil Engineering,2022,0.3024
8b6af88928fa84bd,U001870,School of Foreign Languages,2022,1.501
cb703ef87818250e,U001871,School of Food Science,2021,1.2293
1f128630c3d5f4ed,U001872,School of Food Science,2023,0.8979
46a583e728974998,U001873,School of Design & Arts,2024,0.2113
3e4bc18304f2ec7a,U001874,School of Education,2023,0.2782
bb0715c7e03bdbf4,U001875,School of Food Science,2020,3.1873
d23b8eacc9a57e66,U001876,School of Civil Engineering,2024,0.2751
92886a88836b6ece,U001877,School of Electrical Engineering,2021,1.1206
1ee7b11925ab0d5d,U001878,School of Civil Engineering,2024,0.2295
9403392338d5dc29,U001879,School of Mechanical Engineering,2022,1.6183
af1cd9768d0343d0,U001880,School of Computer Science,2024,0.2972
7dca248a20ee36a3,U001881,School of Electrical Engineering,2021,0.2253
ff7ef1f2bac5e6fa,U001882,School of Economics,2021,0.2896
1269505fd72e0dad,U001883,School of Computer Science,2023,0.3393
2a829fa15f67e07b,U001884,School of Design & Arts,2020,0.8849
65c683e74d3aaae1,U001885,School of Computer Science,2021,0.6328
f52c45b16eed4451,U001886,School of Electrical Engineering,2024,0.1975
f1a45a73e1af20bf,U001887,School of Mechanical Engineering,2024,0.5741
32b4cc9828928c38,U001888,School of Applied Chemistry,2020,0.1882
dab7cdd12265e03e,U001889,School of Information Engineering,2025,1.1236
017cc215422e6402,U001890,School of Business Administration,2024,1.3497
733494b39f7d825c,U001891,School of Applied Chemistry,2025,0.5764
f2fa55bdca3668f6,U001892,School of Foreign Languages,2024,0.7746
1040f5886fec69b0,U001893,School of Electrical Engineering,2024,3.4046
bfb35b712f30f4a2,U001894,School of Computer Science,2023,0.5043
c065aa18135b095c,U001895,School of Food Science,2023,0.2296
332952755d2e103a,U001896,School of Electrical Engineering,2025,1.0536
35d1e133d9d7361f,U001897,School of Computer Science,2021,0.1902
093b48f6e85e371d,U001898,School of Mechanical Engineering,2022,0.4783
3cf92b7d0e1c7b77,U001899,School of Electrical Engineering,2020,0.3243
a5763ee9e26141a5,U001900,School of Business Administration,2025,0.2926
9bba9a95668ad937,U001901,School of Electrical Engineering,2022,0.4597
28dda00f90aeee61,U001902,School of Business Administration,2024,1.4519
6af060bdcbb6e4bd,U001903,School of Business Administration,2024,1.7837
5731bbbef4bc7939,U001904,School of Foreign Languages,2025,1.4906
efc5ea7dc9466e3e,U001905,School of Civil Engineering,2021,0.8264
710a63d922ef87fd,U001906,School of Foreign Languages,2024,0.4562
8419cc880db391b0,U001907,School of Applied Chemistry,2025,0.0559
6324c2ae1783c812,U001908,School of Applied Chemistry,2020,0.8527
6662f6f381208e8a,U001909,School of Civil Engineering,2024,0.0604
adbdffdc1355933d,U001910,School of Electrical Engineering,2022,0.0863
383aa66c124b1ffb,U001911,School of Computer Science,2023,0.5022
dda397228e136a40,U001912,School of Food Science,2023,0.7692
a3e6e3b01920d771,U001913,School of Electrical Engineering,2021,0.376
6bf69748ce834a90,U001914,School of Food Science,2021,2.7416
1f9825276d68ede3,U001915,School of Economics,2021,0.9372
cf462cad594bc5c5,U001916,School of Design & Arts,2021,0.4601
cff8cbc991c319a7,U001917,School of Food Science,2023,2.3615
abab61e4bf6bd451,U001918,School of Design & Arts,2022,2.8239
e69602b2a7e1c346,U001919,School of Economics,2021,0.9857
8e589229b246de47,U001920,School of Economics,2024,0.2719
23a79c2bfbddf2cd,U001921,School of Design & Arts,2024,0.3405
a1077bd33abd8f88,U001922,School of Foreign Languages,2023,0.1389
9ba6998c510e78cd,U001923,School of Economics,2025,0.5659
5c1197254b0626a9,U001924,School of Business Administration,2022,0.2066
afbe2b3ca0657c24,U001925,School of Food Science,2024,0.4248
44f6a2162227a40d,U001926,School of Applied Chemistry,2020,0.7661
e7f2a4401c9627b6,U001927,School of Information Engineering,2024,0.0812
30df8cf730831b57,U001928,School of Information Engineering,2025,0.1668
8ca9128c04f57454,U001929,School of Economics,2024,0.3556
0a578c18ffec649b,U001930,School of Economics,2023,0.5602
535b0c4f4a63f31b,U001931,School of Design & Arts,2023,0.3603
b5d93045f390cec1,U001932,School of Design & Arts,2022,0.4504
83e310afff9fcf97,U001933,School of Food Science,2024,0.2914
9b5715753b702f2e,U001934,School of Education,2024,0.1386
a161a6ce3261eabe,U001935,School of Economics,2025,0.3458
ff2092400c54b58b,U001936,School of Information Engineering,2023,0.477
c1514de94909f160,U001937,School of Economics,2020,0.4328
5b35315f256dacbf,U001938,School of Applied Chemistry,2023,0.6602
bc8da42a940165f8,U001939,School of Economics,2021,0.8975
9616b131b80d0cf4,U001940,School of Foreign Languages,2021,1.1673
f53c8a161f98a5ff,U001941,School of Foreign Languages,2022,0.3133
cb6b08c79c39e695,U001942,School of Food Science,2024,0.1221
f57b817501c39979,U001943,School of Information Engineering,2021,2.1056
ef23760693f4217c,U001944,School of Food Science,2021,0.868
ab333e7a88758c1f,U001945,School of Electrical Engineering,2020,0.2273
a6cd1b17cdcb32eb,U001946,School of Business Administration,2025,0.7793
cbd0d233d19df6ec,U001947,School of Foreign Languages,2024,1.7177
455ea84f141a435e,U001948,School of Education,2020,3.3273
fadbe52ac472b97c,U001949,School of Information Engineering,2020,0.7585
763d55c826af9283,U001950,School of Education,2023,1.7035
3a347ead925df226,U001951,School of Electrical Engineering,2022,0.1761
bb026308886551e0,U001952,School of Education,2023,0.5696
e95441431483f039,U001953,School of Mechanical Engineering,2022,0.4223
6ee1484984bcbd3e,U001954,School of Design & Arts,2025,0.8316
64dd9f5196c4a7d0,U001955,School of Applied Chemistry,2022,2.957
d4bcc2ef487eba19,U001956,School of Economics,2024,0.758
f44059ca19838b18,U001957,School of Civil Engineering,2020,0.2311
a553932cebfb3134,U001958,School of Mechanical Engineering,2025,0.1669
266de5444baccac9,U001959,School of Business Administration,2025,3.0611
edab0121f2c83ddf,U001960,School of Computer Science,2024,0.9869
bff5d8843d738966,U001961,School of Food Science,2022,0.9241
867fce4d52d37de6,U001962,School of Information Engineering,2021,0.4186
de11bad0d7036274,U001963,School of Food Science,2024,0.7717
85e0c34049eac177,U001964,School of Applied Chemistry,2024,0.22
e5e6f2e1d22eec7a,U001965,School of Applied Chemistry,2021,0.8695
7c396a78442c51e7,U001966,School of Education,2022,0.1823
4e5d7ea7801b5dcc,U001967,School of Economics,2022,0.4122
c37fa753542921b9,U001968,School of Design & Arts,2024,0.3104
dde2ccf3d836a47d,U001969,School of Economics,2024,0.0227
91f941457b62426b,U001970,School of Civil Engineering,2023,0.4174
71c4c48bb52657cd,U001971,School of Education,2023,0.2403
5cc7d12b6fac7827,U001972,School of Economics,2022,0.4784
c1d92c0c9aa3c304,U001973,School of Education,2022,0.5914
6c2edb4ecd666c3c,U001974,School of Applied Chemistry,2020,3.4588
0347dd1bfab716af,U001975,School of Design & Arts,2024,0.8007
bdf54de926c76ca1,U001976,School of Civil Engineering,2022,0.8246
e9aed0f390259612,U001977,School of Education,2022,0.9691
3287271ccde0b158,U001978,School of Design & Arts,2021,1.4117
913577ba132d320e,U001979,School of Information Engineering,2021,0.9299
d4fdd9f7fb28ae65,U001980,School of Applied Chemistry,2023,0.7825
280ae13444075c68,U001981,School of Information Engineering,2021,1.2023
500a7ccce5b662aa,U001982,School of Design & Arts,2020,0.0521
7c5a78a93706e1f3,U001983,School of Foreign Languages,2024,4.7686
6d1f204afe49d55d,U001984,School of Economics,2022,2.8942
b386d21bbefabbd4,U001985,School of Information Engineering,2022,0.7335
20900e9fe1d5dfc5,U001986,School of Civil Engineering,2022,0.1437
a3035e9c416975e3,U001987,School of Electrical Engineering,2024,1.9805
64f54d25c44cd3da,U001988,School of Electrical Engineering,2022,0.295
e4a77638f9bfd143,U001989,School of Education,2024,1.0069
64708b1ecad1bbd7,U001990,School of Applied Chemistry,2025,0.1637
bd97d02358374c97,U001991,School of Civil Engineering,2023,5.4707
dfa7cb481a1ee22b,U001992,School of Food Science,2022,0.1396
3ba3795f51371758,U001993,School of Applied Chemistry,2024,0.6325
48a9a4c217055c4c,U001994,School of Civil Engineering,2022,0.0707
42d3a9dac4be3dd4,U001995,School of Applied Chemistry,2022,0.5665
e3acde42fda1a44b,U001996,School of Food Science,2023,0.3859
771e08aded36b20c,U001997,School of Civil Engineering,2022,1.8408
9b2166a5b05b0383,U001998,School of Design & Arts,2021,0.3858
d3470a8c63ca119d,U001999,School of Business Administration,2022,1.8434
1be8220b4df95346,U002000,School of Mechanical Engineering,2021,0.212
689fdedbb32cc59d,U002001,School of Mechanical Engineering,2022,0.4453
7b1507b4bc03f2b9,U002002,School of Civil Engineering,2023,0.4543
7439bc2fdfd31380,U002003,School of Foreign Languages,2025,0.9691
98d131436be225a0,U002004,School of Business Administration,2020,0.8533
b720ba05f18243f8,U002005,School of Education,2023,1.2156
529fdc444786126a,U002006,School of Information Engineering,2022,0.7709
fb24aab486816f90,U002007,School of Foreign Languages,2020,1.1437
604adc00719a601f,U002008,School of Business Administration,2021,0.2405
508df842dceb000a,U002009,School of Mechanical Engineering,2021,0.8709
848b48d16a0df251,U002010,School of Foreign Languages,2021,2.9482
75232953e9c00a4e,U002011,School of Applied Chemistry,2022,0.11
7aaf405c0e9d25c9,U002012,School of Design & Arts,2022,0.9627
c24575bfc654a824,U002013,School of Education,2023,1.1616
9f7b6a9cb1508c31,U002014,School of Applied Chemistry,2020,2.5451
f5ec5645cecf7056,U002015,School of Food Science,2021,1.2202
a638683b22042ec9,U002016,School of Civil Engineering,2020,0.6527
f204774be1b37200,U002017,School of Electrical Engineering,2023,0.9076
8cd1c99a1afc8eb6,U002018,School of Electrical Engineering,2022,0.2831
3913014bb1e0aa19,U002019,School of Electrical Engineering,2023,0.4005
39b92818ca03d8f5,U002020,School of Food Science,2021,0.1553
d1dd644585137d7a,U002021,School of Applied Chemistry,2020,2.6118
82ff71cf348642d6,U002022,School of Education,2025,0.926
3bd404e57a3a870e,U002023,School of Computer Science,2021,0.2362
ae8efc20b1aa5e7e,U002024,School of Economics,2021,0.7744
0e261cc44cfe6db3,U002025,School of Information Engineering,2021,1.882
2ab46192486cc460,U002026,School of Computer Science,2025,1.5933
7fe5f2c2712f8418,U002027,School of Mechanical Engineering,2023,0.2335
17a4f536240c66fd,U002028,School of Food Science,2023,0.0257
16934a542b414ad9,U002029,School of Computer Science,2025,0.8767
0685b9e47c452d7c,U002030,School of Economics,2020,0.2432
483f38b826bb242b,U002031,School of Civil Engineering,2025,1.1
d93f7985553e13c5,U002032,School of Information Engineering,2021,1.5269
44c005bc732c68d3,U002033,School of Electrical Engineering,2023,1.7979
dd7c08a6d1d883b7,U002034,School of Electrical Engineering,2022,3.3795
f98d7b35cea75ad7,U002035,School of Applied Chemistry,2022,2.0327
88a0b55801dc9d82,U002036,School of Computer Science,2025,3.3958
532c0a05ff2bf1c8,U002037,School of Foreign Languages,2021,2.3445
585d1951df3a1508,U002038,School of Foreign Languages,2025,2.558
abac425f827693da,U002039,School of Information Engineering,2022,0.5667
67d1399f5b785823,U002040,School of Applied Chemistry,2023,0.1626
8c0dc4376e0d0559,U002041,School of Applied Chemistry,2025,7.0658
86ed26af8413f9ff,U002042,School of Computer Science,2020,0.6287
379882bf4f101cc5,U002043,School of Economics,2025,2.0172
77046b9610d13249,U002044,School of Business Administration,2023,0.3405
b765d3c82f461a7b,U002045,School of Food Science,2024,1.5479
163f531bc38d7dcf,U002046,School of Civil Engineering,2021,0.0512
9b9757f495d91198,U002047,School of Electrical Engineering,2023,0.3916
1bc44eab7ca55ce8,U002048,School of Design & Arts,2024,0.535
2e5799543193789e,U002049,School of Design & Arts,2022,0.9376
5927fde66e1178b9,U002050,School of Applied Chemistry,2021,1.7246
0c5adcfce2eb28c2,U002051,School of Foreign Languages,2021,0.1977
96e1d8ce5998677c,U002052,School of Computer Science,2024,1.1422
d166442735f340d3,U002053,School of Economics,2020,2.0131
86d631ead059f23b,U002054,School of Design & Arts,2024,6.1651
66f0397f469b74e4,U002055,School of Business Administration,2025,1.1968
f23966dd5802ebe2,U002056,School of Education,2020,0.3729
59c8bbf0ace8654c,U002057,School of Food Science,2021,0.1655
e2faf3016cfdbce9,U002058,School of Business Administration,2024,3.6774
aa0bb9fc303babf8,U002059,School of Economics,2020,1.2341
403a5ce72a00c474,U002060,School of Applied Chemistry,2023,0.5775
e2c06ea6630faa91,U002061,School of Economics,2024,0.1169
0e9c28c10df29b67,U002062,School of Electrical Engineering,2023,0.2327
38715ff93f20b891,U002063,School of Business Administration,2022,1.11
6ed461d0ac8a0288,U002064,School of Business Administration,2024,0.841
31dc64dd7506b434,U002065,School of Mechanical Engineering,2023,0.0843
6d3c2ac78bb105b7,U002066,School of Food Science,2021,1.1114
be5ab2d3b22021ca,U002067,School of Computer Science,2023,0.123
1a96b5965048281a,U002068,School of Education,2025,2.2865
3a3ed9f43ccbabcf,U002069,School of Business Administration,2023,0.7273
33dd4d63eb9e35c5,U002070,School of Electrical Engineering,2023,0.3714
6bfecff0c4ab0f7f,U002071,School of Food Science,2022,1.5891
23c636f971027987,U002072,School of Electrical Engineering,2020,0.8407
c6b0dc8e9c05cadd,U002073,School of Economics,2021,2.2209
e1ebd3cb22b32d7b,U002074,School of Information Engineering,2020,0.6398
4d36f1e6f571b052,U002075,School of Education,2025,0.6783
131690205e56cc55,U002076,School of Design & Arts,2021,0.4439
3484c817c697e4cc,U002077,School of Economics,2024,0.7679
41fe2c317c74ef92,U002078,School of Mechanical Engineering,2021,3.225
c5e20891d7455b91,U002079,School of Education,2022,0.3571
d93ab4f50008078c,U002080,School of Civil Engineering,2022,1.1286
b6d65d338d55c4f5,U002081,School of Business Administration,2022,0.2448
6f1cbdbf56fae2fb,U002082,School of Information Engineering,2024,0.0747
57be1ab1f3826a96,U002083,School of Information Engineering,2025,0.7265
ca6f440e9249737b,U002084,School of Foreign Languages,2025,0.855
50a4455ba8257960,U002085,School of Business Administration,2021,0.5288
d0ed2079286a8905,U002086,School of Education,2024,0.1323
0deae9501bd3e24f,U002087,School of Business Administration,2021,0.8004
a2928f3a6c190ed9,U002088,School of Information Engineering,2025,0.7705
2196ca4700c4d705,U002089,School of Food Science,2023,0.2427
ed74326d7432c7e9,U002090,School of Economics,2022,0.1525
0cd06397b5a81a8e,U002091,School of Applied Chemistry,2021,0.4587
3af491cbddc9b86b,U002092,School of Economics,2020,1.1342
7e19a90a7fe460ac,U002093,School of Foreign Languages,2021,0.8955
3a70e05d435211d4,U002094,School of Business Administration,2025,0.2447
86218da5379875ab,U002095,School of Electrical Engineering,2024,0.677
6a3fdebe7c487ef3,U002096,School of Education,2025,1.4335
7409f7bd57bbd86e,U002097,School of Foreign Languages,2021,0.1827
c3f46df2850edff7,U002098,School of Design & Arts,2023,0.6289
0552e5bdb78afdf8,U002099,School of Business Administration,2021,2.2538
0783deddae4427c8,U002100,School of Applied Chemistry,2023,0.165
faa58383263dfc9e,U002101,School of Information Engineering,2022,1.8748
18cdda45c43670d5,U002102,School of Foreign Languages,2022,2.9808
89d4f6fa38ff2807,U002103,School of Business Administration,2023,0.4727
5879c2e6f69d5573,U002104,School of Computer Science,2021,0.4189
1870e5d780bbeb77,U002105,School of Applied Chemistry,2022,1.6588
c637ce7aa68f4fe4,U002106,School of Mechanical Engineering,2023,0.4901
0a2cf8007be8ee86,U002107,School of Foreign Languages,2021,0.0561
e92354de9629a245,U002108,School of Civil Engineering,2025,0.5348
285ead602db8ea90,U002109,School of Applied Chemistry,2023,0.945
2f54ae0f45fad730,U002110,School of Foreign Languages,2024,1.2375
17e1910a197b5747,U002111,School of Economics,2023,0.2447
40a5d44943fdfc3c,U002112,School of Education,2024,0.4508
1d27de1d1210df14,U002113,School of Business Administration,2024,1.5682
8053cee721beee61,U002114,School of Civil Engineering,2025,0.556
33c432ff525250d0,U002115,School of Information Engineering,2023,0.128
4f716bb589443071,U002116,School of Computer Science,2022,2.0353
730efb8cabcf7de8,U002117,School of Applied Chemistry,2020,0.4766
4c9b0e5b9e52a6b4,U002118,School of Information Engineering,2023,1.7581
22128d334ccff9ee,U002119,School of Civil Engineering,2020,0.1462
c21bb3cb747dee68,U002120,School of Education,2021,0.5231
26442cdf4f17ce81,U002121,School of Mechanical Engineering,2020,0.9829
a0aac9a32e594a6c,U002122,School of Business Administration,2023,0.5411
9178d85da744067b,U002123,School of Computer Science,2021,0.1809
91c638fa9d65b304,U002124,School of Food Science,2023,0.0543
6a19cb5c4394140e,U002125,School of Foreign Languages,2024,2.7081
fef699fa08418d65,U002126,School of Business Administration,2024,0.7566
d6e5de7240beaddd,U002127,School of Foreign Languages,2022,1.8961
ec69bdefb4cfff23,U002128,School of Mechanical Engineering,2023,1.4943
01a7075929d6f314,U002129,School of Economics,2023,1.0723
9f42e2b992e52aff,U002130,School of Business Administration,2023,0.4281
c9bb2ab7c307ac0e,U002131,School of Foreign Languages,2023,0.9634
7000c6076cfef696,U002132,School of Civil Engineering,2021,2.4732
3cb0e6a384c76d82,U002133,School of Foreign Languages,2025,0.6415
e2c0346cca0a64df,U002134,School of Electrical Engineering,2020,3.9539
83391a8f78d91d44,U002135,School of Applied Chemistry,2024,0.1318
556e25708f2a3f45,U002136,School of Food Science,2023,0.1184
4f5adbd64d899325,U002137,School of Economics,2021,1.5858
1641e802f3a2df85,U002138,School of Applied Chemistry,2024,0.2603
d9d88377277daa0b,U002139,School of Education,2020,4.5555
1bb3c2c355e3705c,U002140,School of Information Engineering,2024,2.2487
74fc123dd7458181,U002141,School of Foreign Languages,2023,2.888
1ebfd1661ee25e3e,U002142,School of Design & Arts,2021,1.4297
fb30f76d37564573,U002143,School of Computer Science,2020,0.2349
80e795ed294608e1,U002144,School of Electrical Engineering,2024,0.1123
38031689d6c88730,U002145,School of Electrical Engineering,2022,2.6334
d71f7a56d4a2467e,U002146,School of Foreign Languages,2025,0.1318
c6db5518b2474d34,U002147,School of Design & Arts,2024,2.8803
27d82b1fdff7824a,U002148,School of Economics,2024,1.1533
a53bbbef7a70ea08,U002149,School of Design & Arts,2022,0.547
05ae453443aa8a74,U002150,School of Education,2024,0.9186
fbeae5e9d9acbbb6,U002151,School of Economics,2025,0.9402
87a520e4bb92e241,U002152,School of Applied Chemistry,2020,0.4822
160517e7a61be30b,U002153,School of Mechanical Engineering,2022,2.4564
56cd81ecfbfa6731,U002154,School of Electrical Engineering,2021,2.3736
3090632bb1f08811,U002155,School of Information Engineering,2022,0.6898
7ab8980101746c4f,U002156,School of Civil Engineering,2024,0.324
b5551081c71446b9,U002157,School of Education,2023,2.1792
b505e75a0695fabc,U002158,School of Electrical Engineering,2023,0.0781
eb451c86753ac41d,U002159,School of Economics,2022,0.9202
9cdc6d6707647a74,U002160,School of Civil Engineering,2021,1.2369
59bf0752c3885377,U002161,School of Applied Chemistry,2021,0.2579
b56d80827582cb6e,U002162,School of Mechanical Engineering,2024,1.5633
8e8e766a70f9388d,U002163,School of Foreign Languages,2023,0.575
5bb8a2cbbd7505e7,U002164,School of Business Administration,2022,0.3421
147a7dec39608f68,U002165,School of Civil Engineering,2024,1.5468
b8945e061f8e62fb,U002166,School of Education,2020,0.1994
c86f724ba10dabec,U002167,School of Business Administration,2021,1.408
39b36ced4582b837,U002168,School of Education,2021,0.0813
3846cdf2b4b9b50a,U002169,School of Economics,2025,0.7856
faf352cbcb518c48,U002170,School of Mechanical Engineering,2024,0.6168
732659b8a1fd99b8,U002171,School of Electrical Engineering,2023,0.3441
17b85bdfbc5fd807,U002172,School of Education,2020,0.8716
d827ba916ac84039,U002173,School of Civil Engineering,2021,0.5452
1634614a588e2b47,U002174,School of Economics,2023,1.695
d12ffd24efc82f2e,U002175,School of Education,2022,1.0337
5349faee8960fede,U002176,School of Mechanical Engineering,2025,0.9284
d5d05bc73626bedc,U002177,School of Foreign Languages,2024,0.7905
a7e31932e1c7d660,U002178,School of Food Science,2022,0.3682
e92be3181fdf35f0,U002179,School of Applied Chemistry,2024,0.4366
01d261308f25f144,U002180,School of Education,2025,0.7567
b0ed86c9f3789ec2,U002181,School of Foreign Languages,2022,0.4964
2eb383fe83a37ea8,U002182,School of Design & Arts,2023,1.794
9cb08f5aa0069f4a,U002183,School of Information Engineering,2025,0.6482
eee7bd1e98644d24,U002184,School of Economics,2021,0.8598
df5c0cf729d5e35e,U002185,School of Food Science,2025,0.1452
d0e119304d7e6d20,U002186,School of Computer Science,2020,1.5162
7553da3b02962c99,U002187,School of Information Engineering,2023,0.3302
81cb918f2bcc86e7,U002188,School of Applied Chemistry,2024,0.2081
9e7f50204727b8cd,U002189,School of Education,2023,3.0623
ee8e5a42f317b417,U002190,School of Foreign Languages,2023,1.186
5c3da9b369893d9f,U002191,School of Economics,2023,1.5685
b85dd7c35ca6ca16,U002192,School of Applied Chemistry,2021,0.9301
ecfc9487b4567da3,U002193,School of Civil Engineering,2021,0.5379
34f475fdb720d43f,U002194,School of Computer Science,2021,0.4464
e3031a0db55d5ce5,U002195,School of Economics,2023,1.2867
979841166ddc0711,U002196,School of Design & Arts,2022,1.8322
8e9cb7285f0c0767,U002197,School of Foreign Languages,2021,0.5515
5ce891b4ad694027,U002198,School of Food Science,2025,4.6905
d4a9bd5e187d418f,U002199,School of Education,2022,0.4847
5f44a2052c54ad39,U002200,School of Food Science,2022,0.1465
13ce9517c6e4c6d5,U002201,School of Civil Engineering,2022,0.1056
19397f0484b13f7b,U002202,School of Information Engineering,2021,0.1092
534dcea5ea007a6a,U002203,School of Applied Chemistry,2024,0.3903
e4d791691970da53,U002204,School of Civil Engineering,2022,0.4681
9034b6fa249e84fc,U002205,School of Education,2020,1.1684
5e6e52722cdc3dfe,U002206,School of Mechanical Engineering,2025,0.5737
295aee41fbc0fa1f,U002207,School of Food Science,2024,1.3721
f3a15ee13ea2f5bc,U002208,School of Design & Arts,2024,0.6175
cfa4b3330e9894f8,U002209,School of Mechanical Engineering,2025,0.5984
be067d3a584d20f2,U002210,School of Business Administration,2025,0.3314
9f08ebce582a34ae,U002211,School of Mechanical Engineering,2022,2.4488
132d19da123c7055,U002212,School of Education,2023,0.1276
c47e6c3281cfa843,U002213,School of Design & Arts,2023,0.798
a85376148d7da625,U002214,School of Design & Arts,2021,0.4923
0f9297f1f32bc7a8,U002215,School of Applied Chemistry,2021,1.2901
c21f00aa6f1153eb,U002216,School of Electrical Engineering,2021,0.5782
1bd811a22ad2207b,U002217,School of Business Administration,2023,0.5955
ce9e858e4a3d1cf8,U002218,School of Foreign Languages,2024,0.4522
fe8a19b2530561ec,U002219,School of Information Engineering,2024,2.378
991ca8a31d713a66,U002220,School of Business Administration,2022,0.5918
0e871ad3adbc36df,U002221,School of Education,2021,4.2319
2acae88fd41a4618,U002222,School of Information Engineering,2022,0.7751
4255561cb78e4475,U002223,School of Education,2023,0.6034
4bddd14550048aeb,U002224,School of Information Engineering,2025,0.5105
48370db12950e96b,U002225,School of Civil Engineering,2025,1.0379
e111f27da4ddcec6,U002226,School of Applied Chemistry,2025,0.3278
196ac2a88b6a1505,U002227,School of Information Engineering,2024,0.683
9b50c4f3c13a130e,U002228,School of Food Science,2025,0.5952
6ad242f38c311658,U002229,School of Education,2022,0.8173
58eed2fc01be5ae3,U002230,School of Business Administration,2020,0.8378
cfad4e7c7a2b0350,U002231,School of Business Administration,2020,0.8825
9c563f5bb004f256,U002232,School of Economics,2022,0.6491
7b7dc7486b70d938,U002233,School of Electrical Engineering,2021,2.8347
1a44e757ba8c064c,U002234,School of Mechanical Engineering,2021,0.9008
49f9067323bc7f22,U002235,School of Economics,2025,7.9963
85cee116120dcf20,U002236,School of Electrical Engineering,2021,0.6205
7be1f45c48f137d7,U002237,School of Electrical Engineering,2025,1.5402
1591276483e47b7f,U002238,School of Design & Arts,2024,0.2856
001403033b5531c5,U002239,School of Applied Chemistry,2023,2.396
f30fe9a05b78fb11,U002240,School of Economics,2024,0.2919
cc933c9a8cff3b43,U002241,School of Economics,2022,0.9313
ba0434899d6c8e20,U002242,School of Education,2023,0.4532
84e46804965f0e97,U002243,School of Education,2021,0.9277
c8a1d59b12d13cea,U002244,School of Design & Arts,2025,0.4668
250bb3ca111b001e,U002245,School of Applied Chemistry,2022,0.2681
cc34331c790d0b90,U002246,School of Civil Engineering,2021,0.45
84e71f81565e82d6,U002247,School of Design & Arts,2024,2.7582
11e9f6b27f5d391a,U002248,School of Mechanical Engineering,2023,0.942
b363ddada234500a,U002249,School of Electrical Engineering,2022,0.1627
98099c082f0f1419,U002250,School of Computer Science,2023,1.7654
470c2eced4ab16f6,U002251,School of Applied Chemistry,2021,0.2421
99208b3e7f9a280d,U002252,School of Education,2024,1.2415
1ada4b3aad7811bb,U002253,School of Civil Engineering,2022,1.0265
f5d3466d9bc90651,U002254,School of Applied Chemistry,2022,1.0934
4f867effdac9ecd4,U002255,School of Electrical Engineering,2021,3.7666
bf2785194f6d5fc1,U002256,School of Electrical Engineering,2022,0.2578
d53e3c48c99ff19e,U002257,School of Foreign Languages,2022,1.0874
93acaa257c9126c6,U002258,School of Business Administration,2022,2.0804
ef695b97f94c5000,U002259,School of Food Science,2021,0.3103
f5224e7fa8e312fd,U002260,School of Information Engineering,2021,0.2801
464c94af8f514584,U002261,School of Business Administration,2023,0.443
a31bc7198228b3ee,U002262,School of Economics,2021,0.8169
d94b41eeb45df6ca,U002263,School of Mechanical Engineering,2024,0.1441
d547415282350728,U002264,School of Electrical Engineering,2025,1.0247
d724e6c21a399720,U002265,School of Electrical Engineering,2022,0.1444
b69e2f6fa2d5951c,U002266,School of Education,2025,2.1518
893bc861b9c31f56,U002267,School of Information Engineering,2020,0.9868
aa326e1472483f27,U002268,School of Civil Engineering,2020,3.9994
6f867f4a7abaa0f1,U002269,School of Civil Engineering,2024,1.1523
5443888c0f6d0e0f,U002270,School of Economics,2024,0.4353
c9f2408ef74eb36b,U002271,School of Applied Chemistry,2024,0.2656
090aca4552677556,U002272,School of Information Engineering,2020,0.7497
6c734a5152a0f315,U002273,School of Food Science,2024,0.5728
02d2e835355bf10e,U002274,School of Information Engineering,2022,1.9331
7aadd0fb1845e934,U002275,School of Foreign Languages,2022,0.2333
6fe9977182b070f4,U002276,School of Computer Science,2021,4.4544
c0b69a8cbb7ff453,U002277,School of Information Engineering,2025,2.1123
dba9b1f7bad9b86e,U002278,School of Business Administration,2020,0.4817
147e4736ea4f3e55,U002279,School of Education,2024,3.5638
6c40a6eb0cf89644,U002280,School of Education,2023,0.2698
7ac45fdab8aa2eb9,U002281,School of Design & Arts,2024,0.7251
6d63ddf5102aea17,U002282,School of Economics,2024,0.1647
466dc706dc891533,U002283,School of Food Science,2024,3.7418
db4b2906fc1bd901,U002284,School of Electrical Engineering,2021,0.1137
5071d1ea10a70fa2,U002285,School of Economics,2020,0.1398
049cc93019eda716,U002286,School of Applied Chemistry,2023,0.3129
eedcc8cdb8b1a06b,U002287,School of Business Administration,2022,2.2151
9e9328a1c154265c,U002288,School of Applied Chemistry,2021,1.5339
c3aedb2a2a5f5d4e,U002289,School of Mechanical Engineering,2021,0.667
43728b7c8eea1dbf,U002290,School of Design & Arts,2022,1.6355
0e3cb554e66a3a0b,U002291,School of Computer Science,2020,0.526
7597e3b95c56bc74,U002292,School of Information Engineering,2020,0.9007
ad2cd41a9e054c94,U002293,School of Foreign Languages,2025,3.0794
873b1f775a2a3797,U002294,School of Electrical Engineering,2022,0.4613
d0a111571f029432,U002295,School of Civil Engineering,2025,0.2743
3042666ac030d630,U002296,School of Information Engineering,2025,0.9449
5c330f4d917b8407,U002297,School of Mechanical Engineering,2021,1.2377
438ad7185d951502,U002298,School of Education,2024,0.6593
7ffba0959b1ab400,U002299,School of Design & Arts,2023,1.6102
fc66fc5a3467b28f,U002300,School of Electrical Engineering,2024,0.4827
8a83c47a5e5a9c27,U002301,School of Design & Arts,2020,0.6707
9ee434b7526d5705,U002302,School of Foreign Languages,2021,0.8586
7a53f6e3a4820123,U002303,School of Information Engineering,2020,0.7869
b68ea1f15e2b4f60,U002304,School of Education,2023,2.9632
83540bcf830e3027,U002305,School of Design & Arts,2025,0.8543
38f1b8272075e2c1,U002306,School of Computer Science,2024,0.4357
cb93d1b532af22cb,U002307,School of Computer Science,2024,1.001
04a5790a22849594,U002308,School of Information Engineering,2025,1.6191
255bf32589c7a2ff,U002309,School of Computer Science,2024,1.2805
8a3be7a8e28cd566,U002310,School of Electrical Engineering,2020,1.2114
8732c737e8721331,U002311,School of Business Administration,2025,0.132
ccd90ede40fc03ab,U002312,School of Foreign Languages,2022,0.0488
1e8c80d598ef088a,U002313,School of Computer Science,2020,2.1133
0503773fb23bbf6b,U002314,School of Civil Engineering,2023,0.9156
17e6cabc3a1ed487,U002315,School of Applied Chemistry,2025,0.5778
53a3123d42249a8c,U002316,School of Mechanical Engineering,2021,1.1821
9ed20b16f1f19033,U002317,School of Business Administration,2023,4.0564
431b1721442cf7de,U002318,School of Mechanical Engineering,2021,2.4267
534f425071b16f5c,U002319,School of Foreign Languages,2020,1.5453
95b08e7a50add418,U002320,School of Foreign Languages,2020,0.2432
7188fb83b3bb3b76,U002321,School of Information Engineering,2024,0.277
1c1404a3e1469194,U002322,School of Foreign Languages,2025,0.0543
d528a8ed443bb685,U002323,School of Economics,2021,1.1124
1a4cd698ce186dd0,U002324,School of Information Engineering,2022,1.7889
801e2da1c0e539c6,U002325,School of Information Engineering,2021,1.9409
9e086e12f0ddc33c,U002326,School of Economics,2020,1.16
fdb89954a6628de7,U002327,School of Computer Science,2023,0.5061
e182e4af37732290,U002328,School of Electrical Engineering,2024,0.3358
894d3d90d818fcc8,U002329,School of Design & Arts,2023,0.2586
70631fc9d6fbc018,U002330,School of Mechanical Engineering,2022,0.5014
a634a2d3da8c4138,U002331,School of Civil Engineering,2023,0.2221
7d7a84904b15be23,U002332,School of Electrical Engineering,2020,3.4176
3673ceda7c8f22d8,U002333,School of Economics,2021,0.1605
02acfcc44c2ba9c2,U002334,School of Foreign Languages,2025,0.4848
0d59f88752d32be5,U002335,School of Computer Science,2024,0.0852
38fda7086d83bc69,U002336,School of Design & Arts,2025,0.7942
8a13e4755fb02b82,U002337,School of Electrical Engineering,2025,0.589
7c1f2d3a4791581d,U002338,School of Civil Engineering,2023,0.4132
d49500e4568fe741,U002339,School of Foreign Languages,2025,0.2323
e33d0f656d25496a,U002340,School of Computer Science,2022,0.5918
756c00ba35fe2a5a,U002341,School of Applied Chemistry,2020,0.3425
35372b9493f7aed4,U002342,School of Civil Engineering,2020,0.5149
12fab84024e7a16d,U002343,School of Design & Arts,2021,4.1805
01d9bc916b747383,U002344,School of Electrical Engineering,2020,0.7013
e32bb048c8d975b9,U002345,School of Education,2022,1.0059
b14f6ceb8fde6870,U002346,School of Electrical Engineering,2024,0.371
2a3cd6604da2ae05,U002347,School of Information Engineering,2024,0.2694
2648273c99d7a311,U002348,School of Civil Engineering,2023,0.577
7f60ebc6e4b6424c,U002349,School of Business Administration,2021,7.2205
742b556c7671e9e3,U002350,School of Civil Engineering,2024,0.4429
335618f86333f586,U002351,School of Education,2022,0.8474
d2b9180bb2ac76e3,U002352,School of Information Engineering,2020,0.2578
381b9963d97ddfa0,U002353,School of Mechanical Engineering,2022,0.0375
29c7fff3b02942c6,U002354,School of Computer Science,2022,0.268
9bfc698a13dd5a9d,U002355,School of Civil Engineering,2022,6.3834
2325379e03848180,U002356,School of Information Engineering,2024,1.0708
6d13f31246373d06,U002357,School of Foreign Languages,2024,3.0463
7d406d8f8840fee7,U002358,School of Design & Arts,2024,0.417
7565bc3d3456ace5,U002359,School of Foreign Languages,2021,0.0559
af55e91b4e4294f2,U002360,School of Civil Engineering,2024,0.1948
7059d9e58e3de19e,U002361,School of Education,2024,0.8781
672bb242bdad3d5b,U002362,School of Foreign Languages,2021,0.7487
2fd8a551da42e709,U002363,School of Education,2023,0.5842
1e865e8146350192,U002364,School of Information Engineering,2023,0.3474
e49f78c72d3fbad9,U002365,School of Foreign Languages,2022,1.5109
c28b1d9cd39d614e,U002366,School of Electrical Engineering,2021,0.3576
0f49f5460f374921,U002367,School of Business Administration,2023,0.8032
5e24baef1a287262,U002368,School of Business Administration,2020,0.7177
925cc7c6d23a8ccc,U002369,School of Business Administration,2021,0.4084
c4bdf79861512dbe,U002370,School of Information Engineering,2021,0.2446
72f5c08b425b6af0,U002371,School of Civil Engineering,2025,0.3851
f35c4eec0aeec215,U002372,School of Economics,2022,3.8444
f783041da7a3e2b5,U002373,School of Civil Engineering,2022,1.7958
d1d2e9edd5de351f,U002374,School of Information Engineering,2022,1.6378
2a657508c9d31e0f,U002375,School of Foreign Languages,2025,0.2689
a78c81b4e07043aa,U002376,School of Business Administration,2023,0.1402
9d62a5c99df9e8dd,U002377,School of Food Science,2025,1.7674
19698d755379ad3f,U002378,School of Electrical Engineering,2022,1.459
218026fc507632ba,U002379,School of Mechanical Engineering,2021,0.6772
4798dc21d239eeee,U002380,School of Computer Science,2023,0.4076
910d7a11956c1122,U002381,School of Economics,2022,0.1366
8a70ef4a533dceda,U002382,School of Education,2024,1.4055
3cb32253a70070f8,U002383,School of Civil Engineering,2025,1.9331
f70a9b3a18074fd6,U002384,School of Education,2023,0.2994
cb099a09c1b045b2,U002385,School of Business Administration,2025,0.2754
4bd22786e99a4e9d,U002386,School of Civil Engineering,2023,2.0423
f60aa2ec2df84ea9,U002387,School of Civil Engineering,2022,0.3107
75100c8119449e02,U002388,School of Business Administration,2023,3.4975
3c0d2f9e4d827ced,U002389,School of Electrical Engineering,2020,0.5294
ea1cd0e2e2465c49,U002390,School of Civil Engineering,2024,0.4011
e30025f989b11c4c,U002391,School of Foreign Languages,2021,0.6176
42dde9fc6a33e281,U002392,School of Civil Engineering,2022,0.4011
da12b194c859cc65,U002393,School of Information Engineering,2023,1.8207
77f65babce3773ad,U002394,School of Civil Engineering,2020,1.4316
128cc23d3ca94fd3,U002395,School of Food Science,2020,1.7526
ba8b1fa81c73b2be,U002396,School of Mechanical Engineering,2024,0.71
2fae20da05141c27,U002397,School of Education,2020,0.3741
149077e5ff8d9db6,U002398,School of Information Engineering,2023,0.585
75f9107032423c4b,U002399,School of Mechanical Engineering,2022,0.3857
eeef06e03f3b0546,U002400,School of Information Engineering,2021,2.5589
6ccb554896634a75,U002401,School of Computer Science,2021,1.6084
c8e88228e4f516f6,U002402,School of Electrical Engineering,2024,0.5387
fb6bd60e49b25225,U002403,School of Economics,2025,0.2338
00d8b8ac1554475a,U002404,School of Applied Chemistry,2021,2.7561
ce0287a92d8048c6,U002405,School of Design & Arts,2025,0.6768
ffce07d9be6510c3,U002406,School of Food Science,2023,0.5183
a9b870a2c2bde4c4,U002407,School of Information Engineering,2023,2.7805
bfee63bbdb47aeda,U002408,School of Business Administration,2024,0.3545
a06e8553f7686719,U002409,School of Education,2024,0.4292
bff2dc96bd860c4d,U002410,School of Economics,2024,0.4687
2ed1cf8db658d954,U002411,School of Mechanical Engineering,2023,0.1583
cc89ea025119adaa,U002412,School of Business Administration,2023,0.8096
85de9d63e9a2c13e,U002413,School of Electrical Engineering,2022,0.2754
c64d31ddaedf8c3d,U002414,School of Mechanical Engineering,2021,0.3336
925ecda24a09f7d0,U002415,School of Applied Chemistry,2023,0.2919
0c0faca1abf0c542,U002416,School of Design & Arts,2020,0.3282
f6a94d949e1e02a6,U002417,School of Electrical Engineering,2022,0.2551
77923316e401f7f2,U002418,School of Business Administration,2020,0.7559
d7ee6da172120fce,U002419,School of Civil Engineering,2021,0.5053
2adcb71edff28cf2,U002420,School of Education,2023,0.6194
09728172ffc5839c,U002421,School of Foreign Languages,2023,6.2139
6a82ff137d5a1bb4,U002422,School of Education,2022,0.5053
eaf683cf0f72be21,U002423,School of Applied Chemistry,2020,1.0811
d8d9481b9a2fe64d,U002424,School of Information Engineering,2022,1.2114
9d3a413d8a7e35e7,U002425,School of Mechanical Engineering,2022,0.5544
8df2917861bb900d,U002426,School of Business Administration,2024,0.7763
8a3d37248ffc3ca7,U002427,School of Applied Chemistry,2023,0.6027
36acb61bc17dc388,U002428,School of Business Administration,2023,0.7229
15d7c83f057646f3,U002429,School of Computer Science,2023,0.3284
ad5b7171c8ea61fe,U002430,School of Food Science,2025,0.3602
e00838d27071bb03,U002431,School of Mechanical Engineering,2024,0.6004
630cf3f6f49d328f,U002432,School of Mechanical Engineering,2023,0.0822
13e03f4b53d7a985,U002433,School of Electrical Engineering,2023,2.6355
15822f22583a3c66,U002434,School of Economics,2020,5.1236
107d228ef908c2b7,U002435,School of Economics,2025,0.7
81e3dc7ebbcdb170,U002436,School of Computer Science,2022,1.1485
aa568b6ba0d335fc,U002437,School of Computer Science,2021,1.7403
fc927f188d47128f,U002438,School of Applied Chemistry,2025,0.157
d56cb624548bff3c,U002439,School of Food Science,2024,1.4937
50c58405326ffd15,U002440,School of Business Administration,2020,0.3854
58f0c3184d7d3503,U002441,School of Food Science,2020,5.8341
3146dbb18f04f63c,U002442,School of Economics,2020,0.4891
2bd887f620afd1be,U002443,School of Computer Science,2023,1.464
7dd9e66542844d8e,U002444,School of Foreign Languages,2020,0.4939
c55f4fe814182e59,U002445,School of Design & Arts,2025,5.3105
a707162a57987ecf,U002446,School of Mechanical Engineering,2025,0.3537
fa73c1828894018e,U002447,School of Electrical Engineering,2023,1.8928
bb130c0a4d8a4495,U002448,School of Business Administration,2023,1.1048
4f3b2a09b8f3ffea,U002449,School of Mechanical Engineering,2022,0.8845
e308b12c0b65536c,U002450,School of Civil Engineering,2020,0.7423
fe12fa196097ee9e,U002451,School of Foreign Languages,2024,0.303
4cfb118567834ed4,U002452,School of Applied Chemistry,2021,0.0445
977ea04bf86427ba,U002453,School of Information Engineering,2020,1.7287
affdcafa912ca755,U002454,School of Economics,2022,0.3621
d22c033e46b12b0d,U002455,School of Mechanical Engineering,2020,1.9014
27684c862190e02f,U002456,School of Electrical Engineering,2022,0.8392
c4654108e6a3764c,U002457,School of Applied Chemistry,2024,1.9606
1e577073bfedf2a4,U002458,School of Education,2024,1.3164
c9327f6403f68d09,U002459,School of Economics,2023,0.0502
5a3d02c975228ad3,U002460,School of Business Administration,2024,1.0919
fb5ca2cec97fb793,U002461,School of Civil Engineering,2022,0.4187
9745f4baefeb6a47,U002462,School of Food Science,2024,1.8927
cca3a7c291a38f45,U002463,School of Business Administration,2023,1.0663
9d28f3e98a6332fc,U002464,School of Food Science,2021,1.0789
6441c7e4ccdf05a2,U002465,School of Applied Chemistry,2025,0.4497
ce79695ad96c74eb,U002466,School of Design & Arts,2022,0.237
699f1814734cac04,U002467,School of Design & Arts,2020,0.3829
451e8c51cfadcf18,U002468,School of Education,2021,0.0976
d01dfb4d60523132,U002469,School of Foreign Languages,2022,0.3271
e06d1c4c74ad7077,U002470,School of Electrical Engineering,2022,0.1365
bd8a9db5cf2ebb1c,U002471,School of Design & Arts,2023,0.1402
33ae4394549e9d14,U002472,School of Foreign Languages,2025,0.6633
c4f992566b401ab2,U002473,School of Design & Arts,2022,1.0071
abab60d6ad4a6900,U002474,School of Mechanical Engineering,2023,0.5719
23e37a9257e29303,U002475,School of Food Science,2022,0.3585
1b7383f9e7ef634d,U002476,School of Computer Science,2024,0.2289
178ae2f771310a3c,U002477,School of Design & Arts,2021,0.4299
6bbb87a6fa54e4a7,U002478,School of Applied Chemistry,2021,0.2594
f3175c7a472c1790,U002479,School of Information Engineering,2023,0.5544
cb43bff73defdeb4,U002480,School of Food Science,2024,0.1289
7bd9ab5f147190a7,U002481,School of Mechanical Engineering,2024,1.1904
aba2d12de89130a6,U002482,School of Education,2023,0.3349
8d7df2d3aabf59ab,U002483,School of Education,2024,0.8601
4f3a77458e76edb9,U002484,School of Applied Chemistry,2022,1.4336
97fdac829adb9f85,U002485,School of Education,2020,0.8194
5a7773de8a1007cc,U002486,School of Food Science,2021,1.3127
2b97e010432e95c4,U002487,School of Food Science,2020,0.0747
ab1a59b0b7528a39,U002488,School of Economics,2022,0.3606
85795bcb6cfa36d9,U002489,School of Education,2023,1.779
983eb878f96b0ae6,U002490,School of Economics,2022,0.9824
af74b4ddf580e70e,U002491,School of Food Science,2023,3.7489
ec8bc262fa213c40,U002492,School of Information Engineering,2023,3.2458
3fb067c04cb9c4b5,U002493,School of Civil Engineering,2024,0.7966
fadcbd2af16accd0,U002494,School of Civil Engineering,2023,0.4589
2d92d8d8c1e7f842,U002495,School of Food Science,2022,0.2264
c4e51209a6cb2a1b,U002496,School of Civil Engineering,2022,0.3668
081ae62d8b3fe566,U002497,School of Civil Engineering,2023,0.3925
0aa414cddab5305d,U002498,School of Economics,2023,0.3262
bdfa112d466c492c,U002499,School of Design & Arts,2022,0.2357
317fb0c729085bc6,U002500,School of Design & Arts,2022,0.8821
e5bd238194528b67,U002501,School of Food Science,2024,3.2208
e0a8e7504414cc40,U002502,School of Economics,2023,1.5012
f7362b4ce3701cd2,U002503,School of Foreign Languages,2021,0.4277
e5fbadfaffafa971,U002504,School of Education,2022,1.6275
6c4168e43e381e31,U002505,School of Mechanical Engineering,2025,0.835
47625fc1897d4402,U002506,School of Applied Chemistry,2020,0.5668
ecf5737cb7ed683b,U002507,School of Mechanical Engineering,2024,0.5325
ab8206b2de600df3,U002508,School of Economics,2021,0.4834
19ee3ceb037ffec8,U002509,School of Information Engineering,2023,1.1321
334503df40fdbd02,U002510,School of Applied Chemistry,2022,0.6789
dfb46c401c05bd9f,U002511,School of Economics,2020,0.285
bb51bd4c08acde8d,U002512,School of Design & Arts,2025,0.2715
2a5cb015b10dfd8c,U002513,School of Mechanical Engineering,2022,0.8016
b6a1f9891b7a04ed,U002514,School of Civil Engineering,2025,0.9063
a8e014d0b0041f57,U002515,School of Economics,2022,0.4317
9ccb417f4c415167,U002516,School of Education,2025,0.1903
42ab3babb3dbff59,U002517,School of Food Science,2025,2.0626
7fdbff28a63c232f,U002518,School of Economics,2023,1.668
c07ad3d6d787f876,U002519,School of Computer Science,2021,0.0809
6979e2478acbce28,U002520,School of Economics,2024,2.2537
87ac1171b2825291,U002521,School of Business Administration,2023,0.479
f6d372520b4ba568,U002522,School of Computer Science,2025,0.7139
068c9a92d4698353,U002523,School of Computer Science,2022,1.8427
735dcf0114bb101d,U002524,School of Civil Engineering,2021,3.0819
add4a93d2c4ac73d,U002525,School of Food Science,2021,1.6094
6ca1300a1c6fbc57,U002526,School of Food Science,2024,0.7513
19879444295f165e,U002527,School of Food Science,2025,0.1492
b41c012735b9612f,U002528,School of Education,2020,0.0778
f16f6b222e74cacb,U002529,School of Mechanical Engineering,2024,1.4207
b3284427b4814a4f,U002530,School of Education,2025,2.2592
91d6dd734f6c2321,U002531,School of Food Science,2020,0.2614
1c25633a9275f885,U002532,School of Foreign Languages,2021,0.4508
7ec92d87e5fc583a,U002533,School of Mechanical Engineering,2024,0.3381
7d126fa373337a90,U002534,School of Foreign Languages,2023,0.3293
43a6c4719a683880,U002535,School of Foreign Languages,2020,1.7297
45bf74efe565ae33,U002536,School of Information Engineering,2024,0.7345
5bca571fcb0d263d,U002537,School of Business Administration,2023,0.4695
2711b6c0585c3e04,U002538,School of Economics,2025,8.4192
79d235d546e034c2,U002539,School of Business Administration,2025,0.1407
9fe05d811d285c16,U002540,School of Electrical Engineering,2024,1.0211
ce1b516e73538528,U002541,School of Design & Arts,2023,0.2068
27a014f81f6d3309,U002542,School of Food Science,2021,0.5044
6ac7e6f2549a4684,U002543,School of Computer Science,2023,0.685
f56be14553fa4018,U002544,School of Mechanical Engineering,2021,1.3738
8c9f617fcedd28f6,U002545,School of Food Science,2023,0.4547
9e88f3d761cff0cf,U002546,School of Education,2021,0.409
87d6171689e0ae0d,U002547,School of Food Science,2023,0.4466
dfbb73b5e1a273a8,U002548,School of Civil Engineering,2020,0.2005
123f5b83dcd7d786,U002549,School of Foreign Languages,2022,1.111
69118985d01784c0,U002550,School of Information Engineering,2021,0.7822
53255e5b6a9a1771,U002551,School of Design & Arts,2023,0.9123
a57985b7bc1d2bac,U002552,School of Design & Arts,2024,0.5507
808f329d5a84014c,U002553,School of Design & Arts,2020,0.4868
a3b83bf4a86915a2,U002554,School of Foreign Languages,2024,1.9129
fb6caae601e69626,U002555,School of Food Science,2025,1.6401
f9593b19a9b554a4,U002556,School of Economics,2022,2.4298
60f16de6fc22aa07,U002557,School of Mechanical Engineering,2023,0.8569
e6fd41da18df404b,U002558,School of Foreign Languages,2022,2.2834
117eb114a45dfc07,U002559,School of Foreign Languages,2021,0.3894
2924f8d361d7225b,U002560,School of Applied Chemistry,2023,0.4829
dfbefe3a11f522b6,U002561,School of Design & Arts,2020,1.9505
df748752edf88cf2,U002562,School of Mechanical Engineering,2025,1.3722
c63ce481ab8f4774,U002563,School of Computer Science,2025,0.4416
4701579a82fe4642,U002564,School of Food Science,2024,0.2074
e439e93b8042322b,U002565,School of Mechanical Engineering,2023,0.4814
0f81df6ed4c31648,U002566,School of Education,2023,0.2976
15a9cab26924df54,U002567,School of Business Administration,2025,3.3118
1cc7533596e626f9,U002568,School of Economics,2021,1.2624
f6129ec4b7400030,U002569,School of Business Administration,2020,0.2745
b19847dc2a699c06,U002570,School of Mechanical Engineering,2023,0.2076
b262ba45304f3058,U002571,School of Design & Arts,2022,0.2711
667e469ecbe92db7,U002572,School of Economics,2022,0.3376
d4c347f37c988539,U002573,School of Information Engineering,2020,0.4997
c2b9fd60ca317551,U002574,School of Computer Science,2023,1.7996
c5079d68158127ec,U002575,School of Computer Science,2021,0.2246
c4df94b090d59490,U002576,School of Education,2021,5.8272
7c8f283a9b670302,U002577,School of Computer Science,2020,0.2299
d3da994f9b490566,U002578,School of Mechanical Engineering,2022,0.1443
905c18ad21708553,U002579,School of Education,2025,3.1941
69f3f6237994a510,U002580,School of Information Engineering,2022,2.2128
36779ba4f659afa9,U002581,School of Civil Engineering,2024,0.492
dd15b3d1e4c66e0b,U002582,School of Business Administration,2024,0.8644
bdb49be28bfbedf6,U002583,School of Computer Science,2022,0.8865
bf11a77f1a63300e,U002584,School of Economics,2024,0.6769
e49a4289159ecc21,U002585,School of Information Engineering,2024,0.1615
cb9dd5c23d7cd11e,U002586,School of Design & Arts,2023,0.0493
787808aad9a1adce,U002587,School of Applied Chemistry,2020,0.2537
2d674abb49879e2c,U002588,School of Foreign Languages,2020,3.6297
dc8c14b847dc5cb1,U002589,School of Information Engineering,2025,3.775
8e37827bf37a1902,U002590,School of Electrical Engineering,2024,0.4544
e4f232a5e792d6e2,U002591,School of Mechanical Engineering,2025,0.2265
9a5b8600705f3f79,U002592,School of Food Science,2025,0.7797
d2c13449c40a9ea4,U002593,School of Education,2020,0.9157
2a0edb89de507ee6,U002594,School of Civil Engineering,2024,1.0765
4b8fab162b03fa45,U002595,School of Applied Chemistry,2022,0.0472
1b28189882c2ebcb,U002596,School of Information Engineering,2024,13.8842
6a26389ef74078f4,U002597,School of Food Science,2020,1.8321
c33a4663e3e813b5,U002598,School of Economics,2022,0.4844
fd1dbbcbae3c03a5,U002599,School of Information Engineering,2024,0.2878
39e83f9a0735c56f,U002600,School of Applied Chemistry,2024,1.5845
20ba0b6c03edd771,U002601,School of Business Administration,2023,0.9689
0e294e82b6f96ba1,U002602,School of Design & Arts,2022,0.6474
399933b4d869ec68,U002603,School of Design & Arts,2022,0.9336
7d4e5cca3aa3fc88,U002604,School of Electrical Engineering,2025,0.5274
3504c4f48ed0e97e,U002605,School of Civil Engineering,2022,0.8824
bb4da87a2a45474b,U002606,School of Foreign Languages,2022,1.2206
8312bf0e86786983,U002607,School of Information Engineering,2023,0.8322
fa995302dcb41aac,U002608,School of Mechanical Engineering,2022,0.7897
cfcca006f8e63225,U002609,School of Electrical Engineering,2023,2.377
daf6cb9779130c34,U002610,School of Civil Engineering,2022,0.1195
db873a67d0300228,U002611,School of Computer Science,2024,0.2658
31482dff371d5102,U002612,School of Civil Engineering,2025,0.6063
cc6c83d6c112569a,U002613,School of Information Engineering,2025,0.2845
d153e1701dd5c5a5,U002614,School of Foreign Languages,2023,0.3973
f310c73dece6aa78,U002615,School of Economics,2022,2.1399
2ff67168905ac374,U002616,School of Computer Science,2024,0.5087
f5477a6dedb19123,U002617,School of Design & Arts,2024,0.0948
0311debaa25bd2f9,U002618,School of Business Administration,2023,0.3866
26bf85419824020d,U002619,School of Electrical Engineering,2024,0.6257
ba7d8652ca99703b,U002620,School of Computer Science,2024,0.6143
cf6d79f7b889f744,U002621,School of Education,2024,1.0295
474141fc2f6cde20,U002622,School of Civil Engineering,2024,0.9487
01c63d1a32555f49,U002623,School of Design & Arts,2021,0.5138
d83d5ca3023e92bd,U002624,School of Business Administration,2023,0.1791
f073bfaca0eb69b8,U002625,School of Education,2023,0.3798
732a13d2f25b2040,U002626,School of Foreign Languages,2020,0.3167
abae13023e301935,U002627,School of Information Engineering,2024,0.4439
2c40beee8c14190b,U002628,School of Computer Science,2023,1.1784
478fa9982a1b6eb0,U002629,School of Applied Chemistry,2021,0.8843
a9098f1afa3c9796,U002630,School of Civil Engineering,2024,1.3458
219caf7c3ffde147,U002631,School of Economics,2024,0.4021
61edf044e5869037,U002632,School of Applied Chemistry,2024,2.6681
18eb70e33fa864ad,U002633,School of Applied Chemistry,2022,1.157
ecfc3f3ed0a9608f,U002634,School of Electrical Engineering,2024,0.6605
6db792e16e5e094d,U002635,School of Food Science,2022,1.0793
6fb2550d1314f983,U002636,School of Foreign Languages,2023,0.3004
b6c5187e31eaf34d,U002637,School of Foreign Languages,2020,0.0717
e32a23c876191ff3,U002638,School of Design & Arts,2023,0.3218
ac58d30e458c0925,U002639,School of Design & Arts,2024,1.2466
decc78856d400046,U002640,School of Economics,2023,0.6397
4abb8be986b8e8df,U002641,School of Business Administration,2023,0.5149
b384a3a59158378d,U002642,School of Applied Chemistry,2024,0.2529
2785c1a8a779a526,U002643,School of Information Engineering,2024,0.0835
2c0b83e8ee01dcde,U002644,School of Electrical Engineering,2022,2.4543
2c5d9701c87e8466,U002645,School of Computer Science,2025,0.4796
420470debb421999,U002646,School of Business Administration,2024,0.3842
db3440e74dbc395c,U002647,School of Applied Chemistry,2025,0.3016
f57754cde1dc6212,U002648,School of Civil Engineering,2025,2.0699
097a77d173da449b,U002649,School of Civil Engineering,2025,1.4252
12152e3f2eae1c69,U002650,School of Food Science,2024,0.2244
73d169902c319dd0,U002651,School of Electrical Engineering,2023,1.8918
da8ce410c6f00722,U002652,School of Information Engineering,2021,0.5106
589d26b877a09228,U002653,School of Economics,2023,0.3206
e50baded60423dce,U002654,School of Business Administration,2024,0.4402
bd76bce220a861a5,U002655,School of Education,2023,0.2697
7b3dacaea4936b68,U002656,School of Design & Arts,2025,0.1576
a0e84a7851461bda,U002657,School of Computer Science,2021,1.2829
c7be06be9f893864,U002658,School of Applied Chemistry,2022,0.4734
13a99cf6ed495025,U002659,School of Education,2023,1.0944
451950fb884c6ccb,U002660,School of Food Science,2022,0.7868
bd2995da05781ccb,U002661,School of Electrical Engineering,2021,1.0218
e9f0c030bc219c3f,U002662,School of Mechanical Engineering,2021,0.0763
634ea36b00a3e403,U002663,School of Mechanical Engineering,2024,0.2481
3a260d0982128542,U002664,School of Food Science,2023,1.0433
89848cdd6ed59053,U002665,School of Design & Arts,2020,0.165
af9ab2fbb7cda3a9,U002666,School of Foreign Languages,2020,0.8573
ee75d7fd5c555d3c,U002667,School of Foreign Languages,2023,0.1469
c37faaa6acf02c35,U002668,School of Economics,2021,0.6002
d57e920dbd1b4f27,U002669,School of Applied Chemistry,2024,2.9535
370cdf161561ffa2,U002670,School of Electrical Engineering,2024,1.2809
376023d137ce29f1,U002671,School of Business Administration,2021,0.0928
6c1b8f042a3d85ee,U002672,School of Computer Science,2023,1.379
e82cb03079bf0ad5,U002673,School of Economics,2021,3.6518
743db50b4acabceb,U002674,School of Mechanical Engineering,2022,9.6795
57de865946a1d4c6,U002675,School of Information Engineering,2025,0.9494
76c347b535636527,U002676,School of Economics,2023,0.1509
bd78724ae0f1aef9,U002677,School of Design & Arts,2025,0.9118
17bdcaf1fb65ad3e,U002678,School of Information Engineering,2021,2.9125
6cc6363653263820,U002679,School of Mechanical Engineering,2022,0.4896
858f57e236e7610c,U002680,School of Business Administration,2023,1.6755
d208719b2c275b2c,U002681,School of Information Engineering,2023,0.255
7212cd7a427bc979,U002682,School of Computer Science,2025,0.8567
42be1831fbe0427e,U002683,School of Economics,2021,0.049
0759a0402d359637,U002684,School of Food Science,2024,0.2282
59540e1aef4041c9,U002685,School of Computer Science,2025,0.5868
57be8ae8a946f8be,U002686,School of Computer Science,2023,0.4105
763513c7864d7d91,U002687,School of Economics,2022,0.1608
d2380540c36f5f48,U002688,School of Civil Engineering,2023,0.3582
f72dda00721e15d9,U002689,School of Business Administration,2022,0.8209
b937af484c0419ee,U002690,School of Foreign Languages,2024,0.5416
0b9151a9f6f8be6c,U002691,School of Civil Engineering,2023,0.6275
181464d0152d39a7,U002692,School of Food Science,2025,1.2275
1aa9bd10e991ef62,U002693,School of Food Science,2023,0.4189
6dcef00981b3e41a,U002694,School of Economics,2023,2.2983
65661ce335df4b58,U002695,School of Education,2024,0.2195
db45396962fcd5cd,U002696,School of Applied Chemistry,2023,4.0592
10825a6f76fc2e53,U002697,School of Applied Chemistry,2025,1.7968
e98094820ffcc578,U002698,School of Mechanical Engineering,2021,0.4135
e64112d3763f5305,U002699,School of Business Administration,2025,0.4421
7b89e03f9283f29b,U002700,School of Information Engineering,2024,0.726
c38af9d3f23851df,U002701,School of Education,2025,1.0743
57c191639cae7343,U002702,School of Computer Science,2023,1.7639
9597740338399c68,U002703,School of Design & Arts,2024,0.1545
2ec890b6eece07a2,U002704,School of Electrical Engineering,2022,0.9143
5afd2d98f1a8d236,U002705,School of Economics,2024,0.0711
85d9aa739e4d2224,U002706,School of Electrical Engineering,2021,0.4945
2e4e96e02bbdc791,U002707,School of Education,2022,2.5267
a95d2e1f2fef283d,U002708,School of Applied Chemistry,2022,0.143
50862034ae1066d7,U002709,School of Business Administration,2022,0.1193
d324479864998495,U002710,School of Electrical Engineering,2022,0.7362
f6c76d039a48fab8,U002711,School of Electrical Engineering,2024,2.3642
8bb3cce9f01c2cbd,U002712,School of Foreign Languages,2021,0.8174
15d235e08d22738c,U002713,School of Computer Science,2024,0.0879
0cc3ae097f42a986,U002714,School of Mechanical Engineering,2020,0.1097
76de0aa5d826d103,U002715,School of Economics,2024,0.651
2a2adc7a68991233,U002716,School of Education,2024,0.1815
68d996abf7abc92a,U002717,School of Computer Science,2022,0.6768
117fca76d9598221,U002718,School of Food Science,2024,0.7182
8a6037495a6c71ac,U002719,School of Mechanical Engineering,2025,0.3618
b74d2f3101c21b89,U002720,School of Electrical Engineering,2024,3.6246
02dda0f98ac4c0f2,U002721,School of Mechanical Engineering,2022,1.0655
92380bf41002de5a,U002722,School of Electrical Engineering,2023,1.9829
de6fa7d31f2791c5,U002723,School of Design & Arts,2024,1.4823
7e0e8b573ca27242,U002724,School of Education,2022,0.5081
ba8b8e7a4e2d37fa,U002725,School of Food Science,2024,0.486
805bebe586d27efc,U002726,School of Education,2022,0.4384
db4dfd3c3b8e0500,U002727,School of Design & Arts,2024,1.1666
80b0141fc42d83db,U002728,School of Electrical Engineering,2020,0.3081
caf29b0d6adacd1c,U002729,School of Food Science,2020,3.3136
495db6ba866754ac,U002730,School of Mechanical Engineering,2025,0.28
f76cd827a40aed32,U002731,School of Economics,2025,0.7316
3e8da9ce99ecfe08,U002732,School of Education,2025,0.4695
0ddacda5a2b9f632,U002733,School of Mechanical Engineering,2025,0.3761
6af2cfc9c3570612,U002734,School of Design & Arts,2022,5.1828
158aef3f4ccbe7e9,U002735,School of Food Science,2022,0.3806
104e67ea18a91f26,U002736,School of Foreign Languages,2021,0.4353
527ba59c26948ae3,U002737,School of Education,2023,0.3039
9a490aab0335bc5e,U002738,School of Computer Science,2021,0.6151
fd36c5ff86d51255,U002739,School of Design & Arts,2025,0.5335
7fbe73fac6ed266b,U002740,School of Economics,2020,0.1928
c8f889e465b85da6,U002741,School of Mechanical Engineering,2021,0.3862
8f87af5a900e25c5,U002742,School of Applied Chemistry,2021,1.0862
7b5fec59f77619f3,U002743,School of Education,2021,1.6487
c6e89cf289f0b6d2,U002744,School of Civil Engineering,2021,0.6047
c47a967d917a5133,U002745,School of Economics,2023,0.6262
466e7259195985f0,U002746,School of Foreign Languages,2022,0.4115
2007f6c5dd3382e9,U002747,School of Computer Science,2023,0.3572
8b4852d66329a974,U002748,School of Electrical Engineering,2025,0.2354
c300862a72dcacb5,U002749,School of Civil Engineering,2023,0.1245
a382e02a1f24b4cc,U002750,School of Civil Engineering,2024,0.2925
d388a75ac55d94e6,U002751,School of Design & Arts,2022,1.458
b83a3efe58a596ca,U002752,School of Design & Arts,2021,0.3862
1acb4eaa6c1f95c5,U002753,School of Electrical Engineering,2022,0.4177
78fb79776721a801,U002754,School of Design & Arts,2025,0.4096
f39d5e93bf3305a1,U002755,School of Design & Arts,2023,2.0497
9ab20acb44647157,U002756,School of Education,2022,0.2333
cd1ceef308e9f5d8,U002757,School of Economics,2022,0.7788
3e3fa91e6126c2d0,U002758,School of Applied Chemistry,2024,0.5513
7a52f8aaba82425c,U002759,School of Business Administration,2023,0.6319
0ee34144289dd04c,U002760,School of Computer Science,2023,0.7538
9a3e8e090433924a,U002761,School of Computer Science,2025,0.6251
7af433af33d80166,U002762,School of Computer Science,2024,1.3048
d07d2d31161e1ae7,U002763,School of Education,2023,0.5733
32d099b0e897cfc1,U002764,School of Applied Chemistry,2021,3.3783
9929f77a4f543824,U002765,School of Education,2021,0.6172
22b53a6236387db1,U002766,School of Information Engineering,2025,0.1075
d2405b5daa0fc71f,U002767,School of Foreign Languages,2023,1.1177
9e921c7f916ed18a,U002768,School of Design & Arts,2022,0.8738
c1311992523ed792,U002769,School of Economics,2023,0.6099
bb2e856aa8f5de03,U002770,School of Electrical Engineering,2020,0.4554
e015ec6dc4882e9b,U002771,School of Applied Chemistry,2024,0.0712
5f7b6e3afffba70e,U002772,School of Electrical Engineering,2021,0.0843
dba3ea928e6a283e,U002773,School of Foreign Languages,2024,3.0664
ff075471acd206cc,U002774,School of Business Administration,2023,0.3287
8c98574f53c9bad6,U002775,School of Design & Arts,2022,1.5506
8957efc0f7d55cd2,U002776,School of Civil Engineering,2020,0.1188
95e14a59f90dc10d,U002777,School of Economics,2024,0.2072
ef8e2e5a41b0d159,U002778,School of Mechanical Engineering,2021,1.1637
0b9295d32c5ad5c2,U002779,School of Business Administration,2020,0.5329
5ed965f2f64b234f,U002780,School of Design & Arts,2024,1.0107
fb55ed048e3731c3,U002781,School of Electrical Engineering,2022,0.5824
70d53a3d9d857613,U002782,School of Computer Science,2022,0.4797
6b06a73240a6c3d2,U002783,School of Education,2021,0.2991
ef93c4f942ea338c,U002784,School of Food Science,2024,0.1789
53948cb834f8947e,U002785,School of Information Engineering,2022,2.4005
11631db4e20f6e89,U002786,School of Applied Chemistry,2021,2.8301
43184ed287fcf43f,U002787,School of Foreign Languages,2022,0.2089
133b5b235b8ea766,U002788,School of Economics,2021,0.1957
d82ca167c7f286d5,U002789,School of Business Administration,2022,0.417
a4b19bae40c407d6,U002790,School of Food Science,2020,0.8298
f8701de24727c769,U002791,School of Design & Arts,2021,0.4922
927dfa2838b25fc0,U002792,School of Food Science,2022,0.9729
1799a97e759a9ddd,U002793,School of Foreign Languages,2025,0.562
d6a360057850c0c5,U002794,School of Food Science,2020,0.5264
20f770b6bae9b99d,U002795,School of Mechanical Engineering,2021,6.5934
370a80bc4055d410,U002796,School of Business Administration,2025,0.3492
89055dc54d572d54,U002797,School of Applied Chemistry,2025,3.0433
27349db8e0de0491,U002798,School of Computer Science,2024,2.5089
45e6429d8b8f31eb,U002799,School of Business Administration,2021,0.9773
55b7f0a37fae2e08,U002800,School of Foreign Languages,2022,0.086
2b4bd29497b34d02,U002801,School of Education,2021,0.609
6cd27d4305b9d193,U002802,School of Applied Chemistry,2021,0.3529
29ba6d66647c0b60,U002803,School of Design & Arts,2022,0.6024
8fefd435864a550b,U002804,School of Design & Arts,2023,0.2039
f00c814b51594b40,U002805,School of Civil Engineering,2022,1.2577
87b9c957b5fea355,U002806,School of Foreign Languages,2023,1.5809
171e83a241ec1ff6,U002807,School of Economics,2022,1.9022
af4e036c1bacec28,U002808,School of Information Engineering,2022,0.4029
be97c40fae5a8d7a,U002809,School of Computer Science,2024,0.2047
6c9dd24c16d4b24a,U002810,School of Business Administration,2025,0.8392
80b0893b4258e621,U002811,School of Economics,2022,3.418
850fe3b999332f78,U002812,School of Design & Arts,2023,0.6328
1efab2d1edc4e08f,U002813,School of Foreign Languages,2022,0.928
ef7e384c6f42b1cc,U002814,School of Design & Arts,2020,0.4668
0a6b8e9f4ec5d535,U002815,School of Applied Chemistry,2024,0.3568
aaa9fdb8fafcf8b7,U002816,School of Economics,2021,1.1403
02186351071760e4,U002817,School of Information Engineering,2022,0.531
79bdb9a65ef6c58c,U002818,School of Foreign Languages,2023,0.8838
d7f95ff8f52b6e50,U002819,School of Food Science,2021,0.9807
1dfca08d8d56cdeb,U002820,School of Business Administration,2020,0.8357
1144f6cec3d94d05,U002821,School of Foreign Languages,2022,1.0313
503239d699fc8bd5,U002822,School of Mechanical Engineering,2025,0.2516
2c0409658e504650,U002823,School of Information Engineering,2023,0.2367
5c84583dfb4c9ba9,U002824,School of Electrical Engineering,2022,0.5657
24a93605b20086e2,U002825,School of Education,2020,0.5795
810698615c5ebb9e,U002826,School of Electrical Engineering,2023,0.3502
c9233700bbcd9544,U002827,School of Civil Engineering,2020,0.7513
fdbf84547e07e331,U002828,School of Economics,2023,1.4641
5277754a60e5e2bc,U002829,School of Economics,2024,1.9358
73082972e646fb39,U002830,School of Foreign Languages,2022,2.4236
a235527c8a86ce93,U002831,School of Mechanical Engineering,2022,0.1585
cec1e30d13c87660,U002832,School of Food Science,2020,0.1845
96a48acc056405b3,U002833,School of Computer Science,2020,0.4419
b94244aea6234cf6,U002834,School of Applied Chemistry,2022,0.6397
4ecb984e6f73c985,U002835,School of Foreign Languages,2025,0.4651
175e4e856100ecbe,U002836,School of Computer Science,2021,0.3397
9b58f8c7858a6c4c,U002837,School of Foreign Languages,2023,0.4354
8202a59c5e134efa,U002838,School of Applied Chemistry,2024,0.9572
f4fe131edd40ddd3,U002839,School of Information Engineering,2020,0.1562
f5d86900607df1be,U002840,School of Business Administration,2021,6.1494
0a5f469e4fed61c4,U002841,School of Economics,2022,0.6029
1036d5050a36c2ac,U002842,School of Mechanical Engineering,2024,1.6885
78fe5e6b5d8432c6,U002843,School of Electrical Engineering,2022,0.3305
0ce4e6cb8e8ea5dc,U002844,School of Civil Engineering,2024,1.0485
f573eb4f252298cf,U002845,School of Electrical Engineering,2025,0.6525
1bf57f0ccc6338ef,U002846,School of Electrical Engineering,2024,1.3907
507dca4d2acad5d0,U002847,School of Education,2025,0.484
3514f39676a13091,U002848,School of Mechanical Engineering,2024,2.7859
08cafc06298e9983,U002849,School of Education,2024,0.1328
0e44b65061994de6,U002850,School of Foreign Languages,2024,1.5256
7f5f4989bad8e401,U002851,School of Education,2024,0.6648
e697e07266509097,U002852,School of Design & Arts,2024,0.2132
9127208dbd512da0,U002853,School of Education,2025,4.1581
96200d84547b66cc,U002854,School of Mechanical Engineering,2023,3.7498
3c65a922e623ae87,U002855,School of Foreign Languages,2023,0.0742
61eee88741bd77ce,U002856,School of Foreign Languages,2023,0.7045
4327f60817380b67,U002857,School of Education,2024,1.1956
2f673eacc9740262,U002858,School of Mechanical Engineering,2022,0.9182
f7199f7a55fd1189,U002859,School of Applied Chemistry,2024,2.6873
f43cb622d8b457b5,U002860,School of Applied Chemistry,2024,2.1828
b0e4b8a2fe8a4b47,U002861,School of Information Engineering,2025,0.7697
e3b80abcfd2c95a1,U002862,School of Design & Arts,2021,5.7552
ee0db7dcfdb87e5e,U002863,School of Civil Engineering,2024,1.5066
e3faa3d8f50c1c0a,U002864,School of Civil Engineering,2024,0.4154
5d4518535160f5e9,U002865,School of Foreign Languages,2025,0.3398
72d5491b9abf54db,U002866,School of Foreign Languages,2025,2.0469
5ea56df4ae9b686e,U002867,School of Design & Arts,2023,0.2671
313fc3c1c0068284,U002868,School of Electrical Engineering,2023,0.3919
3b2b9b85d0c2192e,U002869,School of Education,2021,0.4646
20154626b180220a,U002870,School of Business Administration,2025,0.8425
5cb3e94a20abf8cc,U002871,School of Electrical Engineering,2021,0.4865
7efebdff3f1247a4,U002872,School of Civil Engineering,2024,0.1582
1aba13f34977c13e,U002873,School of Computer Science,2024,1.8872
e461767a3f786c59,U002874,School of Electrical Engineering,2022,0.394
85102145878583ec,U002875,School of Education,2021,4.4501
d230c1ee0c33a687,U002876,School of Information Engineering,2021,0.8001
3e73bbbb4c5bedef,U002877,School of Applied Chemistry,2024,2.0964
54cb38537e471256,U002878,School of Civil Engineering,2023,1.1094
6b70a057422d63ee,U002879,School of Information Engineering,2020,2.1991
160920c1c31a9133,U002880,School of Business Administration,2024,1.0443
564d59818ebcf210,U002881,School of Computer Science,2021,0.7469
966613d0f455c2ca,U002882,School of Civil Engineering,2025,1.7616
ff036081258477fc,U002883,School of Electrical Engineering,2022,7.092
d5ca9fcf554e9a37,U002884,School of Design & Arts,2021,0.4508
b6ccb2e3be4e3650,U002885,School of Electrical Engineering,2020,1.3072
5a56d2f5e0f43f16,U002886,School of Economics,2023,0.5873
f301cf199939cdf8,U002887,School of Electrical Engineering,2022,0.9793
90039e3d0c71e552,U002888,School of Food Science,2024,0.6158
52868e2bcb9bcae6,U002889,School of Education,2022,0.0682
3bc2bd5604b501ab,U002890,School of Foreign Languages,2022,0.4833
95b5d2140b8ce12d,U002891,School of Information Engineering,2021,1.6041
f761bf877389e20d,U002892,School of Food Science,2022,0.2747
f6a3d508fc6de797,U002893,School of Economics,2025,1.4828
062d98f6205b7800,U002894,School of Applied Chemistry,2021,0.7094
32945ed9b2d9bfc3,U002895,School of Electrical Engineering,2025,0.4875
b0d5f9336d378dee,U002896,School of Foreign Languages,2022,1.4605
78deaebe142f153b,U002897,School of Design & Arts,2020,1.1665
fd0bcb1bfcaedf9d,U002898,School of Economics,2021,0.899
6c3b5659f6846721,U002899,School of Design & Arts,2020,1.6305
fc8a53397a51f9bc,U002900,School of Economics,2024,0.7233
68a5cf2238ee7421,U002901,School of Education,2023,0.114
a27cf828e3232318,U002902,School of Economics,2022,0.4045
79831024ac2a06cf,U002903,School of Computer Science,2023,0.0972
9ff3dfcbdedf9647,U002904,School of Food Science,2023,1.1392
7df397cfb030fc43,U002905,School of Economics,2025,1.4466
15b8ffe320b3b953,U002906,School of Civil Engineering,2025,1.5139
18e6b87029633f45,U002907,School of Mechanical Engineering,2024,0.9628
645083ca700146b2,U002908,School of Education,2024,1.5541
f2b51725da66dfe8,U002909,School of Applied Chemistry,2024,0.122
92435224873d7697,U002910,School of Electrical Engineering,2023,0.5302
258f3d4778ec7825,U002911,School of Design & Arts,2024,0.1434
74924f6d735fa2ce,U002912,School of Mechanical Engineering,2020,0.4126
6fc740a65f794c52,U002913,School of Economics,2024,2.972
a280e1664592dbb8,U002914,School of Business Administration,2025,1.7616
d01fb913427042b5,U002915,School of Computer Science,2020,1.1449
2ea61c7815af9370,U002916,School of Applied Chemistry,2024,0.4923
dca1c5c0b5ba15e7,U002917,School of Design & Arts,2025,0.2186
42124cb7d1c4824d,U002918,School of Mechanical Engineering,2021,0.7118
301c58d47f2c65c0,U002919,School of Applied Chemistry,2023,1.7926
1ac2235f5195dc62,U002920,School of Information Engineering,2025,0.8895
e00ec83b786628b9,U002921,School of Education,2025,0.1209
793ba0b0edb4ca02,U002922,School of Electrical Engineering,2021,0.6555
1857d8e4800779de,U002923,School of Civil Engineering,2022,0.0871
f894498793a6cf29,U002924,School of Design & Arts,2024,1.3194
90b7d64d24b5ca2e,U002925,School of Information Engineering,2021,0.2952
0f62ee228a11a878,U002926,School of Information Engineering,2022,0.1738
a652d755f9478363,U002927,School of Education,2020,1.3377
1197c3f9bed52efb,U002928,School of Applied Chemistry,2021,1.0329
3c26f4463eaa7db5,U002929,School of Business Administration,2023,0.7448
d6b6282119adff37,U002930,School of Design & Arts,2023,5.2841
6367f9b23a9a9dbf,U002931,School of Food Science,2023,1.114
a7c82583d399f128,U002932,School of Economics,2024,0.3098
29df6a7a7836f539,U002933,School of Electrical Engineering,2022,0.9922
db19f10d61351904,U002934,School of Design & Arts,2022,0.4435
530df59350773e5f,U002935,School of Food Science,2020,2.0954
1633f017d02c77cd,U002936,School of Computer Science,2021,0.7819
c45e45a18377c0e1,U002937,School of Economics,2022,0.8632
560e430f53680ce4,U002938,School of Education,2021,0.1395
d832aeda672a557a,U002939,School of Electrical Engineering,2020,0.6277
ceb028d27d3f9b95,U002940,School of Food Science,2021,0.5581
77a79327fa2eaf22,U002941,School of Mechanical Engineering,2023,0.212
d4e21857f319693e,U002942,School of Electrical Engineering,2023,0.4731
15008ea2ed51e268,U002943,School of Computer Science,2025,0.9128
f9dd6bbde87c5fa0,U002944,School of Mechanical Engineering,2024,0.5878
c42f31eee154944d,U002945,School of Design & Arts,2023,0.1438
a4788dba8cbd531f,U002946,School of Applied Chemistry,2021,0.4492
64c0bbeb0652bf3a,U002947,School of Electrical Engineering,2023,0.3697
28f10c6ba425e2d1,U002948,School of Food Science,2020,0.7164
b54f9c80ff8fe64e,U002949,School of Business Administration,2022,0.6431
e37e656c4840af4e,U002950,School of Economics,2022,0.3912
26c98c9ff4abec67,U002951,School of Design & Arts,2022,0.3762
a61cea0d12f13f0c,U002952,School of Food Science,2022,0.6314
c9f7779f765cd2b1,U002953,School of Mechanical Engineering,2024,1.5465
4e39568805874ecf,U002954,School of Education,2024,0.7801
b210d218beded552,U002955,School of Mechanical Engineering,2024,2.4499
9c1a1cc54e3d7eb4,U002956,School of Foreign Languages,2023,1.8334
1bda1c7e95d12b3c,U002957,School of Economics,2023,2.6371
cf9a5c57d64fde4a,U002958,School of Information Engineering,2020,2.3201
0ad7e1e0c500bbb4,U002959,School of Mechanical Engineering,2024,2.8178
0d40864c2ed5fb67,U002960,School of Mechanical Engineering,2023,0.1863
8cb098ce42b27504,U002961,School of Information Engineering,2022,1.128
b03896f55a151342,U002962,School of Information Engineering,2022,1.9963
d69283c3295e1af0,U002963,School of Education,2025,2.3917
7be8f0adfa6bb0fc,U002964,School of Business Administration,2023,0.2732
844a782c6505c094,U002965,School of Economics,2023,1.1393
f32afd7358d28426,U002966,School of Mechanical Engineering,2023,0.6365
e2ebc70c666fef17,U002967,School of Design & Arts,2022,3.7436
98b7ef3b2ebb6c24,U002968,School of Civil Engineering,2023,0.1474
57ceec9adcb0d3d7,U002969,School of Applied Chemistry,2022,0.2735
fd3f6d7a2827c6ae,U002970,School of Economics,2022,0.0966
f9422c5413ca79b2,U002971,School of Business Administration,2024,0.6822
4d2a002c27e6f6b7,U002972,School of Mechanical Engineering,2020,5.6793
0145d34e9a248d9e,U002973,School of Business Administration,2024,0.5648
295a68b21609310c,U002974,School of Economics,2022,0.6531
f497af9e2dffa634,U002975,School of Design & Arts,2024,1.0235
63ddd4eedca05b27,U002976,School of Education,2023,0.5256
c517b36c67a6a8f3,U002977,School of Food Science,2023,0.8513
e12c2c67a7a46036,U002978,School of Information Engineering,2023,0.8739
9033c0161f187557,U002979,School of Mechanical Engineering,2025,0.2535
ee51c972dce509eb,U002980,School of Mechanical Engineering,2023,0.5374
31281a4430541a13,U002981,School of Business Administration,2024,1.2398
132543049a414b30,U002982,School of Civil Engineering,2024,1.4942
8384d87a57cf974f,U002983,School of Mechanical Engineering,2021,2.163
2bcf2dc506253c8a,U002984,School of Food Science,2022,0.8257
a4e2cb19403d46e9,U002985,School of Civil Engineering,2022,0.8426
dcf1955767665999,U002986,School of Foreign Languages,2022,1.25
5463d706f1d94905,U002987,School of Food Science,2022,0.3257
c8e786c0fb3bb221,U002988,School of Mechanical Engineering,2022,0.3126
df95ae3f3a8a234a,U002989,School of Civil Engineering,2023,0.5211
07df4c317929001b,U002990,School of Foreign Languages,2021,0.165
ac1292f26c9f838b,U002991,School of Education,2024,0.8868
307699615a899664,U002992,School of Economics,2022,1.6855
aa9d046c8e952f76,U002993,School of Business Administration,2024,0.2902
5f5e1a4a5e625b7d,U002994,School of Computer Science,2020,0.9122
a5698b270437e739,U002995,School of Economics,2022,0.3147
5cf70111fd620f26,U002996,School of Design & Arts,2020,0.2136
eaa2373682a06329,U002997,School of Business Administration,2024,4.6115
f0a93b9b7eee3158,U002998,School of Civil Engineering,2022,0.2167
7960a413ff76382a,U002999,School of Education,2025,0.1643
b8f0a7b55534c017,U003000,School of Business Administration,2022,0.7318
2499a7f0555bcf11,U003001,School of Computer Science,2023,0.7722
5ceaf345a6e1ab62,U003002,School of Food Science,2021,1.1505
d3b990f756703dde,U003003,School of Foreign Languages,2023,4.3676
329d3a8da1586c0d,U003004,School of Business Administration,2022,0.2714
043afe6e18f7dd73,U003005,School of Computer Science,2022,0.3311
11b22b866639f0e2,U003006,School of Food Science,2021,2.95
0c59809901a77870,U003007,School of Computer Science,2021,1.51
a390fe5bf563eced,U003008,School of Foreign Languages,2021,1.314
445fd5e04447dda7,U003009,School of Civil Engineering,2025,0.3273
4fee7ba17251be8d,U003010,School of Business Administration,2022,1.8201
96e819e0668db200,U003011,School of Electrical Engineering,2020,1.3181
faa10723761c8311,U003012,School of Foreign Languages,2025,0.7136
077494743b493a5d,U003013,School of Economics,2020,0.3289
f899f15dffe2eb2a,U003014,School of Mechanical Engineering,2022,0.6568
4b377afa66abbc12,U003015,School of Food Science,2024,3.0694
286d452d8a06bd0e,U003016,School of Business Administration,2025,0.1977
727d8079b3fd369f,U003017,School of Design & Arts,2024,0.2653
8a874aebef303ba5,U003018,School of Computer Science,2022,0.3151
6093db693cbc8ad1,U003019,School of Computer Science,2025,0.3915
6724b10c9a89be03,U003020,School of Food Science,2020,0.5812
bd488a45d510b27c,U003021,School of Foreign Languages,2025,1.5397
a47414e20125b44d,U003022,School of Food Science,2024,0.9365
8157b15b5a1bac85,U003023,School of Mechanical Engineering,2025,0.6274
de423dbaf8747102,U003024,School of Computer Science,2021,0.7788
f40b149707a5d5a4,U003025,School of Mechanical Engineering,2021,1.1018
d08c1fb237548661,U003026,School of Civil Engineering,2023,0.1098
be8882969d2aefda,U003027,School of Civil Engineering,2023,1.7239
e97fd60d7afc6e39,U003028,School of Education,2023,0.2584
e97a6d7a40c994eb,U003029,School of Business Administration,2025,0.3789
aa9df24c38c8ca0a,U003030,School of Design & Arts,2023,0.8298
a9e1140d0b518451,U003031,School of Education,2022,0.5475
0360ada5b49a4d24,U003032,School of Mechanical Engineering,2022,0.9607
4a38b06b5d09e716,U003033,School of Civil Engineering,2021,0.6803
f4ebd75978c3c44d,U003034,School of Electrical Engineering,2021,0.442
6166a0342f5c8e81,U003035,School of Mechanical Engineering,2021,2.7231
2c0c7ffc363c31fa,U003036,School of Civil Engineering,2024,1.1985
787f1e55cb0b9326,U003037,School of Computer Science,2024,0.7986
8aca10b2353289d2,U003038,School of Computer Science,2023,1.18
59d6189d30014231,U003039,School of Business Administration,2022,0.2916
1da6a545a16ce183,U003040,School of Applied Chemistry,2023,5.1954
aadef6ce288fb955,U003041,School of Electrical Engineering,2024,0.199
f4d2057e777ffdd4,U003042,School of Foreign Languages,2025,0.6611
b33b23fd8afaa18b,U003043,School of Electrical Engineering,2023,0.4433
fc77efd677d69184,U003044,School of Foreign Languages,2024,0.4268
ea89b596b2b28bc4,U003045,School of Applied Chemistry,2023,0.3748
a196b354c4e0bc41,U003046,School of Electrical Engineering,2023,0.2729
49968bf434fb85ec,U003047,School of Economics,2025,1.9374
7ceb426624856d20,U003048,School of Foreign Languages,2022,0.177
13867c28160701a4,U003049,School of Applied Chemistry,2022,1.5786
7517da2b5d055265,U003050,School of Applied Chemistry,2022,1.1292
ec77e8e44ac212a2,U003051,School of Economics,2023,0.4034
ad39d7560f551e24,U003052,School of Economics,2023,1.0056
908f594879182062,U003053,School of Foreign Languages,2023,0.5041
1a8d121c654f5977,U003054,School of Information Engineering,2022,0.1963
34d69e0e778a3ebf,U003055,School of Business Administration,2021,0.1984
527633ab88e17551,U003056,School of Electrical Engineering,2025,1.137
9f8377ebf7d31c47,U003057,School of Applied Chemistry,2022,1.0796
abb718643da008e1,U003058,School of Electrical Engineering,2025,0.752
4365c9b3dcf3aa30,U003059,School of Economics,2021,0.3991
4d655c8007e04fa5,U003060,School of Electrical Engineering,2023,0.488
048eb7f79aaa4e84,U003061,School of Applied Chemistry,2023,0.4263
e8056ecfdab75b33,U003062,School of Foreign Languages,2024,0.1029
890c4f7551391001,U003063,School of Electrical Engineering,2021,0.6277
677149b7683005c8,U003064,School of Applied Chemistry,2025,0.9955
1314e8feaab1e723,U003065,School of Foreign Languages,2023,0.6317
333ab1163771a0e0,U003066,School of Electrical Engineering,2023,3.463
c12a2623e4d8dc03,U003067,School of Education,2023,0.2162
bab5971cbceeab20,U003068,School of Applied Chemistry,2020,0.3048
e9b2a189931b820c,U003069,School of Economics,2023,0.6744
f3df7898426d25e2,U003070,School of Foreign Languages,2021,0.7533
ea1ee8ba77059255,U003071,School of Economics,2022,0.0882
c82bc3fba6a0337a,U003072,School of Foreign Languages,2023,1.0786
93236294c3e5bd73,U003073,School of Applied Chemistry,2023,0.7568
cc465ed7c126b54b,U003074,School of Economics,2020,0.0709
09077170a8967854,U003075,School of Civil Engineering,2020,0.5253
7e61535e96e9acb0,U003076,School of Food Science,2021,0.263
d5d0f057c3ad8eb6,U003077,School of Applied Chemistry,2021,0.3752
b953720b960cfe89,U003078,School of Foreign Languages,2023,0.1549
ffdde0a9934d86a8,U003079,School of Business Administration,2021,0.8951
258e212f04e90a5b,U003080,School of Business Administration,2025,3.4376
cc95f6b6d9da588d,U003081,School of Applied Chemistry,2021,0.7695
049e982c70ec49f0,U003082,School of Food Science,2020,0.0681
e55101f0856a4b4c,U003083,School of Foreign Languages,2025,0.7855
81fff40dd41e44d6,U003084,School of Computer Science,2022,0.486
e12f22d694e6b315,U003085,School of Food Science,2022,0.1963
c9dc60b141274433,U003086,School of Design & Arts,2025,0.8408
f3902ff8ec6495c0,U003087,School of Applied Chemistry,2025,1.423
adfa867ccc8a225e,U003088,School of Education,2024,0.3026
ffe26a680a556fde,U003089,School of Economics,2020,0.1141
943cb8eb8febe9ad,U003090,School of Computer Science,2023,0.079
a7ce48462a1d8db6,U003091,School of Mechanical Engineering,2025,0.3034
61880ee98dfd0027,U003092,School of Computer Science,2025,0.5053
93aeb8f5a4ee11a9,U003093,School of Business Administration,2021,0.3524
1662fdbc26553d3e,U003094,School of Business Administration,2022,0.2981
580f9243c5531b1c,U003095,School of Applied Chemistry,2022,1.0417
3f2552df8ef8f389,U003096,School of Education,2021,0.9378
6402dd10a3de99b8,U003097,School of Design & Arts,2024,0.7208
e77925ba6224cdc1,U003098,School of Civil Engineering,2022,1.3357
7098eeef368f9791,U003099,School of Business Administration,2022,0.3063
79e2c060a6fe7973,U003100,School of Economics,2020,0.1976
46f20ade40c331c3,U003101,School of Applied Chemistry,2023,0.3502
51637cb1b90c4611,U003102,School of Mechanical Engineering,2021,0.3268
109beafeca1f8f57,U003103,School of Civil Engineering,2022,0.0759
069eece56259f54d,U003104,School of Business Administration,2021,0.3421
66edb964634a6f24,U003105,School of Civil Engineering,2025,1.7822
0bb91f9e5f4d6eb5,U003106,School of Mechanical Engineering,2021,1.315
10ceb154955be3ca,U003107,School of Business Administration,2023,0.9982
d2d81dd5adcd02ec,U003108,School of Economics,2021,0.6734
83e979214ecc69e4,U003109,School of Business Administration,2020,2.514
91557efa39b326a2,U003110,School of Information Engineering,2021,0.2045
b90a8e62738d8987,U003111,School of Business Administration,2020,0.225
e0b096d6f4398b59,U003112,School of Education,2021,1.8172
b382c1accb931667,U003113,School of Education,2023,0.6069
ff384bc52e2b5456,U003114,School of Design & Arts,2023,0.3017
a10f93701497b102,U003115,School of Economics,2020,1.0252
1351f1f29e2c14b4,U003116,School of Food Science,2022,0.3808
f35f59547fffe13f,U003117,School of Computer Science,2023,0.2555
febeae5a4afdf128,U003118,School of Electrical Engineering,2021,0.2485
7c76309577cb6310,U003119,School of Mechanical Engineering,2022,0.8143
ea6cba402335f746,U003120,School of Applied Chemistry,2020,0.7253
7f83e800a111d666,U003121,School of Education,2021,2.6905
d7036991a4a44e02,U003122,School of Mechanical Engineering,2022,0.4417
181ec8c57cc0ff78,U003123,School of Foreign Languages,2025,0.4342
dbca6c7424486e16,U003124,School of Civil Engineering,2025,2.4909
729d8c53e4901a2c,U003125,School of Education,2025,1.5819
792992108f4af7ec,U003126,School of Design & Arts,2022,0.6824
bc46e51d4e52b1f2,U003127,School of Electrical Engineering,2020,0.1239
72d1ab5370df1dc2,U003128,School of Information Engineering,2022,0.2621
65ae5f88c1c1de6f,U003129,School of Applied Chemistry,2021,0.2057
c311edb4c16d7a25,U003130,School of Education,2020,0.6123
e0147b6075c0b8d6,U003131,School of Mechanical Engineering,2020,0.3551
1e6ccd155f419a44,U003132,School of Mechanical Engineering,2022,2.9326
91419f31fedf02cf,U003133,School of Food Science,2022,0.1226
9aabd97718911df2,U003134,School of Computer Science,2021,0.1848
049329a03cbaaca3,U003135,School of Design & Arts,2024,0.754
abaa9649722f982b,U003136,School of Design & Arts,2022,0.9944
4165f2a5157f6e14,U003137,School of Civil Engineering,2024,0.0444
b4ccaf95cc91c246,U003138,School of Civil Engineering,2021,0.1041
7879783d9c568633,U003139,School of Foreign Languages,2023,0.4536
4248390e871bc8be,U003140,School of Business Administration,2021,2.2911
bedbd08f9f66e941,U003141,School of Business Administration,2023,3.8991
fb9d92cc879605fc,U003142,School of Education,2021,0.39
012a5bf76d9bc83e,U003143,School of Mechanical Engineering,2021,0.4978
ebca2df9ac9a917f,U003144,School of Business Administration,2023,0.2557
9431801ab5b79749,U003145,School of Foreign Languages,2021,1.112
c5e563dc8b452bc2,U003146,School of Applied Chemistry,2021,2.7224
2cf1ca60a83029d0,U003147,School of Computer Science,2025,2.073
7e44b04d9cfaca91,U003148,School of Information Engineering,2020,0.5735
6252cfe051afb0fd,U003149,School of Electrical Engineering,2023,0.2552
d1116203e2c3d9a6,U003150,School of Mechanical Engineering,2023,0.5952
26b69c7ecb3993f5,U003151,School of Applied Chemistry,2021,2.3485
005b16e9e963aabd,U003152,School of Civil Engineering,2022,0.3955
2997afd5aaed0f67,U003153,School of Education,2020,0.0961
8d5a69f3e3dbbfe7,U003154,School of Economics,2024,0.4119
487cf05f87e8c83b,U003155,School of Civil Engineering,2021,0.4466
d04dd5c7b8229177,U003156,School of Applied Chemistry,2021,0.0955
1c869fa9f97fd991,U003157,School of Foreign Languages,2022,0.7446
65124f6df448cebe,U003158,School of Computer Science,2025,0.9792
57bdeaeb0ab5cc33,U003159,School of Design & Arts,2024,3.792
4ddf60378a8aec74,U003160,School of Mechanical Engineering,2025,0.1558
38deaf33fce4d5fa,U003161,School of Education,2023,1.2257
2ab5e06387ad5cde,U003162,School of Education,2023,1.5524
3d8afbb83c50ac46,U003163,School of Food Science,2023,0.9926
fe1a2307b9fa02cf,U003164,School of Business Administration,2025,0.2157
0be45768c28c21e5,U003165,School of Economics,2023,0.2035
cc50231e2a5c087a,U003166,School of Applied Chemistry,2022,0.6506
385cb0ed4c85615c,U003167,School of Education,2023,0.6461
0a630f3e3bd67a25,U003168,School of Mechanical Engineering,2023,0.3374
e30de1c22bc76a79,U003169,School of Electrical Engineering,2021,2.1482
14cfdd781298d5c4,U003170,School of Information Engineering,2022,0.3954
028fee25af2677b0,U003171,School of Education,2022,0.0889
051314ab9ed0b287,U003172,School of Business Administration,2024,0.4719
34b000155c762fec,U003173,School of Mechanical Engineering,2022,0.9543
83ca50e17b608def,U003174,School of Information Engineering,2024,0.8311
a8e84e99f07ea432,U003175,School of Education,2022,0.8247
e6240340cf58e247,U003176,School of Applied Chemistry,2024,2.63
b5311810b4664684,U003177,School of Information Engineering,2021,0.1936
59b37710a88e2aa4,U003178,School of Electrical Engineering,2025,0.3865
62c129f2b7da015f,U003179,School of Civil Engineering,2023,2.7678
29153533a866084f,U003180,School of Economics,2021,0.0825
351684e5ec793dac,U003181,School of Business Administration,2021,0.5595
d427260939527d44,U003182,School of Information Engineering,2021,2.0176
8bbfcd88c697214d,U003183,School of Foreign Languages,2022,1.9878
a4d33bb735d75ba0,U003184,School of Civil Engineering,2024,1.1424
7cbac1304ca04165,U003185,School of Information Engineering,2025,1.1717
6308725c6df81cc6,U003186,School of Civil Engineering,2023,0.2085
19ed6402c72613f8,U003187,School of Civil Engineering,2023,2.3307
513cae077542d92f,U003188,School of Business Administration,2022,0.1778
f36cdec71719d474,U003189,School of Business Administration,2024,0.1887
b5c3b30b175596c8,U003190,School of Information Engineering,2024,0.8701
879a0eabb50ea3c9,U003191,School of Food Science,2022,0.3606
b129f750185e5be8,U003192,School of Mechanical Engineering,2025,0.7259
292712b692d3155c,U003193,School of Applied Chemistry,2022,0.9082
06919bb733c9c5f7,U003194,School of Mechanical Engineering,2024,3.4942
02c19c27dd7a1d19,U003195,School of Economics,2025,0.9109
5ee8a5e4f4ec509f,U003196,School of Electrical Engineering,2024,0.3181
dae0576da24af898,U003197,School of Education,2021,1.1612
f410e23522857333,U003198,School of Mechanical Engineering,2023,0.257
73de0777de7a721b,U003199,School of Computer Science,2021,1.4713
8427a90e12aacc60,U003200,School of Electrical Engineering,2024,0.6298
ed68b3b12a889245,U003201,School of Mechanical Engineering,2022,0.8812
ae19ffeecd043b32,U003202,School of Civil Engineering,2024,0.0995
8cd31ee75785a8f3,U003203,School of Civil Engineering,2025,0.0622
d0ab17335c52586d,U003204,School of Civil Engineering,2021,0.1315
8cf04d100e90e79a,U003205,School of Applied Chemistry,2022,3.383
55d199f88cfbce71,U003206,School of Business Administration,2023,0.1873
f075c3d787467869,U003207,School of Business Administration,2022,1.2279
4427198075f70950,U003208,School of Civil Engineering,2021,0.3107
a3fd8304e06597eb,U003209,School of Design & Arts,2020,0.4644
22998aa6a28af033,U003210,School of Electrical Engineering,2022,0.5646
3eeeb852c759ff22,U003211,School of Civil Engineering,2023,3.055
ef6647be5d6e97c2,U003212,School of Education,2023,1.0592
d466ce6ee8947654,U003213,School of Design & Arts,2021,0.8676
efacaf959fb99391,U003214,School of Mechanical Engineering,2022,2.1591
4290fa98c558fe9e,U003215,School of Electrical Engineering,2022,0.3134
253bd87675e856d5,U003216,School of Mechanical Engineering,2022,1.7183
56cdc3ef2591011a,U003217,School of Food Science,2024,1.454
78c68a6e790fd0e6,U003218,School of Economics,2022,1.4375
678f93d4a9e7e792,U003219,School of Civil Engineering,2023,0.5056
6cf4e4fa36948c54,U003220,School of Computer Science,2025,0.3812
7a3f0f6314d4898d,U003221,School of Foreign Languages,2023,0.2474
f5460575f44778c6,U003222,School of Business Administration,2023,0.2634
c1728e0d478c87b1,U003223,School of Economics,2020,0.236
2185850490eeba1f,U003224,School of Food Science,2021,0.852
12b58585dcecc8c0,U003225,School of Business Administration,2021,0.4699
fabf2f53424867b9,U003226,School of Applied Chemistry,2024,0.9088
ae28609030f6e5f5,U003227,School of Information Engineering,2024,0.9616
be3190a5bd56c1ab,U003228,School of Design & Arts,2021,0.2046
1ab5c81c43dffac0,U003229,School of Foreign Languages,2021,0.1985
08104850911311f6,U003230,School of Mechanical Engineering,2022,0.4697
dc8aa701b90a332d,U003231,School of Education,2023,0.272
31f25d84ae475b22,U003232,School of Computer Science,2023,0.2448
2248f3b0f8f12a5b,U003233,School of Civil Engineering,2024,3.2177
3e78b74564370009,U003234,School of Computer Science,2025,0.1274
1ce6a21a870f7030,U003235,School of Food Science,2022,4.4641
b2e3cf96d6c477df,U003236,School of Economics,2023,0.7881
dd9791e29f458433,U003237,School of Education,2023,1.5829
cce553821130f99f,U003238,School of Electrical Engineering,2022,1.4068
9ee4259ab2746fad,U003239,School of Applied Chemistry,2025,1.0941
5ca1b919714258cf,U003240,School of Applied Chemistry,2020,3.1106
fd3bc0f716c71354,U003241,School of Business Administration,2024,0.2
1914c0ed112c3152,U003242,School of Education,2024,0.5049
45c65a0213e0848b,U003243,School of Food Science,2025,0.2516
c6a01c3c505d4d13,U003244,School of Education,2023,0.1083
2d29b701e203b331,U003245,School of Civil Engineering,2022,0.3048
f2208c3cff1d1e40,U003246,School of Information Engineering,2024,3.8403
921583d1cc0120f5,U003247,School of Information Engineering,2024,0.4964
e46425f225c6034c,U003248,School of Applied Chemistry,2023,4.291
de0cefc09b363e92,U003249,School of Economics,2024,4.7532
db64a1087aaf122d,U003250,School of Foreign Languages,2021,11.8003
9732d4c21d35400c,U003251,School of Foreign Languages,2023,3.9689
9d1fcb06309ff4d2,U003252,School of Economics,2025,6.2409
1391525f08d64ada,U003253,School of Food Science,2022,0.8172
3335e15fc98b09cc,U003254,School of Education,2023,0.7418
64b86bceaa6b0bab,U003255,School of Electrical Engineering,2025,0.7928
006aebe383b2f89b,U003256,School of Foreign Languages,2024,0.5904
db4497facb2a419f,U003257,School of Computer Science,2025,0.6857
308b3f773107b941,U003258,School of Foreign Languages,2022,1.2525
1df6d38cf4428cbc,U003259,School of Mechanical Engineering,2025,0.3705
8b5be11881b7e25e,U003260,School of Mechanical Engineering,2021,0.1489
408cdb3831ed9313,U003261,School of Business Administration,2023,0.8493
96fb1a2cea89c3f6,U003262,School of Applied Chemistry,2023,0.2953
7c95b460b371afda,U003263,School of Food Science,2024,0.3275
024203e799b27c6a,U003264,School of Design & Arts,2025,0.5118
9f07eef6e2090819,U003265,School of Applied Chemistry,2024,0.4069
865280d05f493eb6,U003266,School of Foreign Languages,2023,1.7915
af2ce08f433508ec,U003267,School of Food Science,2022,0.4997
6b7ab77246169ed2,U003268,School of Design & Arts,2023,1.8841
4711b0a5aab8489b,U003269,School of Foreign Languages,2023,0.7254
06a367795e997f69,U003270,School of Electrical Engineering,2020,0.5404
5ae73962645daa84,U003271,School of Education,2023,0.6916
157f4293094d8a9b,U003272,School of Civil Engineering,2024,0.1622
d070fb347d77a883,U003273,School of Food Science,2024,0.8278
5baa38a4fab98640,U003274,School of Education,2024,1.3801
d458911edfa7b6e9,U003275,School of Food Science,2022,1.5902
df6fca0f3d38e3dd,U003276,School of Computer Science,2023,0.1527
5ae200a98e98735e,U003277,School of Electrical Engineering,2020,0.1293
99700f8dd5fb442e,U003278,School of Economics,2022,0.3451
e6acb8b58e4c2781,U003279,School of Education,2023,2.3576
8f52aa3e93ded45d,U003280,School of Design & Arts,2021,0.7364
c1049a1cb3df63c3,U003281,School of Economics,2020,0.2721
cef9a017a661338e,U003282,School of Civil Engineering,2024,0.1381
05402b7e3e4091b4,U003283,School of Food Science,2022,0.2979
172d80ef06beac8e,U003284,School of Electrical Engineering,2022,0.2784
53c8b36b12de1396,U003285,School of Design & Arts,2021,1.5047
60543281306ecc97,U003286,School of Applied Chemistry,2023,1.6251
69751ddc1f5a8db0,U003287,School of Food Science,2022,0.2066
e5ea8c0b67f95020,U003288,School of Economics,2023,1.2538
89a0d209efb3eab9,U003289,School of Food Science,2023,1.1317
07b1179004f604fb,U003290,School of Information Engineering,2020,0.1815
6cfe0b1f293f927b,U003291,School of Business Administration,2025,0.5429
90e7e0b5b9f75256,U003292,School of Food Science,2020,0.8301
7e7c5dec1515853a,U003293,School of Information Engineering,2022,0.6951
cf72f3aa3adaf323,U003294,School of Economics,2021,0.1067
f251db2fd626ec01,U003295,School of Design & Arts,2023,0.6731
de791f1383cef3a6,U003296,School of Electrical Engineering,2022,1.1155
e573a8b7e526281c,U003297,School of Mechanical Engineering,2025,2.8651
5d5e7c1100d06030,U003298,School of Mechanical Engineering,2022,0.3025
e52cd9165c7e306b,U003299,School of Food Science,2023,0.3422
47c488735875ff75,U003300,School of Information Engineering,2021,0.4791
43fb0ba7bd83fd44,U003301,School of Foreign Languages,2020,0.7899
f1e6a26377cdb8aa,U003302,School of Information Engineering,2022,0.6505
32ed05e33c5b05e8,U003303,School of Electrical Engineering,2023,1.0804
379a6df7c95ca50e,U003304,School of Information Engineering,2022,0.1916
cf1fa453baa85b93,U003305,School of Design & Arts,2025,0.878
8f1be0e7e551b2fa,U003306,School of Information Engineering,2024,0.2811
db7022067305a54a,U003307,School of Design & Arts,2025,0.5115
1812fe5e1ac7d3ae,U003308,School of Education,2022,3.2577
3d0c396bcc013744,U003309,School of Foreign Languages,2024,0.1458
6c51b262d4a0f9c9,U003310,School of Design & Arts,2023,0.4464
92c46dd461425787,U003311,School of Food Science,2023,0.165
4764b4517fd2ff97,U003312,School of Economics,2025,0.688
e86e67df7a2ece9a,U003313,School of Foreign Languages,2023,1.6841
d449381cdb8a2b52,U003314,School of Applied Chemistry,2025,0.6995
089bc4cd537aabda,U003315,School of Electrical Engineering,2024,0.5253
33fbe4eceddde5f7,U003316,School of Design & Arts,2021,2.2287
46282a2d57121463,U003317,School of Information Engineering,2024,0.8216
6105bbd51a7bac90,U003318,School of Food Science,2023,1.3399
a11e008f820658f9,U003319,School of Food Science,2025,1.2071
f77ec2188a77f522,U003320,School of Computer Science,2024,0.0333
ef9618a6daf7dbda,U003321,School of Economics,2021,0.5468
653f47c825f6317b,U003322,School of Foreign Languages,2021,0.2009
bfddb979d6dfce75,U003323,School of Food Science,2020,0.2576
b6098ccffd9db107,U003324,School of Food Science,2023,2.5795
254a7ea9ccba11d5,U003325,School of Foreign Languages,2020,0.4058
6f9001b13b945049,U003326,School of Education,2024,3.9179
5c294d27a79a0ec8,U003327,School of Computer Science,2023,0.1445
e53455b5312a522b,U003328,School of Civil Engineering,2024,0.1998
9f838865649a04c9,U003329,School of Information Engineering,2022,1.2653
58f1b0f4800b6d3e,U003330,School of Food Science,2023,0.4196
38367bc835bff883,U003331,School of Computer Science,2021,0.8028
abdc21dfd2791913,U003332,School of Applied Chemistry,2025,0.5277
d1931d0819fe53a0,U003333,School of Information Engineering,2021,0.5119
fdde6e924e4b7c12,U003334,School of Computer Science,2021,0.4355
ae4715a268a81b70,U003335,School of Foreign Languages,2021,0.7064
db7fe329f2732c5f,U003336,School of Computer Science,2024,1.1215
f9d0c359de835c8f,U003337,School of Applied Chemistry,2021,2.9666
817b9bf68bb514e6,U003338,School of Civil Engineering,2023,0.4821
457438942959c185,U003339,School of Design & Arts,2024,0.3983
cdbfdc3cf310a185,U003340,School of Computer Science,2024,0.3501
015cd9c0d4cbb19e,U003341,School of Civil Engineering,2021,2.5671
5a1eab834b58a2df,U003342,School of Mechanical Engineering,2020,1.1774
bf3259de3de96dae,U003343,School of Applied Chemistry,2022,0.0884
cd6816794ea239e0,U003344,School of Information Engineering,2021,0.0846
944d318c31e1a30f,U003345,School of Foreign Languages,2024,0.2574
d9796b83c840547b,U003346,School of Food Science,2022,0.7431
b923c0c9ea702b3d,U003347,School of Electrical Engineering,2022,0.5709
d0c2dacbfe4d121c,U003348,School of Food Science,2021,0.9878
278d5b83b0a0534b,U003349,School of Electrical Engineering,2023,0.4954
11ac2c6c07815f90,U003350,School of Food Science,2021,2.3879
86997a77fbe9e5b9,U003351,School of Applied Chemistry,2024,1.2778
7311811f2dd86784,U003352,School of Applied Chemistry,2020,0.638
abab2b603bc0c635,U003353,School of Electrical Engineering,2025,1.8558
fb61091555c19ed0,U003354,School of Education,2024,0.1135
fd246a382f19bac8,U003355,School of Foreign Languages,2021,0.5422
e2e0de2ba7442cbe,U003356,School of Civil Engineering,2020,0.6774
9ce91695b6034e32,U003357,School of Economics,2022,1.0779
05d55e719447eda4,U003358,School of Civil Engineering,2021,0.1062
92ee07d10b5659d0,U003359,School of Food Science,2021,0.455
cc38d82f7b3e144b,U003360,School of Civil Engineering,2025,0.8811
050dcdb65685c0d2,U003361,School of Economics,2023,0.9514
c145f2546b37aaa0,U003362,School of Computer Science,2021,1.9331
986ca97c936e4248,U003363,School of Applied Chemistry,2023,1.2643
81b52513727eca03,U003364,School of Design & Arts,2021,0.5555
9af68c08752aabaf,U003365,School of Applied Chemistry,2025,1.1595
e924a961c988a172,U003366,School of Civil Engineering,2020,0.4827
db5cac4f232e203d,U003367,School of Mechanical Engineering,2024,0.6837
d9a45fba83a36749,U003368,School of Education,2024,1.3071
b34ac2f4fb4ee587,U003369,School of Business Administration,2020,0.5642
47ee251f1f478576,U003370,School of Business Administration,2021,0.8479
5de318cedf890506,U003371,School of Economics,2022,1.5439
b3cb123fbff3544b,U003372,School of Mechanical Engineering,2025,1.2034
738930f6e267fcc3,U003373,School of Economics,2023,2.0268
d9bed55c7abf1d22,U003374,School of Electrical Engineering,2023,6.0584
784935a3f7e9921a,U003375,School of Foreign Languages,2024,1.1923
355b8318915d4f47,U003376,School of Business Administration,2024,0.3722
b9d96f204b6de6fb,U003377,School of Foreign Languages,2023,0.9849
5aadc592621b5818,U003378,School of Education,2023,0.9435
5f97067dada09d3f,U003379,School of Applied Chemistry,2024,1.0904
f226130098fd46ef,U003380,School of Applied Chemistry,2021,2.6327
61bedb76a7b39b45,U003381,School of Design & Arts,2024,0.1096
6a0c1321c6fde554,U003382,School of Electrical Engineering,2020,2.6827
23704fed4236bf5c,U003383,School of Applied Chemistry,2021,3.7562
8588cd07926e192d,U003384,School of Design & Arts,2024,1.0419
3142a63fab449510,U003385,School of Mechanical Engineering,2022,1.0673
8046bde6e6765f4f,U003386,School of Civil Engineering,2021,0.4636
86b714741aed449e,U003387,School of Applied Chemistry,2021,0.5941
b1462939b9af10b2,U003388,School of Business Administration,2023,1.1864
e61313349466c56c,U003389,School of Civil Engineering,2024,1.1124
d1f0e3fc1aff15ea,U003390,School of Electrical Engineering,2020,1.2137
280d1f3ec826b223,U003391,School of Applied Chemistry,2020,1.1048
c407e04ed34a0a03,U003392,School of Computer Science,2022,1.4497
dbd5c37400c757a8,U003393,School of Food Science,2025,1.2965
277030297fcb4633,U003394,School of Design & Arts,2022,0.212
7a28da0f1fee47cf,U003395,School of Design & Arts,2025,1.357
456cfb7afafcff7f,U003396,School of Economics,2025,3.787
02153227db489e20,U003397,School of Mechanical Engineering,2022,0.5749
c03d1b9c60b40cc5,U003398,School of Computer Science,2024,2.6445
5952ea0a6dce0dcf,U003399,School of Business Administration,2024,0.2359
aeb34ff0d9912f3f,U003400,School of Design & Arts,2023,0.5731
b5bdf84149b78ab0,U003401,School of Electrical Engineering,2022,0.3109
3cc38a1ffce1f793,U003402,School of Foreign Languages,2024,2.3448
1123380802f1a270,U003403,School of Education,2024,3.0449
3c8772d2fbf7c766,U003404,School of Electrical Engineering,2024,0.5346
60ed418e7b19a421,U003405,School of Computer Science,2025,1.9042
8942558d721404ad,U003406,School of Civil Engineering,2023,3.076
32c045a0fa588e0f,U003407,School of Civil Engineering,2024,0.5713
aa613df7cd0b6603,U003408,School of Electrical Engineering,2025,0.6722
f7baff317d0272fc,U003409,School of Electrical Engineering,2021,1.2295
60b5d619cfc7596c,U003410,School of Electrical Engineering,2020,0.2542
238ff1a28ee6ae81,U003411,School of Civil Engineering,2022,0.6591
6f2e4eca98ab2533,U003412,School of Civil Engineering,2024,5.0318
a48d243a5131ca12,U003413,School of Civil Engineering,2022,0.3581
3acfa173829d4230,U003414,School of Computer Science,2024,1.3866
9cf4b556f7f0663c,U003415,School of Design & Arts,2020,0.9968
102ae4f26e5007ef,U003416,School of Civil Engineering,2022,0.5012
ae6d930ca72fbf29,U003417,School of Business Administration,2023,0.7369
cfe77941cbcc053c,U003418,School of Economics,2021,3.4063
4eb7e579440f21c1,U003419,School of Food Science,2025,1.0269
8183f8e305ad3cf3,U003420,School of Electrical Engineering,2021,1.2006
b4eec2d9032ee280,U003421,School of Applied Chemistry,2025,2.9266
0253f2faa82e788e,U003422,School of Education,2021,0.442
d2ac72557d0a998f,U003423,School of Computer Science,2025,0.2072
653f779c0fc9c433,U003424,School of Business Administration,2023,3.4603
b0da125aae4afac5,U003425,School of Electrical Engineering,2020,0.6767
c00db4a54694e090,U003426,School of Civil Engineering,2020,1.4428
de3dd2a65ee87c12,U003427,School of Civil Engineering,2020,0.2755
c00092aab08083ad,U003428,School of Design & Arts,2023,0.8707
6b40e5c548d7bd02,U003429,School of Computer Science,2024,0.1971
0c9ae4326c16d0b3,U003430,School of Applied Chemistry,2022,0.6292
6255bc62f9639bf1,U003431,School of Information Engineering,2022,0.3088
c7f4549d789687f1,U003432,School of Education,2023,0.2455
dbe08185cb0cdae1,U003433,School of Computer Science,2023,0.436
5887f8181d67156e,U003434,School of Computer Science,2024,0.0596
c93493b6e07e0d3e,U003435,School of Information Engineering,2023,0.1851
527c83316c474c67,U003436,School of Electrical Engineering,2024,1.291
faa5acc5a9f0cabf,U003437,School of Education,2025,0.8358
e58a9dd7f3d2981f,U003438,School of Design & Arts,2022,0.2017
8352f647b24854a0,U003439,School of Foreign Languages,2020,1.0211
71e4358ddbd8d9bc,U003440,School of Design & Arts,2021,0.2453
15502513d705bf4e,U003441,School of Electrical Engineering,2023,1.2153
6502c18b8c32f4be,U003442,School of Economics,2022,0.5259
3d353e4407f833aa,U003443,School of Electrical Engineering,2025,0.4265
f5baa2ff70456f62,U003444,School of Economics,2023,0.539
d4a906cbc93448de,U003445,School of Education,2023,7.6333
40d911b2ab6373b9,U003446,School of Mechanical Engineering,2024,0.2764
2491297472c0e66f,U003447,School of Business Administration,2021,0.7405
6e6927b86cf39062,U003448,School of Economics,2024,1.2896
0cd7a77fd9b631f9,U003449,School of Information Engineering,2020,0.2255
baba3ec03e41637b,U003450,School of Foreign Languages,2023,0.1199
2e1ff3516ea7484a,U003451,School of Business Administration,2025,0.3236
74608c4ee38c98b5,U003452,School of Design & Arts,2024,1.2617
840a8cfc3778cf0f,U003453,School of Design & Arts,2024,0.4194
bbaaf23ecd28b451,U003454,School of Computer Science,2022,0.4686
04999aad9360794a,U003455,School of Food Science,2024,1.4678
67b3cb9cbcfb021e,U003456,School of Food Science,2023,0.2636
04974e038b43a37e,U003457,School of Business Administration,2023,0.5402
fc7318a0e3a55d44,U003458,School of Foreign Languages,2020,0.1299
7d1c1344898ded26,U003459,School of Foreign Languages,2021,0.8136
f061d2b6ced6e88c,U003460,School of Computer Science,2023,0.7427
be2a5b7a729b746b,U003461,School of Economics,2020,1.308
1005d138a595ee91,U003462,School of Computer Science,2024,0.1878
c0a506b9c34c38ca,U003463,School of Computer Science,2024,0.4873
8e0a3f9b94d46ee3,U003464,School of Foreign Languages,2025,0.1644
b61325ff440201ff,U003465,School of Information Engineering,2021,0.4616
b521b7010e7a04d7,U003466,School of Education,2025,2.5981
efe8ad4bf60231f3,U003467,School of Electrical Engineering,2020,0.4284
1d7fdbd116921d9f,U003468,School of Civil Engineering,2023,0.1506
ecce925e86e596d7,U003469,School of Foreign Languages,2024,0.2991
af345a5bc9fec5a6,U003470,School of Food Science,2020,0.1179
bc23f7afa838fa17,U003471,School of Economics,2020,0.1616
70f653326acc0740,U003472,School of Electrical Engineering,2020,1.1549
ba39a4d7a5f5ca50,U003473,School of Foreign Languages,2023,0.139
8020116a887c8923,U003474,School of Electrical Engineering,2024,0.8068
4126db2ce5b6e637,U003475,School of Applied Chemistry,2021,0.6058
6d03ced766ee633b,U003476,School of Foreign Languages,2021,0.347
06beaa451f27866f,U003477,School of Applied Chemistry,2023,0.7411
cfc84b75f99d1fd6,U003478,School of Mechanical Engineering,2021,0.2312
94fb7a922161d0b9,U003479,School of Mechanical Engineering,2024,1.3687
92c49a9d82c94611,U003480,School of Information Engineering,2025,0.2937
91ce2c9eed567eba,U003481,School of Information Engineering,2024,0.4012
d4b234682c306047,U003482,School of Foreign Languages,2025,0.3562
87304ec032da7611,U003483,School of Business Administration,2023,1.1764
19d702be99e278d1,U003484,School of Business Administration,2024,1.0176
6afa0fe08d96f24c,U003485,School of Computer Science,2021,0.0429
82b56bf5ffe2b5ed,U003486,School of Business Administration,2020,0.7613
34607c774ae0ad8b,U003487,School of Food Science,2023,0.1031
47882ca757378386,U003488,School of Information Engineering,2020,0.4197
1f4fa3c1e625ad76,U003489,School of Business Administration,2025,0.5298
389b69f3b8c46080,U003490,School of Business Administration,2024,0.4152
be43bcd5e7775113,U003491,School of Information Engineering,2025,0.9742
d86e4d4567fa8628,U003492,School of Computer Science,2022,1.213
96c66f757c1ff8ac,U003493,School of Business Administration,2023,0.2724
d3a19af058d6602b,U003494,School of Electrical Engineering,2024,0.2627
6c2c0e4b81b3b495,U003495,School of Information Engineering,2021,0.5695
dbf8ae775ff64e3a,U003496,School of Education,2023,0.1261
229acf5beb38e518,U003497,School of Economics,2023,0.3664
00af93b381165956,U003498,School of Design & Arts,2025,2.2729
34fb466336ef2848,U003499,School of Design & Arts,2024,0.1309
ea45208cb7c7d168,U003500,School of Foreign Languages,2021,0.4202
319d7cfd3e350a1d,U003501,School of Education,2023,0.3265
1e4a4e281a7b4d33,U003502,School of Information Engineering,2023,4.3853
6c1d7b5430059a7a,U003503,School of Applied Chemistry,2021,0.3448
23700679285f18de,U003504,School of Business Administration,2022,0.3654
10ed5df4924c5fcb,U003505,School of Civil Engineering,2022,0.2106
bdaabf530a2e6f0f,U003506,School of Food Science,2021,0.5959
13fd1a2063a0daf5,U003507,School of Design & Arts,2023,0.7735
a773466513cd4b0a,U003508,School of Design & Arts,2021,0.2435
4e56bca3e4202b00,U003509,School of Information Engineering,2023,1.5868
a555445740af92ff,U003510,School of Economics,2021,0.7742
283ce4687a5f49d9,U003511,School of Foreign Languages,2024,1.3839
2e41cd68c83e1897,U003512,School of Electrical Engineering,2021,0.4252
1df8e01f883fce8f,U003513,School of Electrical Engineering,2025,0.7529
681c960cae4c79a8,U003514,School of Applied Chemistry,2020,0.4771
5253db62c8c68aa6,U003515,School of Economics,2023,2.5362
d291d7069650fcb5,U003516,School of Applied Chemistry,2022,0.6632
3e4bde6615268faf,U003517,School of Food Science,2021,0.5956
c3ad3d592a6b4862,U003518,School of Business Administration,2023,0.3733
945db25df8befe30,U003519,School of Foreign Languages,2024,0.3524
b439fbb1a324a49d,U003520,School of Economics,2025,0.7488
a7085b578beecaae,U003521,School of Foreign Languages,2022,1.3399
192b224cc095d42e,U003522,School of Electrical Engineering,2021,0.2977
ee491c3627e1a8a6,U003523,School of Civil Engineering,2024,0.67
999d297f16b6beca,U003524,School of Civil Engineering,2023,0.7098
acf8e1880cd90d4e,U003525,School of Computer Science,2021,0.8448
582287dfd3ac6e5e,U003526,School of Information Engineering,2024,0.107
48a0d08cc82c4354,U003527,School of Business Administration,2023,0.2342
16d18105cb988fec,U003528,School of Design & Arts,2023,0.1506
2c8a29b053a17f82,U003529,School of Business Administration,2022,0.6101
96494f9833490ce7,U003530,School of Economics,2022,0.2398
1c74ff03ad520a91,U003531,School of Economics,2021,0.3594
9c50f1982a44ce3e,U003532,School of Electrical Engineering,2024,0.1788
b332bcddb639cc43,U003533,School of Electrical Engineering,2021,0.3945
9f03203c4fe0c524,U003534,School of Education,2024,0.1918
15bd131fadaaba1f,U003535,School of Mechanical Engineering,2024,1.2597
6a20cb2b2296e415,U003536,School of Computer Science,2024,0.9533
4e0f37042350f2a4,U003537,School of Foreign Languages,2020,0.6861
b87982c57d21630e,U003538,School of Food Science,2022,0.4365
a3ea0750eef2b9f0,U003539,School of Civil Engineering,2022,0.0769
9530143f6bb0637b,U003540,School of Foreign Languages,2023,0.3734
83f37214df3f9628,U003541,School of Business Administration,2025,0.2757
65db05048e12b9e7,U003542,School of Education,2022,0.756
29536c1196d339f9,U003543,School of Applied Chemistry,2025,1.0971
347f0f2aa0945a94,U003544,School of Foreign Languages,2021,0.8168
3000b3b8b7877dfc,U003545,School of Business Administration,2022,2.0876
6a6d171f83f74f45,U003546,School of Civil Engineering,2020,0.3344
1df4274932964e68,U003547,School of Foreign Languages,2024,0.3209
f278a9f3e2532f2f,U003548,School of Electrical Engineering,2021,1.6667
f7dabbdfd80ff34f,U003549,School of Education,2021,0.6971
bb854d1780d907da,U003550,School of Economics,2024,0.4612
5f06a4793613c776,U003551,School of Information Engineering,2023,3.7416
b3dda1d796c5c933,U003552,School of Food Science,2020,1.052
0af65709899e85c3,U003553,School of Electrical Engineering,2020,0.4879
b75625609af3ee41,U003554,School of Design & Arts,2023,0.2973
a693f49a6bf03026,U003555,School of Electrical Engineering,2022,2.2244
128c68bf48d83a69,U003556,School of Foreign Languages,2021,0.7261
a09500c17dedd981,U003557,School of Civil Engineering,2023,0.605
2e49783b6ba20a5a,U003558,School of Civil Engineering,2021,1.161
30e9297e6c69e2b2,U003559,School of Applied Chemistry,2023,1.4234
83fd90ddb4a781c0,U003560,School of Business Administration,2022,1.0231
0941449f8416b6c4,U003561,School of Civil Engineering,2021,1.429
d88a7cf1d76ae7fb,U003562,School of Mechanical Engineering,2021,0.9272
30baa794550b81ac,U003563,School of Mechanical Engineering,2021,1.0283
4260ff653c3304fe,U003564,School of Design & Arts,2020,0.284
75ccf4c55ae49af6,U003565,School of Computer Science,2022,3.6087
2579b0f5fec09c1e,U003566,School of Foreign Languages,2025,0.1719
b664d15d64fd9483,U003567,School of Economics,2024,0.8044
480591c2ea55e018,U003568,School of Design & Arts,2022,0.1551
317a797dcf52d01b,U003569,School of Civil Engineering,2023,0.5352
1330eb6149c80cac,U003570,School of Applied Chemistry,2023,0.3334
88f1ce2e0aeadab0,U003571,School of Economics,2024,0.6762
bebc97da2bd4e00d,U003572,School of Electrical Engineering,2021,0.8309
55eb6ff367cd6d51,U003573,School of Civil Engineering,2022,0.2269
654fdd1e1118e866,U003574,School of Business Administration,2022,0.5733
1b06738fdc28230c,U003575,School of Business Administration,2020,2.379
583ced4ab79d44b2,U003576,School of Mechanical Engineering,2022,0.1589
a2725c28d1b86261,U003577,School of Mechanical Engineering,2025,0.2513
6b30ac5ddb92b96f,U003578,School of Information Engineering,2025,1.3962
b87d0f2934341331,U003579,School of Economics,2021,0.638
98fc1fd0405a4e74,U003580,School of Design & Arts,2022,0.6867
700e8a55e271b015,U003581,School of Information Engineering,2022,1.641
805160373959338d,U003582,School of Economics,2023,0.2668
03a2906e8e08ed6f,U003583,School of Economics,2023,0.3512
891d98b621ffbbe3,U003584,School of Food Science,2020,0.3105
8ea66d108aa536d3,U003585,School of Education,2024,0.4168
d95ceb7af89bff64,U003586,School of Information Engineering,2025,2.2536
006c9cc07fbabe6e,U003587,School of Applied Chemistry,2023,0.1077
bccbf173e0e9ea83,U003588,School of Economics,2023,0.1788
ea265c5a88159f1c,U003589,School of Business Administration,2023,0.1507
e45998366829ff80,U003590,School of Design & Arts,2022,2.3981
85f0c9ccbe2173a4,U003591,School of Information Engineering,2021,0.3194
1f5a72bed17aa1a4,U003592,School of Computer Science,2023,0.4258
ae3fddcdde82e2c8,U003593,School of Education,2020,0.1175
99e3290d992a815e,U003594,School of Foreign Languages,2024,0.4541
c99d57275b4e0da2,U003595,School of Computer Science,2022,1.4043
e9d034e3b8e43208,U003596,School of Education,2022,0.7603
9f8ca344fed489d1,U003597,School of Business Administration,2022,0.53
27b1539986822ee7,U003598,School of Electrical Engineering,2025,0.1235
533a4eeaed9c3e5a,U003599,School of Civil Engineering,2021,0.4253
471170d35189d12d,U003600,School of Design & Arts,2021,0.6838
6d57491c898ba3f1,U003601,School of Computer Science,2021,0.219
0c951e321c295e1e,U003602,School of Computer Science,2023,1.1364
99f05a5e86653a94,U003603,School of Foreign Languages,2025,1.4306
bd02cec6e8bddf24,U003604,School of Business Administration,2021,0.348
c965812191cfe39f,U003605,School of Information Engineering,2025,1.22
11992618f7fd3f58,U003606,School of Information Engineering,2022,0.529
e236ffa395d8ce7c,U003607,School of Computer Science,2023,1.8592
e46ec8d405a1578e,U003608,School of Mechanical Engineering,2020,4.5138
5d57979cde57cf53,U003609,School of Mechanical Engineering,2023,0.1978
c86e187dec0a003d,U003610,School of Foreign Languages,2023,1.2744
c04010ff713c04a0,U003611,School of Applied Chemistry,2023,2.177
1fbc8ddb2c534dcf,U003612,School of Information Engineering,2021,0.2236
ef7fd4919c0b81d1,U003613,School of Computer Science,2024,0.3322
766a800048edb609,U003614,School of Foreign Languages,2025,0.3284
d79424804de49a1f,U003615,School of Economics,2022,0.517
bf40e5134b47803d,U003616,School of Food Science,2023,0.4134
e4f585ed50010f37,U003617,School of Business Administration,2024,0.4842
6efd1af853c62af9,U003618,School of Food Science,2021,1.3648
ae68bad3aa0051c8,U003619,School of Civil Engineering,2025,0.0887
2ca113df7b2b4ef7,U003620,School of Computer Science,2022,0.2229
503b2e60f991b395,U003621,School of Applied Chemistry,2024,1.1536
6d3b441b102e603f,U003622,School of Information Engineering,2021,1.0261
ea2c7768a50c90e0,U003623,School of Civil Engineering,2022,0.2048
eade557ad9d9fa01,U003624,School of Civil Engineering,2023,1.0332
20e6c735770a4f1e,U003625,School of Design & Arts,2023,2.2252
eba19245293d585c,U003626,School of Business Administration,2024,0.5621
fdf3856f94f6f2cc,U003627,School of Mechanical Engineering,2025,0.2155
51d407ce9c90fbed,U003628,School of Electrical Engineering,2021,1.4162
f412747a81660196,U003629,School of Education,2022,3.307
ab8dd2d52eef41fb,U003630,School of Applied Chemistry,2022,0.2434
b89d4617607a3d88,U003631,School of Applied Chemistry,2023,0.614
fd55ffa098f4164c,U003632,School of Design & Arts,2023,1.7562
5b3f2a57bf8be534,U003633,School of Applied Chemistry,2024,0.6626
9c154e3b1f2913dc,U003634,School of Business Administration,2024,0.1029
e5b9a6c9c147adc3,U003635,School of Education,2020,0.9198
65f5e3f5f28d99f9,U003636,School of Business Administration,2022,0.2218
dd812e18f597ffd8,U003637,School of Design & Arts,2023,0.1657
dc621588d17e9aff,U003638,School of Food Science,2022,0.1049
de25b48e44dfeecc,U003639,School of Design & Arts,2021,1.9414
d1dd10d4c7ec4c3f,U003640,School of Education,2022,0.2562
3a3c7119997a0d29,U003641,School of Business Administration,2022,0.8239
079277681a6ec56c,U003642,School of Design & Arts,2021,1.0533
ae9de4076e9a6c1a,U003643,School of Information Engineering,2024,0.6941
ce12e1080657a50b,U003644,School of Applied Chemistry,2022,0.7942
eaedb8e47645dcc7,U003645,School of Business Administration,2023,0.8642
ba0fe23dd4bbf353,U003646,School of Design & Arts,2023,0.6778
e3edaa3da74799fe,U003647,School of Computer Science,2025,0.2761
4baf56ddd525c821,U003648,School of Information Engineering,2021,0.2525
b4af14d7232cc6f6,U003649,School of Food Science,2021,0.5315
f2e6047c8b1216a0,U003650,School of Food Science,2022,0.5204
4dc85c25e92cb5b6,U003651,School of Business Administration,2022,0.9069
4975e333e1e11ea3,U003652,School of Business Administration,2022,1.7765
3b449c558e22e52e,U003653,School of Mechanical Engineering,2024,0.8327
2b959391b5032a08,U003654,School of Foreign Languages,2021,0.2624
f4fb029e0a256094,U003655,School of Food Science,2020,0.0667
ce4cafc132d40342,U003656,School of Business Administration,2022,0.2736
89748ce8137a5f83,U003657,School of Civil Engineering,2024,0.1539
567b0794c5cc7448,U003658,School of Foreign Languages,2024,0.2844
010e041388090f54,U003659,School of Civil Engineering,2024,0.7522
80700884c7b8f323,U003660,School of Economics,2023,0.6424
8fcdc93493387c04,U003661,School of Economics,2024,3.7855
310d85662ad8d12d,U003662,School of Foreign Languages,2024,0.957
0a5ec50e28086471,U003663,School of Foreign Languages,2021,3.9835
f76cb24b331d21b2,U003664,School of Civil Engineering,2023,1.207
6ed341b1f042810a,U003665,School of Electrical Engineering,2024,1.7484
025c81c4f64b4cda,U003666,School of Design & Arts,2022,0.4123
97e6f1056ef77d04,U003667,School of Information Engineering,2023,0.2016
d7683343e2aacd01,U003668,School of Design & Arts,2023,0.3768
1b7625f3fb3d61eb,U003669,School of Mechanical Engineering,2023,0.5834
dd5cbd5b72ebd78b,U003670,School of Foreign Languages,2020,0.315
46ff6cef6ff97534,U003671,School of Design & Arts,2023,0.2169
4c7e02e6530b43c3,U003672,School of Civil Engineering,2025,0.8957
64f6b5d009de3e39,U003673,School of Computer Science,2021,0.216
08a1812bd56df037,U003674,School of Applied Chemistry,2022,0.1274
822498b15d4e4dfb,U003675,School of Design & Arts,2020,0.1922
09b76c1604379d56,U003676,School of Foreign Languages,2020,0.467
cd5656e5c49e72df,U003677,School of Education,2025,0.2192
439630b099a24b08,U003678,School of Business Administration,2023,0.47
66ceccc69ee15bb4,U003679,School of Mechanical Engineering,2022,1.0762
1bd3a42236e0332f,U003680,School of Design & Arts,2022,1.0486
e380a02169e4321d,U003681,School of Information Engineering,2025,0.3049
68a811727b0d003c,U003682,School of Information Engineering,2021,0.1603
b9c260c5b8838ac1,U003683,School of Computer Science,2024,0.332
5c076dad6d1d2d08,U003684,School of Foreign Languages,2022,1.1373
0c39439f00b9d6c8,U003685,School of Mechanical Engineering,2020,1.4365
14f2e8965b32da76,U003686,School of Electrical Engineering,2024,0.8402
8d081063c92e841e,U003687,School of Information Engineering,2020,1.9629
6380bbed27cff605,U003688,School of Food Science,2024,3.3274
01381b22251e7ca4,U003689,School of Economics,2021,0.3641
2d2b37ea958f2ce0,U003690,School of Information Engineering,2024,2.6105
312530dd8da56eab,U003691,School of Computer Science,2024,0.455
e977ee8aaec2a863,U003692,School of Civil Engineering,2024,1.637
16ab5a0d934c896b,U003693,School of Civil Engineering,2020,1.1991
69ae4ab25a172bbe,U003694,School of Business Administration,2024,0.0818
2eeef5e92e64c0b0,U003695,School of Civil Engineering,2025,0.2246
3ca48d875452ac12,U003696,School of Food Science,2021,0.1741
c21df2298ee58104,U003697,School of Business Administration,2022,0.0994
f9a0869589902e55,U003698,School of Information Engineering,2024,1.4223
7078706ef2e2b2b0,U003699,School of Electrical Engineering,2021,4.6728
cd14b34d95372736,U003700,School of Civil Engineering,2023,0.4563
4a7b3487bdfcafb6,U003701,School of Computer Science,2024,1.387
e20a40e123b6335f,U003702,School of Information Engineering,2020,2.6055
8ec994edfb1f20b8,U003703,School of Information Engineering,2023,0.7271
213c887ce51f96b1,U003704,School of Economics,2023,0.5756
9d5b7b6e501ab016,U003705,School of Information Engineering,2022,0.4618
5ee7eb590f87a154,U003706,School of Computer Science,2025,1.0106
24409d4e9b1a4af7,U003707,School of Economics,2021,1.4158
de1fd809f95a74fc,U003708,School of Design & Arts,2022,0.9369
1273bd5ab268efc6,U003709,School of Mechanical Engineering,2024,0.9053
86273791913fe994,U003710,School of Business Administration,2021,0.5609
be4d7355d9e8f344,U003711,School of Civil Engineering,2024,0.12
7767b7d97c148bf7,U003712,School of Electrical Engineering,2020,1.4488
e85ed79c7756208d,U003713,School of Education,2023,0.1634
ae869c64e6a41777,U003714,School of Information Engineering,2020,1.0968
161d93c49acc2e25,U003715,School of Mechanical Engineering,2024,1.257
b6c1a37b4085651c,U003716,School of Applied Chemistry,2024,0.1887
7376992e93afed68,U003717,School of Education,2024,0.3215
3b2fcb1a1cb2b9dc,U003718,School of Mechanical Engineering,2025,4.9257
edf8ff42ca4c3dd9,U003719,School of Economics,2024,0.5453
f65121498898cd32,U003720,School of Education,2024,0.1743
50e51be70e21bdc7,U003721,School of Electrical Engineering,2023,1.315
b0d67cf85443ce91,U003722,School of Electrical Engineering,2025,0.2726
5c167ff99728bd7e,U003723,School of Education,2023,0.0865
5b2ef17d0e046747,U003724,School of Design & Arts,2025,0.9928
f862e36469359a58,U003725,School of Applied Chemistry,2021,0.2361
fee6781e81a6d387,U003726,School of Computer Science,2023,0.814
ebe3dc9707762741,U003727,School of Education,2024,0.2619
abe1441483313ad6,U003728,School of Computer Science,2021,1.1975
50059b36c90437d6,U003729,School of Electrical Engineering,2021,0.7093
6f26c4185b88a403,U003730,School of Food Science,2025,0.0443
c53dc2db794b75a8,U003731,School of Applied Chemistry,2022,0.865
125f629634933577,U003732,School of Economics,2021,0.4419
0a8d940e981d438c,U003733,School of Education,2022,2.4344
dcb76853693ee5c9,U003734,School of Design & Arts,2022,0.8765
f2eab89adb5b5657,U003735,School of Information Engineering,2023,1.2575
2d55e8464cf0fc4a,U003736,School of Economics,2025,0.2901
68c7e5a1cd65ec5f,U003737,School of Design & Arts,2025,0.2679
64e79ad852c35ea9,U003738,School of Business Administration,2023,0.5754
730d49cc2bfefaef,U003739,School of Information Engineering,2024,0.4116
baf8103285627927,U003740,School of Education,2022,2.2502
5c3004e26f18f919,U003741,School of Information Engineering,2024,0.5065
e8b5be22d891d369,U003742,School of Civil Engineering,2021,0.1735
3b381f6177d11cdf,U003743,School of Education,2021,0.2581
e1d3db5bc1f92b1a,U003744,School of Food Science,2025,1.5497
479402849c43d976,U003745,School of Food Science,2025,0.4994
04f295e57dfdc81c,U003746,School of Foreign Languages,2022,0.4734
5c9456c4e969f4c7,U003747,School of Civil Engineering,2024,1.7043
1e3f9a2e589e5165,U003748,School of Computer Science,2022,0.2365
094e3e952c0ddc20,U003749,School of Food Science,2022,0.0632
ff0b01e00ee523fb,U003750,School of Applied Chemistry,2022,0.2516
c9773ed129d8c0e8,U003751,School of Electrical Engineering,2021,0.7521
5547dd030127b379,U003752,School of Education,2023,0.46
70ce26b123c5c387,U003753,School of Electrical Engineering,2022,0.124
bedc3dd282ad2800,U003754,School of Mechanical Engineering,2023,1.6308
6a02ccf85a7d6fe6,U003755,School of Design & Arts,2021,0.6952
54db40b30fd42132,U003756,School of Civil Engineering,2025,0.8711
7d842bf9f12a980e,U003757,School of Design & Arts,2023,0.8982
8651c8eaadf7765a,U003758,School of Design & Arts,2025,0.1611
b9d3adb171bb02d5,U003759,School of Design & Arts,2021,0.7992
85f22df66ff5d845,U003760,School of Electrical Engineering,2023,1.4629
119db10d83613c77,U003761,School of Computer Science,2024,1.8465
9d2ab981ea8b9373,U003762,School of Computer Science,2022,1.2144
88703fff09cee2bc,U003763,School of Education,2021,0.9862
a0b6c8307110f8a8,U003764,School of Foreign Languages,2021,0.1039
e510bf56e057bac0,U003765,School of Electrical Engineering,2022,0.5816
21b9e64e9c9b8ccf,U003766,School of Food Science,2022,0.2268
7ef4b6383a56d96c,U003767,School of Economics,2022,2.128
3e230cc41014d55e,U003768,School of Applied Chemistry,2022,1.8283
3bc73ea311fde096,U003769,School of Economics,2023,0.2282
aa2dfc2d39310f60,U003770,School of Education,2020,0.5638
25862740e26c0f6e,U003771,School of Applied Chemistry,2022,0.7569
150be71b5f521710,U003772,School of Information Engineering,2024,1.4532
6593d0299c2a74d9,U003773,School of Civil Engineering,2021,0.1105
036f9d59906d96b2,U003774,School of Business Administration,2021,0.0648
d131d51c77bff721,U003775,School of Foreign Languages,2021,0.6133
549d5e5f26c1f1c9,U003776,School of Information Engineering,2020,0.047
866d82f4950c47bb,U003777,School of Civil Engineering,2023,0.6918
48c05fcf45e9b4fb,U003778,School of Civil Engineering,2020,1.0674
32e2255f2e13e029,U003779,School of Electrical Engineering,2022,2.0321
b60dd1cd6ccacca7,U003780,School of Design & Arts,2025,0.3168
6999228fe2e535de,U003781,School of Applied Chemistry,2025,0.6936
c0eb924057f510fa,U003782,School of Business Administration,2021,1.1326
a79440ca272f55f7,U003783,School of Economics,2022,0.1822
9efd02d2ef82c49b,U003784,School of Civil Engineering,2022,1.4745
57e044a7582046a0,U003785,School of Information Engineering,2024,0.7767
a2938eef71271c5f,U003786,School of Foreign Languages,2024,0.3222
059861acf769c02a,U003787,School of Electrical Engineering,2021,0.68
eadf0ada9f2958e9,U003788,School of Design & Arts,2021,0.5136
82090fb82ce349d1,U003789,School of Economics,2022,1.288
8e59f65143f1e840,U003790,School of Design & Arts,2025,0.4117
4865bbfa51fe75cf,U003791,School of Education,2025,0.7409
b3f322db426d9736,U003792,School of Design & Arts,2021,0.3173
0d6130ea69903485,U003793,School of Electrical Engineering,2023,0.2311
cf7b8a344435acbf,U003794,School of Education,2021,0.7008
dab339a0a3e511fa,U003795,School of Applied Chemistry,2024,0.2408
150133d24830d6ba,U003796,School of Foreign Languages,2025,1.3147
4173fde50e14f75a,U003797,School of Computer Science,2022,1.0674
9ef9db1a89f0af83,U003798,School of Food Science,2020,0.2747
0611851732a12b6e,U003799,School of Education,2023,0.7311
ab30a747764b913d,U003800,School of Education,2022,0.2734
a4a755c07ed941a9,U003801,School of Electrical Engineering,2024,0.1187
1518470aaea0ebd7,U003802,School of Food Science,2022,0.3249
44f4cb9588ab3d18,U003803,School of Foreign Languages,2025,0.5614
ac98816b7b6d13a7,U003804,School of Information Engineering,2022,0.9944
ffbef4ab71af18bd,U003805,School of Education,2021,0.6856
fe7f9d92d7a42575,U003806,School of Applied Chemistry,2022,1.4633
fa9b83539839aedd,U003807,School of Applied Chemistry,2020,0.2213
fac7d7bdd501abaa,U003808,School of Electrical Engineering,2022,0.4051
bd81ffa23fd767ac,U003809,School of Food Science,2023,3.0568
6696104ecdca6a6a,U003810,School of Information Engineering,2021,0.0856
ac8410cb1c552136,U003811,School of Electrical Engineering,2021,0.3757
3640c351b3f51405,U003812,School of Applied Chemistry,2021,0.2022
04df9a3804b3a520,U003813,School of Business Administration,2020,0.4856
8b6001e3cf4cd307,U003814,School of Business Administration,2025,0.3823
7409a708bde3806a,U003815,School of Design & Arts,2025,1.078
d738a3edb7b886ea,U003816,School of Applied Chemistry,2020,0.7622
111fe63cd5326674,U003817,School of Economics,2024,0.16
d7039db8fb0ed21b,U003818,School of Economics,2024,0.3279
cd27e1f25d9ae1d0,U003819,School of Mechanical Engineering,2025,0.5903
6f9d4d75a5fbd47c,U003820,School of Electrical Engineering,2022,1.2366
ed29ed91961efadb,U003821,School of Food Science,2022,6.7258
71e8375dbd88ad57,U003822,School of Education,2022,1.1922
c76efefa414e983e,U003823,School of Information Engineering,2024,0.2145
35d2261198dde3a8,U003824,School of Economics,2024,0.5375
499d70aa36af08fe,U003825,School of Business Administration,2023,0.7075
68ac9264053bf2de,U003826,School of Economics,2021,0.3512
f04750de24b80aa0,U003827,School of Civil Engineering,2024,0.9448
1eb83f79b3dd6195,U003828,School of Information Engineering,2024,0.0609
c5059032b81d30a5,U003829,School of Business Administration,2022,1.0265
cf3e152f806fc381,U003830,School of Education,2023,0.3666
1667ad19cb20ab24,U003831,School of Economics,2022,0.529
a1498bbd2c1074ba,U003832,School of Mechanical Engineering,2023,2.5567
102202593069e7fe,U003833,School of Education,2023,0.1672
61fee8a84641099f,U003834,School of Food Science,2024,0.7755
caa8aef069305f76,U003835,School of Applied Chemistry,2025,1.3059
ab20b4f9593d4785,U003836,School of Mechanical Engineering,2022,0.7
9400e595a0e39fdd,U003837,School of Civil Engineering,2022,0.1175
c57726c3044cc3b6,U003838,School of Information Engineering,2022,2.2782
8825ca920dc5ad5f,U003839,School of Electrical Engineering,2021,0.4779
b2dd0cf9347c312c,U003840,School of Computer Science,2022,0.3484
e8e0808fe61e206f,U003841,School of Foreign Languages,2020,0.4328
5233ed2559cd40d5,U003842,School of Foreign Languages,2022,0.4029
a7aeb05893eb5793,U003843,School of Business Administration,2021,0.1796
7ceab3e85b92fee9,U003844,School of Food Science,2022,0.6962
fdd9254322d6dd96,U003845,School of Foreign Languages,2024,0.3249
a24909384d16e279,U003846,School of Design & Arts,2021,1.1547
1dfe4656d388947b,U003847,School of Economics,2023,0.9906
4e72f571f6e5880a,U003848,School of Foreign Languages,2025,3.0002
e8dc53ffcab30a35,U003849,School of Economics,2023,0.4778
437df9a370228d19,U003850,School of Computer Science,2021,0.2644
a7ff9c8c081ba4cf,U003851,School of Foreign Languages,2022,0.1358
8afc605a6a79ec96,U003852,School of Education,2023,5.2928
15ba5f85837d3140,U003853,School of Economics,2023,1.1447
b92597e97db62ccd,U003854,School of Electrical Engineering,2021,0.2954
28d06531f4068493,U003855,School of Design & Arts,2022,3.2096
22113efaf8281b16,U003856,School of Food Science,2023,2.2914
bd99f1aa9c147e0e,U003857,School of Design & Arts,2021,0.1529
b58a6586ef6a388c,U003858,School of Economics,2023,0.2779
8483fb37e3671475,U003859,School of Food Science,2020,0.5172
1b1719dc21ed2990,U003860,School of Electrical Engineering,2022,0.2025
5bb6839f16638283,U003861,School of Electrical Engineering,2024,0.536
8763df50e210ccaf,U003862,School of Electrical Engineering,2021,1.2032
66071883f9488232,U003863,School of Electrical Engineering,2023,0.1495
41d2a0e7392e8e51,U003864,School of Foreign Languages,2022,0.7914
28af5af2d6396be3,U003865,School of Civil Engineering,2022,1.8993
fba1df37e5f19946,U003866,School of Education,2025,0.8809
4e4edfdd7d39e626,U003867,School of Foreign Languages,2022,0.5474
e7ea7f5a19af8a08,U003868,School of Foreign Languages,2021,0.3027
f3e94f5418e8d7bb,U003869,School of Education,2025,1.355
4c65ae32a4b7f1e9,U003870,School of Food Science,2024,0.182
22ec1b9c080686c4,U003871,School of Mechanical Engineering,2024,0.7526
2d76a7b9a5218ac5,U003872,School of Education,2020,0.6056
aaf9e9013fc400fa,U003873,School of Food Science,2021,1.8196
feaed0d5ce390c22,U003874,School of Computer Science,2023,0.3296
dedfcb0dbd8e90ba,U003875,School of Business Administration,2021,0.3589
aab413df7e7e824a,U003876,School of Applied Chemistry,2021,0.1705
ceec5aae415f6b4b,U003877,School of Education,2024,0.9142
7a55b5022a161da9,U003878,School of Design & Arts,2022,0.3864
b4521555d6cb11ba,U003879,School of Applied Chemistry,2020,0.2493
b728f81c421668bf,U003880,School of Business Administration,2020,0.2742
989b7b0ffb73b582,U003881,School of Food Science,2022,1.0102
7d244a316ec84c0c,U003882,School of Economics,2023,0.1959
c966f2021ad1a7d7,U003883,School of Mechanical Engineering,2025,0.2141
22b9c8a29a3b3c39,U003884,School of Computer Science,2021,1.4468
81beb4d3f7cb330a,U003885,School of Food Science,2021,0.5
12e13ea6ff84945b,U003886,School of Foreign Languages,2023,1.5349
d7a750f56723a3da,U003887,School of Electrical Engineering,2022,0.4122
9cb6f26c041bc27c,U003888,School of Applied Chemistry,2023,0.5897
0c9ec634e4a2799d,U003889,School of Information Engineering,2025,0.6902
877e8e693d0958e0,U003890,School of Food Science,2023,2.3638
caf71f312f9b2a00,U003891,School of Design & Arts,2022,2.179
7363c9b8ce366d45,U003892,School of Applied Chemistry,2025,1.8705
362cfef9de15156a,U003893,School of Design & Arts,2020,0.3148
26c2e6b4746ca000,U003894,School of Design & Arts,2025,0.2201
7823bcdac0a4ce61,U003895,School of Civil Engineering,2023,1.2634
62a3989b22db3376,U003896,School of Business Administration,2023,2.3391
512d506a1f977a50,U003897,School of Civil Engineering,2025,1.8886
78154270b4022eb0,U003898,School of Economics,2023,0.5981
e957dc5c8d99d590,U003899,School of Mechanical Engineering,2022,1.2224
33e82fb7d8b6add4,U003900,School of Electrical Engineering,2022,1.2441
b253be246cc2d7c8,U003901,School of Economics,2023,0.6852
bcc377d7e18d2ac7,U003902,School of Applied Chemistry,2023,0.7156
1b20a997531fbf84,U003903,School of Mechanical Engineering,2021,0.6513
2a4c0b155f88908f,U003904,School of Food Science,2024,0.2684
90fb6cd857778fdb,U003905,School of Mechanical Engineering,2023,0.2973
41e9c6a3321d83a4,U003906,School of Civil Engineering,2022,0.2927
a54643fd98ed4589,U003907,School of Information Engineering,2020,0.1193
cfe8abfd14e5b742,U003908,School of Computer Science,2022,0.681
b75c29c5133ab36a,U003909,School of Electrical Engineering,2020,0.5669
c68f03812c617d19,U003910,School of Computer Science,2020,1.2649
741c7256e49ac683,U003911,School of Food Science,2022,2.0828
bf3eb26e21bb900e,U003912,School of Applied Chemistry,2020,2.2195
f6711fff34b08cce,U003913,School of Electrical Engineering,2022,2.4387
64bfb519494ce19b,U003914,School of Computer Science,2023,0.2769
c58ba8bfc5e6f48a,U003915,School of Civil Engineering,2022,0.141
cf6ee6aacb42bf9c,U003916,School of Electrical Engineering,2025,1.4974
6c15979bd355df5d,U003917,School of Economics,2025,2.3517
cfe70d9fdd5a29bb,U003918,School of Business Administration,2023,2.7982
adafa786e8236d89,U003919,School of Foreign Languages,2025,0.9589
25706a6ce9cf08c1,U003920,School of Civil Engineering,2025,0.0802
d3108633698bbfb1,U003921,School of Computer Science,2022,0.851
dbf11f16f42bd783,U003922,School of Civil Engineering,2024,1.0288
50e2bfb0aaf9870c,U003923,School of Information Engineering,2021,2.0649
6f6fd0d5e0ee60fe,U003924,School of Applied Chemistry,2024,2.4661
df6f0daca5c89030,U003925,School of Foreign Languages,2023,1.4661
45180766b4a87398,U003926,School of Design & Arts,2020,0.3282
1f0140e560fc6955,U003927,School of Mechanical Engineering,2022,0.211
3eb70431c5931e9b,U003928,School of Design & Arts,2025,1.007
e864aa5635f08863,U003929,School of Mechanical Engineering,2022,0.2673
e2ec35267166e09c,U003930,School of Electrical Engineering,2021,2.5809
3e7bd2a09b6afe60,U003931,School of Design & Arts,2021,0.1074
57a1164865ecb7aa,U003932,School of Food Science,2023,1.0407
66c459d822bc004e,U003933,School of Education,2024,0.8126
2d79877880818937,U003934,School of Applied Chemistry,2024,0.4801
ba99d9fd5079d01d,U003935,School of Business Administration,2022,0.2341
423585480a1311aa,U003936,School of Economics,2021,0.0751
8262fe36a1904950,U003937,School of Electrical Engineering,2020,0.347
f3e5827264016913,U003938,School of Applied Chemistry,2022,0.3531
9ca0abf4ba358c2b,U003939,School of Business Administration,2024,1.7945
8c0afd107fc4a63c,U003940,School of Electrical Engineering,2024,0.2699
78d4c44d411ef24d,U003941,School of Civil Engineering,2022,0.9285
cc0f47032376b5f9,U003942,School of Foreign Languages,2023,0.1621
26c85ebddde617ab,U003943,School of Food Science,2022,0.9543
c077aef3ec788ffe,U003944,School of Business Administration,2023,0.063
a64bf54dbb635710,U003945,School of Applied Chemistry,2023,4.7984
7e747e43b313a6f9,U003946,School of Education,2024,0.5127
54eeda4b485e7741,U003947,School of Mechanical Engineering,2023,0.0361
8936ddffe1a94091,U003948,School of Applied Chemistry,2025,0.288
8e9f463862466835,U003949,School of Economics,2022,0.2459
908b793ef5abaa4e,U003950,School of Information Engineering,2020,0.3064
9d43649b41f5c63b,U003951,School of Foreign Languages,2021,0.41
213f77dc26a359e1,U003952,School of Civil Engineering,2023,0.3043
b5928ff5755bce68,U003953,School of Design & Arts,2023,0.261
1a61e46d8878474f,U003954,School of Foreign Languages,2023,0.1853
281015e7b8355842,U003955,School of Information Engineering,2024,1.3428
ed0b975e227bc8c5,U003956,School of Mechanical Engineering,2022,1.9623
372aaeb4a5701f23,U003957,School of Computer Science,2023,0.4577
b6f3bbeb8a7af84b,U003958,School of Computer Science,2024,0.58
df4103ee37f268e7,U003959,School of Computer Science,2022,0.1914
e4d92026e22cbcd7,U003960,School of Education,2022,0.6338
71e5d630763fcf35,U003961,School of Foreign Languages,2021,0.743
fa582e612b3dddd1,U003962,School of Electrical Engineering,2022,0.4741
0b40ba9dc39303f4,U003963,School of Design & Arts,2024,0.8773
8482fcb7c1cc8770,U003964,School of Information Engineering,2025,0.8039
5fae802d0c653c7b,U003965,School of Business Administration,2023,0.2057
505df93e1b002f34,U003966,School of Information Engineering,2022,1.9465
6d156752f283fe83,U003967,School of Civil Engineering,2024,0.4797
f501f761e9548fcf,U003968,School of Design & Arts,2024,3.1537
65aaec9c7a7bfee9,U003969,School of Applied Chemistry,2022,0.8989
af59f6d60863a588,U003970,School of Applied Chemistry,2024,4.2373
0b73210601e27ff7,U003971,School of Information Engineering,2020,1.9122
11ecc67518c238ea,U003972,School of Design & Arts,2020,0.741
6ef7aedf8608473e,U003973,School of Applied Chemistry,2021,0.2865
ca0663283369efc2,U003974,School of Education,2021,0.2927
eb639ae549ac67d5,U003975,School of Business Administration,2025,1.006
a1310e085317f94b,U003976,School of Mechanical Engineering,2022,0.6812
f8de69fe9a0b046b,U003977,School of Civil Engineering,2022,0.3276
cb6599714cb6f5e1,U003978,School of Business Administration,2022,1.3581
02d8561da3c2c2f8,U003979,School of Business Administration,2022,0.6137
64c23a040e251cde,U003980,School of Business Administration,2022,1.3662
e7e454ba48265646,U003981,School of Foreign Languages,2021,0.2226
1d4eb8616110c722,U003982,School of Civil Engineering,2023,1.6039
85609f39062a3603,U003983,School of Food Science,2021,0.9743
e596a33b940ebcad,U003984,School of Information Engineering,2024,1.9553
51393e47529ec7cd,U003985,School of Education,2021,1.569
7365f747f63c09f4,U003986,School of Electrical Engineering,2024,0.5423
796d3241f232f8d7,U003987,School of Applied Chemistry,2024,0.5004
569dd3d2557f1f4e,U003988,School of Economics,2021,3.5114
5fa713d631e92994,U003989,School of Civil Engineering,2020,0.4415
bc1cf66adeee48af,U003990,School of Information Engineering,2025,1.2479
8a92e3a22214b3a7,U003991,School of Business Administration,2022,0.4032
f1cda2b06c8e88c1,U003992,School of Food Science,2023,0.0917
4d031aac42649ca5,U003993,School of Mechanical Engineering,2020,0.173
05c2bcf4c2d0134d,U003994,School of Food Science,2022,0.886
3b1e669086b80741,U003995,School of Foreign Languages,2023,1.1902
abce06f2211d98ab,U003996,School of Applied Chemistry,2025,0.8889
26de0c2dbf8f919c,U003997,School of Computer Science,2022,1.857
c43368c258174afc,U003998,School of Food Science,2024,0.8731
af33a8261ce3eabf,U003999,School of Mechanical Engineering,2023,0.2719
a09d7958298d67bb,U004000,School of Foreign Languages,2021,1.0696
9f2968eda417d1f2,U004001,School of Business Administration,2022,0.6995
655e368dcbfdc4ab,U004002,School of Electrical Engineering,2021,0.332
16c82b30dee93596,U004003,School of Mechanical Engineering,2022,0.947
6d2bb174037f3afe,U004004,School of Applied Chemistry,2023,0.6391
70c28361f524142c,U004005,School of Information Engineering,2022,0.3224
3590f67b2c97d984,U004006,School of Information Engineering,2021,0.4942
790506f779779fb0,U004007,School of Computer Science,2024,2.4268
2af3f844ed7a6461,U004008,School of Civil Engineering,2023,2.3487
e3748318f3178a81,U004009,School of Education,2023,0.7126
95e420d9ae83e802,U004010,School of Economics,2023,0.6252
b054d568439a99c3,U004011,School of Electrical Engineering,2021,0.1409
8e60bc6c7423f6ac,U004012,School of Design & Arts,2024,3.2948
edfb49f05a898fac,U004013,School of Economics,2022,1.6642
c9594ff934b33d2a,U004014,School of Electrical Engineering,2022,1.2523
6394cf6b06b41803,U004015,School of Economics,2021,0.0607
4b657a5e5374978c,U004016,School of Design & Arts,2023,0.615
3c00a214e97dc163,U004017,School of Foreign Languages,2023,0.5199
68028943a3513d95,U004018,School of Education,2022,1.1686
21856352ed8f796e,U004019,School of Electrical Engineering,2024,0.376
70c8dd1b61127aa8,U004020,School of Mechanical Engineering,2024,0.4683
e52baa9aadcd9652,U004021,School of Applied Chemistry,2021,1.0968
6280b06913a77088,U004022,School of Computer Science,2024,0.2724
e75709af74a377f2,U004023,School of Mechanical Engineering,2022,0.3325
23521ec1ab8737c2,U004024,School of Information Engineering,2025,0.7163
5b8514c74a21c7d6,U004025,School of Applied Chemistry,2021,2.2512
b73876131a9fe514,U004026,School of Education,2022,1.3251
c8730271fe6384c3,U004027,School of Electrical Engineering,2022,1.7305
e65dfd529eba67e7,U004028,School of Applied Chemistry,2021,0.629
4e108eb62fb8194a,U004029,School of Business Administration,2024,2.6329
c8787a085b4e5f1f,U004030,School of Information Engineering,2023,0.1035
2f77c8bad7a40515,U004031,School of Economics,2021,4.4604
60fc063c1f453933,U004032,School of Design & Arts,2023,5.0772
333c71035ddd439e,U004033,School of Business Administration,2025,0.932
4b61e1baaa2a12e2,U004034,School of Applied Chemistry,2024,1.357
88d68bb987a7b991,U004035,School of Applied Chemistry,2023,0.5684
c584a4cd9b025a99,U004036,School of Mechanical Engineering,2022,0.4788
8a36150b6a8db8b4,U004037,School of Computer Science,2021,0.3205
457172c6e725f1c0,U004038,School of Food Science,2025,0.5621
ec6c27f533e1dd2d,U004039,School of Electrical Engineering,2024,1.0294
d6796d1e977e58dc,U004040,School of Foreign Languages,2023,0.8984
4f72dbd1ca1d016c,U004041,School of Design & Arts,2025,4.3042
20f31d7172dcb4a6,U004042,School of Mechanical Engineering,2021,0.6526
c5416a79735298a0,U004043,School of Education,2024,0.1332
6411f0c5763d2215,U004044,School of Education,2021,3.0566
11d13e52010b2d61,U004045,School of Foreign Languages,2021,0.1741
c07b231b11a0933f,U004046,School of Information Engineering,2022,0.3374
1247570612f05b12,U004047,School of Food Science,2022,0.7747
2f632b09da688356,U004048,School of Mechanical Engineering,2025,0.896
326eceabc27100ed,U004049,School of Applied Chemistry,2022,0.1391
198b27ce24326cb4,U004050,School of Civil Engineering,2024,0.2799
1297f84c2cb1fbb0,U004051,School of Foreign Languages,2024,0.1343
f911433ddf0525b7,U004052,School of Information Engineering,2023,1.0993
c5c0b8a293e0751c,U004053,School of Food Science,2025,1.9278
3bef4c81da926c16,U004054,School of Applied Chemistry,2022,0.174
0a1915581cb600ce,U004055,School of Computer Science,2022,1.5978
bbd2a8aadb231481,U004056,School of Computer Science,2021,1.4975
ed4e6adeee605682,U004057,School of Foreign Languages,2022,0.3054
4803a96ab8213389,U004058,School of Business Administration,2025,0.0813
55ce08b1a36a6b10,U004059,School of Computer Science,2023,0.2022
48044b10c7d8170a,U004060,School of Education,2022,0.3255
d307f961e8ce25f7,U004061,School of Food Science,2021,2.7584
57ec2ebf2d551955,U004062,School of Computer Science,2023,0.5245
346d61b334458efd,U004063,School of Applied Chemistry,2024,0.2157
f2be699cba697820,U004064,School of Electrical Engineering,2022,0.6844
2740638cfd1806aa,U004065,School of Business Administration,2024,0.1616
f35a8295fa202219,U004066,School of Computer Science,2023,0.9874
4b829ee1c8eec784,U004067,School of Information Engineering,2024,0.2221
b557c444069fd084,U004068,School of Food Science,2021,0.2568
a12ed77fb5adb579,U004069,School of Business Administration,2023,0.8594
dc114badf8e91c65,U004070,School of Business Administration,2021,3.3981
b8dbe32abbbf0271,U004071,School of Design & Arts,2022,5.3163
a10b03d84602dec4,U004072,School of Information Engineering,2024,0.2087
aa1d0503ceb50082,U004073,School of Education,2023,0.3251
dbab7e6d79f4ac6b,U004074,School of Food Science,2021,0.9886
4792aaa20d303703,U004075,School of Electrical Engineering,2024,1.8999
7fcecc0f1453016f,U004076,School of Business Administration,2020,0.0678
10442703653de21b,U004077,School of Information Engineering,2023,0.6442
ecd53aff52a60f30,U004078,School of Food Science,2025,0.3627
065371bc507e914e,U004079,School of Civil Engineering,2023,0.0862
81e48be0d4814f5d,U004080,School of Applied Chemistry,2024,0.155
7d507a008f02ed75,U004081,School of Information Engineering,2023,0.3346
776aab8b60da9758,U004082,School of Economics,2024,0.6261
1e43f5dee7f71f56,U004083,School of Applied Chemistry,2023,1.6178
8cdf6dbe4906817f,U004084,School of Mechanical Engineering,2024,0.8414
453dea4144236953,U004085,School of Mechanical Engineering,2021,1.5228
2e650bbf0922e5b1,U004086,School of Education,2024,0.6064
9760eabb2aab57e5,U004087,School of Mechanical Engineering,2021,0.2917
a95e5dc06825198d,U004088,School of Computer Science,2025,0.4913
4e315ce30fd6d7bb,U004089,School of Mechanical Engineering,2021,1.1835
213950b60c56db38,U004090,School of Mechanical Engineering,2021,1.6579
276305ff9d4f5718,U004091,School of Economics,2024,0.5092
06e8fc482e998f8d,U004092,School of Economics,2021,0.2331
d4510cb9e5ffbf93,U004093,School of Computer Science,2022,0.8258
7d774d7b471cb6f2,U004094,School of Business Administration,2024,0.9522
48d0c0f4ca25ded1,U004095,School of Business Administration,2021,2.0253
e69339f4d93b3a8b,U004096,School of Electrical Engineering,2021,0.2995
8e02a6922f9f0644,U004097,School of Economics,2023,0.3028
2ba58579343fceea,U004098,School of Design & Arts,2021,1.2575
2bae5563d8f28ba5,U004099,School of Civil Engineering,2021,0.3928
aa16a07f50a066a3,U004100,School of Mechanical Engineering,2020,0.3766
eddb59c99f3b0d02,U004101,School of Information Engineering,2022,2.0691
1940b0b65c282837,U004102,School of Business Administration,2022,0.1499
8f25d5ae85defe22,U004103,School of Business Administration,2020,4.6145
386a2efd101fd6ff,U004104,School of Civil Engineering,2023,0.3199
5bc6c03bb839ff88,U004105,School of Food Science,2023,1.4046
7f805d7ee11bb566,U004106,School of Civil Engineering,2020,0.5295
88d2c732a42f3d9f,U004107,School of Computer Science,2022,0.7744
4c4368b8320cd083,U004108,School of Applied Chemistry,2025,0.4539
5240ff75d6416527,U004109,School of Mechanical Engineering,2023,1.3904
2a56040bb7c0afe1,U004110,School of Foreign Languages,2022,0.4171
f5e580ec01bbabfc,U004111,School of Mechanical Engineering,2022,0.3329
374e2b42b98f5617,U004112,School of Electrical Engineering,2021,3.6195
5ff9a60464a4e227,U004113,School of Education,2024,0.608
20188104fdb0a94e,U004114,School of Electrical Engineering,2025,0.3004
61afc02bd0c46231,U004115,School of Foreign Languages,2025,0.133
0076cd15e8d0505b,U004116,School of Computer Science,2021,3.8136
1ba92e34c757b508,U004117,School of Food Science,2022,0.34
03a3d74c49fa1383,U004118,School of Electrical Engineering,2021,4.6406
8e1fbd4ce54964f7,U004119,School of Business Administration,2022,0.8797
8fa2b5ec8b925bbe,U004120,School of Mechanical Engineering,2022,0.681
f524cd28d039a722,U004121,School of Computer Science,2023,0.6997
8b0bd5b8a8a236ac,U004122,School of Applied Chemistry,2021,5.4138
480673d77d6e0341,U004123,School of Mechanical Engineering,2025,0.0659
b96b962d2b939d81,U004124,School of Business Administration,2021,0.7315
a66ae1ec77a43451,U004125,School of Electrical Engineering,2020,0.4528
9549b12daf7e9d4f,U004126,School of Foreign Languages,2024,0.4771
359bd3a1db836fac,U004127,School of Design & Arts,2024,0.6854
3798d3087118b66d,U004128,School of Mechanical Engineering,2022,0.4524
3a25b89be82fb486,U004129,School of Mechanical Engineering,2023,0.7126
723625513b4494c0,U004130,School of Mechanical Engineering,2021,0.5766
bdd9832cd82d0a47,U004131,School of Computer Science,2021,0.1587
ebfedb80a4a840df,U004132,School of Computer Science,2023,0.8645
210ffafd16c96451,U004133,School of Information Engineering,2022,1.2081
73eec44ae7d1029e,U004134,School of Civil Engineering,2023,0.3433
a73a13a6ef6675a8,U004135,School of Design & Arts,2021,3.8224
86a89e540c37a5b3,U004136,School of Foreign Languages,2023,2.2447
efbccdf1dce31b53,U004137,School of Education,2024,1.3729
99ca732e7da2a095,U004138,School of Foreign Languages,2021,1.3564
3dcc3ae283c50fa4,U004139,School of Education,2020,0.6084
b4e35dc34b6a3172,U004140,School of Education,2022,1.8485
c3658012b63329c4,U004141,School of Food Science,2024,2.8398
b4f710f434393440,U004142,School of Electrical Engineering,2023,1.3245
1cd568f960062b31,U004143,School of Mechanical Engineering,2024,0.3338
83cbc559b9fb70c3,U004144,School of Mechanical Engineering,2022,0.5674
6e9fac3271ed5255,U004145,School of Food Science,2021,1.0478
8a35980b2bb879b1,U004146,School of Food Science,2023,1.3644
7b1182f0e2db3cb7,U004147,School of Computer Science,2021,0.5464
aba4fe0ab82ac099,U004148,School of Foreign Languages,2024,0.3349
4b1ebeb6bc679cfa,U004149,School of Civil Engineering,2021,2.8783
aee9a2f984b64326,U004150,School of Mechanical Engineering,2022,0.202
69e62fdee0afc8dd,U004151,School of Design & Arts,2023,0.2303
e665ee58a4a67f44,U004152,School of Information Engineering,2023,0.1566
9d5604455290501d,U004153,School of Information Engineering,2023,0.2298
6e10747cce0470a3,U004154,School of Civil Engineering,2022,2.0551
e5e05f5af119fc96,U004155,School of Mechanical Engineering,2025,2.1251
57e964d5fd868f8c,U004156,School of Electrical Engineering,2024,0.5482
6488c1c675881293,U004157,School of Economics,2025,0.9698
6ff591b58040959c,U004158,School of Design & Arts,2023,0.5842
77dafea5614f08f4,U004159,School of Mechanical Engineering,2023,0.1792
dbcf8220dda8c571,U004160,School of Business Administration,2023,5.4255
4fd89a81b7a337ce,U004161,School of Education,2022,2.3344
32dfe8477acaf341,U004162,School of Education,2022,0.8415
8720733a8fb37c9e,U004163,School of Education,2023,0.2509
02b20655fa887929,U004164,School of Applied Chemistry,2020,0.4715
acd791e3477f01ac,U004165,School of Civil Engineering,2020,0.2954
a0855c13b89a685e,U004166,School of Economics,2024,0.6509
f9302b715e1c32cd,U004167,School of Education,2020,0.8049
c32d8ebd2356818a,U004168,School of Information Engineering,2023,0.4197
a3ca5557f4be6849,U004169,School of Food Science,2023,0.1379
1bf2f03639efc51e,U004170,School of Design & Arts,2021,4.9781
0d3e7d435d0d601d,U004171,School of Information Engineering,2025,0.7487
ff7cb4bca8689ef9,U004172,School of Food Science,2021,0.932
cf838120e588ae27,U004173,School of Mechanical Engineering,2025,0.387
1d1a34ecec5ed815,U004174,School of Mechanical Engineering,2024,0.1238
36078735f259f37b,U004175,School of Electrical Engineering,2021,0.5432
732c84dc4d7e0aa6,U004176,School of Applied Chemistry,2021,0.4273
cd7fd081efab87ec,U004177,School of Civil Engineering,2022,1.2002
ee4d476b6f8c2389,U004178,School of Business Administration,2022,1.4609
5e2bb3ce9a8ba82d,U004179,School of Design & Arts,2021,1.2687
d7ca68438cc78833,U004180,School of Civil Engineering,2025,1.5861
ba3267c0fa5ea50a,U004181,School of Information Engineering,2021,3.5846
71aa9eb4cc93809a,U004182,School of Economics,2024,0.8718
3b53854696c59951,U004183,School of Computer Science,2021,1.7722
b6ab53282aa433e8,U004184,School of Foreign Languages,2025,0.9674
729b6678a49b5ff7,U004185,School of Electrical Engineering,2021,0.0883
9d7f588d0f204121,U004186,School of Economics,2022,0.5058
1f29139b300a9f9c,U004187,School of Computer Science,2023,0.2479
c36a11c3112be7c5,U004188,School of Business Administration,2021,0.7441
d2f7094d1a56dc1e,U004189,School of Mechanical Engineering,2024,0.2677
e1a03ff0e4c122fd,U004190,School of Economics,2022,1.0819
bfc98ec866d1abf3,U004191,School of Foreign Languages,2023,1.5746
67c4c49fa10371e1,U004192,School of Design & Arts,2023,1.9671
00dd221ab188c301,U004193,School of Design & Arts,2023,2.981
ec59488a658b8be0,U004194,School of Mechanical Engineering,2020,0.1105
96fbe591483039ee,U004195,School of Electrical Engineering,2021,0.178
5dbe01a42ca9f012,U004196,School of Food Science,2021,11.0321
9c68aa342b26b2b3,U004197,School of Computer Science,2022,1.6201
59a1a94cca0f561a,U004198,School of Mechanical Engineering,2021,0.7389
1a0292a7aa7189f7,U004199,School of Food Science,2025,0.6096
537dcee5db1115c1,U004200,School of Mechanical Engineering,2023,0.5577
0dae4c365838a414,U004201,School of Foreign Languages,2023,0.0854
8cf43bc7d86ecdee,U004202,School of Food Science,2022,0.2727
f0702b8d5d6d73c8,U004203,School of Foreign Languages,2022,0.5279
4361a962145b1622,U004204,School of Mechanical Engineering,2023,0.2886
b4a61cba4b60b6be,U004205,School of Food Science,2022,0.3289
7be0f8dc797f1590,U004206,School of Information Engineering,2022,7.6272
3797680e92c91761,U004207,School of Food Science,2022,0.459
1e446234fe9a287c,U004208,School of Mechanical Engineering,2023,0.7797
b78dfe6c8b22c098,U004209,School of Civil Engineering,2025,0.7524
e0d340cca58169c0,U004210,School of Food Science,2021,1.0644
442b84c3c96ebba5,U004211,School of Computer Science,2023,0.3663
8796403a6179cdc3,U004212,School of Mechanical Engineering,2021,2.0544
eee1c73940ed9036,U004213,School of Information Engineering,2022,0.9199
62c98be4a858cfce,U004214,School of Electrical Engineering,2024,0.163
cf4bb49e15aed06a,U004215,School of Electrical Engineering,2021,0.5302
a4e03ecc2d1935ad,U004216,School of Business Administration,2023,0.497
216a2264e79a0681,U004217,School of Civil Engineering,2022,0.4747
b6c7140a91e14e35,U004218,School of Electrical Engineering,2020,0.9824
2fd4bf5adcb224dc,U004219,School of Design & Arts,2025,1.1137
42269463e12831a6,U004220,School of Computer Science,2022,0.9897
0afd73be3dab04cd,U004221,School of Computer Science,2024,0.8285
397690cf6d40d319,U004222,School of Food Science,2022,0.6432
4d8128e2f8760eb4,U004223,School of Economics,2025,0.0687
d43ca356b8fb3cf7,U004224,School of Economics,2022,1.2852
56ca5943c38048e1,U004225,School of Electrical Engineering,2022,0.9621
59f1e06e2b120561,U004226,School of Food Science,2024,0.2205
9dcf37b2ea9f9439,U004227,School of Electrical Engineering,2022,0.7816
e2c0af8389aa1abf,U004228,School of Foreign Languages,2022,1.1285
cd784800805e276c,U004229,School of Economics,2025,1.9045
28540785f544947b,U004230,School of Computer Science,2023,0.9834
2815184292d9b8ef,U004231,School of Design & Arts,2024,0.8143
7929abddbc780cd9,U004232,School of Business Administration,2023,1.5216
7f23cb9196b6aadd,U004233,School of Electrical Engineering,2024,0.4345
e5aac70e9b39db42,U004234,School of Applied Chemistry,2025,0.8914
d9e083746492064b,U004235,School of Design & Arts,2023,0.3172
132cf50acaa6b636,U004236,School of Electrical Engineering,2022,1.7919
a026272a9d9ba8b4,U004237,School of Foreign Languages,2020,0.118
0f497dcaac4b7bd4,U004238,School of Design & Arts,2023,1.3361
bded29e0684d9a50,U004239,School of Food Science,2024,0.6009
b2b72f2bf92be21e,U004240,School of Mechanical Engineering,2022,1.5502
3f6c6afeb2ffe318,U004241,School of Applied Chemistry,2021,0.2705
4f45471d9216a0d1,U004242,School of Foreign Languages,2022,0.646
980a06098a1474ec,U004243,School of Civil Engineering,2023,0.6273
80e6f0b98ddda71f,U004244,School of Computer Science,2024,0.9111
f2b799004ca2ea72,U004245,School of Applied Chemistry,2021,0.2071
f0179daa24f7db48,U004246,School of Civil Engineering,2023,1.1154
f7528c0a0ef2ebf5,U004247,School of Civil Engineering,2024,0.0932
7399202ad28c7285,U004248,School of Education,2025,0.3028
185f5ad3eaab4ab6,U004249,School of Civil Engineering,2021,0.1237
9bd0a98cb145be3a,U004250,School of Business Administration,2025,1.3515
80294f3ea2bb17e1,U004251,School of Mechanical Engineering,2023,0.8808
b51aa03308963888,U004252,School of Information Engineering,2024,0.9315
9a746d4d5790a876,U004253,School of Applied Chemistry,2020,2.5759
9862451ffa925ceb,U004254,School of Business Administration,2023,0.4304
3f99344ffc59d451,U004255,School of Information Engineering,2023,1.0861
e05f60ac1fda993c,U004256,School of Electrical Engineering,2022,0.6307
c2cc406d2c379af2,U004257,School of Business Administration,2022,0.5416
dd789a41ddd93101,U004258,School of Applied Chemistry,2023,2.1806
5e6ddf6dc4b5b1be,U004259,School of Mechanical Engineering,2023,4.7345
e9981b8e935bd8fd,U004260,School of Education,2020,0.3835
0694d24bd8df41e6,U004261,School of Food Science,2022,1.359
68c059bdea10d3d8,U004262,School of Food Science,2021,0.8123
cd2a19f1f4c628be,U004263,School of Business Administration,2025,0.8221
33ed014015a43dc5,U004264,School of Foreign Languages,2025,0.7559
e80cddc6da68fcc3,U004265,School of Mechanical Engineering,2022,0.4231
baca01e3791bd23a,U004266,School of Foreign Languages,2021,0.0164
0c3669969ff05038,U004267,School of Economics,2021,2.7396
9a72b1c0e83f1a11,U004268,School of Computer Science,2023,0.2947
8a10f5cc5d62c71d,U004269,School of Civil Engineering,2025,0.4637
32df67f22a2d72bb,U004270,School of Education,2023,0.4736
db11a02068356a97,U004271,School of Business Administration,2020,0.2696
c77124f45d0dea3e,U004272,School of Applied Chemistry,2020,0.7507
56fb73d4415c561a,U004273,School of Computer Science,2021,0.5648
1dc964e989a66163,U004274,School of Information Engineering,2024,0.2884
04a389515751ea11,U004275,School of Foreign Languages,2023,0.6854
1c7e0cd490baa700,U004276,School of Education,2023,0.5712
b21fd65bf05fa11f,U004277,School of Applied Chemistry,2022,1.4931
5c9df780433e78dd,U004278,School of Applied Chemistry,2025,0.1545
edf9b968126035cb,U004279,School of Applied Chemistry,2022,0.2638
c84d27e9cf896aaa,U004280,School of Information Engineering,2024,1.2193
12cd053c6abae9f7,U004281,School of Business Administration,2025,0.3114
63d5c04f3b9bb4e5,U004282,School of Foreign Languages,2023,0.2392
e218d38267207154,U004283,School of Design & Arts,2025,0.3272
29955e7390d672d6,U004284,School of Business Administration,2022,0.5337
74b551bcad6a9d53,U004285,School of Mechanical Engineering,2023,0.5357
5187cccd2d381f6c,U004286,School of Business Administration,2020,0.4786
a0ce1ab767e5a150,U004287,School of Applied Chemistry,2023,0.2111
a8c724d6f51a907e,U004288,School of Computer Science,2021,1.2791
5ca4c738aeb913f2,U004289,School of Foreign Languages,2020,2.2238
3427d1fe36f54c85,U004290,School of Applied Chemistry,2020,0.0874
95e61055fb19f595,U004291,School of Information Engineering,2022,0.1249
a54d3f5fd7ff3080,U004292,School of Computer Science,2023,1.6094
33fb386e4c4869e8,U004293,School of Mechanical Engineering,2022,2.8371
23769b2c565abddd,U004294,School of Mechanical Engineering,2022,0.0702
1b85c33f7a9f1880,U004295,School of Economics,2025,1.3343
9ab53e58734af8a7,U004296,School of Electrical Engineering,2025,3.037
1bc427c9e9f82398,U004297,School of Food Science,2021,0.2492
a6113bdde3f679b7,U004298,School of Business Administration,2022,2.8653
ad70593a7e1af01c,U004299,School of Computer Science,2023,0.4941
6c0f68e1b6ed5b24,U004300,School of Applied Chemistry,2024,0.8087
e58c4adcf3bb5118,U004301,School of Computer Science,2022,0.2876
c119a6e9d6a1b835,U004302,School of Civil Engineering,2024,1.6064
0a59af688a2ce1c8,U004303,School of Information Engineering,2021,1.3599
d2adb4fc45315c2f,U004304,School of Mechanical Engineering,2022,3.3125
e11f59849a03b77c,U004305,School of Food Science,2024,2.4933
b7c26390fe0d70bb,U004306,School of Business Administration,2023,0.585
2e68b3fd97c04309,U004307,School of Information Engineering,2024,13.2153
8aa6e1ab97247641,U004308,School of Computer Science,2020,2.2791
d85a87df01dd4a1d,U004309,School of Civil Engineering,2021,1.0136
d4c2267eaa6cd4b6,U004310,School of Civil Engineering,2020,0.2178
2873f404778cfef9,U004311,School of Economics,2021,0.1278
d875110523ddfdb3,U004312,School of Economics,2020,0.1392
85218a442a81ca5c,U004313,School of Computer Science,2023,0.2321
ae67a351d2af87b9,U004314,School of Business Administration,2023,2.3403
63bb03171952e155,U004315,School of Information Engineering,2023,0.9609
f68af24164bb7e36,U004316,School of Information Engineering,2022,0.3197
4fa01f53a1ac5792,U004317,School of Mechanical Engineering,2020,0.5154
50157acd127bda4b,U004318,School of Mechanical Engineering,2024,0.4562
b40c212547e2ce2f,U004319,School of Civil Engineering,2020,1.314
bdd8a3ef98c9f39b,U004320,School of Design & Arts,2025,0.2452
d0dac15cf27688bd,U004321,School of Economics,2020,0.8375
ff4dde0868f47667,U004322,School of Computer Science,2023,0.797
7d953c27aeba7d9e,U004323,School of Computer Science,2025,0.2526
7094792f74cabe20,U004324,School of Foreign Languages,2023,2.8893
28b6636d4dcb5958,U004325,School of Design & Arts,2023,0.4393
47311f90c9450db8,U004326,School of Foreign Languages,2024,0.2188
b519e0cf27d614c3,U004327,School of Business Administration,2021,1.3852
fe7b34660453f1db,U004328,School of Mechanical Engineering,2024,0.6234
7d4b1d3facc0b513,U004329,School of Applied Chemistry,2025,0.8882
c8878206f481d446,U004330,School of Civil Engineering,2025,0.1806
de117cbcb136174c,U004331,School of Computer Science,2022,1.3303
711fe86dd0fc6b0b,U004332,School of Education,2022,5.1832
cd4a85dbff133c36,U004333,School of Information Engineering,2024,0.167
b763645000da3417,U004334,School of Computer Science,2023,0.8413
34903290127c3689,U004335,School of Foreign Languages,2021,0.2692
26a8ebb0747f72b2,U004336,School of Applied Chemistry,2021,8.6937
bce5e46eae083a03,U004337,School of Business Administration,2021,2.0393
bb8b4e9e9ab0c360,U004338,School of Applied Chemistry,2022,0.7828
9594400cbd8c67bd,U004339,School of Civil Engineering,2021,0.1729
1f1a668ac0215400,U004340,School of Computer Science,2020,0.2202
5e1d3761b1002976,U004341,School of Foreign Languages,2020,1.2452
2b25a3fd98a411e1,U004342,School of Economics,2025,0.1511
6c312046775acd6a,U004343,School of Mechanical Engineering,2020,0.156
dbb1be8a31c997f1,U004344,School of Mechanical Engineering,2020,0.5956
ac96d2dfd8fe7746,U004345,School of Food Science,2022,0.6746
750249ff5e008ff0,U004346,School of Business Administration,2021,0.8633
0188b79aec5f09fe,U004347,School of Information Engineering,2025,0.3804
1698a0703004e9cc,U004348,School of Design & Arts,2025,1.4816
333ebb1a23d47dbc,U004349,School of Computer Science,2022,0.2494
f7a74cb10712e2c4,U004350,School of Education,2022,1.1048
fce3f9fbc343dd5d,U004351,School of Education,2022,0.7313
0b46acc0c19b3f79,U004352,School of Mechanical Engineering,2020,1.0764
2b499a6b0bee9497,U004353,School of Business Administration,2022,1.9251
4a3bc5218bb062a7,U004354,School of Design & Arts,2021,0.3744
39aaef8603cc5713,U004355,School of Electrical Engineering,2021,0.3048
7b3ccc926a44045c,U004356,School of Mechanical Engineering,2023,0.1091
5b91a5374ac7e672,U004357,School of Civil Engineering,2020,0.0784
aaa11f956dcd4191,U004358,School of Design & Arts,2021,0.4951
b19181fc16a2f551,U004359,School of Education,2023,0.5302
459386f06f285e79,U004360,School of Electrical Engineering,2022,0.1993
f3c82f527e6354e3,U004361,School of Economics,2021,0.2471
f52520b7856c6ee0,U004362,School of Civil Engineering,2020,2.7086
5f6cc42908dc483f,U004363,School of Foreign Languages,2021,1.4174
fcfe7f469845d3a4,U004364,School of Education,2021,0.1672
8ecfc2cb4f44314a,U004365,School of Economics,2024,0.3793
e49e9c961057debc,U004366,School of Foreign Languages,2025,0.886
b913e77d71c3e53d,U004367,School of Economics,2022,0.3155
e41666b24ea6f438,U004368,School of Business Administration,2022,0.263
7d54230975c8aed9,U004369,School of Economics,2024,0.4209
1022c9d6852374b2,U004370,School of Education,2023,1.7571
ffbfa081e7fe4f3e,U004371,School of Education,2021,1.924
dfa5b19742566626,U004372,School of Computer Science,2021,0.283
5c0b9839e447f8d0,U004373,School of Civil Engineering,2022,0.9357
c9dcedd2c7b3bd46,U004374,School of Foreign Languages,2023,0.5866
5f8fcd922ecc07da,U004375,School of Mechanical Engineering,2021,0.2154
f70b187a70cb8ba2,U004376,School of Foreign Languages,2022,0.4386
97226eaec0fb38aa,U004377,School of Computer Science,2022,0.1668
0407a73b87cf2f67,U004378,School of Food Science,2021,1.889
aba995c170e2b68a,U004379,School of Design & Arts,2022,2.7884
07ddbe28df497d0d,U004380,School of Electrical Engineering,2023,0.3916
573166267d9b7bef,U004381,School of Mechanical Engineering,2023,0.3085
20bff125a91ebf80,U004382,School of Foreign Languages,2021,1.6948
8c3a3dde5f51f808,U004383,School of Applied Chemistry,2021,1.992
86cb1846b750bfed,U004384,School of Design & Arts,2024,0.1937
cb699327b02b914b,U004385,School of Mechanical Engineering,2023,0.5091
ea268ead872b0a98,U004386,School of Civil Engineering,2020,0.5566
62f2fd7adad561ad,U004387,School of Economics,2021,0.2731
7ede1fcb0851addb,U004388,School of Food Science,2024,0.8685
53f5babfad09fa0a,U004389,School of Electrical Engineering,2024,0.2932
de16e3281e0f695f,U004390,School of Computer Science,2025,0.3439
98a7e37edab9e113,U004391,School of Foreign Languages,2023,0.5335
104be8322f7e8a44,U004392,School of Business Administration,2022,0.1332
35e339bcd3a6d49b,U004393,School of Food Science,2022,0.0755
a9bf6e091977b1bc,U004394,School of Design & Arts,2021,1.4789
04346615b915fd23,U004395,School of Education,2023,0.2816
775e134a3018d6b0,U004396,School of Business Administration,2023,4.9921
36c9f96959867515,U004397,School of Information Engineering,2021,4.2411
a9c9f92d5c5d2a2f,U004398,School of Economics,2025,0.3558
5f02568a01ae8847,U004399,School of Computer Science,2022,6.123
330e8f5719739343,U004400,School of Electrical Engineering,2020,1.5077
2bfe131942b52517,U004401,School of Computer Science,2022,0.3096
5d3db225fa41ec48,U004402,School of Civil Engineering,2025,0.0447
73284bbaa1feb384,U004403,School of Food Science,2025,1.1749
78148ce382c3e426,U004404,School of Foreign Languages,2023,0.6091
9350b53925ac1677,U004405,School of Mechanical Engineering,2025,0.9088
1ca301f538767601,U004406,School of Food Science,2025,0.4696
5d8f8178b9cb6752,U004407,School of Civil Engineering,2024,0.1881
b5f55df50a356ae5,U004408,School of Foreign Languages,2024,0.3852
3347ee97a526b904,U004409,School of Electrical Engineering,2022,1.1968
705a2bb405ea36a8,U004410,School of Information Engineering,2024,0.4142
6dc9215c9e2eb131,U004411,School of Civil Engineering,2023,0.4117
19ace157687de476,U004412,School of Electrical Engineering,2024,0.1292
2e2e95ecdc7b2f48,U004413,School of Mechanical Engineering,2021,0.6467
eb74ac7f2d68de52,U004414,School of Economics,2024,0.1942
cf3dab72912ae206,U004415,School of Food Science,2025,1.4792
cc337f615f3d1a0d,U004416,School of Food Science,2022,0.2833
2c08ae0c48f4ee25,U004417,School of Business Administration,2025,0.4392
6f528430a8bce307,U004418,School of Design & Arts,2022,5.1396
28ec332c3028b808,U004419,School of Applied Chemistry,2021,0.4345
1ad41faa7073ba7b,U004420,School of Design & Arts,2021,0.38
1b7c3f1efd718c0d,U004421,School of Economics,2024,1.0604
77b6605a0059dca1,U004422,School of Electrical Engineering,2023,0.099
112fd37e7d75069b,U004423,School of Computer Science,2022,2.0623
7dc1f2e8522ba294,U004424,School of Civil Engineering,2023,1.5951
84a09949bae7a4a9,U004425,School of Design & Arts,2022,0.9974
e90aad8230eedc6d,U004426,School of Civil Engineering,2022,0.0202
f097ed5cd7499e48,U004427,School of Computer Science,2025,0.4555
05474b00b01753c6,U004428,School of Mechanical Engineering,2023,0.1653
6c8871f32027abab,U004429,School of Applied Chemistry,2024,1.8168
e76a192e5a5dc24d,U004430,School of Mechanical Engineering,2023,1.6914
65fb45531a30e324,U004431,School of Civil Engineering,2025,0.8702
0b0da50c8e0cba50,U004432,School of Design & Arts,2021,0.1773
9a1a3f707b60993f,U004433,School of Civil Engineering,2021,2.6308
cce111f923114c46,U004434,School of Applied Chemistry,2020,0.4542
dff0c86704dfd7ed,U004435,School of Computer Science,2023,3.5908
0e504d760523898d,U004436,School of Business Administration,2023,0.7698
f78a26882dbc62b7,U004437,School of Food Science,2024,0.98
aaa51d1926354dfe,U004438,School of Food Science,2022,0.3726
067b451dc76999c1,U004439,School of Information Engineering,2020,2.4108
21de8d2a17246ee6,U004440,School of Business Administration,2023,1.0848
93fb69725979d5a9,U004441,School of Electrical Engineering,2025,2.499
8543dff626d89949,U004442,School of Foreign Languages,2022,0.7051
2dcc851c441535d8,U004443,School of Mechanical Engineering,2021,0.5632
5626c84f6ba57895,U004444,School of Economics,2022,1.0705
940d2e711d5043bd,U004445,School of Mechanical Engineering,2022,2.4981
a270f106ffdbdcb9,U004446,School of Food Science,2021,1.6319
0f09c49a98897f9a,U004447,School of Mechanical Engineering,2022,0.6779
91da40b88a663ba2,U004448,School of Food Science,2023,0.0922
dae20e2436886f62,U004449,School of Education,2022,1.3276
4108b72dc2c58b97,U004450,School of Economics,2022,0.1401
5cb68c43281a957e,U004451,School of Education,2020,0.6114
78ba10d8605fc5be,U004452,School of Civil Engineering,2025,0.5258
ff5eac5ca2a46eb0,U004453,School of Design & Arts,2022,0.143
216a57d29d72483a,U004454,School of Design & Arts,2022,0.8568
03f64da7e3a1d61f,U004455,School of Mechanical Engineering,2020,5.0902
549c7e01ddd1cb18,U004456,School of Food Science,2023,0.4319
6b5b14f091a6cb85,U004457,School of Foreign Languages,2025,1.2698
1ca2139352572cd8,U004458,School of Civil Engineering,2020,6.2257
3ed02cf196bd8465,U004459,School of Business Administration,2021,1.3988
c548261e57b28ccc,U004460,School of Foreign Languages,2021,0.3098
8aa883bfb1ddbcf4,U004461,School of Education,2023,0.7483
70a37abae338499d,U004462,School of Information Engineering,2025,0.9548
c891ca77e1d422e1,U004463,School of Education,2022,2.4764
e70b1aaf6769d33c,U004464,School of Applied Chemistry,2022,1.9878
c76f046f3a291889,U004465,School of Economics,2024,0.037
8b53452d07de3d73,U004466,School of Information Engineering,2024,0.2508
eaf2e18859b51ff3,U004467,School of Information Engineering,2021,0.5504
92fb6023a434865b,U004468,School of Design & Arts,2021,0.2139
6fa466192435fcee,U004469,School of Computer Science,2022,0.0146
8f2a8998a59cc6d1,U004470,School of Electrical Engineering,2024,0.2858
11fab158c34b6c20,U004471,School of Design & Arts,2024,0.5882
2c55c632649b191b,U004472,School of Business Administration,2023,0.3491
af4a29ba18621103,U004473,School of Electrical Engineering,2024,0.2179
fc3c1330aa741229,U004474,School of Electrical Engineering,2022,0.6154
e0482d8dce2d3c3a,U004475,School of Electrical Engineering,2022,0.832
c36885374897b735,U004476,School of Foreign Languages,2020,0.3695
24e80124d7cbd734,U004477,School of Information Engineering,2025,2.3274
801242dd2f6e4ddf,U004478,School of Food Science,2023,0.6254
6ba653f67e66badb,U004479,School of Foreign Languages,2022,0.247
0595936d77e79f3f,U004480,School of Mechanical Engineering,2020,0.1918
e500fc66806ecb7a,U004481,School of Applied Chemistry,2024,0.4771
594aa67e92e8e605,U004482,School of Business Administration,2024,1.7975
bf2ecdac4cd2f077,U004483,School of Information Engineering,2023,0.2591
a50f57f10b7e9ee8,U004484,School of Foreign Languages,2021,1.0713
50888101c2330d5b,U004485,School of Business Administration,2025,0.6489
b8206df20af216d6,U004486,School of Applied Chemistry,2024,4.3329
9ea81cdb79b375e3,U004487,School of Computer Science,2023,0.8722
a848edb7847f08be,U004488,School of Computer Science,2023,0.2937
dadba57c4301b025,U004489,School of Foreign Languages,2025,1.2329
285a6a5755c11f70,U004490,School of Design & Arts,2025,1.2751
063269aee5b652e2,U004491,School of Mechanical Engineering,2023,0.3969
c1f4e020bdf83a55,U004492,School of Food Science,2022,0.1843
813e0b7f8173ac82,U004493,School of Design & Arts,2022,1.0091
2b2041cacbd3b290,U004494,School of Computer Science,2024,0.6291
a43f80fbee7b49d6,U004495,School of Information Engineering,2023,0.1296
a41befd473283809,U004496,School of Civil Engineering,2020,0.7615
2a943efbeb0b6fab,U004497,School of Foreign Languages,2021,0.3122
15be27d50108905c,U004498,School of Mechanical Engineering,2025,0.1297
98b918d3fc854f53,U004499,School of Computer Science,2025,0.4151
f18b723f46cf7c02,U004500,School of Education,2025,2.1296
b5035d6ab3fe5007,U004501,School of Information Engineering,2022,1.976
f8f5bb9026d6f5fb,U004502,School of Economics,2024,1.5216
330fdde2b4a48fd3,U004503,School of Business Administration,2024,0.7728
480fe6e488d02557,U004504,School of Applied Chemistry,2022,1.0712
2f19781434825808,U004505,School of Economics,2021,0.6516
1c4e77c4c4dc5d77,U004506,School of Education,2025,0.1955
135e3113b9525908,U004507,School of Design & Arts,2020,0.2387
979e90ddf5e230f1,U004508,School of Business Administration,2023,0.3217
99de30d20ae5eefd,U004509,School of Mechanical Engineering,2023,2.3973
3acae3061038bac2,U004510,School of Foreign Languages,2024,1.7327
42a91bd16395ec58,U004511,School of Applied Chemistry,2021,0.2005
f43d1036d6a9d7d7,U004512,School of Economics,2024,0.6227
72aef2447d16a549,U004513,School of Education,2021,0.3947
4c5bcbc4d9a9716a,U004514,School of Economics,2024,0.5056
1eba6adc03d7ebef,U004515,School of Applied Chemistry,2021,0.3454
d063eb5c8c06d778,U004516,School of Foreign Languages,2024,2.4077
627e680d7f44035a,U004517,School of Design & Arts,2024,0.5793
c12ced08ca876f88,U004518,School of Business Administration,2021,0.7328
43319766b21e8a2f,U004519,School of Computer Science,2021,0.7388
f62d984a43411b3a,U004520,School of Information Engineering,2024,0.2112
9387fb66a0b57c6f,U004521,School of Electrical Engineering,2020,0.6581
0f4d06df85bb6b16,U004522,School of Business Administration,2021,1.708
beb339a6ea988b45,U004523,School of Food Science,2022,2.5746
656edb647bda8d0e,U004524,School of Food Science,2025,0.1873
0017a8ee3fa111bf,U004525,School of Foreign Languages,2023,0.1293
5d901cec86ea0c95,U004526,School of Electrical Engineering,2022,0.6282
85d2efacd4076da6,U004527,School of Mechanical Engineering,2025,1.7899
400f086e72ccaab9,U004528,School of Applied Chemistry,2022,0.8459
3a4bf816921c297f,U004529,School of Mechanical Engineering,2022,1.1657
47784c9cc3868f28,U004530,School of Mechanical Engineering,2022,0.1515
2f1ea021fecf329f,U004531,School of Information Engineering,2022,0.3332
53859768ead54d8b,U004532,School of Civil Engineering,2022,0.0657
6fa1a4ce313f4a00,U004533,School of Foreign Languages,2024,0.512
04f4884531ba2d2b,U004534,School of Electrical Engineering,2020,0.0678
d304b4eab50dfce6,U004535,School of Economics,2024,2.2382
5e5ecb2d485f6eb8,U004536,School of Applied Chemistry,2021,2.795
a5f081b889b60e0f,U004537,School of Food Science,2022,0.6795
5022f449280aa158,U004538,School of Electrical Engineering,2021,0.1301
6d9bf6c9ef2277e2,U004539,School of Computer Science,2023,0.8596
2e9d16d9b15fa98c,U004540,School of Mechanical Engineering,2024,3.7891
08792d2acc52d904,U004541,School of Business Administration,2022,0.95
fd1adc93189bdb24,U004542,School of Mechanical Engineering,2021,1.9309
90f3699c038c7c78,U004543,School of Business Administration,2021,0.3634
2e05b4b433a24d05,U004544,School of Education,2024,0.247
8c1c771766bb47bc,U004545,School of Applied Chemistry,2021,0.55
b40ebedd4aa1749d,U004546,School of Design & Arts,2024,0.086
9ad66babdd8de3de,U004547,School of Electrical Engineering,2022,5.6808
aa264430a89608f9,U004548,School of Design & Arts,2021,0.6788
b91a59b0249b073d,U004549,School of Applied Chemistry,2024,1.4046
616da01ab35e2f8a,U004550,School of Food Science,2022,0.3721
0bf73ff5f3b4047b,U004551,School of Economics,2020,0.1262
3c0199433c3f03f7,U004552,School of Applied Chemistry,2025,2.4567
8e37480b39d97a01,U004553,School of Economics,2021,0.1918
139c2af299279c54,U004554,School of Design & Arts,2022,0.8368
672f14a97fba6ac5,U004555,School of Education,2022,0.9195
a755a7777dbfe97e,U004556,School of Applied Chemistry,2023,0.6357
860e530fc4008566,U004557,School of Food Science,2024,0.2694
aa14b9d451c4b253,U004558,School of Business Administration,2020,0.5083
b35057958046d343,U004559,School of Business Administration,2025,0.2283
c7144683a8072ebf,U004560,School of Computer Science,2023,1.326
0da9f23d21337b5b,U004561,School of Economics,2025,1.0455
bcec4df8fa422b4a,U004562,School of Food Science,2024,0.5779
00d89edcbfd462c6,U004563,School of Electrical Engineering,2025,0.3344
8fc762a8dc7d452c,U004564,School of Civil Engineering,2023,4.8565
2fbcd4616711eaf8,U004565,School of Civil Engineering,2022,0.1606
ef1a5259530c5f65,U004566,School of Business Administration,2022,0.126
e51a90e1e928c049,U004567,School of Applied Chemistry,2023,0.5439
223e1d058e771d23,U004568,School of Economics,2022,0.4561
ba2dc17a7744cd68,U004569,School of Economics,2024,1.7693
12489ecd27375b85,U004570,School of Information Engineering,2020,1.1265
e6122b4e47605a23,U004571,School of Electrical Engineering,2024,0.6081
29ffd3356680532b,U004572,School of Design & Arts,2021,0.9737
a2bacaff9cf21742,U004573,School of Design & Arts,2025,0.9562
d626b48928993ddd,U004574,School of Foreign Languages,2021,4.8382
87ca844ab23b2df7,U004575,School of Foreign Languages,2021,0.7606
b1a874e5dd2acb8e,U004576,School of Computer Science,2024,0.2988
fe6e9e69e6f83fce,U004577,School of Civil Engineering,2024,0.72
f3fb53400642e462,U004578,School of Business Administration,2024,0.043
c7c1a6986aa86fc6,U004579,School of Foreign Languages,2025,0.5714
a63e3d57a096d27c,U004580,School of Civil Engineering,2022,1.7612
3e7df072f009b947,U004581,School of Electrical Engineering,2024,1.0781
6d2e33943a44e187,U004582,School of Economics,2022,0.7958
e9ad7d9c9b2343af,U004583,School of Education,2023,1.13
d836d696522635e7,U004584,School of Food Science,2022,1.7794
9928e3a28755f673,U004585,School of Information Engineering,2020,2.4552
825c81bd597eff69,U004586,School of Economics,2023,0.9235
aa72133bc1672929,U004587,School of Applied Chemistry,2024,0.4304
50067311d6570515,U004588,School of Information Engineering,2021,0.0584
34e246186c5b01a4,U004589,School of Electrical Engineering,2025,1.5701
97363fce68e097bd,U004590,School of Business Administration,2023,0.9883
59c522e174155abf,U004591,School of Computer Science,2021,0.6877
b197d610cf6f2b76,U004592,School of Design & Arts,2023,0.2967
933c86b3a6c89a55,U004593,School of Electrical Engineering,2021,1.5498
57da37b32dc395c8,U004594,School of Foreign Languages,2020,0.4565
39b5634ff3de2787,U004595,School of Economics,2024,0.5704
8106f3f94a293ae2,U004596,School of Mechanical Engineering,2021,0.5582
a1c3d64a2312c7c4,U004597,School of Economics,2021,0.9257
30dd48a8c465d933,U004598,School of Information Engineering,2024,0.1872
cffbb63a3939d5a6,U004599,School of Mechanical Engineering,2020,1.0362
8131a2d68db8902c,U004600,School of Information Engineering,2024,0.2871
bbeeb92dd24c0fc9,U004601,School of Mechanical Engineering,2024,0.2974
c78a04ff094c91b5,U004602,School of Electrical Engineering,2021,1.4308
8c7f45ad0dc91347,U004603,School of Food Science,2023,0.2183
8bd3331d17ee1962,U004604,School of Foreign Languages,2020,1.4282
f1c6f8130880431c,U004605,School of Civil Engineering,2023,0.6534
2dbee6364f33bc24,U004606,School of Education,2020,0.1136
7e61ffd6fb5d6793,U004607,School of Civil Engineering,2025,2.3105
6a2e0c5138c96611,U004608,School of Information Engineering,2021,0.8051
84d62e79832ffd76,U004609,School of Mechanical Engineering,2024,0.8756
0a41dfbd2ee2c59b,U004610,School of Applied Chemistry,2021,1.6165
80b61755ade813c9,U004611,School of Business Administration,2021,2.6438
6f569f4254d5a3f4,U004612,School of Electrical Engineering,2022,0.7218
202765a3861d9dfe,U004613,School of Computer Science,2023,1.0945
973b56ec1c50fa4f,U004614,School of Electrical Engineering,2025,0.8557
28054e5a131e8acc,U004615,School of Education,2020,0.419
7aceda38e14c12c6,U004616,School of Mechanical Engineering,2020,0.1212
d005e2cf5cdc1627,U004617,School of Information Engineering,2022,0.7319
80a903792fff6f47,U004618,School of Computer Science,2022,2.3442
85f468d3b6ceb6fe,U004619,School of Foreign Languages,2025,1.0579
2e255233e029b42d,U004620,School of Computer Science,2025,0.203
d85d07ceabfc553e,U004621,School of Business Administration,2025,1.7692
bea2766bbce801a1,U004622,School of Foreign Languages,2021,0.4332
0c18416f0025f883,U004623,School of Design & Arts,2022,0.0729
f00a62b2cf3ddb80,U004624,School of Design & Arts,2024,1.6338
5fb440909627c6e6,U004625,School of Design & Arts,2022,0.2294
97a6a4381ee2b96e,U004626,School of Design & Arts,2023,3.5034
90a5a6ad177779cf,U004627,School of Applied Chemistry,2021,1.8604
5f85626cd89d7cb1,U004628,School of Applied Chemistry,2022,0.4701
c3c356b02554c70a,U004629,School of Economics,2025,0.9346
e6597372f69bac44,U004630,School of Electrical Engineering,2021,6.6653
66ec4b0797de1408,U004631,School of Computer Science,2025,1.6048
3eac85d23260044d,U004632,School of Business Administration,2022,0.7492
b92648ce7020906b,U004633,School of Economics,2020,10.6137
08deaac23c863377,U004634,School of Mechanical Engineering,2021,0.664
b4f7dba5b1616072,U004635,School of Business Administration,2021,1.0563
30c64a7a7bf9a7a0,U004636,School of Information Engineering,2023,0.2315
00ff5e0122b48f7d,U004637,School of Electrical Engineering,2021,0.1106
fab6b67d19073f06,U004638,School of Business Administration,2023,0.4427
e1352a4de5c80081,U004639,School of Applied Chemistry,2025,0.6135
2ef4e4617130c389,U004640,School of Education,2022,0.8206
ff465ea5a9b8a6a2,U004641,School of Civil Engineering,2021,0.1427
afd3a79decd571a1,U004642,School of Education,2022,1.143
ab2d3d27990ca2f4,U004643,School of Computer Science,2024,0.2573
04ebb0db55e29b28,U004644,School of Economics,2023,1.0852
4bd1f5700ae5224d,U004645,School of Information Engineering,2021,1.5037
a22b6e2449c36f36,U004646,School of Design & Arts,2023,0.3975
277722522929b66d,U004647,School of Economics,2022,0.2252
72d417dcf528147d,U004648,School of Foreign Languages,2022,2.7639
d83104235b978e81,U004649,School of Education,2021,1.4133
ab4f2783c263596f,U004650,School of Design & Arts,2025,0.6873
18fb2dc7879a7ae2,U004651,School of Design & Arts,2021,2.5636
cd14f4658f4f6543,U004652,School of Design & Arts,2021,0.6416
5b126e58dbc35578,U004653,School of Electrical Engineering,2021,0.3174
5430656c7f957bf5,U004654,School of Business Administration,2023,0.2168
586c85262cec0fc6,U004655,School of Food Science,2022,0.53
efad0428acdc2c3b,U004656,School of Education,2021,1.2773
c6603a54e79988d1,U004657,School of Education,2022,2.3697
6aa6fa514edd9327,U004658,School of Economics,2024,0.6044
c0ac34373f237626,U004659,School of Business Administration,2022,1.986
d8dbe78ff241e1a7,U004660,School of Business Administration,2025,0.4765
95b68a6622e94bd6,U004661,School of Computer Science,2022,0.2702
3f11fe1c6f719f67,U004662,School of Applied Chemistry,2021,0.1599
a2164f7163b5970a,U004663,School of Business Administration,2025,0.3559
b9c5ed564abca4a3,U004664,School of Economics,2024,0.166
e36cb3b7ac04f3ab,U004665,School of Information Engineering,2022,4.404
01c426ab267f1010,U004666,School of Food Science,2024,0.916
d75c07e57833dcd5,U004667,School of Civil Engineering,2023,0.5365
9a0558727f693616,U004668,School of Electrical Engineering,2022,3.3035
a41b99c667ef7674,U004669,School of Civil Engineering,2024,0.1605
bfebdc0ce5e8ce66,U004670,School of Civil Engineering,2024,0.5147
be9aa5346334b05b,U004671,School of Applied Chemistry,2022,4.3609
ddac12c380606c8a,U004672,School of Computer Science,2023,0.5112
a40f0abc0e164498,U004673,School of Computer Science,2022,6.8197
5cca109f30b5226c,U004674,School of Electrical Engineering,2020,1.2951
0e6a8b7fde10fb40,U004675,School of Information Engineering,2025,2.1791
5667a2356d2cbfb2,U004676,School of Business Administration,2023,2.2432
879d6cc6883bfa68,U004677,School of Civil Engineering,2023,0.5913
5761670bf2009ed8,U004678,School of Mechanical Engineering,2023,0.3623
e441f9ba0885e971,U004679,School of Civil Engineering,2023,0.526
b37772fe9273be9b,U004680,School of Electrical Engineering,2022,0.22
a639ec43ebe274fc,U004681,School of Mechanical Engineering,2025,0.5527
3edcecf276cd1bad,U004682,School of Civil Engineering,2023,0.5878
4fc6fafc1c21de59,U004683,School of Design & Arts,2024,3.1971
0271e596835d7742,U004684,School of Economics,2022,1.0685
0aedddd4b26388d3,U004685,School of Electrical Engineering,2022,6.269
da6ee070433fbcf3,U004686,School of Applied Chemistry,2020,0.0681
b9c21a2628a9f7a1,U004687,School of Mechanical Engineering,2022,0.1748
923e99cba780a16a,U004688,School of Computer Science,2021,0.4138
e9d4f1cfe203e2f2,U004689,School of Design & Arts,2023,2.6261
2a38f4db9e04fd6a,U004690,School of Civil Engineering,2025,0.5291
3695966857b7cd6b,U004691,School of Education,2022,0.136
41c0f5f696824a55,U004692,School of Economics,2022,0.462
9fc88c3e15de0e31,U004693,School of Food Science,2024,0.1782
1a92ea91f533a591,U004694,School of Civil Engineering,2021,0.1465
0181c89f5a627246,U004695,School of Mechanical Engineering,2025,4.3572
8f52387dc2b1144e,U004696,School of Applied Chemistry,2022,0.4154
c45ead56e883d9b4,U004697,School of Education,2021,0.702
68f68c38a5c221f1,U004698,School of Business Administration,2021,0.538
f817af0a16b1d63c,U004699,School of Education,2025,0.4591
fcff1e7caf2a1a52,U004700,School of Mechanical Engineering,2021,0.2547
aeb25cb50699b4eb,U004701,School of Design & Arts,2023,0.4327
5d2778db8f792db3,U004702,School of Education,2021,0.8271
c163b427124193aa,U004703,School of Business Administration,2021,2.4391
7e99d7d20f78307f,U004704,School of Computer Science,2025,1.5226
ab43c41867c92992,U004705,School of Economics,2021,0.1745
74afe6f54fce268c,U004706,School of Electrical Engineering,2020,1.5865
565ffb0f3483f989,U004707,School of Design & Arts,2023,0.9497
d39a6cca097a9eb6,U004708,School of Information Engineering,2025,0.3161
f5622e238b05199d,U004709,School of Foreign Languages,2022,0.7083
c871a323e5f9c369,U004710,School of Applied Chemistry,2021,1.0463
e8f0eaa257f7107c,U004711,School of Applied Chemistry,2025,0.6188
8e7568d540fe05cb,U004712,School of Foreign Languages,2024,0.9543
12e9367cdfe5062d,U004713,School of Civil Engineering,2024,0.2491
619d9f62936af36f,U004714,School of Foreign Languages,2024,4.3311
0a22e4ea12fff8ee,U004715,School of Civil Engineering,2024,0.0858
0df7ceb0da6dd6e0,U004716,School of Food Science,2022,1.0522
43cdc4a1f60cf3ce,U004717,School of Applied Chemistry,2022,0.8519
ed910df8004f2bba,U004718,School of Computer Science,2024,1.1229
3fee15b2ad6d4e99,U004719,School of Food Science,2024,0.2907
60fea8aa3d7feef3,U004720,School of Computer Science,2025,1.9006
c7b4d598ece27314,U004721,School of Education,2023,0.5299
92840cb2948a7f7b,U004722,School of Education,2022,0.1803
b46e0f3bd774c48c,U004723,School of Applied Chemistry,2023,0.1975
a418382d621e321e,U004724,School of Civil Engineering,2023,0.6688
e7a039a2b47098f0,U004725,School of Computer Science,2022,0.1196
a086a533445733ac,U004726,School of Food Science,2024,3.5733
e990eda994fede87,U004727,School of Computer Science,2023,1.6853
fdcea264b76e7713,U004728,School of Design & Arts,2020,3.6687
c7e33987b10648f6,U004729,School of Economics,2023,3.3016
af60162465b3b9d5,U004730,School of Business Administration,2023,0.4152
3f06c55b94a28cd4,U004731,School of Business Administration,2025,0.2475
699aa99e89639187,U004732,School of Education,2022,0.0406
c4824378650dd2f7,U004733,School of Education,2023,0.3933
401c8a222fa400b6,U004734,School of Computer Science,2023,3.4509
507808d4ad7bef73,U004735,School of Business Administration,2023,0.258
dfa9d1704e8d72c4,U004736,School of Design & Arts,2020,0.4786
9ecbbfef1a6c257f,U004737,School of Design & Arts,2025,0.3391
f08e5d0015ab5817,U004738,School of Computer Science,2025,0.859
cf42793c583e8206,U004739,School of Business Administration,2023,2.1363
477de890d13bf5de,U004740,School of Applied Chemistry,2023,0.1267
1f3615907dcd0183,U004741,School of Computer Science,2020,0.1534
89372b0015f2ca9c,U004742,School of Applied Chemistry,2023,2.6107
4488b9b92b0476b8,U004743,School of Foreign Languages,2022,1.2288
45db6d9ff163edb0,U004744,School of Computer Science,2024,0.4555
2ce95746b3478cfd,U004745,School of Applied Chemistry,2020,3.2546
e23d3d05da928685,U004746,School of Education,2024,0.1508
924c3ca4d161f507,U004747,School of Applied Chemistry,2022,1.4981
388f6e9948a0dfeb,U004748,School of Information Engineering,2023,0.5514
95fc75f6c142fe76,U004749,School of Foreign Languages,2023,1.0828
01e9bee2c42a0657,U004750,School of Civil Engineering,2021,0.0542
37c2df2a675e85da,U004751,School of Foreign Languages,2022,0.4549
9000c163d2bdd1e9,U004752,School of Mechanical Engineering,2024,1.2334
55d826df6b4e9fc4,U004753,School of Foreign Languages,2023,0.5541
e4ddbdb45fd64253,U004754,School of Foreign Languages,2020,2.0715
268142303f062f8d,U004755,School of Mechanical Engineering,2022,2.0033
00f67a7b442e8ce1,U004756,School of Civil Engineering,2022,0.2264
0a499e8767bcd27b,U004757,School of Civil Engineering,2023,1.3458
b5094f59af063326,U004758,School of Applied Chemistry,2023,0.2188
db42e87a72100650,U004759,School of Design & Arts,2020,0.6231
25af59cfb84453e7,U004760,School of Foreign Languages,2023,1.1378
608f6d2d250af728,U004761,School of Food Science,2024,0.2561
4e40cfcba75dbd7d,U004762,School of Economics,2024,1.2968
44d1b154624e2b5c,U004763,School of Computer Science,2020,0.3562
125be1e36a3add08,U004764,School of Education,2022,0.3303
ddc5565ce50d1401,U004765,School of Civil Engineering,2022,1.1968
0fef78d3a0c5fe06,U004766,School of Food Science,2021,0.2559
9638401befce45e3,U004767,School of Civil Engineering,2022,0.2432
c5b404d5274b5e62,U004768,School of Computer Science,2020,1.6722
2c6df70aec87f452,U004769,School of Foreign Languages,2021,0.6581
efa2fe867f760ab3,U004770,School of Foreign Languages,2023,0.1379
5cb824f15d8c55c2,U004771,School of Information Engineering,2021,1.3891
bc429d3a78a71857,U004772,School of Mechanical Engineering,2024,0.3931
9bcab528ebaababa,U004773,School of Economics,2020,0.1451
62dfba9a4ec02da1,U004774,School of Information Engineering,2023,0.0481
cb3a745e85713d41,U004775,School of Civil Engineering,2022,1.457
9592d1dc2ada5c7a,U004776,School of Civil Engineering,2024,0.2498
a6a3d4add7df353c,U004777,School of Civil Engineering,2024,0.1702
1ccd6d6859a3a3f1,U004778,School of Civil Engineering,2022,1.119
891b252935dcb0e6,U004779,School of Education,2023,1.3215
f3181803efb303ae,U004780,School of Applied Chemistry,2021,0.2687
e812f4e97d14f258,U004781,School of Food Science,2023,1.4705
93f477921ee03404,U004782,School of Civil Engineering,2020,4.6084
9f1f1a6f2a7064a9,U004783,School of Civil Engineering,2022,2.2697
9b9ceea2aa6b41df,U004784,School of Design & Arts,2021,1.9426
4160aff0460d6ab6,U004785,School of Business Administration,2025,0.8083
1113e7ef79fdf184,U004786,School of Education,2022,0.3788
d568572f79d0b0ee,U004787,School of Education,2023,0.5583
7312733c5ed3e36e,U004788,School of Business Administration,2022,0.9174
025265de7b4ad4ef,U004789,School of Information Engineering,2022,0.1679
8ac58899413c2678,U004790,School of Electrical Engineering,2021,0.2735
8f2135556d099040,U004791,School of Business Administration,2025,0.1416
b4b1d7bea5b72381,U004792,School of Mechanical Engineering,2024,0.7469
d0d60bf887752298,U004793,School of Economics,2021,0.6415
2c953002d7a8ff53,U004794,School of Business Administration,2024,0.3074
3d02ee133d83ee59,U004795,School of Electrical Engineering,2022,1.3411
e146e6256abccf03,U004796,School of Education,2020,0.2077
580dfcca0d885812,U004797,School of Electrical Engineering,2023,0.2962
e0ae011cc78bbed8,U004798,School of Mechanical Engineering,2021,1.2886
be0ed2d6742d2346,U004799,School of Business Administration,2021,1.4945
c7c1e384d655a61b,U004800,School of Business Administration,2024,0.2664
2c100190c4ea304c,U004801,School of Applied Chemistry,2021,0.7446
eda042e041f0469d,U004802,School of Civil Engineering,2025,0.271
1c898d2da886baef,U004803,School of Mechanical Engineering,2023,0.4846
c5d19c21f961ac73,U004804,School of Computer Science,2024,0.6817
8c054573d2dfa33c,U004805,School of Civil Engineering,2023,1.0339
65e18a8576f9ab8b,U004806,School of Applied Chemistry,2025,0.811
06cc0958d32011bb,U004807,School of Civil Engineering,2022,0.7758
ebd89b7c74cffbd4,U004808,School of Education,2023,0.2008
ccfc99819d979f16,U004809,School of Civil Engineering,2023,0.8705
9c9ae0f7d82a3aab,U004810,School of Foreign Languages,2025,1.0244
83c292e6939b4b96,U004811,School of Applied Chemistry,2021,1.1758
4480c669f3561809,U004812,School of Electrical Engineering,2023,0.2875
2ef514086c6247a1,U004813,School of Mechanical Engineering,2024,1.4749
03501238328a40a6,U004814,School of Foreign Languages,2022,0.1581
36f8c2d564f7faa2,U004815,School of Food Science,2025,0.3837
b20a1222fce8f3d4,U004816,School of Food Science,2022,0.4482
45c6775d0a5b04c4,U004817,School of Economics,2021,0.1671
556500317f12bca0,U004818,School of Business Administration,2023,0.4414
e300f7277bd2961d,U004819,School of Civil Engineering,2022,0.7367
db566eb8c30cb628,U004820,School of Foreign Languages,2020,0.0951
13a9e82308bc52f0,U004821,School of Foreign Languages,2020,0.3978
4a189bd026712c31,U004822,School of Design & Arts,2021,0.1028
a4fc7501c9f506cd,U004823,School of Mechanical Engineering,2024,4.5473
b5f56a51ba4c3594,U004824,School of Foreign Languages,2025,0.7301
f5cc6e20e757b172,U004825,School of Applied Chemistry,2023,0.6695
01ad1ff4f0709bb7,U004826,School of Information Engineering,2021,0.7446
c81709214a744aba,U004827,School of Applied Chemistry,2023,1.0806
c387d8100f96d7ca,U004828,School of Foreign Languages,2024,1.5701
9d637172df7d40ac,U004829,School of Education,2024,0.1236
47700ad1cefde942,U004830,School of Economics,2022,2.1884
838cae01c9914dfb,U004831,School of Computer Science,2021,2.052
6ba8f408dd439792,U004832,School of Foreign Languages,2025,0.5525
8c9b0e88f3414bd1,U004833,School of Foreign Languages,2024,0.5243
d95b9f242f0adf04,U004834,School of Business Administration,2020,0.0265
4c42d119b4190058,U004835,School of Economics,2024,0.1702
72ba8c7fcbe5f66e,U004836,School of Information Engineering,2020,0.9919
6de3ccc7f7fdf37d,U004837,School of Economics,2020,1.9613
827a317609457123,U004838,School of Foreign Languages,2024,1.2236
29579e9a0e9988ad,U004839,School of Education,2023,0.5473
a593179e3c7a82df,U004840,School of Design & Arts,2022,4.0506
5b896da3d28b0c04,U004841,School of Mechanical Engineering,2025,1.6131
136d263de75a5ccf,U004842,School of Education,2024,0.3982
69b74e558e4ec0a8,U004843,School of Electrical Engineering,2020,5.2336
5298d13a6086fcdb,U004844,School of Civil Engineering,2023,0.1973
b37138acdbe727a0,U004845,School of Food Science,2024,0.1355
5b382a67d48728cc,U004846,School of Business Administration,2023,0.3875
4d8b001124f515d4,U004847,School of Design & Arts,2025,0.2765
4e959425ae42fa1e,U004848,School of Economics,2024,0.4099
90df1b535bd4099b,U004849,School of Applied Chemistry,2021,1.3114
a8971160c4b718e3,U004850,School of Foreign Languages,2021,0.5706
af13177c273341ee,U004851,School of Foreign Languages,2024,0.5855
e5e34e40580ec7e7,U004852,School of Applied Chemistry,2025,0.6261
bdb892ceb5b9ca56,U004853,School of Information Engineering,2020,0.0585
b0f0fa2ae25657e0,U004854,School of Foreign Languages,2021,0.1297
70dc8e890106a0a2,U004855,School of Economics,2024,0.4016
84de6198d251a2f6,U004856,School of Computer Science,2020,0.2541
feb820c4aa7e20bd,U004857,School of Economics,2020,0.4682
83956133f8e8d57b,U004858,School of Business Administration,2025,2.404
65bf5b214469f4f5,U004859,School of Business Administration,2024,0.548
ab3d1f4de1cf082f,U004860,School of Information Engineering,2025,0.1574
2bc11afbae5ff19b,U004861,School of Applied Chemistry,2023,0.2671
d6288024ad32710b,U004862,School of Computer Science,2022,3.266
fbc8ca57e1d5279d,U004863,School of Foreign Languages,2025,2.7332
b20ff8dbfaea7d22,U004864,School of Design & Arts,2022,1.0713
aba35d7cbc370895,U004865,School of Civil Engineering,2022,0.1238
2e43dbfeb46ee037,U004866,School of Computer Science,2025,0.8024
c21ed6e09b88d15c,U004867,School of Food Science,2024,0.8665
f53fc877e46484e4,U004868,School of Food Science,2025,0.6056
ba1be779fc33ec8a,U004869,School of Electrical Engineering,2021,0.3339
ac40f437944b88e2,U004870,School of Business Administration,2025,0.4108
c4acd15d989405eb,U004871,School of Economics,2023,0.3114
c9147fa1373872e2,U004872,School of Foreign Languages,2023,0.1879
5acd6c8020882928,U004873,School of Civil Engineering,2025,2.314
acd7aba253feb6ea,U004874,School of Applied Chemistry,2022,1.4266
f801a5a0809b111f,U004875,School of Foreign Languages,2024,0.444
bdb4d21cf7b9a841,U004876,School of Business Administration,2023,0.8396
455f56925ed39c32,U004877,School of Education,2024,0.8717
675a8d3bc40326ab,U004878,School of Applied Chemistry,2025,6.1465
1ff4f1919d3fe6db,U004879,School of Information Engineering,2024,1.4128
da54949264e04dac,U004880,School of Education,2020,1.3604
c82a34fc68174567,U004881,School of Education,2021,0.6132
56bf9c967e0f089b,U004882,School of Education,2025,0.3823
a68ef7a037418720,U004883,School of Foreign Languages,2025,2.353
5ba91eda3af2ea08,U004884,School of Computer Science,2025,1.1335
efc04cbca5941de6,U004885,School of Applied Chemistry,2020,0.2575
773c21b07e1c4646,U004886,School of Applied Chemistry,2022,0.9295
6bc4c11051f60440,U004887,School of Applied Chemistry,2024,1.3639
f551f5b074b9573c,U004888,School of Information Engineering,2024,0.0726
21452bc31c99cf0b,U004889,School of Computer Science,2020,0.2347
33f597b9cfcc4589,U004890,School of Civil Engineering,2023,0.8485
e7b42325aaa0870f,U004891,School of Applied Chemistry,2021,0.0862
0ddd3f79e8a8fec3,U004892,School of Computer Science,2023,0.1009
011c869d53d81e26,U004893,School of Foreign Languages,2021,0.4505
8756c4005109903b,U004894,School of Education,2020,0.9652
38f4c19b45fafa0e,U004895,School of Civil Engineering,2020,1.0108
4a1c51149ab41f33,U004896,School of Design & Arts,2025,2.8731
0d0253dab9252851,U004897,School of Business Administration,2024,0.641
6ae3f63a90980ddf,U004898,School of Business Administration,2025,0.4067
ae99f0faedb46835,U004899,School of Mechanical Engineering,2022,0.1597
6f37c4a1e2efa839,U004900,School of Education,2022,0.4019
3a47b6e420aa1d03,U004901,School of Computer Science,2022,1.1978
cffe3fa070ef2cdf,U004902,School of Foreign Languages,2023,1.2532
8d2166503ac295ac,U004903,School of Design & Arts,2022,0.7692
981c41b97d219000,U004904,School of Information Engineering,2024,1.0203
432ae676a2160623,U004905,School of Information Engineering,2024,2.1157
3736f5ecd7f8821c,U004906,School of Economics,2025,0.6365
af0d94caf3fa4579,U004907,School of Economics,2021,2.3171
bacffcc95a616646,U004908,School of Applied Chemistry,2023,0.2855
054ca47b23d24220,U004909,School of Electrical Engineering,2021,0.5486
1d8953246f1d11f4,U004910,School of Electrical Engineering,2020,0.365
d8dbef04c28f5532,U004911,School of Economics,2024,1.3043
a6423e5f4f07b8aa,U004912,School of Business Administration,2023,0.2141
4419712652325537,U004913,School of Information Engineering,2024,0.4279
07ac27ca871a2bc0,U004914,School of Computer Science,2020,0.0919
22177df23f503bf0,U004915,School of Business Administration,2025,1.0697
196e3df1d8954aa1,U004916,School of Business Administration,2025,2.054
0126cf6bd52a934f,U004917,School of Civil Engineering,2022,1.4677
0a01a59d9d6f3f0a,U004918,School of Economics,2025,1.3306
860503121753ad10,U004919,School of Foreign Languages,2021,1.3667
df5cea5cc435cc22,U004920,School of Computer Science,2024,1.1885
7276cc67c6a3cce7,U004921,School of Civil Engineering,2025,1.0913
aa7093c1cf24559e,U004922,School of Civil Engineering,2024,1.1641
f158162cdc2c58e7,U004923,School of Electrical Engineering,2024,0.3065
38b6c63f67228319,U004924,School of Education,2022,0.4833
dce4dca141863e4f,U004925,School of Education,2024,0.6333
d3f410a61b96ee06,U004926,School of Education,2024,0.422
48dcee5eea7d54d1,U004927,School of Civil Engineering,2021,0.1233
7f52aebf29046276,U004928,School of Economics,2021,0.1717
0d810bd5722bc0f9,U004929,School of Foreign Languages,2024,0.743
594bbe2ce28eb85b,U004930,School of Economics,2023,1.4605
eb51c698b285cb16,U004931,School of Information Engineering,2023,0.5959
0a4edbe2bbb91447,U004932,School of Education,2025,9.3728
167c7a485a1b3590,U004933,School of Education,2023,0.2353
980d9155a54a2135,U004934,School of Economics,2022,0.9212
48fb340a577ce992,U004935,School of Applied Chemistry,2022,2.1473
3b7214d24ab381e1,U004936,School of Civil Engineering,2023,1.7137
90213782d45049d3,U004937,School of Business Administration,2024,1.1366
6251a3a9a6268e1c,U004938,School of Mechanical Engineering,2023,1.7216
8a218fd3e1a635bc,U004939,School of Education,2023,0.624
b105cb6ac9bcb79e,U004940,School of Business Administration,2024,3.1139
806e7ddfc2811dc0,U004941,School of Electrical Engineering,2024,2.1301
653e63ea40cd0603,U004942,School of Civil Engineering,2024,0.2518
436914404094915b,U004943,School of Foreign Languages,2020,0.8143
91b8f07569696ef9,U004944,School of Computer Science,2024,0.1256
25386496e0b9425c,U004945,School of Business Administration,2023,2.7041
5af5e4ec36de99a3,U004946,School of Computer Science,2020,0.7388
b5b2121c0b889b99,U004947,School of Computer Science,2024,2.2745
965f2df8c62cd29e,U004948,School of Mechanical Engineering,2024,0.5292
2f7ab0b18601648d,U004949,School of Electrical Engineering,2023,0.0922
2280235d9472ebfc,U004950,School of Applied Chemistry,2024,8.2512
6d9380733ad4edac,U004951,School of Civil Engineering,2022,0.6731
25e4e73c0ac78e41,U004952,School of Electrical Engineering,2021,0.2171
7937142e56774649,U004953,School of Education,2022,1.8566
9702fae44f037c80,U004954,School of Computer Science,2022,4.5215
c6c2cb87597dd21d,U004955,School of Food Science,2024,0.4822
b532564b0920b339,U004956,School of Design & Arts,2024,0.5346
402b9592a887b8ef,U004957,School of Design & Arts,2024,0.749
0423b988de9ada07,U004958,School of Computer Science,2021,0.1944
4d89bf9f34fffbf5,U004959,School of Education,2022,0.2959
61101c6bbd03254a,U004960,School of Civil Engineering,2021,3.5076
b94e7fcba1d272eb,U004961,School of Applied Chemistry,2024,0.5173
d0f94b34a0ece3b5,U004962,School of Business Administration,2021,0.2555
25f3c0ff0f1da241,U004963,School of Civil Engineering,2023,0.3757
067b05671ab2af32,U004964,School of Foreign Languages,2024,1.726
09040c99357fdf93,U004965,School of Education,2024,0.0818
e1b300ed9e6fe861,U004966,School of Food Science,2022,0.7616
83e343e17e65a9a3,U004967,School of Information Engineering,2022,6.9255
3c974eb72df8c9a4,U004968,School of Mechanical Engineering,2023,4.4999
d3b37d0255962c36,U004969,School of Education,2023,1.0473
8da10606c4e08ca3,U004970,School of Economics,2020,2.2022
bbc70ef38c0e017d,U004971,School of Information Engineering,2025,2.1811
8913a1c2aa3532eb,U004972,School of Food Science,2023,0.5206
23a5d106b90dc2c7,U004973,School of Economics,2023,1.4885
a68cacdfeacab885,U004974,School of Education,2021,3.531
a65687e764daec88,U004975,School of Information Engineering,2022,0.1668
07173028a3740339,U004976,School of Economics,2022,1.0509
8a978adabd25508e,U004977,School of Electrical Engineering,2022,0.8474
6e7ee6f37e1d97d4,U004978,School of Applied Chemistry,2023,0.6545
16d708d881e65fae,U004979,School of Computer Science,2022,0.5991
21b95b3196d3a263,U004980,School of Mechanical Engineering,2025,0.7443
2c2309fb96ae1db0,U004981,School of Foreign Languages,2025,0.8094
89328d1d0d913841,U004982,School of Mechanical Engineering,2021,1.8069
084089e2c53008cc,U004983,School of Civil Engineering,2021,0.9508
493a7446b84c6e90,U004984,School of Business Administration,2024,0.4942
88664c6c3a9cb46f,U004985,School of Education,2025,0.2549
e52de0e2dad6ccdd,U004986,School of Civil Engineering,2025,0.3681
f8a8c0bea746b913,U004987,School of Business Administration,2020,0.7666
88b949768faa0f81,U004988,School of Education,2021,0.2914
116a4d2002cc71d9,U004989,School of Foreign Languages,2020,1.5202
145a2c18b9a1196f,U004990,School of Business Administration,2024,0.9076
ebb79693f472627e,U004991,School of Electrical Engineering,2023,1.8525
f59864b48d27bdc8,U004992,School of Applied Chemistry,2023,0.3117
e44c8a2a20eacfea,U004993,School of Economics,2023,0.2572
0b0d1cee0e60aa3a,U004994,School of Education,2021,1.8387
8b595ee58179543c,U004995,School of Food Science,2023,0.6723
2e04841251ab10c3,U004996,School of Mechanical Engineering,2020,0.4821
d71e385a9762e83f,U004997,School of Civil Engineering,2023,1.1873
0e85d98d90221551,U004998,School of Mechanical Engineering,2024,1.1439
590eb0d6215e6afb,U004999,School of Computer Science,2024,0.1682
e9079edc00b27cd6,U005000,School of Computer Science,2022,2.3576
cb1f664e97adb808,U005001,School of Computer Science,2024,0.3916
fdb789559fe017a4,U005002,School of Business Administration,2024,3.2317
d9c7484e35978fcf,U005003,School of Electrical Engineering,2021,0.1556
20a73a119f1b56ce,U005004,School of Civil Engineering,2021,0.8109
4f5535211475124e,U005005,School of Education,2023,0.4904
f726270bc3a9b293,U005006,School of Civil Engineering,2022,0.0819
ff818aef566c3c23,U005007,School of Mechanical Engineering,2021,1.1402
48a93ff0c714ea54,U005008,School of Design & Arts,2021,0.0862
02bfed812348bba2,U005009,School of Computer Science,2021,0.441
581a62e93f6a7ccb,U005010,School of Information Engineering,2023,1.7812
a1925f28c0d08b0c,U005011,School of Foreign Languages,2023,0.3475
30ef4de7cc82db7a,U005012,School of Foreign Languages,2021,0.2391
8077b183822550c1,U005013,School of Electrical Engineering,2024,1.3144
4aa3ac5c89ffc4fd,U005014,School of Business Administration,2022,0.46
ad5ab9ba7863fe46,U005015,School of Civil Engineering,2022,0.3937
174c20e095fdece8,U005016,School of Civil Engineering,2021,2.1127
a1a98442be2e354a,U005017,School of Education,2024,0.1837
9b2e4f3553646185,U005018,School of Mechanical Engineering,2025,0.3728
9d5cd3946af08dc0,U005019,School of Business Administration,2023,1.4042
67f2a204ce77128d,U005020,School of Economics,2020,0.1722
0558501833192e57,U005021,School of Education,2021,3.4846
f2c1c1fdb2638db1,U005022,School of Design & Arts,2021,0.4753
0c30cca45bd1626a,U005023,School of Computer Science,2024,1.4156
bdb128a02e51acb9,U005024,School of Business Administration,2020,1.4126
62d89b631c4355d4,U005025,School of Food Science,2025,0.507
1186b6397d85484c,U005026,School of Design & Arts,2023,0.3657
004f0458f2af1c8a,U005027,School of Electrical Engineering,2023,0.5655
4e8b49d3f634e39e,U005028,School of Civil Engineering,2024,1.204
08f5e190987c2205,U005029,School of Information Engineering,2020,0.2202
e329beb6e05632fb,U005030,School of Economics,2024,0.1772
626593d00ffc3738,U005031,School of Mechanical Engineering,2021,2.6044
558244d99f583c1b,U005032,School of Education,2024,0.2831
f07bab1e20f62f03,U005033,School of Business Administration,2023,0.8412
6ab2fdf73aab00c8,U005034,School of Information Engineering,2020,0.4823
e5b1ede047df99e9,U005035,School of Mechanical Engineering,2024,0.5042
231d9816be359518,U005036,School of Civil Engineering,2020,2.4679
ce191ce0d0267102,U005037,School of Mechanical Engineering,2021,0.5422
52f76a9b1845ce88,U005038,School of Computer Science,2024,0.4132
439c867f49887484,U005039,School of Economics,2022,0.4508
4ce1ea39ce21b693,U005040,School of Foreign Languages,2025,0.3568
1becd0076b323f46,U005041,School of Electrical Engineering,2023,0.3021
2710d4025657b994,U005042,School of Mechanical Engineering,2023,0.3583
4cc87357724ddbfa,U005043,School of Information Engineering,2022,3.1149
a0299c88ea7d3fc0,U005044,School of Applied Chemistry,2021,1.2026
1f2d57a67d85f756,U005045,School of Civil Engineering,2025,0.418
3039b804073e2d41,U005046,School of Food Science,2021,1.5756
72c3676261933515,U005047,School of Civil Engineering,2023,0.1207
a44a7c8169f4e4dc,U005048,School of Electrical Engineering,2022,2.3365
cc424e65596b86b5,U005049,School of Design & Arts,2021,2.1558
207c8496d6915d87,U005050,School of Food Science,2023,5.5253
52147d7e06558d55,U005051,School of Economics,2024,1.6234
ffab1ab24fce3143,U005052,School of Information Engineering,2024,0.9141
35913fef7e0d89fa,U005053,School of Civil Engineering,2025,2.1471
41d4308651580193,U005054,School of Education,2022,0.3157
ffab7b20922fe3ae,U005055,School of Economics,2022,0.3976
d91fb8addcfec1db,U005056,School of Economics,2020,0.5536
d6e30663af0a8d03,U005057,School of Information Engineering,2024,2.3207
d042ee02c389b94a,U005058,School of Electrical Engineering,2022,0.2509
00628179243b7afa,U005059,School of Economics,2023,0.2256
109415a676801494,U005060,School of Information Engineering,2021,0.7479
0e9f8830564a9ba4,U005061,School of Foreign Languages,2024,1.2099
8ec9330cdc86c002,U005062,School of Applied Chemistry,2024,0.2923
77df58996a3b1145,U005063,School of Foreign Languages,2025,1.1542
4c8156f2c3765a86,U005064,School of Foreign Languages,2020,2.3196
66b9812dd70a7bf7,U005065,School of Information Engineering,2025,1.961
80984a6909d4a4dc,U005066,School of Information Engineering,2021,0.8405
b25935fd36769565,U005067,School of Electrical Engineering,2022,0.5392
cd3308af1ef528d7,U005068,School of Education,2021,3.3489
5b6f5260ca36c21c,U005069,School of Education,2021,0.5995
70ac7c0794a90578,U005070,School of Economics,2023,1.5119
40774192f1c3fad1,U005071,School of Business Administration,2021,4.184
e7314ca0be945cb6,U005072,School of Education,2022,1.3611
7366d85e85c32791,U005073,School of Foreign Languages,2023,0.2178
5d14e0d1336f7826,U005074,School of Computer Science,2024,0.171
bd5ac270640300b0,U005075,School of Foreign Languages,2024,0.4384
51476076c7cd9a41,U005076,School of Civil Engineering,2023,1.2002
30132befccb158e0,U005077,School of Civil Engineering,2021,0.9211
c79507229286a089,U005078,School of Business Administration,2024,5.366
ff8423b94cc0ce6e,U005079,School of Design & Arts,2020,0.9122
03d85365ab310fdb,U005080,School of Computer Science,2021,0.4255
a2bc8484b91a80cd,U005081,School of Education,2020,0.1901
fb31dafe0a96a816,U005082,School of Information Engineering,2023,1.9221
4b825fb12513cdb0,U005083,School of Computer Science,2022,0.5868
159a6a9c6bd128a2,U005084,School of Information Engineering,2023,0.1309
b05b75c0624b678e,U005085,School of Business Administration,2022,0.6037
f2312b7369caa905,U005086,School of Foreign Languages,2022,0.2181
b19fe4876d1eb89f,U005087,School of Education,2022,0.3857
5cc4a3e5c4629fd9,U005088,School of Information Engineering,2020,0.594
3aa51724f91d25dd,U005089,School of Business Administration,2022,0.2388
400df4c635efc53f,U005090,School of Information Engineering,2023,0.3625
8472a21f1bbdbfd3,U005091,School of Economics,2023,0.2805
7698690493f5c2b7,U005092,School of Applied Chemistry,2020,0.2881
3b55537ff7fe7245,U005093,School of Electrical Engineering,2023,0.2155
4ee188482cb51a41,U005094,School of Foreign Languages,2022,0.3643
758c7b4b60ac55ea,U005095,School of Information Engineering,2020,0.2413
0d41de25c4f85e6a,U005096,School of Economics,2021,1.0614
6770d605aaff5947,U005097,School of Information Engineering,2023,0.7217
5a8b7a61825adc5a,U005098,School of Applied Chemistry,2022,1.9498
f7c04e01f71f6456,U005099,School of Mechanical Engineering,2024,3.895
eb6001333e87cd55,U005100,School of Business Administration,2021,1.1622
1ccfdce638b105b4,U005101,School of Design & Arts,2024,0.9255
326e507d90864b57,U005102,School of Applied Chemistry,2022,1.2378
2af0eb12e73ffc9d,U005103,School of Civil Engineering,2023,0.9414
22f494823892f25d,U005104,School of Design & Arts,2024,0.6208
d4927ca94b3540b6,U005105,School of Food Science,2022,0.5733
40186bf8368b2f8a,U005106,School of Computer Science,2020,0.2125
73c03e70af83b85a,U005107,School of Education,2023,1.366
c1f9cc7caf776452,U005108,School of Information Engineering,2025,0.5722
ce98eb9b9bb8c653,U005109,School of Education,2025,2.5156
13b3c2539e8c0bcd,U005110,School of Education,2021,1.4742
cd45a555ebc9c489,U005111,School of Civil Engineering,2024,0.3157
7f3ad74b0cdf87c6,U005112,School of Information Engineering,2022,2.0538
c8a06862dce24af8,U005113,School of Electrical Engineering,2021,0.0456
703de2d80088ba63,U005114,School of Computer Science,2023,4.0683
4f37dfb288d16f9b,U005115,School of Applied Chemistry,2023,0.1548
44d39361b4a77ee7,U005116,School of Business Administration,2023,0.9686
1a0775e5a5285333,U005117,School of Mechanical Engineering,2024,0.9052
20e89a6dba916003,U005118,School of Food Science,2022,1.8161
3dc7b2ade6daca5e,U005119,School of Food Science,2023,0.425
d1b28c826111677f,U005120,School of Applied Chemistry,2022,0.0691
a724ce4ca22e60cd,U005121,School of Food Science,2020,0.4256
51c992a444bf916a,U005122,School of Education,2022,0.4742
04d50e21c6b68a8a,U005123,School of Education,2025,0.0761
eb0ff1937825f170,U005124,School of Economics,2023,0.6178
cfb7a38ab871bda5,U005125,School of Mechanical Engineering,2021,0.2013
42da9738139487e3,U005126,School of Economics,2024,1.1298
3f2d550a50cd1b8f,U005127,School of Education,2025,0.4616
8bb20d15e4385bf3,U005128,School of Business Administration,2025,4.1958
a35a09342bfd4117,U005129,School of Mechanical Engineering,2023,0.4569
98e9d5df8f68e073,U005130,School of Electrical Engineering,2022,0.9079
93e9b0ae4152cd25,U005131,School of Economics,2023,0.4771
62cf5a2b08bf3d56,U005132,School of Economics,2024,0.1165
1d7857326df725fe,U005133,School of Design & Arts,2025,0.4811
43bcddb38077e539,U005134,School of Education,2024,1.2541
8a37bcb7f91c463b,U005135,School of Information Engineering,2022,1.0779
9cea601cd63ed420,U005136,School of Food Science,2021,0.4403
1c74cde0ad2b9148,U005137,School of Food Science,2023,0.1376
4a483404d4ca24ad,U005138,School of Education,2021,1.1246
cf98b67e8a998824,U005139,School of Computer Science,2020,0.8981
b1ab41b8499c8310,U005140,School of Design & Arts,2023,1.3722
e929ccc0474c7a29,U005141,School of Computer Science,2023,0.4488
389271835cabc6f8,U005142,School of Civil Engineering,2024,0.1095
7e5826ca0b68809d,U005143,School of Education,2024,1.0068
2ab78fef2e901c53,U005144,School of Applied Chemistry,2024,0.585
1ee0023844feabc6,U005145,School of Economics,2024,2.3742
7ccccacc73899cc2,U005146,School of Civil Engineering,2024,0.6076
f394c3466bfd6473,U005147,School of Mechanical Engineering,2020,0.5641
8c3d3c97d521ac0e,U005148,School of Information Engineering,2023,0.8961
753c15b7cdbbbbd7,U005149,School of Foreign Languages,2021,0.325
9701cac82a69575d,U005150,School of Computer Science,2020,0.3097
649f4aa07321e46c,U005151,School of Computer Science,2021,0.5353
c3d62631f6c1e0ad,U005152,School of Information Engineering,2024,0.2352
851d7edd2c3ec2fa,U005153,School of Economics,2024,0.4695
695c18dc36a66537,U005154,School of Information Engineering,2025,4.1064
45005765c6fad511,U005155,School of Applied Chemistry,2025,1.6747
27bd62346381d824,U005156,School of Computer Science,2025,0.8033
2ccb70740dce5a9c,U005157,School of Food Science,2021,2.7862
9307cabb5aea4208,U005158,School of Design & Arts,2025,0.2587
b1f5298f7b7bc400,U005159,School of Mechanical Engineering,2024,7.1238
291732694ce754a0,U005160,School of Design & Arts,2025,0.3725
7cc1f3f97eb50e10,U005161,School of Information Engineering,2021,4.3789
e93c79c817ee0723,U005162,School of Applied Chemistry,2021,4.3597
e00a7f8461ca668f,U005163,School of Business Administration,2025,0.1023
396ba4c7c7becd6d,U005164,School of Foreign Languages,2021,2.5602
81ddc318fc29fed4,U005165,School of Civil Engineering,2022,0.4445
58780c8d4f74740b,U005166,School of Civil Engineering,2022,0.3345
a129e5e9da4719a1,U005167,School of Food Science,2021,0.9976
ce32a355b7b2190e,U005168,School of Civil Engineering,2020,0.2155
8c6a16862dcd3a8e,U005169,School of Business Administration,2025,0.9753
c1d5b49af45a44f8,U005170,School of Applied Chemistry,2025,0.2304
84ab6dee040857af,U005171,School of Economics,2025,0.7047
d3fbe43b8cecf010,U005172,School of Mechanical Engineering,2022,2.2442
a583456b10518a0c,U005173,School of Computer Science,2021,0.8689
ecdf10b9aeeff291,U005174,School of Applied Chemistry,2022,0.412
f2cb15b8bb5ae628,U005175,School of Business Administration,2022,1.0145
e5568cda82f51ea4,U005176,School of Economics,2020,0.1446
98a446448992eaec,U005177,School of Mechanical Engineering,2024,0.2552
bf9a878185f9140f,U005178,School of Computer Science,2025,0.3839
92f6e47d99f90844,U005179,School of Design & Arts,2023,1.2967
8087e6c5cbcb4168,U005180,School of Food Science,2022,0.8859
d4bf46bf1ebc9704,U005181,School of Electrical Engineering,2022,1.0082
491088db938ce3e3,U005182,School of Computer Science,2020,0.5744
58875854a25ba00c,U005183,School of Education,2021,0.2684
4a17fbb35e898d02,U005184,School of Applied Chemistry,2023,2.6146
6c62a1a0927dbd92,U005185,School of Business Administration,2022,0.2938
42afcdc63cf0375d,U005186,School of Food Science,2023,0.8977
a079be616f862b39,U005187,School of Mechanical Engineering,2024,0.5278
261efbe941ffcb3b,U005188,School of Foreign Languages,2021,1.0366
8b644cf9c9a520fc,U005189,School of Food Science,2020,0.3222
f89966d194242a50,U005190,School of Applied Chemistry,2020,1.6916
4ead2b6fdaf424c9,U005191,School of Food Science,2021,2.3426
6d97718dd2fa68bb,U005192,School of Design & Arts,2023,1.5909
4da0756dea66e415,U005193,School of Design & Arts,2024,0.6912
bebe4cf6597fa632,U005194,School of Information Engineering,2025,0.3821
68cc7f4507a07b7e,U005195,School of Business Administration,2023,9.9255
978bff4dcf0813de,U005196,School of Foreign Languages,2022,0.219
bfb6c2422da207f7,U005197,School of Foreign Languages,2021,1.4251
0c013377479904bf,U005198,School of Design & Arts,2022,0.8235
711eb2d1349ea822,U005199,School of Business Administration,2022,0.5546
922709b143af39af,U005200,School of Information Engineering,2025,0.7105
8d09fce856381833,U005201,School of Information Engineering,2023,0.3544
6bc96c42179625f6,U005202,School of Information Engineering,2021,0.9049
d9ae1e69869de75d,U005203,School of Business Administration,2022,0.8104
d4574cc34db3e450,U005204,School of Education,2021,8.5904
7b8adc1c40248263,U005205,School of Economics,2025,1.7226
99c5ad4261487ff3,U005206,School of Business Administration,2020,0.9889
df3a04e43ebfda5f,U005207,School of Computer Science,2020,1.0498
341a9520e695d8a6,U005208,School of Food Science,2021,3.7156
0d4fd29fcb2995d2,U005209,School of Civil Engineering,2024,0.2237
6236f81b078d9668,U005210,School of Computer Science,2023,0.4918
0c98a461743362ee,U005211,School of Computer Science,2023,0.0877
7196175a1075ce6f,U005212,School of Electrical Engineering,2022,1.0323
8ca1531a604bee2f,U005213,School of Applied Chemistry,2020,1.3787
20bde879a9addc2f,U005214,School of Applied Chemistry,2024,0.2181
4ae9c6a73a713f8a,U005215,School of Applied Chemistry,2021,2.4795
abb14af8fce7a655,U005216,School of Design & Arts,2020,0.2877
a78e2718bb7a1173,U005217,School of Computer Science,2023,0.4192
b25634e305c4cfbc,U005218,School of Civil Engineering,2020,0.6654
9e43239caba9a8b6,U005219,School of Economics,2020,2.9072
87922aae2d339ced,U005220,School of Electrical Engineering,2024,0.2503
49d786dbe84292e2,U005221,School of Education,2023,0.79
8611bc9240974bfd,U005222,School of Civil Engineering,2021,1.2812
1c80247cd78ffb5e,U005223,School of Electrical Engineering,2022,1.0423
ada57cdbd23c126a,U005224,School of Foreign Languages,2024,1.0816
e7575f421c254faf,U005225,School of Electrical Engineering,2020,1.2643
5fc7b3734144068f,U005226,School of Electrical Engineering,2021,0.339
7c570466cbd8500e,U005227,School of Electrical Engineering,2023,3.1924
6689ab733d420289,U005228,School of Applied Chemistry,2023,0.5283
c3cacf8b1dcd776a,U005229,School of Mechanical Engineering,2025,0.4626
7021bc6c31938667,U005230,School of Electrical Engineering,2022,2.2719
39ce5586404b0f34,U005231,School of Economics,2020,0.3142
8d42a959176ea2c2,U005232,School of Computer Science,2023,0.8132
cd723ee8d1de838a,U005233,School of Applied Chemistry,2023,0.2866
39662b9dab05eafc,U005234,School of Computer Science,2021,7.3319
54ac4c58726efff6,U005235,School of Education,2023,5.9396
efef8abc87452670,U005236,School of Business Administration,2021,0.5287
571d98a541a76253,U005237,School of Economics,2024,0.9929
5a43423a50f46ca1,U005238,School of Economics,2024,0.5934
acfa380859b3d537,U005239,School of Electrical Engineering,2022,0.4166
829215e654ba639d,U005240,School of Education,2025,0.6654
988bb865203bfabe,U005241,School of Education,2025,0.5669
0537314a35d466a1,U005242,School of Mechanical Engineering,2021,0.129
aeaa729b6346311b,U005243,School of Applied Chemistry,2022,0.768
f8e9563c7ca27485,U005244,School of Business Administration,2023,0.5659
d416d97660da9775,U005245,School of Education,2020,0.8067
48b34842b9f46ae5,U005246,School of Education,2022,0.5463
ea0e6227be41f9ab,U005247,School of Civil Engineering,2021,0.4117
5f9e3e9bbd46056e,U005248,School of Electrical Engineering,2025,1.4161
4e781b705dbc53cd,U005249,School of Economics,2022,1.0061
5775257756ae3b94,U005250,School of Electrical Engineering,2024,2.3846
bf1679e213324ab1,U005251,School of Foreign Languages,2022,0.9682
ab9c62d9b897728a,U005252,School of Design & Arts,2021,0.4845
3474f712151c5f85,U005253,School of Computer Science,2025,1.0939
cd3090a69bf94020,U005254,School of Electrical Engineering,2020,0.0815
f5e4bc3252f04bae,U005255,School of Education,2020,4.8388
ecfd0d902e6bda3f,U005256,School of Civil Engineering,2022,0.7768
c92092955a53db97,U005257,School of Civil Engineering,2024,5.2459
586c7911dfde0a5c,U005258,School of Food Science,2022,0.2475
7720e719bea878fc,U005259,School of Applied Chemistry,2020,0.1931
b7b72b6796198ac2,U005260,School of Applied Chemistry,2022,0.8511
aca13681c926c412,U005261,School of Electrical Engineering,2021,0.8483
252007ca838701a5,U005262,School of Foreign Languages,2020,0.828
3820a905f3961cd0,U005263,School of Mechanical Engineering,2023,0.7109
a6742d3ba9064c85,U005264,School of Business Administration,2021,0.315
62b5f4cd9bd995f2,U005265,School of Economics,2022,0.1337
decc21fc62a40e48,U005266,School of Computer Science,2023,0.7836
fa31e1219c1937a5,U005267,School of Education,2024,0.1637
7e57aa9616bbe0dd,U005268,School of Food Science,2021,0.149
e02e4e4fc9471ebb,U005269,School of Electrical Engineering,2022,0.4035
7e0f40bb15f1bc47,U005270,School of Education,2021,0.9081
24560b3d2ff2ea98,U005271,School of Foreign Languages,2025,4.3092
4b8a17434204309b,U005272,School of Economics,2021,1.5719
394049298d954c82,U005273,School of Civil Engineering,2021,2.4749
e7d64c3f63a088b3,U005274,School of Information Engineering,2022,1.135
da6b9964c03a4d5f,U005275,School of Applied Chemistry,2021,0.852
fc09673443bc4cdb,U005276,School of Economics,2021,7.2339
1842525f2ad5ab04,U005277,School of Information Engineering,2020,0.1573
6e926d5cc139df8b,U005278,School of Mechanical Engineering,2023,0.3905
63ae984ecf4110a8,U005279,School of Economics,2023,0.4222
35d195c87ae3fbfa,U005280,School of Design & Arts,2023,1.4428
378761c7c562dadb,U005281,School of Applied Chemistry,2024,0.2218
69a540e7672cf93d,U005282,School of Foreign Languages,2022,1.2667
cd8c2ce8754d6127,U005283,School of Foreign Languages,2025,1.0541
894e645592b29ba2,U005284,School of Civil Engineering,2024,1.3315
927c128ab5000809,U005285,School of Design & Arts,2024,1.3076
ac804bcc21da879e,U005286,School of Civil Engineering,2024,2.7492
efe52754e7acbd22,U005287,School of Business Administration,2022,0.562
b631615fb54525d0,U005288,School of Foreign Languages,2022,1.0032
62d41d61d7d5b58f,U005289,School of Electrical Engineering,2022,0.2826
a55580e3e094f5e6,U005290,School of Food Science,2020,0.225
642ea3e68effe3db,U005291,School of Electrical Engineering,2022,3.4481
d88e2c115e117446,U005292,School of Business Administration,2020,0.2621
a47769f57adcaa4f,U005293,School of Economics,2020,1.1211
cca198454618f3f5,U005294,School of Information Engineering,2025,1.004
82ef1bfd205d018d,U005295,School of Education,2024,1.9117
894eb38686f837ca,U005296,School of Design & Arts,2023,0.1125
e1212c63429e878f,U005297,School of Civil Engineering,2022,1.4394
b51d58d905732a8b,U005298,School of Business Administration,2023,0.5571
0c873ceee53d9efd,U005299,School of Business Administration,2025,0.324
5d540797842078e0,U005300,School of Business Administration,2023,0.4594
e352d8840a0805de,U005301,School of Economics,2023,1.6649
0079bcf732a479f0,U005302,School of Business Administration,2022,1.2266
5439f3769df85d10,U005303,School of Mechanical Engineering,2022,0.5195
2e145cfb4bb498df,U005304,School of Business Administration,2024,0.189
05769354f2272d6c,U005305,School of Design & Arts,2025,0.2028
995987875f0a57d9,U005306,School of Civil Engineering,2022,1.2536
4d0b38d2244547be,U005307,School of Electrical Engineering,2022,0.1645
19d553b42dcb8516,U005308,School of Education,2022,0.5246
35819f579bc8829d,U005309,School of Electrical Engineering,2022,8.6198
fe1dd29f6f395e41,U005310,School of Economics,2025,0.9348
0fda5d16ff9542cb,U005311,School of Information Engineering,2024,1.2402
5a7e26870baa93f3,U005312,School of Applied Chemistry,2022,0.2043
38285001dd5ca7cb,U005313,School of Information Engineering,2022,0.173
7ff6dbddbf5e0682,U005314,School of Mechanical Engineering,2022,1.3084
d49151861c2c118b,U005315,School of Foreign Languages,2020,0.4451
88f9f8cebc7eed20,U005316,School of Foreign Languages,2023,1.9091
3eda04a3676b4c72,U005317,School of Applied Chemistry,2024,0.6812
f1b4602ddc4a08b5,U005318,School of Civil Engineering,2023,20.6839
dcbd83b0d01276bd,U005319,School of Computer Science,2021,0.3681
2ea2852389a07394,U005320,School of Economics,2024,0.8712
d20c01f184851438,U005321,School of Business Administration,2024,0.2668
7d1d3a8cb95b3e24,U005322,School of Civil Engineering,2021,1.8314
0fa7bcc0a021b2b7,U005323,School of Education,2023,1.0136
19297ea220030299,U005324,School of Foreign Languages,2023,0.2495
28050586b1618770,U005325,School of Food Science,2024,0.4751
b47417b0dc3c28f4,U005326,School of Business Administration,2021,2.5724
b742b21b69812add,U005327,School of Mechanical Engineering,2021,2.2812
0eba18924ca8a117,U005328,School of Economics,2023,0.1586
dbcb5df593410890,U005329,School of Applied Chemistry,2020,0.4094
5304286a17f38754,U005330,School of Economics,2022,4.0325
a28cd8075cc9935d,U005331,School of Food Science,2024,0.552
b19fb05e2e2c6f9d,U005332,School of Electrical Engineering,2021,0.7838
3163793423d06ddb,U005333,School of Information Engineering,2022,1.822
53cb1c89b65d8e21,U005334,School of Education,2025,0.1722
c5b20017ebbe137c,U005335,School of Computer Science,2023,0.2549
ab796cabf756cba5,U005336,School of Information Engineering,2023,0.472
8062e6aab03c2ef6,U005337,School of Applied Chemistry,2023,2.1763
91b6ffde6ce30376,U005338,School of Mechanical Engineering,2021,1.809
2e9090c1dfc0861a,U005339,School of Mechanical Engineering,2021,1.3401
efb5c6593fd6c62f,U005340,School of Economics,2024,0.5677
64e5f6536ba572d2,U005341,School of Information Engineering,2022,2.0189
a58b484f5af4a122,U005342,School of Design & Arts,2022,0.5601
758b7f83d94b9a94,U005343,School of Civil Engineering,2020,1.163
4e4de3296de22200,U005344,School of Information Engineering,2024,1.6242
bb9f2bac313f510d,U005345,School of Education,2020,3.5602
2caa6384e714ade8,U005346,School of Information Engineering,2024,0.6167
52e667d1f1690999,U005347,School of Design & Arts,2022,0.454
22c45ff1d4f5597a,U005348,School of Information Engineering,2023,2.3823
44b2de68c6a09ecf,U005349,School of Design & Arts,2021,2.5724
93236f1d1d9cce3a,U005350,School of Business Administration,2021,0.3789
bc1508f3b8280427,U005351,School of Food Science,2023,0.2161
658c0f22efcf0cab,U005352,School of Civil Engineering,2024,2.2079
9738c5b187dbb19a,U005353,School of Mechanical Engineering,2021,0.1263
a1abab5a1ed1853a,U005354,School of Mechanical Engineering,2022,0.1201
4b52f03a2cefb3d3,U005355,School of Applied Chemistry,2022,0.4989
239e58bcb8c27511,U005356,School of Applied Chemistry,2021,0.6541
f271126fae44ffe8,U005357,School of Computer Science,2023,0.2045
78a93589d5f9b079,U005358,School of Design & Arts,2021,0.737
f745813a332a275e,U005359,School of Economics,2023,0.7706
0ddd51ba346772a9,U005360,School of Foreign Languages,2021,0.3652
ea0fa5f0f3b47d43,U005361,School of Foreign Languages,2023,4.5107
692ee2c9ad8415cc,U005362,School of Education,2022,0.9073
94b28d09ce6c549f,U005363,School of Business Administration,2022,1.8248
c3d90b9a2f9d8618,U005364,School of Mechanical Engineering,2022,0.1376
5dc6b07cd6008bbe,U005365,School of Information Engineering,2025,0.1364
5921250e73f0a37b,U005366,School of Mechanical Engineering,2023,0.9352
fb2808e62b2031db,U005367,School of Computer Science,2024,3.7729
20ee73a03d97bb15,U005368,School of Information Engineering,2021,0.215
fc8bbaafc26a6ae8,U005369,School of Education,2022,0.6814
57880c29032e414e,U005370,School of Electrical Engineering,2020,0.1717
1b02a37bd71257cc,U005371,School of Business Administration,2022,0.2878
14d63190a1156a7f,U005372,School of Applied Chemistry,2023,0.7161
c1d59afb59d13a67,U005373,School of Civil Engineering,2024,0.3607
3d8c9b39792c3236,U005374,School of Mechanical Engineering,2023,0.16
bd99bdbffe5c7f15,U005375,School of Education,2023,0.1565
9505f024eaa67a25,U005376,School of Foreign Languages,2021,0.0895
515cb5c6125553f2,U005377,School of Economics,2020,0.9508
66bf95023e1e6816,U005378,School of Education,2024,1.0731
6ace2e0393686e4c,U005379,School of Food Science,2021,1.0677
09385f44cbfd7fb7,U005380,School of Business Administration,2020,0.2378
245aaa317eef6abf,U005381,School of Economics,2025,1.6144
8566e981a1a3ca5e,U005382,School of Mechanical Engineering,2025,1.1969
425050024464c326,U005383,School of Electrical Engineering,2023,0.5947
3cc37b97e74df2f4,U005384,School of Economics,2022,0.5047
e14674f3f3df450d,U005385,School of Foreign Languages,2024,0.3085
922d767dafe65f55,U005386,School of Economics,2021,0.7155
42a787cc511eafe7,U005387,School of Economics,2022,2.975
85e7e2af1d7635c0,U005388,School of Mechanical Engineering,2022,1.842
96d6b00eca0f3762,U005389,School of Applied Chemistry,2025,0.4569
8c0bf533afef9eca,U005390,School of Design & Arts,2025,1.0117
a36dd1681c489f83,U005391,School of Information Engineering,2023,0.1962
b5b41cd64aa5c228,U005392,School of Business Administration,2021,1.2251
33365b9f7d199514,U005393,School of Civil Engineering,2023,0.2572
fb391e1aef490c7a,U005394,School of Design & Arts,2021,1.1773
adab103b8da19975,U005395,School of Food Science,2025,11.4968
7f32e5772197073e,U005396,School of Foreign Languages,2021,0.3339
a5001358b2dbecf9,U005397,School of Education,2020,10.977
ca2b024a216af9fb,U005398,School of Business Administration,2024,0.9643
8f9890fad69c9923,U005399,School of Electrical Engineering,2022,0.279
4ef35f1513a84b78,U005400,School of Computer Science,2024,0.2665
cfde053523dc3c8b,U005401,School of Food Science,2020,6.2836
ce6cbdb46790cebd,U005402,School of Design & Arts,2024,0.9666
2df36e4a73f2aa83,U005403,School of Applied Chemistry,2020,0.3352
879793f1be3a518d,U005404,School of Applied Chemistry,2020,0.4817
e466ce28936328ce,U005405,School of Computer Science,2022,0.9083
f591d6b41d69e5d4,U005406,School of Food Science,2021,0.5852
04455ee82491d221,U005407,School of Design & Arts,2023,0.8343
22655c3e3f7c8393,U005408,School of Applied Chemistry,2020,3.4785
721b376762659989,U005409,School of Foreign Languages,2020,0.1911
557089671a31a068,U005410,School of Economics,2024,1.1248
b5fd9c2e79533139,U005411,School of Electrical Engineering,2021,0.5489
5b9ed56787196aab,U005412,School of Foreign Languages,2023,0.3584
c9951620e58f78c1,U005413,School of Economics,2024,1.7249
9c5c4481fa7a77bb,U005414,School of Design & Arts,2020,0.1369
ee4eb15f415ebd39,U005415,School of Information Engineering,2024,0.0554
05f708c1417dd9fa,U005416,School of Business Administration,2021,0.739
cacf4670c5c16d6c,U005417,School of Mechanical Engineering,2022,0.5142
1ccb48b1bdb90dca,U005418,School of Computer Science,2020,0.1526
99744e2bc37b6905,U005419,School of Information Engineering,2024,0.1067
01c9fb81510e0361,U005420,School of Applied Chemistry,2023,4.0699
0b07a952a70ecf35,U005421,School of Food Science,2023,0.938
03815465ce699c83,U005422,School of Mechanical Engineering,2025,0.6021
ccf5dce12e9f0dfb,U005423,School of Computer Science,2022,5.3028
b09ccb0a40d5e62f,U005424,School of Mechanical Engineering,2025,1.6406
61f67f56f86f5994,U005425,School of Information Engineering,2024,3.4635
64a224454aebe3ab,U005426,School of Mechanical Engineering,2025,0.1814
3c78a0fe06d1a46d,U005427,School of Design & Arts,2025,0.1748
5548475d0d48259f,U005428,School of Education,2025,1.0943
69756b6fed4a65b5,U005429,School of Foreign Languages,2021,0.8936
5d32218044f8f94c,U005430,School of Foreign Languages,2024,2.0599
97cf7ee0f5556bc0,U005431,School of Information Engineering,2024,0.1156
61e709880f94d0ae,U005432,School of Food Science,2023,1.1931
aee73b00ba41abda,U005433,School of Applied Chemistry,2022,1.5877
24fd9406a3776e5b,U005434,School of Education,2025,1.5056
60eb6c3a83064943,U005435,School of Electrical Engineering,2021,0.3931
fcefd217f7944308,U005436,School of Foreign Languages,2023,0.9916
5de6dab1a9bce913,U005437,School of Civil Engineering,2023,0.2718
46b3e5bac7424a12,U005438,School of Applied Chemistry,2021,0.4405
64c6bb890a6db009,U005439,School of Information Engineering,2024,0.2081
49a2063dd3e82682,U005440,School of Civil Engineering,2020,0.2765
2e88782224472bd6,U005441,School of Business Administration,2024,0.464
1275795d8a229da2,U005442,School of Foreign Languages,2024,0.3613
0a431dae4808a772,U005443,School of Foreign Languages,2022,0.2764
5b0a91cd1d2d71cd,U005444,School of Food Science,2024,0.161
ad0dbdce628ad3b3,U005445,School of Civil Engineering,2021,4.1958
3e1482ef75c73765,U005446,School of Economics,2024,0.3579
da0ee7b1b0ad8710,U005447,School of Food Science,2025,0.8212
eba9ec48398f9b41,U005448,School of Civil Engineering,2021,0.1017
a74d0bfbad15c8de,U005449,School of Education,2024,2.2948
5e38ffce2128a3cc,U005450,School of Economics,2023,0.6978
d86f503118224672,U005451,School of Computer Science,2023,0.3787
d59cb5d8d129a5d8,U005452,School of Civil Engineering,2024,0.3821
21aaeea1ff66b725,U005453,School of Information Engineering,2023,1.4083
ac15a1fa1d545275,U005454,School of Electrical Engineering,2023,0.0308
9785592932555bb2,U005455,School of Electrical Engineering,2021,0.2589
13436d33a40d9610,U005456,School of Computer Science,2022,0.5241
fb3a970a794c1c8a,U005457,School of Electrical Engineering,2025,0.5181
cfd1cd026a29f932,U005458,School of Mechanical Engineering,2021,7.2305
5824058b1c6cd1ae,U005459,School of Civil Engineering,2023,0.4212
0b765cd58d086c97,U005460,School of Business Administration,2021,1.5892
3aa9539d6fded367,U005461,School of Business Administration,2024,3.6134
ab53416c2fc178d3,U005462,School of Foreign Languages,2023,1.1544
2bdb491a8087bba7,U005463,School of Food Science,2022,0.3009
59912f391696934f,U005464,School of Business Administration,2021,0.1634
b62676f531b6976d,U005465,School of Applied Chemistry,2022,1.2441
8c0166cf83c9710c,U005466,School of Food Science,2025,3.0588
5649180f7dd3a051,U005467,School of Design & Arts,2023,1.0191
4ef7bdda2a36a1ae,U005468,School of Mechanical Engineering,2022,2.0268
78f2ccaa08a87dcc,U005469,School of Economics,2024,7.8848
3fc86b4a1ff62c6a,U005470,School of Mechanical Engineering,2022,1.3639
e1c307bc858bfca1,U005471,School of Design & Arts,2022,0.1964
dbdda818c0ec3854,U005472,School of Civil Engineering,2022,0.6213
110b947417f2c046,U005473,School of Applied Chemistry,2021,2.3238
202b76be0174e637,U005474,School of Business Administration,2024,0.4603
29e00bd2566887cb,U005475,School of Food Science,2025,2.661
6ca000680956b23d,U005476,School of Information Engineering,2025,0.5521
ff8ccd17fbebbefc,U005477,School of Education,2025,0.8248
74308a48bd91f443,U005478,School of Mechanical Engineering,2022,0.4157
606f6e6b9e58e132,U005479,School of Computer Science,2022,0.6925
f8f7ceeda190083d,U005480,School of Applied Chemistry,2023,0.7301
b2b756e4d1c12494,U005481,School of Applied Chemistry,2025,0.1182
5daad3134857c26f,U005482,School of Computer Science,2024,0.3796
46f744640c79d982,U005483,School of Computer Science,2023,0.172
205191e4dd5ca2e9,U005484,School of Applied Chemistry,2024,0.3929
5d03d6b1e9caefd8,U005485,School of Mechanical Engineering,2024,0.2666
0d7565c46ba9deee,U005486,School of Information Engineering,2025,1.6239
8511e63577378512,U005487,School of Electrical Engineering,2024,1.6428
d11bd993d727834e,U005488,School of Mechanical Engineering,2022,1.0338
0b871acad8697a53,U005489,School of Information Engineering,2022,0.1662
74364ab168ad7969,U005490,School of Mechanical Engineering,2023,0.5352
9ebc3ad8a24a9d5c,U005491,School of Economics,2022,0.1535
627b1516c4dc085f,U005492,School of Information Engineering,2025,0.5095
0f2d443067245cda,U005493,School of Business Administration,2023,1.128
3d47e3c43b57b242,U005494,School of Economics,2023,1.5922
aa5dd655a2422b11,U005495,School of Civil Engineering,2022,0.9473
166880081dbe29d9,U005496,School of Civil Engineering,2023,2.0781
f8dc6042eb708cd8,U005497,School of Design & Arts,2023,0.7655
934bf177d5b449dd,U005498,School of Design & Arts,2021,0.4674
39d1747ddf2da263,U005499,School of Electrical Engineering,2025,1.4143
68d3c4471b5c0cda,U005500,School of Food Science,2022,1.4615
9e08de09bbe738b7,U005501,School of Business Administration,2022,0.3495
cdab4644fe742010,U005502,School of Business Administration,2021,0.8624
817a2502db625c20,U005503,School of Applied Chemistry,2023,0.4399
3ba70a4115949755,U005504,School of Food Science,2024,0.0792
d386c981d489af3f,U005505,School of Food Science,2025,0.9168
d9678981b83dd4d7,U005506,School of Foreign Languages,2020,0.1618
eef16346435395e7,U005507,School of Mechanical Engineering,2025,0.8197
65bbfef36bf56408,U005508,School of Foreign Languages,2024,0.1272
461cc80ccb9708d3,U005509,School of Information Engineering,2022,0.2875
077c4107663efea7,U005510,School of Food Science,2021,0.3827
90d03d62c0252d9c,U005511,School of Information Engineering,2022,1.9635
59caf4ea090f602e,U005512,School of Information Engineering,2025,0.3463
4742706068069979,U005513,School of Applied Chemistry,2022,0.2015
57cfb3369c16bbf2,U005514,School of Applied Chemistry,2022,0.8499
c25b3ec2814d2cb0,U005515,School of Electrical Engineering,2024,0.4752
7840fc0b9cf4dd43,U005516,School of Civil Engineering,2025,1.3015
fb4aa84fc01364c4,U005517,School of Foreign Languages,2023,0.2146
9bafdd4c3d6d3508,U005518,School of Design & Arts,2024,0.7289
ec8a9f7f873d8819,U005519,School of Foreign Languages,2021,6.9766
95d12682154d8637,U005520,School of Business Administration,2025,0.4647
0782224219a4b0f7,U005521,School of Applied Chemistry,2022,0.7116
ac39d1ac6442e713,U005522,School of Information Engineering,2021,0.1121
fd4f03ba320677bc,U005523,School of Business Administration,2025,0.2516
277dc88c78af203f,U005524,School of Education,2021,0.9349
42454764833e55a8,U005525,School of Mechanical Engineering,2021,0.4245
ef12bdbccd233c29,U005526,School of Civil Engineering,2023,1.0914
896bd755cf11d8b2,U005527,School of Civil Engineering,2022,0.903
6b6db454dad78a01,U005528,School of Business Administration,2021,0.158
9caa6283852d86aa,U005529,School of Mechanical Engineering,2023,1.6295
0eedc7da65641231,U005530,School of Information Engineering,2024,0.1704
7198dd872a691b8e,U005531,School of Foreign Languages,2024,0.2747
afb47bcc9c96474b,U005532,School of Design & Arts,2021,0.7427
6171aa4c722fc7d0,U005533,School of Applied Chemistry,2023,2.8293
27bb94c19042f393,U005534,School of Information Engineering,2024,0.2163
a477ee9195fd7013,U005535,School of Applied Chemistry,2021,0.6843
9720de6549182fcd,U005536,School of Business Administration,2021,0.6901
6f223f1094e9011a,U005537,School of Computer Science,2020,1.1392
ee6c43378c03db73,U005538,School of Education,2023,1.929
6a267e66aa5f82c2,U005539,School of Civil Engineering,2021,0.3941
286f8dd500da6be2,U005540,School of Mechanical Engineering,2024,1.6239
dcca3796fc8ff848,U005541,School of Design & Arts,2025,2.2329
5b887260fd73cd4c,U005542,School of Business Administration,2021,3.5147
4140c44b16f3112a,U005543,School of Mechanical Engineering,2023,0.9752
a969fab108cebd8c,U005544,School of Foreign Languages,2021,0.691
c94187be3af35f79,U005545,School of Design & Arts,2020,0.3673
e363e9a99fcfed13,U005546,School of Business Administration,2024,0.1372
1dc51c144bc638cc,U005547,School of Foreign Languages,2022,0.4471
75cb8e2f92bc7939,U005548,School of Business Administration,2025,0.6606
e2612074599de672,U005549,School of Applied Chemistry,2023,0.5291
4456bca1e2055218,U005550,School of Applied Chemistry,2021,1.0733
cb14aff5f3e63c96,U005551,School of Information Engineering,2022,0.1379
b47cd3aa88a415af,U005552,School of Foreign Languages,2021,0.4921
88b52929b28134cd,U005553,School of Applied Chemistry,2025,4.3395
d0ee99cac5dcb650,U005554,School of Civil Engineering,2024,1.5977
f2419429f3b8b1ef,U005555,School of Foreign Languages,2022,1.0933
7898787114eb264b,U005556,School of Economics,2023,0.8726
3f6a32eaff6bd1c3,U005557,School of Civil Engineering,2023,0.4097
532cc05e02189963,U005558,School of Economics,2024,0.1022
294a143543324fa8,U005559,School of Mechanical Engineering,2020,0.9325
3032f4ffec6666ce,U005560,School of Design & Arts,2020,0.051
849fceee527f90b9,U005561,School of Computer Science,2021,0.4263
28ef9426a0e8f232,U005562,School of Applied Chemistry,2022,0.5882
d583f73140add535,U005563,School of Design & Arts,2022,0.3775
8e0f15b9684ee513,U005564,School of Economics,2021,5.1778
001d309a24eb13e9,U005565,School of Applied Chemistry,2022,3.6595
95d9ba7f7aab1700,U005566,School of Mechanical Engineering,2022,1.6583
90bb618b3d3f4602,U005567,School of Education,2021,0.234
c7d0c0b08d9e5fad,U005568,School of Applied Chemistry,2025,4.0326
4951d1ce0123e824,U005569,School of Information Engineering,2023,1.0963
97f038e2cf35fa41,U005570,School of Information Engineering,2022,0.2302
c1adcac4f4b8e119,U005571,School of Mechanical Engineering,2023,0.61
278e724f79b9bd8e,U005572,School of Business Administration,2022,1.5397
08a204e0b8c37ddb,U005573,School of Computer Science,2024,0.3244
a6aabc176c152406,U005574,School of Education,2023,0.6794
5c4a4d2e94961037,U005575,School of Economics,2023,0.8102
42e9fb39ce606ed1,U005576,School of Mechanical Engineering,2025,0.1963
12f790dbb0f2106a,U005577,School of Electrical Engineering,2024,0.4506
0fde150ccefc94c2,U005578,School of Computer Science,2024,0.2117
3ebe2d4995caa336,U005579,School of Civil Engineering,2021,1.4073
f591c55b55e9ca3f,U005580,School of Information Engineering,2021,0.2381
bfe47ce984db3a40,U005581,School of Computer Science,2024,0.7904
116bda5642fd5f59,U005582,School of Applied Chemistry,2022,0.147
8b1f80ede4bc6c9e,U005583,School of Applied Chemistry,2024,0.1901
26cff18c75eff7b0,U005584,School of Food Science,2024,0.1811
1a7826407ec55505,U005585,School of Education,2022,0.4419
24f589ac5cb5025d,U005586,School of Electrical Engineering,2022,0.7071
7eeb312ea2d5ccfe,U005587,School of Economics,2023,0.8502
103e33e8d3cb969a,U005588,School of Food Science,2022,0.1003
e44cc8e9182ae6b0,U005589,School of Electrical Engineering,2023,0.4988
e9f4f795ddc9ee04,U005590,School of Civil Engineering,2024,0.2787
0c1886e8c498fb68,U005591,School of Design & Arts,2023,1.0072
6f63a5a5e2f8e6ae,U005592,School of Food Science,2024,0.4517
ba1b498ea55b323a,U005593,School of Economics,2023,0.5445
f5b468b125deebe8,U005594,School of Food Science,2024,0.2803
0bcf2495bd6ee8d1,U005595,School of Economics,2021,3.3123
b86613a6760b5909,U005596,School of Business Administration,2024,0.1636
cd79e3d8da260d39,U005597,School of Business Administration,2024,0.3958
002c650b1a45356f,U005598,School of Food Science,2021,0.6574
d852fe54b1d48b32,U005599,School of Civil Engineering,2023,0.4592
492410632fbd5704,U005600,School of Business Administration,2024,0.275
f97490fc7bc3b6d6,U005601,School of Computer Science,2021,0.0965
fd89a962732dc8a1,U005602,School of Civil Engineering,2024,0.2957
2fff8a887bffde18,U005603,School of Applied Chemistry,2025,0.2262
5bb1925cbc1f1b9c,U005604,School of Business Administration,2025,3.1652
52053be6827d8dd5,U005605,School of Computer Science,2022,5.6842
d497addfeff26d2a,U005606,School of Electrical Engineering,2023,0.5611
2ea98b12ee551e8f,U005607,School of Business Administration,2025,0.1449
cd0a9a2db09a2413,U005608,School of Education,2023,1.235
79bac6fd5d41143a,U005609,School of Mechanical Engineering,2021,0.2213
42a2b0b703357bc9,U005610,School of Economics,2020,0.3409
1dfd3554dd0690c0,U005611,School of Computer Science,2024,0.3148
58c9a308c642dcb6,U005612,School of Applied Chemistry,2022,0.3579
9d5309466d1fa25a,U005613,School of Computer Science,2021,0.4141
6ec9f3a180c758d1,U005614,School of Education,2022,0.1587
6a5f7216d1da3ac1,U005615,School of Education,2024,0.2926
2915287596349d1a,U005616,School of Electrical Engineering,2022,1.6371
c6b76a41d0890de4,U005617,School of Mechanical Engineering,2025,0.5709
3e4504745ef42c4d,U005618,School of Business Administration,2024,0.6692
3e44023eb6eec9ab,U005619,School of Foreign Languages,2025,0.0633
eddb84f77cc17d73,U005620,School of Economics,2025,1.5231
e84ef6327c6c1d1f,U005621,School of Mechanical Engineering,2021,0.2974
216344c655b29d23,U005622,School of Mechanical Engineering,2023,1.8166
8ab961b4205c0a8e,U005623,School of Civil Engineering,2020,0.6889
50ed0cbf05b0fa70,U005624,School of Economics,2025,0.3365
9999ea446a4b0745,U005625,School of Economics,2021,0.1103
5726a1d420a010ac,U005626,School of Mechanical Engineering,2023,5.1957
c4acf17f60c105f0,U005627,School of Education,2024,1.3182
6f28eb9460bccd40,U005628,School of Computer Science,2021,1.3994
ef6a56a4a1c2d065,U005629,School of Business Administration,2024,3.6394
9b5a271d80c42835,U005630,School of Electrical Engineering,2020,0.7387
890a38733c58360e,U005631,School of Economics,2022,2.2828
15360fd25b7abb43,U005632,School of Computer Science,2023,0.3658
d2d50c159ab9d409,U005633,School of Design & Arts,2022,1.2344
1e073663afdd075f,U005634,School of Business Administration,2023,0.3144
45723906032b4f6d,U005635,School of Information Engineering,2025,0.3567
03629d2143d935e9,U005636,School of Information Engineering,2022,0.6505
94fb80f3c0e8de9c,U005637,School of Civil Engineering,2023,0.1662
026cbbedf9232b9f,U005638,School of Mechanical Engineering,2025,0.8207
995e1aeb0092ce1d,U005639,School of Applied Chemistry,2024,0.4322
8f7b0ab8b8f0ce85,U005640,School of Economics,2020,0.0809
b677bcd71fa0dee2,U005641,School of Applied Chemistry,2025,0.3736
27e8a62a4b325090,U005642,School of Civil Engineering,2020,0.4181
ae48fe9cadf0111c,U005643,School of Business Administration,2023,1.3852
bb64455b20ea918f,U005644,School of Information Engineering,2023,0.7852
c88567fd7b5f7100,U005645,School of Information Engineering,2024,2.5105
e6ab644694cf1994,U005646,School of Mechanical Engineering,2021,0.9931
446a0f107ded5936,U005647,School of Applied Chemistry,2021,0.3393
d7b773fa104a4225,U005648,School of Computer Science,2024,0.5569
4800b580de949664,U005649,School of Design & Arts,2021,0.4168
32ba30d53d29b102,U005650,School of Electrical Engineering,2022,0.9617
2da8f7260b367818,U005651,School of Computer Science,2024,0.6268
ed463db947ff6e38,U005652,School of Civil Engineering,2023,0.3149
29ed404b89b185a4,U005653,School of Electrical Engineering,2021,0.5955
23bfc02dac008e52,U005654,School of Information Engineering,2022,0.9363
fe056991c32e255e,U005655,School of Mechanical Engineering,2025,0.2158
7786d0d1cabfdc42,U005656,School of Education,2022,0.8106
41ece7fa60ebf47d,U005657,School of Information Engineering,2020,0.1218
fe684b573cd52449,U005658,School of Computer Science,2021,1.7835
de7e88dc5359769c,U005659,School of Electrical Engineering,2022,1.0002
c0a70d913c06540c,U005660,School of Civil Engineering,2025,3.011
6bbd90e4fadc97c3,U005661,School of Foreign Languages,2022,0.1933
6a825faf81ea7cb7,U005662,School of Foreign Languages,2020,1.8339
7f91954b586af4bb,U005663,School of Design & Arts,2023,1.505
6c072a746adad827,U005664,School of Computer Science,2020,0.492
7dfa19962ffcabe0,U005665,School of Education,2022,0.4051
0b1811f026b69023,U005666,School of Mechanical Engineering,2025,0.1995
ba0c5d0b97cd5dad,U005667,School of Computer Science,2024,0.1537
a552b7305f55f352,U005668,School of Electrical Engineering,2020,0.2785
85db0ed9a8e19730,U005669,School of Electrical Engineering,2022,0.1682
ae926f2b6338694b,U005670,School of Applied Chemistry,2021,2.9116
7f25da6b16168087,U005671,School of Mechanical Engineering,2021,0.1315
0861d3b59da3074a,U005672,School of Food Science,2023,0.6852
06e2e59cbcc86d27,U005673,School of Information Engineering,2023,0.9127
a2293473e6c4ef8f,U005674,School of Electrical Engineering,2024,0.8441
c3ab8d625a30eeb4,U005675,School of Applied Chemistry,2025,0.9215
62df741a1e5c27fd,U005676,School of Food Science,2021,1.521
038204d36075c8f2,U005677,School of Applied Chemistry,2025,0.378
4869fee63f19b7e3,U005678,School of Applied Chemistry,2023,0.6444
605be6cc7e259528,U005679,School of Business Administration,2021,0.4402
da1601c42e0606a8,U005680,School of Foreign Languages,2024,2.1717
c579510d0cc2c968,U005681,School of Applied Chemistry,2020,4.8204
ad36f95c8bb637a5,U005682,School of Mechanical Engineering,2023,0.1789
5db77d926227a38e,U005683,School of Civil Engineering,2024,0.0775
88e337e5f566a27d,U005684,School of Food Science,2022,1.043
479a4cb8add97b73,U005685,School of Food Science,2025,1.7218
a58ae75883e61850,U005686,School of Business Administration,2021,4.1786
6dfaca3db3a41da4,U005687,School of Foreign Languages,2024,1.2348
bf19d5b3628dbaea,U005688,School of Computer Science,2020,2.384
22cd3c48ad2a446e,U005689,School of Economics,2021,3.1051
d1c4eacc0f02d7b9,U005690,School of Applied Chemistry,2022,2.5543
da1f1828e0f14738,U005691,School of Computer Science,2024,1.425
afc5180434f60e98,U005692,School of Education,2021,0.1638
ea8bda84b40134c8,U005693,School of Business Administration,2025,0.5855
5c06ea3171dddfa9,U005694,School of Electrical Engineering,2021,0.7969
961f78d2abb08247,U005695,School of Education,2022,0.5343
2dc40bbec17f334d,U005696,School of Business Administration,2022,0.5683
b1c8633e657ee447,U005697,School of Business Administration,2021,2.8298
7c08156d4b24bee8,U005698,School of Education,2025,0.277
08c7346e705bc2f9,U005699,School of Civil Engineering,2022,1.3126
156a595755fbda8d,U005700,School of Economics,2024,0.8101
fa0dfdeab4878b6b,U005701,School of Information Engineering,2023,0.2504
d112a16b7deb19bc,U005702,School of Design & Arts,2023,0.2012
6adc65d817f83a13,U005703,School of Information Engineering,2023,0.1077
94056d8ba411e3e8,U005704,School of Electrical Engineering,2025,0.9594
6813f05234b69391,U005705,School of Business Administration,2024,0.5542
ad87c5ee320c3317,U005706,School of Civil Engineering,2023,0.2585
4bf9a3bf6155e327,U005707,School of Electrical Engineering,2023,0.0904
bd73a3acc36626c6,U005708,School of Education,2023,0.91
af9c622443926368,U005709,School of Design & Arts,2022,0.4962
ff476cae76e6fe15,U005710,School of Mechanical Engineering,2023,0.2892
34356a1878272d63,U005711,School of Civil Engineering,2022,0.2251
cfe33420fec18c4c,U005712,School of Economics,2024,0.4651
35086090e5681dd2,U005713,School of Civil Engineering,2025,0.9446
e7fb6d84e4a9e844,U005714,School of Design & Arts,2025,0.4244
39384a399822eb38,U005715,School of Applied Chemistry,2024,0.1799
296a3e92ec00dc60,U005716,School of Education,2023,0.557
7e02da169594dacb,U005717,School of Design & Arts,2024,1.6796
68c71ab2de4baa36,U005718,School of Applied Chemistry,2021,0.6146
fa69c9ddf37950e2,U005719,School of Education,2023,0.6322
f32994bbca4b2267,U005720,School of Computer Science,2021,0.4263
7f2a84a978aa6738,U005721,School of Economics,2020,0.2425
6a94f1292fc34bd8,U005722,School of Economics,2025,0.2346
280949ff3e2ef76d,U005723,School of Electrical Engineering,2025,0.112
7072b69793d099a0,U005724,School of Education,2023,1.9236
2e4e8da8cb47be33,U005725,School of Computer Science,2021,0.9375
0dc377a46e596e6c,U005726,School of Food Science,2024,0.6411
443d2542768f4a64,U005727,School of Mechanical Engineering,2022,0.7934
bf23850cf70280a1,U005728,School of Computer Science,2024,0.829
bf062aa9e1e631b7,U005729,School of Computer Science,2025,0.2832
99408d72629e50b3,U005730,School of Electrical Engineering,2022,0.4264
305639f1bc313694,U005731,School of Civil Engineering,2021,0.3674
0e6537d5bab9e7cf,U005732,School of Economics,2021,7.2748
f2c2d0d71ada16b9,U005733,School of Civil Engineering,2020,1.6375
cd51b36c5dbe604d,U005734,School of Design & Arts,2022,0.6983
94ac6a92ba6e011d,U005735,School of Information Engineering,2020,2.314
015df198e6035df2,U005736,School of Mechanical Engineering,2021,2.0395
7118c7517c047973,U005737,School of Electrical Engineering,2022,0.1484
3dbcc79823ddb931,U005738,School of Information Engineering,2021,0.4724
28d127b5b55cdca7,U005739,School of Information Engineering,2024,0.5808
bd7a64742f0558c2,U005740,School of Information Engineering,2021,1.0882
a145de4cacdd4c33,U005741,School of Computer Science,2025,0.4719
d2abf6a9614f690e,U005742,School of Business Administration,2021,0.535
bd798dfc5c77474d,U005743,School of Information Engineering,2021,0.3722
48c75873e928e5f1,U005744,School of Computer Science,2020,1.6853
fae03d6f534ff85d,U005745,School of Computer Science,2024,0.1394
b82ccdf55feddea1,U005746,School of Education,2021,0.3851
3ca19fd71ccdfbf1,U005747,School of Design & Arts,2023,0.0934
018617227799cb18,U005748,School of Foreign Languages,2021,0.2108
7f5ea83677a5e41c,U005749,School of Foreign Languages,2025,0.8107
cd4035ee7f070532,U005750,School of Mechanical Engineering,2021,0.8263
49463a14947d2c5e,U005751,School of Civil Engineering,2022,0.4316
2c6b27679332b1f0,U005752,School of Design & Arts,2024,1.8166
6986109c7322d73c,U005753,School of Education,2021,2.2865
bc0ad57cedbda08e,U005754,School of Civil Engineering,2021,0.5509
0a64584d604327c3,U005755,School of Computer Science,2024,0.7584
4eddde57c4949cad,U005756,School of Economics,2022,0.3755
14d74fd3053b8ba0,U005757,School of Business Administration,2020,1.105
1f426994153ff7d8,U005758,School of Food Science,2022,0.1789
586caf5d9bc7d473,U005759,School of Electrical Engineering,2020,3.5567
1acc238d2985466d,U005760,School of Mechanical Engineering,2025,1.8459
56be50819a8b85eb,U005761,School of Electrical Engineering,2023,0.178
96c60b2267315127,U005762,School of Education,2023,0.2682
d69a1bd7a534cc88,U005763,School of Civil Engineering,2021,0.8996
ab1f11c4d0c7d8c1,U005764,School of Mechanical Engineering,2024,0.4209
00bd413dcae9d416,U005765,School of Electrical Engineering,2024,1.0177
af2304cfc9288e4e,U005766,School of Foreign Languages,2020,0.4121
751b296314e0d4a2,U005767,School of Mechanical Engineering,2025,2.7123
1632174e83e66d6f,U005768,School of Food Science,2023,0.5953
fe24ff3e555b2622,U005769,School of Economics,2024,6.6429
6cde840da027ca98,U005770,School of Economics,2021,1.0786
54523438ff2b79b0,U005771,School of Economics,2021,0.1531
ff260d8b2687aae8,U005772,School of Information Engineering,2024,4.7564
29af33c32e20bea9,U005773,School of Economics,2024,1.7712
4326dbf2afe008a4,U005774,School of Business Administration,2022,0.8634
a6e33371154b3313,U005775,School of Information Engineering,2020,1.1271
70d1fbd704241487,U005776,School of Mechanical Engineering,2024,0.1798
9c0fe431e301e968,U005777,School of Information Engineering,2021,0.0972
24eb5c8eafd4c9fa,U005778,School of Information Engineering,2022,0.5662
fd0c8d603837bcdb,U005779,School of Food Science,2023,2.3438
2ad92fa840be29d6,U005780,School of Mechanical Engineering,2020,0.877
bf810e57e453908b,U005781,School of Design & Arts,2020,3.2614
8b409f8fa9f3a9e1,U005782,School of Mechanical Engineering,2020,2.2127
50e8279d59e669ce,U005783,School of Education,2025,0.6027
d2b0464ef3f225ab,U005784,School of Applied Chemistry,2022,1.9285
21ab0535b4290c7b,U005785,School of Applied Chemistry,2023,2.7063
53a40fac5bcf9f91,U005786,School of Mechanical Engineering,2025,0.5449
7b95cc7c371adc98,U005787,School of Food Science,2023,0.4767
7ca81a356f64db25,U005788,School of Civil Engineering,2023,0.6794
9d1730f2adab54f9,U005789,School of Information Engineering,2023,0.0529
3e2c50e82a111630,U005790,School of Foreign Languages,2022,0.7815
6e18a2f03a62c324,U005791,School of Education,2023,1.2134
233d32128fb1949a,U005792,School of Mechanical Engineering,2025,0.6822
508899466df59507,U005793,School of Business Administration,2024,0.8333
f887ea8fc752380c,U005794,School of Design & Arts,2022,0.5653
85f7a099c0518849,U005795,School of Mechanical Engineering,2022,0.0801
ffa797a90ee078cf,U005796,School of Economics,2025,3.113
1aab50a4038f074d,U005797,School of Design & Arts,2021,0.4087
bc04a2f8148b4c90,U005798,School of Applied Chemistry,2024,0.3183
e7b547f9177a80e8,U005799,School of Computer Science,2021,2.2956
df54b6e9d58585c8,U005800,School of Civil Engineering,2024,1.571
846cf7fa6d10a482,U005801,School of Mechanical Engineering,2024,0.7757
e28f0d240b91e4c5,U005802,School of Foreign Languages,2023,1.2743
5bc1834f9dec49ba,U005803,School of Design & Arts,2021,0.186
389369a67aaff309,U005804,School of Applied Chemistry,2024,0.5445
8f66b4dedfe7b17f,U005805,School of Economics,2022,2.155
febe9982f45f853f,U005806,School of Applied Chemistry,2022,0.2999
057ea0ca63c8eff4,U005807,School of Electrical Engineering,2023,0.2175
3f2fb3a698c64ee4,U005808,School of Economics,2022,0.6386
e27ef624aec47c40,U005809,School of Education,2024,0.6538
17b322fb6d954a50,U005810,School of Food Science,2021,1.1281
10c7221e8d5240c2,U005811,School of Applied Chemistry,2022,0.1488
ee32fe8f557fd122,U005812,School of Electrical Engineering,2025,0.0461
b88ef6051cd4685e,U005813,School of Information Engineering,2020,1.4832
5163c09f07a35af1,U005814,School of Electrical Engineering,2022,0.1999
904219e17736f62c,U005815,School of Economics,2023,0.3208
0e817287f56fa0ac,U005816,School of Economics,2025,0.0665
5ce29f721c36bb68,U005817,School of Information Engineering,2023,1.642
57fbd647141b2b69,U005818,School of Applied Chemistry,2024,0.8381
23654e17516b8ef4,U005819,School of Foreign Languages,2021,0.8051
45821bef02ac130c,U005820,School of Foreign Languages,2022,0.7997
a4ae77847d4f2564,U005821,School of Food Science,2025,0.0752
2f7a88574241fc57,U005822,School of Mechanical Engineering,2025,0.2204
2d6a763892b99b6d,U005823,School of Civil Engineering,2023,0.3758
b05d9e8b489304a2,U005824,School of Information Engineering,2023,0.2792
6bec999859ec062b,U005825,School of Foreign Languages,2022,0.45
907132b5027d7375,U005826,School of Applied Chemistry,2020,0.7552
d0ecefb5f0f9ca38,U005827,School of Civil Engineering,2025,1.6152
44b520add6655d1f,U005828,School of Economics,2024,0.1344
615a58a577ade5bb,U005829,School of Food Science,2022,0.5852
d56299b90ec7a549,U005830,School of Computer Science,2022,1.2027
1d5916137f664312,U005831,School of Economics,2022,0.2343
49675fddf10bada8,U005832,School of Education,2021,0.4868
b5c9154d2579e7ac,U005833,School of Mechanical Engineering,2024,0.9413
8b54c478dc50f0e5,U005834,School of Economics,2023,0.597
1e0190a757bb6c1c,U005835,School of Information Engineering,2021,1.1586
dba483b1975402a7,U005836,School of Economics,2023,0.649
79a0851c95547a7b,U005837,School of Foreign Languages,2025,0.4322
c1075bf287929499,U005838,School of Food Science,2021,0.1827
026fe67268e0dba8,U005839,School of Applied Chemistry,2022,0.7559
c62746981547fa1e,U005840,School of Computer Science,2023,0.6524
1b9dce50d253db2e,U005841,School of Foreign Languages,2021,0.2187
3af884c982c1044f,U005842,School of Computer Science,2023,1.0566
9813f456385d1aad,U005843,School of Mechanical Engineering,2023,2.0979
b47c859501657751,U005844,School of Information Engineering,2021,0.3051
93608a46e2df6019,U005845,School of Food Science,2021,0.2852
29277257e90db375,U005846,School of Electrical Engineering,2024,0.275
f95a05d083e557e8,U005847,School of Information Engineering,2022,0.1102
7f30c26b516a797a,U005848,School of Mechanical Engineering,2023,4.3819
882e4b360f724048,U005849,School of Mechanical Engineering,2023,0.3769
b498e8b6979a4084,U005850,School of Economics,2024,0.2502
33db5c9b42c73b1b,U005851,School of Information Engineering,2024,0.1913
5dcc88b670641587,U005852,School of Economics,2024,0.4005
c9a0b2d0a5e3bab3,U005853,School of Applied Chemistry,2023,0.2946
f9a6143d4c00a128,U005854,School of Business Administration,2022,2.487
0748c51a604e71ab,U005855,School of Food Science,2022,0.1694
67c730e2d528c2dd,U005856,School of Civil Engineering,2022,0.1267
efc81f3ca479e54d,U005857,School of Electrical Engineering,2022,1.0251
4fdb41dc94c7950a,U005858,School of Foreign Languages,2021,0.5304
db9613c6553f2624,U005859,School of Design & Arts,2022,0.4724
3335f974a22f0570,U005860,School of Foreign Languages,2022,1.0332
31552285da06cdd6,U005861,School of Design & Arts,2020,0.6769
626e20fd055aeb1c,U005862,School of Education,2022,0.5634
09eb0b03a6481a59,U005863,School of Electrical Engineering,2024,0.1448
a5d7f1f5d346ab08,U005864,School of Business Administration,2023,0.1113
f3e35594f177cd09,U005865,School of Information Engineering,2024,0.293
a1a12b0262341e04,U005866,School of Business Administration,2023,0.1996
2405e17b8d27c03c,U005867,School of Economics,2024,0.7728
6753f4be48ff7b31,U005868,School of Food Science,2024,0.0977
df2aac2765fe6d4c,U005869,School of Computer Science,2020,0.3775
baa4301753be0c2e,U005870,School of Information Engineering,2025,0.4965
1218725e32197230,U005871,School of Foreign Languages,2020,0.5674
759ab93d5435c074,U005872,School of Economics,2023,0.8798
0de101a07fa26d6f,U005873,School of Mechanical Engineering,2024,0.4259
dc0bb146c49386ad,U005874,School of Information Engineering,2022,0.3029
d6489600b0fa5b1b,U005875,School of Electrical Engineering,2023,2.0493
84cc9305a3576fc0,U005876,School of Civil Engineering,2022,0.4287
069b38475f5e2a20,U005877,School of Information Engineering,2020,2.4403
0c3f6da5263dfa6d,U005878,School of Design & Arts,2020,0.4265
4a75815a8e505377,U005879,School of Civil Engineering,2020,0.5808
6173e5144866bf5d,U005880,School of Economics,2020,0.5139
6f19ca231feed29b,U005881,School of Education,2023,0.7439
c58679132391a0ed,U005882,School of Information Engineering,2023,0.388
987c553772764d68,U005883,School of Civil Engineering,2022,0.6499
a9dd031e250caead,U005884,School of Economics,2024,2.7287
9c4c2e9063fd80ae,U005885,School of Mechanical Engineering,2020,1.6851
5d41382014f64443,U005886,School of Food Science,2022,1.6968
65d8ac6d1c7c1cdf,U005887,School of Electrical Engineering,2024,0.1543
e4e0e23ded59cc4b,U005888,School of Economics,2025,0.1814
e532cc70c4068f96,U005889,School of Design & Arts,2022,0.734
fd427db03cea1fa2,U005890,School of Education,2020,1.276
802dbd65ebf84f4e,U005891,School of Information Engineering,2024,0.3513
5df07cdf9e1379b3,U005892,School of Food Science,2025,0.2939
f04f5f0d1f33c318,U005893,School of Applied Chemistry,2022,2.3794
0277fce59f6a4528,U005894,School of Economics,2021,1.1722
df6f368a2dd418a0,U005895,School of Economics,2020,1.7006
899768c52e740e5f,U005896,School of Applied Chemistry,2023,0.3797
21df48ab35963c9b,U005897,School of Civil Engineering,2025,0.351
7c6bcf4409da2429,U005898,School of Economics,2024,1.5248
e96ca0444c4c4b18,U005899,School of Applied Chemistry,2022,0.454
143fafc7b5da9a13,U005900,School of Education,2023,0.3205
945dd97368cb1b75,U005901,School of Foreign Languages,2024,0.2369
80ded134845fa88f,U005902,School of Design & Arts,2023,0.3541
85d3eea4a8b37ac1,U005903,School of Applied Chemistry,2024,1.4163
0333c392a061dc02,U005904,School of Business Administration,2022,0.1305
286c9dab3d505787,U005905,School of Foreign Languages,2022,1.1074
a2cf6c26f4c9f884,U005906,School of Business Administration,2023,0.2908
e89c667f24774221,U005907,School of Design & Arts,2022,0.4784
448456227fa54950,U005908,School of Economics,2025,0.51
df542a54c01482f9,U005909,School of Civil Engineering,2023,0.4734
dc1d7dc8b1822f8b,U005910,School of Education,2022,0.443
e49ce95500f7608b,U005911,School of Information Engineering,2022,0.3786
6e06e928ca205dd4,U005912,School of Business Administration,2023,0.3334
884b9e449ccac1bd,U005913,School of Computer Science,2022,2.2095
f7b9a1f7bb9a4511,U005914,School of Education,2024,0.6053
7209dd2aca88e336,U005915,School of Applied Chemistry,2022,0.5205
4d4386df557700d7,U005916,School of Computer Science,2022,0.3099
80363beb22a75d21,U005917,School of Education,2023,0.3926
0cc0fb418b135c1c,U005918,School of Electrical Engineering,2020,0.3109
9b2391c6d9bcc6d4,U005919,School of Computer Science,2023,1.2691
0c91260c0d742190,U005920,School of Food Science,2023,0.2779
d3afd2e312c32057,U005921,School of Information Engineering,2022,0.0625
b65d3157fb334842,U005922,School of Education,2024,0.6258
fd4555a627b0fd3f,U005923,School of Mechanical Engineering,2024,0.4465
ea1b7bf76ef5fdc4,U005924,School of Applied Chemistry,2024,0.3286
0941661d14f16441,U005925,School of Applied Chemistry,2022,1.469
8f3b40da77d7043e,U005926,School of Education,2022,0.0384
fbfb6596d81e20bb,U005927,School of Education,2024,2.8555
23ec792361026f79,U005928,School of Food Science,2023,1.695
730032ca33f07e45,U005929,School of Food Science,2023,0.315
7da01ecbd96a4953,U005930,School of Food Science,2023,0.3761
bd8098cf685d2b3b,U005931,School of Applied Chemistry,2024,0.9776
3a3737fd08420b80,U005932,School of Food Science,2021,1.0042
95ed0ef547ad4178,U005933,School of Economics,2023,0.3132
e6861dd2cd6689e8,U005934,School of Electrical Engineering,2021,0.1172
6142fcb47307db20,U005935,School of Food Science,2022,4.8875
65b51ee457dcd91d,U005936,School of Mechanical Engineering,2023,1.5359
d9ceedb1414d3db8,U005937,School of Information Engineering,2023,0.6906
945c8976e3521719,U005938,School of Information Engineering,2022,0.7038
bd60e8f0135724ab,U005939,School of Applied Chemistry,2025,1.0989
644591a1b1f8d81e,U005940,School of Mechanical Engineering,2024,1.2387
ddc7b9889770f0ea,U005941,School of Business Administration,2023,0.0733
fad681dd26cecc3e,U005942,School of Business Administration,2025,0.4157
f6fc5ec02f306933,U005943,School of Business Administration,2022,0.3746
f66411aa1b31743c,U005944,School of Mechanical Engineering,2024,0.5024
1975cf0cfed7805d,U005945,School of Business Administration,2021,1.2761
52982f1783c0b908,U005946,School of Computer Science,2022,0.0986
aff2bd1e0e81fd51,U005947,School of Economics,2022,0.1532
320a92b0189775b7,U005948,School of Design & Arts,2021,0.2986
2c6c5f7d32e2b133,U005949,School of Computer Science,2023,0.6889
9bd90b9063e38291,U005950,School of Information Engineering,2021,1.3568
89cf45f2da2d793d,U005951,School of Applied Chemistry,2023,3.0172
ba16643a8dec2200,U005952,School of Computer Science,2021,0.4434
09f5addbd6549a5f,U005953,School of Foreign Languages,2021,1.3546
7172a895d900aed1,U005954,School of Business Administration,2025,1.201
d7347727cd75f858,U005955,School of Education,2023,1.0148
3c1095e6f04379f7,U005956,School of Information Engineering,2025,0.5762
bfaad630f0005d37,U005957,School of Food Science,2023,0.3959
659bc43941a959c5,U005958,School of Foreign Languages,2020,0.2034
eb2e68f317961289,U005959,School of Foreign Languages,2023,0.1904
1ddde76e60d17ba6,U005960,School of Food Science,2023,0.8353
f75e34832f51e1f0,U005961,School of Civil Engineering,2020,0.5591
fba3fe96c42a355f,U005962,School of Foreign Languages,2025,0.3896
b124cadb3781d221,U005963,School of Applied Chemistry,2023,1.1477
76e0dfc7fdb042ae,U005964,School of Foreign Languages,2024,0.4831
a07f20a50b148a69,U005965,School of Applied Chemistry,2023,0.2369
46cb60dd14240144,U005966,School of Education,2023,0.4523
5bcea1b6e8e45292,U005967,School of Computer Science,2021,1.3413
e431235eb73483a3,U005968,School of Foreign Languages,2025,0.2121
4c2744768f32177c,U005969,School of Information Engineering,2022,0.7278
ac639d04e58cdbb6,U005970,School of Mechanical Engineering,2021,0.5585
218f5c9ce817e681,U005971,School of Foreign Languages,2020,0.2759
3935b345e357727a,U005972,School of Business Administration,2023,0.4403
e47b853d71453bd5,U005973,School of Mechanical Engineering,2025,0.1226
39569efe08ca17c6,U005974,School of Design & Arts,2025,0.6588
73ec40b6fb1bfb9c,U005975,School of Design & Arts,2024,0.1508
1e0897875d47b59e,U005976,School of Design & Arts,2025,1.7254
83844f509906317e,U005977,School of Civil Engineering,2024,0.5385
30ae307f1d9cfe6e,U005978,School of Economics,2022,0.3333
cea61edfb77883a1,U005979,School of Mechanical Engineering,2023,1.8843
d3631775c71c286d,U005980,School of Information Engineering,2020,0.2104
fc6cb05af93a6ae4,U005981,School of Electrical Engineering,2021,0.2795
5cc31afcfde575f9,U005982,School of Education,2022,0.0948
e04ce96eb659314e,U005983,School of Foreign Languages,2021,2.1869
ba4e451dfabcb518,U005984,School of Applied Chemistry,2025,3.8415
b8885242bfb6785c,U005985,School of Education,2025,0.1107
536790c23b18eb55,U005986,School of Education,2022,0.2611
8a967dd8b65c8a87,U005987,School of Information Engineering,2024,0.6331
f302b5863d05f927,U005988,School of Applied Chemistry,2022,0.3525
c8f42b659868a6c3,U005989,School of Education,2021,0.5722
d682e95fc44cd99f,U005990,School of Business Administration,2022,0.5249
d48fadd341e14721,U005991,School of Information Engineering,2021,0.8874
8bf2638d35d2440c,U005992,School of Electrical Engineering,2022,0.2258
4a547ec4423918c2,U005993,School of Education,2021,0.7158
1e48c0792d2b79f4,U005994,School of Business Administration,2021,0.1934
74872016d79ae61d,U005995,School of Design & Arts,2021,0.3911
eba737dcab2c0f65,U005996,School of Computer Science,2025,0.104
3fbbdff066c18989,U005997,School of Foreign Languages,2020,0.3939
4df03fe054a36408,U005998,School of Food Science,2022,0.333
a7ca4df74e73e085,U005999,School of Mechanical Engineering,2023,1.5168
2f15928998144fa6,U006000,School of Electrical Engineering,2022,0.5564
c75f307c621e2d39,U006001,School of Applied Chemistry,2023,0.6673
baeb69880894e394,U006002,School of Business Administration,2020,0.5773
6c6667972625077e,U006003,School of Design & Arts,2023,0.0702
41b190b340a506f7,U006004,School of Electrical Engineering,2023,0.0801
727307d09811a3e7,U006005,School of Mechanical Engineering,2024,0.4293
acd5418301e09a5a,U006006,School of Design & Arts,2023,0.78
fe09b610899ee886,U006007,School of Mechanical Engineering,2022,0.4668
116f0beb05f23a37,U006008,School of Business Administration,2022,0.2488
6185509e0212d1be,U006009,School of Information Engineering,2021,0.4643
bc1c588d0a99aa72,U006010,School of Mechanical Engineering,2023,0.4257
a92462089bef2483,U006011,School of Electrical Engineering,2020,1.2866
15e33e66638354e7,U006012,School of Food Science,2022,1.2165
038bbd8654211862,U006013,School of Computer Science,2024,0.3395
fc7b4553f90cdb3f,U006014,School of Business Administration,2021,0.5616
256f433dd2fb0e28,U006015,School of Economics,2020,0.7782
e284137ce1c73b03,U006016,School of Education,2023,0.9027
0f0cbe59d4baf413,U006017,School of Computer Science,2022,3.082
f7ceb6ce75deb845,U006018,School of Mechanical Engineering,2024,0.574
0eada90690f00281,U006019,School of Economics,2025,1.8998
184c8b2698d95d3b,U006020,School of Design & Arts,2025,0.1851
183afdf9ef15d6c2,U006021,School of Education,2022,0.312
240de4babe8877d2,U006022,School of Design & Arts,2021,0.0698
e7478737487b3c4a,U006023,School of Education,2023,0.6868
ea71b9f2d8d533e2,U006024,School of Information Engineering,2023,1.1281
591769e5acd434fc,U006025,School of Information Engineering,2023,0.0458
a9bc4327f51b1dcf,U006026,School of Design & Arts,2022,0.7127
6c50422ab4351f47,U006027,School of Foreign Languages,2020,1.0803
e4f1198e572e97bb,U006028,School of Electrical Engineering,2021,1.0204
f6459a1a088ca5fc,U006029,School of Civil Engineering,2021,0.1786
e3dd8bd7af596640,U006030,School of Electrical Engineering,2021,1.279
e70be1cf411cbdb0,U006031,School of Mechanical Engineering,2025,0.5959
b905bb3cd069801a,U006032,School of Food Science,2020,1.0661
76068bad85f938c2,U006033,School of Food Science,2023,0.5206
0a3aaa31dcc1a76a,U006034,School of Education,2025,0.8642
6be60a9671356bca,U006035,School of Applied Chemistry,2022,1.79
abc5a37ec88510e4,U006036,School of Business Administration,2023,0.4814
2b4346310e649346,U006037,School of Electrical Engineering,2024,0.7843
5c58bda0c3eebc60,U006038,School of Foreign Languages,2022,2.0601
d29a9f7b353a77f7,U006039,School of Business Administration,2023,0.5167
4a57a7441508a11f,U006040,School of Information Engineering,2024,0.1916
b85b4ae9297921e4,U006041,School of Education,2024,1.1607
c2fdd71a1d45d95d,U006042,School of Mechanical Engineering,2024,2.479
46d54408943bccdb,U006043,School of Design & Arts,2025,2.1421
00af93ea1e1c5d12,U006044,School of Information Engineering,2022,1.2068
9cc9876d805cd773,U006045,School of Mechanical Engineering,2024,0.0566
c1f2d21f8a446d14,U006046,School of Design & Arts,2023,0.3126
448395b859747d01,U006047,School of Business Administration,2023,0.329
33dbce787c8362d6,U006048,School of Foreign Languages,2024,0.6175
94588e4fb39bd92f,U006049,School of Economics,2024,3.194
7e9b0fab8cf3a9c3,U006050,School of Applied Chemistry,2025,0.2004
840e7f697d3e5b76,U006051,School of Business Administration,2022,5.5578
c00e816f2be77d34,U006052,School of Education,2023,0.4028
6f57e4a481e4f848,U006053,School of Electrical Engineering,2022,0.2742
c1ddbfb672112ac7,U006054,School of Economics,2023,1.3747
53e6b59524831de3,U006055,School of Business Administration,2024,1.4878
e8abc3b764840290,U006056,School of Information Engineering,2024,1.1308
71200f55ae5bf5c9,U006057,School of Foreign Languages,2022,0.2735
c9a573c6b810464e,U006058,School of Business Administration,2023,0.9753
55e30516e18cb28d,U006059,School of Applied Chemistry,2022,0.21
1fa13a12f051e820,U006060,School of Design & Arts,2021,0.266
b0fb39533b3dd0e7,U006061,School of Information Engineering,2021,0.5369
a7e95a146278da24,U006062,School of Computer Science,2025,0.26
3788f1b6e73ee386,U006063,School of Business Administration,2022,1.6917
1a3b0367d5a773d0,U006064,School of Mechanical Engineering,2025,0.3312
ada93cbbcd995740,U006065,School of Education,2021,0.4736
a943b1e6284888d0,U006066,School of Mechanical Engineering,2024,0.2448
93829264a806db92,U006067,School of Economics,2023,1.6663
86ea432a7e84688e,U006068,School of Electrical Engineering,2024,0.3033
65d99174bfe41acf,U006069,School of Computer Science,2023,1.8497
68621413c47f3f63,U006070,School of Applied Chemistry,2024,1.7186
52c95664026623b1,U006071,School of Food Science,2025,0.378
be29dc5d6fc2841c,U006072,School of Design & Arts,2023,0.6081
b926ef14226ac6c2,U006073,School of Mechanical Engineering,2020,0.3676
759e483ed55cb5b4,U006074,School of Economics,2022,1.0189
e689c2c905111c24,U006075,School of Economics,2024,0.486
e1a84ea0a2bcf89b,U006076,School of Education,2023,0.3889
671f5ad36dc7e00e,U006077,School of Business Administration,2023,0.6183
50fb18461bc82274,U006078,School of Food Science,2023,0.1213
70429b7878564078,U006079,School of Electrical Engineering,2022,0.5472
b3e6ba15545f07e4,U006080,School of Electrical Engineering,2024,1.1304
cb51846337eaf613,U006081,School of Design & Arts,2024,0.6778
e3cb8171399f1031,U006082,School of Applied Chemistry,2024,1.5291
f9fd05573dd846d9,U006083,School of Business Administration,2024,0.4048
bb02fd6cd49b3063,U006084,School of Business Administration,2025,0.373
94b5791fe1d8b339,U006085,School of Design & Arts,2023,0.1931
37c2d8a4f09ddcf0,U006086,School of Education,2025,0.3935
9978a1f10bf8ed47,U006087,School of Business Administration,2021,4.216
60854c5da245be4d,U006088,School of Applied Chemistry,2023,0.7777
a0bba0602f49695d,U006089,School of Computer Science,2024,0.3287
f889968cf2309260,U006090,School of Business Administration,2023,0.2159
2de5ebb1a2768df7,U006091,School of Economics,2022,0.1194
86229ab08b035568,U006092,School of Foreign Languages,2023,0.2573
b4ff1b4b590a1e97,U006093,School of Civil Engineering,2022,1.2614
77dddbd83f0dd132,U006094,School of Civil Engineering,2025,0.3852
a211f3f4fecfafd5,U006095,School of Civil Engineering,2022,0.2265
d2f2532142583d3e,U006096,School of Education,2021,0.2528
06493c8a36bc8861,U006097,School of Education,2023,1.1303
e9551d4bb6164c96,U006098,School of Mechanical Engineering,2022,0.5443
1b992a803be2649e,U006099,School of Economics,2020,0.3153
e5443954247bf3e9,U006100,School of Electrical Engineering,2023,0.4337
86225367b324affa,U006101,School of Design & Arts,2023,5.3595
e41dcdb8685dd641,U006102,School of Education,2021,1.9989
30ba46eb3c478846,U006103,School of Civil Engineering,2023,2.5641
dfb558a1c932090e,U006104,School of Civil Engineering,2023,0.1024
8e51c05d784d1dc1,U006105,School of Design & Arts,2024,0.5076
c25f6718dde04a2b,U006106,School of Computer Science,2022,0.3098
363be24aedab7944,U006107,School of Computer Science,2021,1.017
32e207ea19983cb7,U006108,School of Design & Arts,2025,1.7037
6c1c81ee1ebcb64d,U006109,School of Business Administration,2023,0.8183
a6017953e1734e60,U006110,School of Design & Arts,2020,0.2467
ef1bf7516e80230a,U006111,School of Business Administration,2024,0.3048
852ab2aafc960fc3,U006112,School of Information Engineering,2021,1.0981
9c9adaee21e11c06,U006113,School of Information Engineering,2024,1.213
1fc05160bfe38dce,U006114,School of Computer Science,2024,0.6797
4a83a31b8c5755c3,U006115,School of Information Engineering,2025,0.6722
759f7bebef7e80b6,U006116,School of Computer Science,2025,0.6207
59276b05a8d81da2,U006117,School of Civil Engineering,2022,0.7727
049bdbf356c670cc,U006118,School of Business Administration,2024,1.208
341898aab05b2766,U006119,School of Applied Chemistry,2022,1.1087
1bca825ec1fdbbc9,U006120,School of Electrical Engineering,2023,0.6045
690d2273b5b119f7,U006121,School of Mechanical Engineering,2023,0.5621
96a4a06928fe34f8,U006122,School of Electrical Engineering,2020,0.541
2505389def43482d,U006123,School of Mechanical Engineering,2020,0.2705
d12561e754b17110,U006124,School of Foreign Languages,2020,0.2671
8f832e303d8c4627,U006125,School of Civil Engineering,2021,1.0171
6125017b5dc727ce,U006126,School of Design & Arts,2021,0.2894
cc8681b04d4cf90e,U006127,School of Information Engineering,2025,1.3323
cca6431066bdf1e0,U006128,School of Civil Engineering,2023,0.5608
d7daf4b8a357a6aa,U006129,School of Economics,2024,1.3399
551f8f93cac5e1f1,U006130,School of Business Administration,2024,1.1162
c09f0c51efa780fe,U006131,School of Education,2024,1.3715
2766218bc7c7b94a,U006132,School of Civil Engineering,2022,0.3666
858e29c9b658757e,U006133,School of Information Engineering,2025,0.8886
3fa85580e6735aa0,U006134,School of Business Administration,2024,1.2348
1d449d9f2a72cb5a,U006135,School of Civil Engineering,2024,0.1251
b85fb2a0d9d70baa,U006136,School of Education,2025,3.2371
34dbc2a0ea81536b,U006137,School of Civil Engineering,2023,5.6914
705fa8b80f074512,U006138,School of Business Administration,2023,1.5224
670ea6ddf20b1704,U006139,School of Electrical Engineering,2025,1.3216
3656a5fe6df3bbcb,U006140,School of Food Science,2022,1.0637
62a123e27acd7503,U006141,School of Education,2024,0.4272
f0aadf09434edec9,U006142,School of Design & Arts,2020,0.5288
153fb4e20f8eba15,U006143,School of Food Science,2020,1.5487
c8dd28f44fa0678f,U006144,School of Economics,2023,0.2231
ec5cf14d97f6e00f,U006145,School of Civil Engineering,2020,0.2044
d3d94623326bf2ce,U006146,School of Food Science,2025,0.3968
4ac450ee53d1fcf2,U006147,School of Mechanical Engineering,2020,1.138
c41512a14d4353a4,U006148,School of Economics,2024,0.2483
e044ff8ab60eb6d5,U006149,School of Applied Chemistry,2021,0.4712
1a9ac4882ebbc4fb,U006150,School of Design & Arts,2025,0.5306
31c4fbe6a0173b5d,U006151,School of Education,2022,0.2146
d5dd1934250573b6,U006152,School of Computer Science,2020,0.0515
66136a84c11cd1fe,U006153,School of Business Administration,2020,0.2115
3baa8095ccf4e361,U006154,School of Design & Arts,2023,0.7663
7fde8f81b2cea53a,U006155,School of Foreign Languages,2025,0.96
efe6ba4d3c9e2ad1,U006156,School of Mechanical Engineering,2025,0.9679
441759a4525dd24d,U006157,School of Civil Engineering,2022,1.0861
759956ab0f564af8,U006158,School of Electrical Engineering,2023,0.3156
a7d8f2d9057ddfc1,U006159,School of Economics,2021,0.2547
ee024210c2d43fe6,U006160,School of Food Science,2023,0.859
a7974f928c6e066c,U006161,School of Information Engineering,2023,0.4777
a5e63e30db71c2f0,U006162,School of Applied Chemistry,2021,1.4624
0d9f564dce6a3797,U006163,School of Foreign Languages,2023,0.8645
ac4e0de16ba30b0e,U006164,School of Computer Science,2025,2.1315
14688ba79a64a332,U006165,School of Education,2020,0.3706
644627d7d04299b7,U006166,School of Food Science,2021,1.7169
3b890a5ee7d0c564,U006167,School of Business Administration,2021,4.5162
191c89f7e3e57f48,U006168,School of Mechanical Engineering,2021,0.623
55d969d5d5ea2ad2,U006169,School of Applied Chemistry,2021,0.9727
58ff373e9e0f7b93,U006170,School of Food Science,2023,0.2328
b1698d2bcf79d331,U006171,School of Foreign Languages,2021,1.4435
cd4fd895d7682f4d,U006172,School of Economics,2024,1.8259
badaa243f81019e6,U006173,School of Foreign Languages,2025,0.3601
902e4b142801052e,U006174,School of Information Engineering,2025,1.0609
1fb83fb8cc5cad28,U006175,School of Mechanical Engineering,2023,0.7815
b48cff5039c13f39,U006176,School of Mechanical Engineering,2021,0.8727
5ce7dbafc418bbce,U006177,School of Education,2020,1.3298
60681be6605ad2fc,U006178,School of Education,2021,0.9919
970b7de9723588f7,U006179,School of Food Science,2025,0.5138
067a29bf035b06d0,U006180,School of Mechanical Engineering,2025,1.3584
b3bfc4f337bab88c,U006181,School of Food Science,2022,1.7947
261dfa5f92afe9c5,U006182,School of Education,2022,0.3392
2f85c6fe0af192e5,U006183,School of Economics,2023,0.5893
80d6cf10fd561dc4,U006184,School of Civil Engineering,2022,0.1007
bf5ec4d046a50bb2,U006185,School of Information Engineering,2025,1.0582
25756b44681b6960,U006186,School of Electrical Engineering,2021,2.0059
84a260762b6ac686,U006187,School of Business Administration,2022,0.4564
0b9718b17c842c31,U006188,School of Design & Arts,2022,0.6746
c14fa123546dc689,U006189,School of Food Science,2021,0.4737
52561d5f629b344c,U006190,School of Civil Engineering,2022,0.4022
7f9b0ae30321ea23,U006191,School of Mechanical Engineering,2024,0.7447
53b1c47e4b5fef39,U006192,School of Electrical Engineering,2021,0.2695
77b99acda90215f8,U006193,School of Economics,2023,0.4666
cd70972351e08e9e,U006194,School of Design & Arts,2022,0.2389
68efaf95ac272625,U006195,School of Mechanical Engineering,2021,1.064
e2ef9148237a2866,U006196,School of Electrical Engineering,2020,0.7499
fcf461e70f6e55af,U006197,School of Electrical Engineering,2022,0.3836
50633ce8f172cee4,U006198,School of Mechanical Engineering,2020,0.6127
4e257cbdb7b47d98,U006199,School of Electrical Engineering,2022,0.4734
f13be68507260ab5,U006200,School of Economics,2024,1.8532
98633d459d975aa2,U006201,School of Information Engineering,2024,0.3798
898f3d116d37d551,U006202,School of Applied Chemistry,2025,1.1141
e2fcfd7aa4eefffe,U006203,School of Design & Arts,2022,0.2916
469e58525b36ff13,U006204,School of Foreign Languages,2024,1.3327
a3feeb287987a584,U006205,School of Computer Science,2023,1.6658
6eaebe711e81d062,U006206,School of Applied Chemistry,2021,1.7463
68bef9ed82b867c7,U006207,School of Foreign Languages,2022,2.5703
1957bb997359be02,U006208,School of Design & Arts,2023,0.7909
e80c8b390281ada0,U006209,School of Food Science,2024,2.0359
b288af7e1f7de4f3,U006210,School of Business Administration,2022,2.9957
0efcc3a0653982ee,U006211,School of Information Engineering,2021,0.1922
bf69529f3c983eff,U006212,School of Education,2025,0.323
06adc2bde1ff769d,U006213,School of Foreign Languages,2021,0.1323
756b069612493240,U006214,School of Civil Engineering,2025,1.706
987e82ce8a9d1a99,U006215,School of Applied Chemistry,2024,0.1306
7cbd253787d0657a,U006216,School of Education,2024,0.0996
776f8991d9c8819d,U006217,School of Food Science,2024,0.197
42bd7ec6426cd9ee,U006218,School of Economics,2021,0.1038
5d02f4475c6e8826,U006219,School of Design & Arts,2023,0.775
c28161151fa2db63,U006220,School of Foreign Languages,2024,0.1996
fe41f99440cda37d,U006221,School of Applied Chemistry,2024,0.1089
e19f4d8750729ef8,U006222,School of Civil Engineering,2022,0.5662
4d536506d45e591f,U006223,School of Foreign Languages,2021,0.6006
bcb7cc65d9854584,U006224,School of Mechanical Engineering,2022,0.091
40fdb6e264675b82,U006225,School of Economics,2023,0.2892
1d37e7afcbfd6e5b,U006226,School of Computer Science,2023,0.5479
235fb2d4bfebf770,U006227,School of Applied Chemistry,2024,0.4132
afcedb9935783aa6,U006228,School of Design & Arts,2024,0.4247
fd0b0eec23b9da43,U006229,School of Computer Science,2024,1.9199
48eabdc9de2805f9,U006230,School of Computer Science,2021,5.0508
87b2f0983cfdd884,U006231,School of Business Administration,2023,0.4316
132ae9bccb11c5e6,U006232,School of Information Engineering,2022,0.1574
babe13fe4af5cbce,U006233,School of Food Science,2021,0.4669
dfe68cca1fc4e602,U006234,School of Applied Chemistry,2020,0.717
4f1ee0974f928524,U006235,School of Foreign Languages,2022,0.5597
a72bcc556e624576,U006236,School of Information Engineering,2021,1.0873
2380183ecd62285b,U006237,School of Food Science,2023,5.3919
4a03dcbe4df58ad1,U006238,School of Computer Science,2020,0.1064
e1c0a081d6406530,U006239,School of Civil Engineering,2022,0.3556
02dca83c9896ec23,U006240,School of Applied Chemistry,2020,2.757
27604564fedfc7c8,U006241,School of Foreign Languages,2023,0.3503
85870277b557c425,U006242,School of Information Engineering,2023,1.3002
1d3729e49e28bb70,U006243,School of Food Science,2022,1.1095
e14fa2a262cb8de1,U006244,School of Information Engineering,2021,2.0337
cc891514de15642f,U006245,School of Design & Arts,2025,4.0002
5218d9ae6c9a6653,U006246,School of Business Administration,2023,0.8237
539ff2b5ffa396b2,U006247,School of Education,2024,0.103
7cc41fb9ab8d906c,U006248,School of Design & Arts,2023,0.293
0fa50279fe3ba5a0,U006249,School of Education,2024,5.2543
853eecace49608bc,U006250,School of Education,2025,0.1435
0d39fcaf4e68060f,U006251,School of Computer Science,2022,0.9703
968986037e84d513,U006252,School of Business Administration,2024,0.0478
3a3c75873f39bd0f,U006253,School of Information Engineering,2021,0.1529
d700e686200bbbdd,U006254,School of Foreign Languages,2023,1.4332
e6d2bfd88f6ebc29,U006255,School of Mechanical Engineering,2022,0.612
49d55bea4890d242,U006256,School of Business Administration,2020,0.4052
f1705f6e9e77be05,U006257,School of Food Science,2025,0.2615
d000efdea3a6162b,U006258,School of Design & Arts,2025,0.0802
fd630ce454110dcb,U006259,School of Civil Engineering,2022,1.181
906a48238410f8bd,U006260,School of Information Engineering,2025,0.4448
361ba2f40d170f0a,U006261,School of Food Science,2022,0.1289
1b1662cd9c1fd490,U006262,School of Food Science,2022,0.6085
bdbc1fb0ce33f835,U006263,School of Mechanical Engineering,2024,1.0557
1ba9b8a48afbd052,U006264,School of Foreign Languages,2022,0.483
075c7603d4c1f46b,U006265,School of Computer Science,2022,0.663
9b3706b17e37c360,U006266,School of Foreign Languages,2023,0.6133
5b287cecbf421f97,U006267,School of Computer Science,2021,0.2912
1b46213441c85461,U006268,School of Mechanical Engineering,2022,0.6233
2b9a54a0d659d871,U006269,School of Economics,2022,1.2315
d059e2104b953c70,U006270,School of Food Science,2024,1.6614
ad1ea0a8a847c330,U006271,School of Foreign Languages,2021,1.3018
b1893da06ab303ca,U006272,School of Information Engineering,2021,0.3006
b3b4f7064fff0c7d,U006273,School of Civil Engineering,2024,1.1154
a5b71376b9c109e7,U006274,School of Applied Chemistry,2021,0.9403
097a6bf4c5dc0f13,U006275,School of Economics,2022,0.2903
4fb45827e9f6e8d4,U006276,School of Economics,2024,0.3711
f31ec450b3addc30,U006277,School of Food Science,2024,1.165
d7244cb59335c721,U006278,School of Design & Arts,2020,2.3394
e6478febac259793,U006279,School of Education,2024,0.0965
3ed486047e262cbd,U006280,School of Economics,2024,3.0436
bfe06e4706a335e7,U006281,School of Business Administration,2022,1.8911
46fe012d746dddab,U006282,School of Foreign Languages,2024,0.7204
c5a9cc2fe7d99172,U006283,School of Information Engineering,2024,0.4641
180e5aded7491eba,U006284,School of Economics,2023,0.8723
28836a2dde17eebf,U006285,School of Business Administration,2023,0.3111
f7f756bb642b4e3f,U006286,School of Computer Science,2024,0.4943
fce6a0cf453398cf,U006287,School of Applied Chemistry,2025,0.1351
2d41faecee13dd68,U006288,School of Electrical Engineering,2023,0.1035
8b0b73a944ed46d3,U006289,School of Design & Arts,2024,6.0818
7dfccd3bf22cb302,U006290,School of Applied Chemistry,2024,0.6288
efdb97d85c2059dd,U006291,School of Design & Arts,2024,0.7237
59609a09d091bf66,U006292,School of Design & Arts,2025,0.5725
5867187c46bca865,U006293,School of Business Administration,2021,0.258
37a7e379838a9461,U006294,School of Foreign Languages,2021,0.4343
11cdd60f33881827,U006295,School of Education,2023,0.6467
281063aea375c6c0,U006296,School of Applied Chemistry,2022,0.485
fea1fc33f6e18475,U006297,School of Design & Arts,2023,0.2783
e3f06ecc8600755c,U006298,School of Foreign Languages,2024,0.9536
3d21162d1cd7c7bd,U006299,School of Information Engineering,2025,0.7127
8d58447499f7e7e8,U006300,School of Information Engineering,2022,0.8745
876f52fb10fc864a,U006301,School of Applied Chemistry,2024,1.1949
3a52f0ea7b0b180a,U006302,School of Electrical Engineering,2021,0.4978
79b0b21734143bd0,U006303,School of Foreign Languages,2023,0.4986
44743849a110d0be,U006304,School of Food Science,2020,2.5998
e09d637d63281600,U006305,School of Economics,2023,0.2297
74a4d13483948d53,U006306,School of Business Administration,2023,0.0907
bd85c4220324f51d,U006307,School of Computer Science,2024,1.0289
56a5f348c3e87628,U006308,School of Information Engineering,2023,0.3146
881f8d3349990ea5,U006309,School of Information Engineering,2022,0.201
d458ffd82a276690,U006310,School of Foreign Languages,2020,1.4308
cd3466d9c17ba384,U006311,School of Foreign Languages,2021,0.5108
5730bb047a326db6,U006312,School of Business Administration,2025,0.1669
4ff736e88e3e5e2c,U006313,School of Foreign Languages,2025,4.0875
66401aefab5eef15,U006314,School of Civil Engineering,2022,0.1179
6a514181d885e1e9,U006315,School of Food Science,2021,0.5414
df276fc108aaf15d,U006316,School of Foreign Languages,2022,0.0893
26a886d9617540ad,U006317,School of Computer Science,2024,0.7739
50baed13e4fac7cf,U006318,School of Civil Engineering,2022,0.311
06ba319600fd2a51,U006319,School of Business Administration,2020,1.3395
f009de64a34a1f91,U006320,School of Food Science,2022,0.5802
c1c7d5a8b5738d75,U006321,School of Applied Chemistry,2021,2.2787
454e9505ecc82bb3,U006322,School of Food Science,2022,0.3842
b9997b8cebaa0fd4,U006323,School of Applied Chemistry,2021,0.1187
82b6efff2ff1a87b,U006324,School of Applied Chemistry,2023,0.7486
6771136b8447592e,U006325,School of Business Administration,2023,0.4586
0ac45e4f6445741e,U006326,School of Education,2022,0.0957
e7404bcefee408c3,U006327,School of Foreign Languages,2023,0.2055
42c8d26c08ef9ec5,U006328,School of Computer Science,2023,0.2825
0cfb64575f4104b6,U006329,School of Food Science,2024,2.7965
bd5efcc0be76dd89,U006330,School of Business Administration,2025,1.1977
f857e13495213e1c,U006331,School of Information Engineering,2021,0.417
6be123f71b484ed5,U006332,School of Foreign Languages,2025,0.9454
f00066d0363aa3a8,U006333,School of Foreign Languages,2024,0.0768
7c9900ad19cbc989,U006334,School of Applied Chemistry,2024,0.3356
77da34baa5775cab,U006335,School of Foreign Languages,2022,0.8816
9ee11c0f2a577281,U006336,School of Computer Science,2022,0.6965
9bdded5114667827,U006337,School of Computer Science,2020,0.3443
932a3adca8234524,U006338,School of Electrical Engineering,2025,0.5682
1b07941c81d3c5ac,U006339,School of Business Administration,2023,0.8279
f7194057de545fae,U006340,School of Business Administration,2022,0.5849
fb38f525240db4bd,U006341,School of Mechanical Engineering,2023,1.3965
27cf1e785ae52790,U006342,School of Business Administration,2020,0.812
89b1e5ca0677ffd9,U006343,School of Applied Chemistry,2021,0.9844
9d779c605972ea5b,U006344,School of Electrical Engineering,2023,3.2758
8db04d5dd48e6b7a,U006345,School of Civil Engineering,2023,1.3505
4d6c5c2878696ab8,U006346,School of Education,2024,3.3668
0d570c5cec62dfad,U006347,School of Mechanical Engineering,2023,0.3015
175d147dcd85401e,U006348,School of Food Science,2023,0.1201
257a41305e150375,U006349,School of Mechanical Engineering,2024,0.5131
f6621e091f8ee77a,U006350,School of Applied Chemistry,2020,0.4711
10612aa60c43f52d,U006351,School of Information Engineering,2024,2.5406
4440a5b1279e0afc,U006352,School of Civil Engineering,2024,0.1907
4ebdce7ce9eca1b0,U006353,School of Food Science,2022,0.5456
9d92787449fb7abb,U006354,School of Mechanical Engineering,2021,0.8853
c47034658c52e913,U006355,School of Applied Chemistry,2021,0.6525
8dab1b2ce6d85799,U006356,School of Civil Engineering,2021,0.4973
10a83f79ec5b600c,U006357,School of Civil Engineering,2023,0.845
0791537787ee9fc7,U006358,School of Design & Arts,2021,1.7369
53e62f371ac709d3,U006359,School of Computer Science,2023,2.7421
7844f628418c4f49,U006360,School of Economics,2021,0.6101
3b48cc64d1b0735c,U006361,School of Business Administration,2020,0.2611
e91908ce7d93990c,U006362,School of Electrical Engineering,2022,2.7388
5ba51aec844eeb86,U006363,School of Civil Engineering,2021,0.201
e27c9d7893eddb68,U006364,School of Education,2025,3.538
0f19a0600ab74d94,U006365,School of Applied Chemistry,2022,2.264
271a660664740693,U006366,School of Food Science,2021,2.618
9aaef99bf1e57c10,U006367,School of Information Engineering,2021,1.1716
eb75bfb45629bf56,U006368,School of Mechanical Engineering,2022,0.0714
a7d9a2cbd4d7bc4f,U006369,School of Applied Chemistry,2023,0.2089
510a7c7fb0c778c8,U006370,School of Food Science,2024,0.8024
bb6fa5bee5d986a5,U006371,School of Business Administration,2022,0.3004
a2599957ae78eebb,U006372,School of Business Administration,2023,0.4307
bda05afa1e5e6c69,U006373,School of Information Engineering,2023,1.0896
70a186c4b49a4c10,U006374,School of Education,2024,0.4981
08b9635c61687e97,U006375,School of Information Engineering,2023,0.1745
e71701b44159b80f,U006376,School of Design & Arts,2022,1.4314
95d912301b41c04a,U006377,School of Electrical Engineering,2024,0.988
74636bcd910c266d,U006378,School of Electrical Engineering,2024,0.4602
93310608d91d7e60,U006379,School of Foreign Languages,2022,1.2023
3081d650b0f2c98f,U006380,School of Civil Engineering,2025,0.6492
3335468ac82d8c4c,U006381,School of Mechanical Engineering,2025,2.2353
8933ec3fb3350589,U006382,School of Applied Chemistry,2021,0.6867
24480a767bb1cef0,U006383,School of Mechanical Engineering,2024,2.2187
918f250edf77f1e5,U006384,School of Food Science,2023,0.0907
fb63bc7a08b62fe9,U006385,School of Education,2023,0.9345
f95a7bb781e4246e,U006386,School of Food Science,2023,0.3966
8ecb1c93a92a2520,U006387,School of Electrical Engineering,2024,0.2501
d739e3619f29a093,U006388,School of Electrical Engineering,2023,1.8804
e088ef2761afd294,U006389,School of Design & Arts,2023,1.4363
b8a0a336916f62fa,U006390,School of Food Science,2020,0.0794
c4009711e9e67930,U006391,School of Economics,2022,1.2074
fee8b0018f30e36c,U006392,School of Civil Engineering,2025,1.0694
743534f33ba21b7f,U006393,School of Economics,2024,0.2865
8b89dafee0f4c98c,U006394,School of Civil Engineering,2020,0.2561
c35e6d03457f4085,U006395,School of Economics,2025,0.1203
ddb874ad95718fcb,U006396,School of Business Administration,2024,0.4212
268306325c9889d8,U006397,School of Civil Engineering,2023,0.4944
73a8dcbd850dfe69,U006398,School of Economics,2020,1.31
579350cb90b6b4d3,U006399,School of Business Administration,2023,0.7729
e732246d4f0b3c36,U006400,School of Design & Arts,2020,0.2046
b74677468243f4ca,U006401,School of Computer Science,2022,0.7497
f2ae6513a1736bdd,U006402,School of Civil Engineering,2023,0.4579
6b8902a64d7397fc,U006403,School of Computer Science,2025,0.2318
076abf99366eb434,U006404,School of Design & Arts,2022,0.1205
2fc9978f7d0c6a23,U006405,School of Economics,2025,1.1027
ce35b3fee1d4c77a,U006406,School of Food Science,2025,0.9226
eb66a0c629649297,U006407,School of Electrical Engineering,2020,1.0302
69b7361b162cefe0,U006408,School of Business Administration,2021,0.285
30a249ca6838538f,U006409,School of Education,2024,0.7005
9b43ed7d8dac14ba,U006410,School of Electrical Engineering,2024,0.1492
e99b6dfac72db9b0,U006411,School of Design & Arts,2022,0.2201
bd4a34afcedce6ec,U006412,School of Electrical Engineering,2023,0.6106
bc302095c1addd4b,U006413,School of Food Science,2023,0.7675
522d5b96fb9291fe,U006414,School of Mechanical Engineering,2024,0.1158
23fccb43ca2d80c3,U006415,School of Mechanical Engineering,2024,0.205
dbc1b6e1418dcfaa,U006416,School of Electrical Engineering,2020,0.4097
a81cdd9afe12d610,U006417,School of Electrical Engineering,2021,1.5396
ecd52d572c6f443a,U006418,School of Economics,2021,0.2618
aca4d68be8283bfb,U006419,School of Civil Engineering,2025,0.6795
b6d26d4fe4f3d4c3,U006420,School of Computer Science,2025,0.7546
dc879266d3ff36e0,U006421,School of Mechanical Engineering,2024,0.4599
97ceea639c411dc7,U006422,School of Economics,2021,0.7718
5af7d4f6d25db75e,U006423,School of Applied Chemistry,2023,0.1538
4a32ba3b0e78dbf2,U006424,School of Education,2021,0.3064
f72263003b9c5a75,U006425,School of Computer Science,2022,2.4778
1d38358ec4906736,U006426,School of Business Administration,2021,2.6585
5982bc77e28a5823,U006427,School of Computer Science,2024,1.3715
094c9a3864f7d03a,U006428,School of Electrical Engineering,2021,1.7743
38a318b3545cd7c2,U006429,School of Information Engineering,2023,0.0951
8c8d2e2dc5edaa11,U006430,School of Information Engineering,2025,0.2286
1029e7cea5a1b666,U006431,School of Economics,2024,0.4325
fc2180f350c95536,U006432,School of Foreign Languages,2020,6.6104
a5de54f3c4864028,U006433,School of Applied Chemistry,2025,0.4317
8201345a368e378c,U006434,School of Civil Engineering,2023,1.2435
30ab643ab548ecee,U006435,School of Civil Engineering,2022,0.8619
23c8effeedaf9b72,U006436,School of Design & Arts,2023,0.8429
3fdd4982a8813159,U006437,School of Computer Science,2025,0.5766
9f52bf73544c4777,U006438,School of Economics,2023,0.1778
7f397a88e3de5d38,U006439,School of Mechanical Engineering,2023,0.0396
22545b2c66836013,U006440,School of Economics,2022,2.1273
9e5cedf415301e23,U006441,School of Economics,2020,0.3187
69f8bbe9296ea88a,U006442,School of Applied Chemistry,2024,0.0913
30fd79e89a52997e,U006443,School of Computer Science,2021,0.9148
2a5ff83169cdf6f3,U006444,School of Food Science,2022,0.8974
9b78f097eb699d33,U006445,School of Economics,2022,1.2724
c49f653e3c68e5dc,U006446,School of Education,2022,1.8017
ca101b20871a5315,U006447,School of Mechanical Engineering,2022,0.2355
ab688a0714e1039a,U006448,School of Design & Arts,2023,0.2461
3ea3bd47cce18732,U006449,School of Mechanical Engineering,2022,0.4293
4e444ce5d181a845,U006450,School of Mechanical Engineering,2021,1.3426
d10c00c48ce3bc1d,U006451,School of Mechanical Engineering,2025,0.0721
864db58586c87828,U006452,School of Economics,2025,0.6711
e914cbfab8495dfc,U006453,School of Foreign Languages,2022,1.4995
48a1df956e4cf0e2,U006454,School of Food Science,2022,1.4389
a2dd9f49575d2679,U006455,School of Design & Arts,2020,1.1991
85baae8cea07eb95,U006456,School of Applied Chemistry,2020,1.7091
f40b747cf8b1c174,U006457,School of Business Administration,2022,0.0378
537bc5ebd8418fcd,U006458,School of Foreign Languages,2025,2.9638
c713421b01ee2fa4,U006459,School of Food Science,2024,0.8215
fbdc5d881f72ae3c,U006460,School of Electrical Engineering,2022,2.2426
1a7901f760f6f55a,U006461,School of Foreign Languages,2025,0.1824
8a9dc09588302b8b,U006462,School of Applied Chemistry,2022,0.1022
035ea499ef851faf,U006463,School of Applied Chemistry,2022,3.5232
93416016d3df419f,U006464,School of Economics,2022,0.2337
941af9388948064b,U006465,School of Computer Science,2021,0.4326
b7d3f1bfd7750f60,U006466,School of Food Science,2025,1.0004
fe89a0c609ed4bc6,U006467,School of Education,2022,1.2787
8a379e8ff3ee71a1,U006468,School of Information Engineering,2023,1.7357
14e708a3b105ddca,U006469,School of Applied Chemistry,2022,0.7381
9da94822ca8e8ca2,U006470,School of Mechanical Engineering,2025,0.2057
5d5efcba6cdbfdb2,U006471,School of Electrical Engineering,2023,1.1968
15e266e0093bcd59,U006472,School of Electrical Engineering,2023,1.216
874c13d7f365981e,U006473,School of Design & Arts,2021,0.0961
9c749f5fdb8c9b0b,U006474,School of Electrical Engineering,2025,2.4392
291afe85073c64b1,U006475,School of Electrical Engineering,2023,0.0491
9bb202e1dbc87a53,U006476,School of Economics,2022,1.661
0ff7a8b7234bbd8a,U006477,School of Economics,2025,0.3131
9a74fb2f1f7a7c4d,U006478,School of Mechanical Engineering,2020,1.1954
50921e722fa4a2e2,U006479,School of Electrical Engineering,2022,0.9833
e798583a2c8426a5,U006480,School of Economics,2023,0.5689
aaed64cd1deec4a9,U006481,School of Information Engineering,2022,0.9269
52fa3a1a8aa680ef,U006482,School of Applied Chemistry,2023,0.5415
f2498ea5c80bfb2e,U006483,School of Civil Engineering,2021,1.2056
760b7eba7c97b716,U006484,School of Foreign Languages,2021,5.2502
97e206995a17c377,U006485,School of Foreign Languages,2020,0.1544
e82397f6dc236848,U006486,School of Applied Chemistry,2021,0.0244
2eaeea67729c2159,U006487,School of Electrical Engineering,2025,0.3896
35ed9f8336b01d35,U006488,School of Economics,2023,0.3638
6393a5a66a7386f3,U006489,School of Electrical Engineering,2023,0.4047
3eba7b562620a558,U006490,School of Civil Engineering,2022,0.2338
270d6a619a208fcf,U006491,School of Civil Engineering,2024,1.4126
ab0d01acbee4699a,U006492,School of Electrical Engineering,2021,0.1483
54d6741b619403b9,U006493,School of Design & Arts,2022,0.9266
5f2e9e31f134fa4c,U006494,School of Design & Arts,2023,1.1179
caabdd74478d8dc1,U006495,School of Food Science,2023,0.8101
c4e5ef6bb3753009,U006496,School of Civil Engineering,2024,0.9609
9eb9404afecb0d65,U006497,School of Economics,2025,1.5254
7456548acc20ee7f,U006498,School of Computer Science,2024,0.6229
91bceadc07495089,U006499,School of Education,2021,0.4175
4c3498ccfddbb916,U006500,School of Food Science,2020,0.9602
30bb65cb743817ee,U006501,School of Design & Arts,2021,1.0761
884ac492c070b414,U006502,School of Foreign Languages,2024,1.4372
04fc3b2c0d39cbde,U006503,School of Applied Chemistry,2025,0.1065
4827e45b25646597,U006504,School of Business Administration,2025,0.4914
5e9881831410a018,U006505,School of Education,2022,0.2034
2a2f28ea711bc2b8,U006506,School of Foreign Languages,2024,1.0345
8e528516a4adba67,U006507,School of Civil Engineering,2023,1.221
a6fa1e6397b622cc,U006508,School of Computer Science,2024,0.4487
dd0b4bdd31fcda44,U006509,School of Foreign Languages,2023,0.2847
8d04a58f133e0034,U006510,School of Civil Engineering,2021,1.0725
e32d7d2c4b37a298,U006511,School of Economics,2020,0.5167
a55b825f1ad46f7a,U006512,School of Business Administration,2025,2.4583
3e2a284f82f96015,U006513,School of Applied Chemistry,2022,3.4762
aed15aa27167ba6d,U006514,School of Information Engineering,2022,1.6059
92adac0a0fe76a30,U006515,School of Foreign Languages,2022,0.745
9b92b5d5cc222938,U006516,School of Electrical Engineering,2022,3.6641
ede6cf85e16ba08b,U006517,School of Business Administration,2025,0.751
c1b78739d5af77db,U006518,School of Applied Chemistry,2020,0.3656
aa14d3dc06860ec7,U006519,School of Applied Chemistry,2021,0.3005
17863d6656948293,U006520,School of Computer Science,2024,0.2921
d15b68350d414fe3,U006521,School of Education,2023,0.5866
1837d5cb2323e33c,U006522,School of Mechanical Engineering,2021,0.9381
34808a8d25089783,U006523,School of Computer Science,2020,0.1434
b7703a4323a7d429,U006524,School of Business Administration,2021,0.3768
605cff87e107fea7,U006525,School of Education,2021,0.7304
44b8ea66cdcfcaca,U006526,School of Business Administration,2020,1.1237
676ef070f098c437,U006527,School of Business Administration,2021,0.5753
5b9a0bcec1bfa3cc,U006528,School of Design & Arts,2024,0.7539
901af0a54e154586,U006529,School of Computer Science,2024,0.1711
ee2a7a36d1e2fcbc,U006530,School of Computer Science,2025,0.2372
deb4fa415d8fb086,U006531,School of Business Administration,2022,0.5555
f8b157123098e613,U006532,School of Applied Chemistry,2022,0.9837
26e8757d7ece97ad,U006533,School of Foreign Languages,2025,0.744
d06eb0c3710dee7b,U006534,School of Civil Engineering,2024,0.2526
aa3dbefc0ddea7ac,U006535,School of Food Science,2023,0.466
750a82446532a12c,U006536,School of Computer Science,2021,2.6774
36a31b23851ae14d,U006537,School of Food Science,2022,1.0174
54e6d8eb105d7c48,U006538,School of Foreign Languages,2023,0.5018
9c5425206afb5b2b,U006539,School of Mechanical Engineering,2023,0.2116
3fda9d7862b9c7b4,U006540,School of Foreign Languages,2020,0.2893
19c549053a21a4bc,U006541,School of Education,2025,0.5943
76b58e4957bde9ef,U006542,School of Foreign Languages,2023,0.778
31eb956622a34951,U006543,School of Computer Science,2023,1.0393
71260d540283d628,U006544,School of Civil Engineering,2021,0.8702
88016762d2fb0c88,U006545,School of Food Science,2024,0.4077
bb46818dec6d3ad7,U006546,School of Computer Science,2024,0.3541
97fcfa79cca22e29,U006547,School of Civil Engineering,2020,4.5722
7acb7105d47077c2,U006548,School of Design & Arts,2023,0.3384
21cb3249e315758d,U006549,School of Economics,2023,0.1622
8ac475613b4646e6,U006550,School of Education,2024,0.1147
2eed37734f11b36e,U006551,School of Foreign Languages,2021,0.4147
763c4892a3544efa,U006552,School of Civil Engineering,2025,1.5113
dce669feffc98e7b,U006553,School of Electrical Engineering,2022,0.3319
5684158322507487,U006554,School of Design & Arts,2020,2.587
6c1c4f250ebb5fc5,U006555,School of Mechanical Engineering,2021,0.5861
3c84f8f97bf296ac,U006556,School of Civil Engineering,2021,1.7906
4380e23c64fa3298,U006557,School of Electrical Engineering,2022,0.2767
9c253769f8f58de0,U006558,School of Education,2023,0.2811
2e3384d391e22b8a,U006559,School of Food Science,2024,0.6466
c50be5d9fba8ea57,U006560,School of Computer Science,2021,0.9565
7f2e9cf1c7e66ad4,U006561,School of Design & Arts,2025,0.4936
d5dc6ca83cf55477,U006562,School of Civil Engineering,2021,0.7909
6b03dfe6da181fbb,U006563,School of Economics,2023,1.0634
4e11a893d699ce8e,U006564,School of Civil Engineering,2025,0.1426
bd6dc6d78e8ab6d5,U006565,School of Design & Arts,2024,0.4198
07c1d3ee7f9aab28,U006566,School of Foreign Languages,2023,0.3515
f3813f43a1323f50,U006567,School of Economics,2024,0.3689
48b236065714d463,U006568,School of Foreign Languages,2021,0.8868
b691b49984626718,U006569,School of Computer Science,2020,0.3564
b2da4af46b7db6c8,U006570,School of Foreign Languages,2022,0.0795
50424d62cb6fc560,U006571,School of Computer Science,2020,0.466
00eea094d1d19677,U006572,School of Foreign Languages,2022,0.2036
4aebfac7e7e5223c,U006573,School of Education,2021,0.9698
bc01ae793cc75859,U006574,School of Civil Engineering,2025,1.3214
e82d213b9b6014d4,U006575,School of Food Science,2025,0.0671
78a3d565aa31ef67,U006576,School of Information Engineering,2024,0.2722
59d7ee5de5be3890,U006577,School of Civil Engineering,2024,0.8406
d41addef257034d4,U006578,School of Food Science,2021,0.1443
716fad53213477a1,U006579,School of Foreign Languages,2020,1.2913
6c228ccee4851f0f,U006580,School of Computer Science,2023,1.6859
4ecb613b107283ab,U006581,School of Applied Chemistry,2023,0.5021
a433fe2f9a426c9b,U006582,School of Information Engineering,2022,0.2723
35b2c9329c3dbc88,U006583,School of Economics,2023,0.0586
5de42176edcfe382,U006584,School of Information Engineering,2023,1.3325
6c48b81614ec4bbd,U006585,School of Applied Chemistry,2021,4.3734
a82168a6aad2654c,U006586,School of Civil Engineering,2022,3.556
d915a286bbdb2d74,U006587,School of Design & Arts,2022,0.4858
5b89d29740ce9f61,U006588,School of Civil Engineering,2023,0.198
2c7fe8a492470dfc,U006589,School of Information Engineering,2025,1.3643
19f2d3bf568f537b,U006590,School of Design & Arts,2023,0.52
85442588cf27873e,U006591,School of Food Science,2024,0.9523
22edefdfed265471,U006592,School of Design & Arts,2024,0.7991
b441c1e00d61c2c7,U006593,School of Mechanical Engineering,2021,0.6479
031c1ad96646c811,U006594,School of Information Engineering,2023,1.6512
53663bccf1764813,U006595,School of Computer Science,2023,1.7137
b693d6f32444ce98,U006596,School of Computer Science,2023,0.35
07dc6d69e67ae866,U006597,School of Information Engineering,2020,0.2345
4f10d84f5a558f5c,U006598,School of Food Science,2025,0.0485
f280740f4a383069,U006599,School of Foreign Languages,2025,0.4176
f3a1f51a3e7bd45a,U006600,School of Economics,2020,0.1978
25117070d4534b89,U006601,School of Education,2021,0.8978
a443551df7e1a359,U006602,School of Food Science,2021,0.4219
0de41c3317db3a3a,U006603,School of Business Administration,2024,0.4703
89e3e88471ae1d7e,U006604,School of Mechanical Engineering,2023,1.3297
3a596ee7d07cb522,U006605,School of Foreign Languages,2021,0.8783
1a35c9796ba6ad29,U006606,School of Food Science,2024,0.5253
a82f1e5deab165a3,U006607,School of Foreign Languages,2022,3.1881
cd2f5b77cb6c838f,U006608,School of Food Science,2022,1.2351
ba58847be6b54aec,U006609,School of Design & Arts,2022,0.3895
6a94e6ac85abd08f,U006610,School of Civil Engineering,2023,0.4073
026fede9560b5663,U006611,School of Information Engineering,2023,1.2987
5e95f44f7f5eee7b,U006612,School of Foreign Languages,2022,0.7231
9d215b3538c73ac0,U006613,School of Computer Science,2022,0.1924
f983a5d08278b443,U006614,School of Computer Science,2025,1.4444
5f54325dd7e5f903,U006615,School of Food Science,2023,2.0756
bbcc0659d2ab4bad,U006616,School of Design & Arts,2025,1.924
d91ea252a369d33c,U006617,School of Civil Engineering,2023,2.7614
b632e5b98a83851a,U006618,School of Economics,2024,4.6748
c9002f87347ffa23,U006619,School of Foreign Languages,2022,3.3299
d8796c5d6505e792,U006620,School of Civil Engineering,2024,0.83
6f7e9e8867ce35e6,U006621,School of Education,2021,0.4793
7c6739e824d594b3,U006622,School of Mechanical Engineering,2020,0.0947
eef956ae95185695,U006623,School of Civil Engineering,2021,0.5968
cfc91110d3da9085,U006624,School of Electrical Engineering,2020,0.9922
3fe37cea4bc16783,U006625,School of Information Engineering,2025,0.6167
745ebbdb4ac3b4df,U006626,School of Foreign Languages,2025,0.0893
a00425041c3dafed,U006627,School of Information Engineering,2024,0.4432
0af676ec9e623318,U006628,School of Foreign Languages,2021,1.1256
be056ef32eae2526,U006629,School of Economics,2025,0.2116
de619ee3e26fbed0,U006630,School of Civil Engineering,2024,0.6968
89af88bdc04516e0,U006631,School of Business Administration,2022,0.909
4dc1c64711ec0874,U006632,School of Education,2023,1.8057
966d92f6696a1655,U006633,School of Foreign Languages,2023,3.2727
715e68a4a62b4dd8,U006634,School of Information Engineering,2020,0.4046
59a1a0f97e082950,U006635,School of Foreign Languages,2023,0.7095
69665ac927fc95de,U006636,School of Information Engineering,2024,0.732
5b3038b6ddd53058,U006637,School of Design & Arts,2021,1.1302
9a6c70e87a8fb1cf,U006638,School of Computer Science,2022,1.0105
6032c53c8fb2d8a2,U006639,School of Design & Arts,2023,2.4547
590602ce6adf039c,U006640,School of Economics,2024,0.0574
2f512993ae08586d,U006641,School of Economics,2025,0.8967
c8b759817cf278e5,U006642,School of Economics,2024,0.9612
b417b2d39a33cb61,U006643,School of Foreign Languages,2023,0.4666
0ae8ccf4cb1e2aae,U006644,School of Economics,2023,0.0614
a2a7c5c5140da4d8,U006645,School of Food Science,2023,0.5554
07527be22f103f6b,U006646,School of Food Science,2023,0.2901
3c45448edab3850f,U006647,School of Economics,2020,3.1612
4bc17a2ebc5e428d,U006648,School of Civil Engineering,2024,0.8592
09ff548f5c264415,U006649,School of Computer Science,2024,0.2665
63e5b6f0fdf6389a,U006650,School of Computer Science,2023,0.0758
251a9fd984192af1,U006651,School of Design & Arts,2025,1.0657
41ec03c02d119c9f,U006652,School of Design & Arts,2024,1.1843
b94cd47393d5923d,U006653,School of Civil Engineering,2022,0.4758
392faffdf8ce1233,U006654,School of Electrical Engineering,2020,1.0797
1b81047d40971643,U006655,School of Foreign Languages,2020,0.4167
2869c1d86807e0dc,U006656,School of Applied Chemistry,2022,1.7164
b8d40545dbd0293d,U006657,School of Mechanical Engineering,2022,1.5931
0cf68a28ff8c8e63,U006658,School of Information Engineering,2021,0.1146
5e98265b56811042,U006659,School of Computer Science,2021,0.1463
44c50f57add6016d,U006660,School of Electrical Engineering,2021,4.5009
5e2de1c109a4664c,U006661,School of Foreign Languages,2024,1.4996
2701ea11949b5757,U006662,School of Civil Engineering,2024,0.1671
9b48626192a1a27a,U006663,School of Civil Engineering,2022,0.1228
d5f63b3408e29ba9,U006664,School of Information Engineering,2021,0.7267
336e75e4fc9f2aee,U006665,School of Mechanical Engineering,2021,0.1884
9aad7bd2901d87cf,U006666,School of Education,2020,0.4301
78a66a16df17e6dc,U006667,School of Food Science,2022,0.5631
2ac8449f62856ae4,U006668,School of Mechanical Engineering,2020,0.5393
f92d390b1e63f99e,U006669,School of Civil Engineering,2022,1.8213
b8a2ba96b4af66ca,U006670,School of Education,2025,3.6978
f0d1c939f10f16f4,U006671,School of Foreign Languages,2023,0.3657
a974c8b686142005,U006672,School of Mechanical Engineering,2024,0.1906
69540544ab725670,U006673,School of Civil Engineering,2021,0.871
084040902f9e73a2,U006674,School of Food Science,2021,3.0176
dfcc5bfe48411535,U006675,School of Computer Science,2025,0.3945
14398919aa9abbe3,U006676,School of Applied Chemistry,2022,1.3818
e1c57de196e30106,U006677,School of Computer Science,2023,0.2556
3e580b7c89ba4acb,U006678,School of Business Administration,2025,0.6031
fb1518d3101b6ae6,U006679,School of Food Science,2023,0.1847
85a16880c4904280,U006680,School of Business Administration,2022,0.5968
55f5c244e5caede1,U006681,School of Applied Chemistry,2023,0.5255
26410396e2d5fc83,U006682,School of Electrical Engineering,2020,1.0845
df687d17ad552c8a,U006683,School of Design & Arts,2021,3.494
fe65b29f3ce4a93d,U006684,School of Economics,2020,0.4002
2d690c86e405d4f1,U006685,School of Applied Chemistry,2025,0.0799
033c45cdd0e8be32,U006686,School of Information Engineering,2024,0.4823
129bb7a11d0a0915,U006687,School of Computer Science,2022,0.7964
995ba418156bec4a,U006688,School of Business Administration,2021,0.7225
6138732e2f401b77,U006689,School of Foreign Languages,2024,0.5044
77b14135850c0d3d,U006690,School of Foreign Languages,2025,2.6136
9e06feb5180236d5,U006691,School of Information Engineering,2022,0.6765
02633be43e2d9969,U006692,School of Design & Arts,2022,0.5316
7fbbe5a553739421,U006693,School of Civil Engineering,2024,0.2713
59da94bb21e351a3,U006694,School of Civil Engineering,2025,0.1029
7f43fb48e8c3a92c,U006695,School of Food Science,2025,0.8206
804d9de731c57aa6,U006696,School of Mechanical Engineering,2022,0.7546
6b1e2f78f176c3a7,U006697,School of Foreign Languages,2021,0.2047
5d9dc3f0cd97bedd,U006698,School of Applied Chemistry,2022,0.5647
d767189c37f2f46d,U006699,School of Computer Science,2022,0.5113
9037082e962a1541,U006700,School of Business Administration,2025,0.3162
dfe94c940c2732ef,U006701,School of Information Engineering,2020,0.2671
c14f27702fdc649e,U006702,School of Design & Arts,2023,0.8852
e3eb9c1efb6c6b79,U006703,School of Design & Arts,2025,0.471
ed17e5bdcf37281e,U006704,School of Computer Science,2025,0.3269
75a0b22a049f3d99,U006705,School of Electrical Engineering,2023,0.2494
c73e9f9fa1811282,U006706,School of Education,2025,0.5184
e841e7d60d3d47df,U006707,School of Foreign Languages,2020,1.4881
2744a013a7ea580f,U006708,School of Design & Arts,2022,0.7259
9b414ce3db46c0fa,U006709,School of Information Engineering,2020,0.4657
0f08e972f2ebc36b,U006710,School of Applied Chemistry,2025,0.8037
2f59177f1fa80579,U006711,School of Electrical Engineering,2025,2.3103
455f5869ba8e2e3d,U006712,School of Food Science,2020,0.9641
3ca8dad2024cbc02,U006713,School of Business Administration,2020,0.7658
9888ad60d98e3f8c,U006714,School of Education,2022,1.118
0271dc465e7db922,U006715,School of Education,2021,0.5041
4982a722811e7a28,U006716,School of Economics,2024,0.7097
3e5903a7f8cd73f2,U006717,School of Applied Chemistry,2021,0.3621
104ddabe326f5de1,U006718,School of Design & Arts,2024,0.1252
ddd08c5b01b473d4,U006719,School of Food Science,2023,0.8318
743d2532e5677d53,U006720,School of Food Science,2022,0.835
91c273cdb8383f37,U006721,School of Economics,2021,0.4428
a26fe6ab5b215e22,U006722,School of Business Administration,2025,1.6633
bde3faff92dd7ae9,U006723,School of Electrical Engineering,2023,0.2869
12ed88e70e61520c,U006724,School of Economics,2022,0.1004
048b62bdc89bbe8c,U006725,School of Information Engineering,2022,0.294
197da68bd9810683,U006726,School of Foreign Languages,2025,0.1264
1db9992f14448280,U006727,School of Electrical Engineering,2024,0.8278
42aad12ef7e96287,U006728,School of Applied Chemistry,2024,0.2783
b2baf5e0138b6c27,U006729,School of Education,2023,1.5804
6f97606e4b41ad76,U006730,School of Food Science,2025,1.5477
8fdb515c64f11ef2,U006731,School of Electrical Engineering,2022,0.2341
d8ee96484fb9dcad,U006732,School of Foreign Languages,2024,0.2631
7d42810391a66c19,U006733,School of Mechanical Engineering,2022,1.0075
effa05cf4889776e,U006734,School of Foreign Languages,2023,1.5728
e56ee928c28c932d,U006735,School of Information Engineering,2025,0.0789
8a0d413a6c296881,U006736,School of Food Science,2025,0.7824
81958553ff4992f4,U006737,School of Computer Science,2023,0.0656
f968109b9dda23a7,U006738,School of Foreign Languages,2023,0.3411
f40717266280803d,U006739,School of Design & Arts,2025,1.7624
29f4e38e571b3cee,U006740,School of Computer Science,2025,11.9743
9fb8ae379693af44,U006741,School of Food Science,2024,0.4649
a75f6c7ee735e4e8,U006742,School of Business Administration,2020,0.1696
1199e01d33bf675b,U006743,School of Food Science,2022,0.3533
f0ce4db7a32f00ef,U006744,School of Applied Chemistry,2025,0.6307
5549eddbac23eeef,U006745,School of Civil Engineering,2024,0.302
955e317dc66944d8,U006746,School of Business Administration,2024,0.2341
f6d54d04c9c10596,U006747,School of Mechanical Engineering,2023,0.3853
e55b84424d4b8bc5,U006748,School of Foreign Languages,2022,0.8768
276930269e862052,U006749,School of Foreign Languages,2022,0.4984
dcbad08c40d1985c,U006750,School of Food Science,2024,0.2445
a5981262025c42fb,U006751,School of Education,2022,0.3021
f43909055293a331,U006752,School of Computer Science,2024,0.3903
7f9ffc57a8be4a6f,U006753,School of Applied Chemistry,2024,0.2173
688e6aee9b54a714,U006754,School of Food Science,2024,0.2911
983b5990e5505ca8,U006755,School of Applied Chemistry,2022,1.1237
7e0c95b7e67eafff,U006756,School of Foreign Languages,2024,0.4689
a47094dc8160d85a,U006757,School of Foreign Languages,2021,0.1022
73e3d3d19e330135,U006758,School of Education,2021,1.6453
b8bb18980b52d986,U006759,School of Electrical Engineering,2022,0.8956
7e77326ef2da8e55,U006760,School of Business Administration,2020,0.1481
864eae9ce4e829f7,U006761,School of Food Science,2025,0.4097
676d7aef9eea916c,U006762,School of Civil Engineering,2025,0.2674
82e1c4cefe9c5b1e,U006763,School of Business Administration,2020,1.1617
ad2f7fc4fa25fa9d,U006764,School of Design & Arts,2024,0.4071
6c75e4c753f25c26,U006765,School of Food Science,2023,0.5489
be82857e6818dc19,U006766,School of Economics,2024,0.4886
f5b3de63d6bcfda3,U006767,School of Electrical Engineering,2025,0.1344
e028728783e9e748,U006768,School of Food Science,2023,2.407
8b49d5077e2b2943,U006769,School of Mechanical Engineering,2021,1.1449
91d27036046eb873,U006770,School of Food Science,2020,0.2796
4453907abeb746db,U006771,School of Business Administration,2023,0.7152
174f91f48125e732,U006772,School of Business Administration,2025,1.5638
467a4046c19c55a2,U006773,School of Computer Science,2023,0.6242
c07850462c402c07,U006774,School of Civil Engineering,2022,2.8004
1c87ab4792a6e977,U006775,School of Mechanical Engineering,2020,10.9227
efd76d8414fd5840,U006776,School of Foreign Languages,2025,0.5204
d28a45998780cbdc,U006777,School of Information Engineering,2022,0.3297
c9e46fdf2731a1ba,U006778,School of Information Engineering,2024,0.2195
795573e3a227a760,U006779,School of Mechanical Engineering,2024,0.0645
531cdb6139b6b5d2,U006780,School of Education,2021,2.0568
3f06d6cc54a9b8e7,U006781,School of Mechanical Engineering,2020,0.4146
0b2f1ed909d4093d,U006782,School of Foreign Languages,2022,1.4167
741bf771638a1679,U006783,School of Design & Arts,2022,1.7323
2586c97794166998,U006784,School of Economics,2024,0.2003
91830376a4ed03e8,U006785,School of Civil Engineering,2024,0.2327
3c205c788e50f0db,U006786,School of Food Science,2021,3.3793
b2bc0d0dec7118c4,U006787,School of Civil Engineering,2023,0.5504
298565ef39e07caa,U006788,School of Business Administration,2020,0.305
dbbf7c9cc460bd91,U006789,School of Food Science,2021,0.2076
30f187a0758e0797,U006790,School of Civil Engineering,2024,0.5125
2acea2b9e3d2fcaa,U006791,School of Mechanical Engineering,2024,2.6668
da976ccd234aa726,U006792,School of Design & Arts,2024,1.1717
5a29fc717d08dfbb,U006793,School of Computer Science,2021,0.708
c6e0a823e8bc57f9,U006794,School of Economics,2023,2.8907
701b8d412531aefb,U006795,School of Information Engineering,2022,2.384
13e62c06832370f8,U006796,School of Foreign Languages,2025,0.8246
a69a7297a6a3f824,U006797,School of Economics,2023,9.4793
bb20a4695a36673b,U006798,School of Information Engineering,2025,0.461
210a72794ce11174,U006799,School of Design & Arts,2021,1.7701
d1fe6374d0065ed3,U006800,School of Design & Arts,2022,0.3985
db496c4b7a5fd02e,U006801,School of Education,2024,1.4562
f5e1a59416028adf,U006802,School of Computer Science,2022,0.4605
f88739ea35525503,U006803,School of Civil Engineering,2023,0.9365
425fec38f9691795,U006804,School of Electrical Engineering,2023,6.4439
ddf3e2f6e967c84e,U006805,School of Electrical Engineering,2025,1.5294
f9c5c0139e76c8ef,U006806,School of Education,2021,0.9511
1ab3da227d33d41a,U006807,School of Design & Arts,2025,0.2721
6baccbd1f5b8f1ee,U006808,School of Information Engineering,2022,0.7126
a2a109c21b5352f9,U006809,School of Food Science,2022,0.2155
7b890d2599fa8a46,U006810,School of Information Engineering,2023,1.4333
1d95358569bb32aa,U006811,School of Food Science,2021,1.3978
1b1e0deb4a7882f6,U006812,School of Electrical Engineering,2025,0.4933
086a17232677f39c,U006813,School of Foreign Languages,2025,3.1159
b3f876ecc947204d,U006814,School of Food Science,2025,2.7071
9b51c563ff96bbaa,U006815,School of Food Science,2025,0.6857
8b6bd6d853314288,U006816,School of Information Engineering,2023,1.0393
29bf961a067660be,U006817,School of Electrical Engineering,2022,0.3278
b63bc14ec92aea00,U006818,School of Mechanical Engineering,2024,0.4497
bd4252d310016edd,U006819,School of Design & Arts,2020,0.2009
af0db0e02ba49e44,U006820,School of Civil Engineering,2024,0.3659
db2b1421f7f7c0d8,U006821,School of Education,2023,0.5318
1c861f677ac45ccd,U006822,School of Design & Arts,2024,0.1122
7a1f45c64193d85b,U006823,School of Civil Engineering,2022,1.0511
ad792987d4fe2a09,U006824,School of Information Engineering,2022,1.6407
3dfa225306310768,U006825,School of Computer Science,2020,0.5857
da86ea7e58eb01f0,U006826,School of Economics,2022,0.0398
6fc3ee30c7b28ef0,U006827,School of Information Engineering,2022,0.4584
f09dd5051bed0541,U006828,School of Food Science,2021,0.1465
336225a1d812f108,U006829,School of Design & Arts,2021,0.3209
ec3681ad7d392fbf,U006830,School of Applied Chemistry,2023,2.5217
f9e357bc1c64b628,U006831,School of Civil Engineering,2022,0.0517
f942abf0bf70bef0,U006832,School of Mechanical Engineering,2024,0.261
c1fe7ac9f0722e1e,U006833,School of Business Administration,2021,1.3533
f4a47c010eb440fe,U006834,School of Applied Chemistry,2023,0.2926
20d5da2960f5030e,U006835,School of Civil Engineering,2021,0.2711
0c28aae200cd095a,U006836,School of Business Administration,2023,4.506
417167b1c44e8aac,U006837,School of Economics,2023,0.8619
5c33de00b6b57a1a,U006838,School of Civil Engineering,2023,1.5028
201b3d9e51bb9adb,U006839,School of Electrical Engineering,2022,0.9682
e07a4f46a4c4c8fd,U006840,School of Economics,2023,0.694
c36fde87a41d34a2,U006841,School of Information Engineering,2021,2.0897
e08303b6e472e9d7,U006842,School of Mechanical Engineering,2022,3.9683
00394f4750de03c5,U006843,School of Computer Science,2022,0.1096
535b00880a72d91e,U006844,School of Mechanical Engineering,2023,0.5699
9084a5e006ec93a5,U006845,School of Electrical Engineering,2022,0.5654
4da4ac1f6efe1e09,U006846,School of Information Engineering,2024,0.3843
cec0d83d1863fa8f,U006847,School of Design & Arts,2022,1.5747
2318f267aa8b4531,U006848,School of Mechanical Engineering,2021,0.7633
6bf0b7311d6e6a3a,U006849,School of Business Administration,2022,4.049
a9316f59a4293984,U006850,School of Computer Science,2020,1.774
9d3255d9b589d2be,U006851,School of Design & Arts,2023,2.311
db413e221b3c1051,U006852,School of Electrical Engineering,2024,0.178
8cf67b4e959a7233,U006853,School of Economics,2024,0.2637
3b9eb8a7d9ae7435,U006854,School of Economics,2022,0.2863
dae99c039ad16c3e,U006855,School of Electrical Engineering,2021,2.2169
bb7f488c696ab52c,U006856,School of Mechanical Engineering,2025,0.2244
f880d4920b5e11bc,U006857,School of Education,2020,0.2311
4a69f687be18f005,U006858,School of Electrical Engineering,2022,0.1924
5e2fddd49485d21b,U006859,School of Applied Chemistry,2024,9.2629
965e64c16f0aeeb5,U006860,School of Education,2022,0.5121
ee7289be5c27b4bf,U006861,School of Design & Arts,2021,1.0029
9ae2293ee70addaf,U006862,School of Applied Chemistry,2021,0.1887
a25de4e567928263,U006863,School of Electrical Engineering,2023,1.5407
40f43b53bdd9a7b0,U006864,School of Economics,2021,0.1002
7580f04eb9303afc,U006865,School of Business Administration,2023,0.2218
a525a4709d9b98b3,U006866,School of Civil Engineering,2022,0.2841
f017363cd271900d,U006867,School of Electrical Engineering,2022,0.7348
3125048192f2fd25,U006868,School of Information Engineering,2021,0.2671
67f383f92e243532,U006869,School of Computer Science,2024,2.7101
3591bc1856a23c89,U006870,School of Business Administration,2022,0.9765
5c153b3a9f0de550,U006871,School of Information Engineering,2024,0.2962
875a5afd4e5e0dfc,U006872,School of Economics,2022,1.601
a4f42cd54bf35def,U006873,School of Foreign Languages,2020,0.3984
809139accce1fd21,U006874,School of Food Science,2022,0.3271
b3210bbacba43ee7,U006875,School of Mechanical Engineering,2023,1.446
a583171c312a48e5,U006876,School of Civil Engineering,2022,0.0508
37da421d41380081,U006877,School of Design & Arts,2024,1.231
162937052a72b44e,U006878,School of Civil Engineering,2025,0.2894
7248283e780f24e3,U006879,School of Mechanical Engineering,2024,0.2889
604e5f5172fbc3ee,U006880,School of Civil Engineering,2023,4.1834
67bef86448be05c9,U006881,School of Information Engineering,2023,0.3471
ebc7f00f22fffed9,U006882,School of Mechanical Engineering,2023,1.5356
f40ee3cae660f240,U006883,School of Foreign Languages,2022,0.7805
fc8aadb7119166e0,U006884,School of Information Engineering,2024,0.8659
c09a568c000d13ea,U006885,School of Computer Science,2024,0.4595
32a1d0aed96dac75,U006886,School of Education,2021,0.4362
6c231c3296fec9a4,U006887,School of Education,2025,2.721
8b883caeffc70ff2,U006888,School of Mechanical Engineering,2024,1.497
34dcbde4215eef71,U006889,School of Electrical Engineering,2022,0.3582
943762e6d15c13b9,U006890,School of Electrical Engineering,2025,0.2074
19c676ad646ad60d,U006891,School of Design & Arts,2021,0.3291
1c1323e023f0155f,U006892,School of Foreign Languages,2020,1.5754
a08acd319caef0a0,U006893,School of Mechanical Engineering,2022,1.9188
17fe68dda77d6d59,U006894,School of Civil Engineering,2023,1.0283
7158bd3ce4b5b2dc,U006895,School of Computer Science,2022,0.1172
fc3615732376721c,U006896,School of Education,2025,1.2545
5eccc62b416029fc,U006897,School of Computer Science,2021,2.174
9855a58ab07cf8cc,U006898,School of Mechanical Engineering,2022,0.7023
389a4b138ad62a6e,U006899,School of Design & Arts,2023,4.2751
953fc59f649faf45,U006900,School of Food Science,2020,0.1576
f68f5ee5d7c85c53,U006901,School of Economics,2024,1.1709
c517130a334ee666,U006902,School of Information Engineering,2022,0.2128
583ae96f15b1d708,U006903,School of Foreign Languages,2025,1.7015
91e62d870e87bc7e,U006904,School of Business Administration,2024,1.0896
0a1d032b4df6bb55,U006905,School of Information Engineering,2020,3.5764
dc6c125eb18e608f,U006906,School of Applied Chemistry,2020,0.9731
fe2e759fa795df40,U006907,School of Economics,2020,0.3942
6c788b47dbeb868f,U006908,School of Food Science,2025,0.3613
3b0a63ccdc840f1a,U006909,School of Design & Arts,2024,0.4597
9a6f9b8a822168ea,U006910,School of Electrical Engineering,2022,0.3543
972ec63fc1427039,U006911,School of Design & Arts,2021,2.2707
c32ae5f5f419f7ae,U006912,School of Computer Science,2025,2.1141
afbeccb063f73bad,U006913,School of Information Engineering,2021,0.1322
dfc23aaa7147a2ad,U006914,School of Electrical Engineering,2024,0.6135
6bebe66b4069299f,U006915,School of Business Administration,2024,0.6284
408651c41409a1d3,U006916,School of Information Engineering,2022,0.2703
6d816bb0b1c2f1be,U006917,School of Foreign Languages,2023,0.9151
70330b98902e7533,U006918,School of Food Science,2021,2.5443
6802f56770bb4c95,U006919,School of Foreign Languages,2022,1.4402
ba2708c0d34c75c0,U006920,School of Food Science,2025,2.2706
d6d20b2664ba8a75,U006921,School of Civil Engineering,2024,0.2878
4a645352bab2f4f2,U006922,School of Foreign Languages,2024,0.6123
b825c30e1af5b1c5,U006923,School of Business Administration,2023,0.2745
5556939b24fa36be,U006924,School of Civil Engineering,2021,0.7501
25fa18ab3817e40e,U006925,School of Information Engineering,2024,0.8207
ddc87ef4595859fa,U006926,School of Design & Arts,2023,1.5416
10ffb0c88b13b112,U006927,School of Civil Engineering,2021,2.1957
dcbd83ce3f00eaf6,U006928,School of Applied Chemistry,2022,1.1758
0938727f92892466,U006929,School of Food Science,2023,0.2498
21b39ea24f24b55d,U006930,School of Mechanical Engineering,2024,0.1527
ce3f0d59786bad5a,U006931,School of Civil Engineering,2021,0.993
bfcd559b6f379b32,U006932,School of Electrical Engineering,2025,2.6472
c8c0d10589dd9421,U006933,School of Foreign Languages,2022,0.5759
4f772b24ada2ab53,U006934,School of Design & Arts,2022,0.1282
ea4ee80b637d7687,U006935,School of Foreign Languages,2021,4.7481
5b6c54834515c4a1,U006936,School of Food Science,2024,0.9631
98a43c11c7904804,U006937,School of Computer Science,2022,0.7006
bdf5b2e1e12e62e0,U006938,School of Electrical Engineering,2023,0.1836
cdc4c5a9c08ce094,U006939,School of Electrical Engineering,2021,0.6
91c15f1448e63e3f,U006940,School of Economics,2024,1.1734
bcfc24ef90fde801,U006941,School of Civil Engineering,2024,0.9763
6a224422063548cf,U006942,School of Economics,2022,0.2991
64d1d3b18d790aea,U006943,School of Business Administration,2025,0.5576
b51c45e73d39a5cc,U006944,School of Education,2020,0.3189
7f17554c1581ddb0,U006945,School of Civil Engineering,2021,3.1179
9d81fceeb185d05d,U006946,School of Education,2023,1.4447
dc0597fefc84664c,U006947,School of Civil Engineering,2024,0.3495
25582de038462b07,U006948,School of Mechanical Engineering,2021,0.1835
532cdf15946ec5aa,U006949,School of Computer Science,2023,0.7794
5ea79448c2ec9f8b,U006950,School of Civil Engineering,2022,0.3607
46c0a17078b6035a,U006951,School of Information Engineering,2023,0.3886
cd32be7824483919,U006952,School of Economics,2023,0.1897
2f486d9d0cd2327a,U006953,School of Electrical Engineering,2025,0.2147
834a09805760c7b9,U006954,School of Economics,2022,0.6947
03d17a0846977932,U006955,School of Education,2023,0.4521
4d8cedda5da9a96a,U006956,School of Mechanical Engineering,2023,7.1672
95b1c330fee411d9,U006957,School of Computer Science,2022,1.0696
c6d9284fc83ea5b0,U006958,School of Design & Arts,2021,0.1866
39f3cd0f04452396,U006959,School of Food Science,2025,0.1271
3e19c97a879047ac,U006960,School of Food Science,2021,0.8791
a9dcaefdf4cc0686,U006961,School of Business Administration,2024,0.397
9ac78c78f2f77a3c,U006962,School of Business Administration,2021,2.2355
4c4182c8f742eece,U006963,School of Business Administration,2024,0.7826
75366ccb33adefa9,U006964,School of Electrical Engineering,2021,0.0813
2b65205d97b2096d,U006965,School of Design & Arts,2025,0.213
afd59b70e84c23bb,U006966,School of Electrical Engineering,2024,0.3005
2f0aea0157c0352f,U006967,School of Foreign Languages,2020,0.9185
38c7eb75ed20ae8e,U006968,School of Electrical Engineering,2024,0.206
d98c518b4add9d40,U006969,School of Design & Arts,2023,0.6878
4ad46d4001d06ee8,U006970,School of Applied Chemistry,2022,0.1552
f4d062206620efee,U006971,School of Computer Science,2021,0.594
acae45fdcc52f538,U006972,School of Mechanical Engineering,2024,0.8547
5ea58b72f25be86c,U006973,School of Business Administration,2024,2.546
4f225b9e46f8ff48,U006974,School of Economics,2022,0.7547
f72a51cac90f592b,U006975,School of Foreign Languages,2025,0.2609
073e3a2949ec00ac,U006976,School of Information Engineering,2021,2.6274
ee8bf6947ad111d1,U006977,School of Electrical Engineering,2020,0.4916
b9077276b79a3c8f,U006978,School of Economics,2023,1.2796
396eeb4555e88a76,U006979,School of Economics,2021,0.3199
ccdf91d5a3e0c6df,U006980,School of Mechanical Engineering,2022,0.6465
adc8e49ec49f2ad7,U006981,School of Economics,2023,0.2649
1f908bc70bcb9839,U006982,School of Economics,2022,0.8149
1bd4cdf137b6c2e8,U006983,School of Information Engineering,2021,1.3189
e5fc2e3357f7993d,U006984,School of Electrical Engineering,2024,0.3599
1ec3b842e0b32298,U006985,School of Mechanical Engineering,2023,0.3403
ac3ce9e13d44f649,U006986,School of Design & Arts,2024,0.8435
1b21a06b9cd9f68f,U006987,School of Food Science,2023,0.2587
e78808545fa233ac,U006988,School of Business Administration,2023,0.1294
c5a38ba5f39ed246,U006989,School of Electrical Engineering,2021,0.8405
aa92f7b1b8479acf,U006990,School of Applied Chemistry,2024,0.5301
70cb4ecc3715f028,U006991,School of Mechanical Engineering,2021,0.519
f40c4a0fbdca87a0,U006992,School of Computer Science,2021,0.9941
4ea81a379a61a04b,U006993,School of Business Administration,2024,1.1431
62223bf602467c37,U006994,School of Mechanical Engineering,2024,0.5026
16e0c49e7077f87d,U006995,School of Foreign Languages,2023,0.1921
8f27c18e19ca9741,U006996,School of Foreign Languages,2020,0.3117
2ee6c482bca5d062,U006997,School of Mechanical Engineering,2021,1.0597
95f699afdec86195,U006998,School of Information Engineering,2023,0.6766
5006cefdcdbabd3c,U006999,School of Mechanical Engineering,2024,0.3407
15a13927a1415da3,U007000,School of Education,2022,0.2694
362a9fea4f315bd5,U007001,School of Applied Chemistry,2020,1.0951
c77fa9192dfeb057,U007002,School of Applied Chemistry,2021,0.473
6832e490287a7b8b,U007003,School of Information Engineering,2023,1.2532
f3560514aace993a,U007004,School of Mechanical Engineering,2024,1.4224
ed3b0ccac20fd0fa,U007005,School of Education,2020,0.4318
4ae3ec7c26e4e1bc,U007006,School of Education,2020,1.526
f9cd555ed89c55d4,U007007,School of Applied Chemistry,2021,0.678
c05fc8162a6e490f,U007008,School of Information Engineering,2020,0.7716
e656429cf001cfaf,U007009,School of Mechanical Engineering,2023,0.0662
b8f54eb24b62bc9e,U007010,School of Food Science,2021,0.2236
a5c4c66298ece16c,U007011,School of Applied Chemistry,2023,0.2361
56b81de4b1125e40,U007012,School of Computer Science,2024,0.4293
ecb138f309fec9aa,U007013,School of Mechanical Engineering,2025,0.6619
b4a36a686bbde7bd,U007014,School of Applied Chemistry,2025,0.6895
d4359502d068a2e5,U007015,School of Food Science,2022,0.7856
1b6f768a4193fa04,U007016,School of Food Science,2020,0.2976
9689df19d5694cf2,U007017,School of Foreign Languages,2022,1.1786
57eb27995bd4a550,U007018,School of Mechanical Engineering,2024,3.6049
04925bcfd68b9dcf,U007019,School of Economics,2020,0.4146
f51710b85e70cb18,U007020,School of Foreign Languages,2022,0.304
5fb0c29a583a8726,U007021,School of Food Science,2022,0.2975
84daaa63922f76aa,U007022,School of Information Engineering,2021,0.643
05cbbb3b1cd728e4,U007023,School of Food Science,2024,0.349
9bb582062d1a2af0,U007024,School of Foreign Languages,2023,0.1046
f14c29c795911ecc,U007025,School of Economics,2023,0.1376
c37b0fbb46cee884,U007026,School of Information Engineering,2025,1.6375
ea29492ae88dc241,U007027,School of Food Science,2021,2.1272
bf3a3772480815a5,U007028,School of Mechanical Engineering,2021,2.9238
b2d2157944f10d4c,U007029,School of Business Administration,2022,0.7403
668b214c78060acb,U007030,School of Information Engineering,2023,0.2192
7deb40ce4e8c357b,U007031,School of Business Administration,2023,0.381
b3a224078db2682f,U007032,School of Design & Arts,2020,0.1329
3162466a2103ff74,U007033,School of Education,2025,0.1279
5bee5c1ba5bac34d,U007034,School of Education,2022,0.7621
2211b873022a9e6b,U007035,School of Information Engineering,2022,1.0121
386f4468f2ae361e,U007036,School of Education,2023,4.1844
86f1515b549e4a94,U007037,School of Information Engineering,2025,0.5433
2006203d866c2793,U007038,School of Foreign Languages,2023,0.1519
d10e5913d16dc47f,U007039,School of Business Administration,2025,0.5226
384c2dc19caf832b,U007040,School of Economics,2021,0.4451
1da4ccb3fa23253c,U007041,School of Electrical Engineering,2023,0.3612
18b079488387e92e,U007042,School of Food Science,2024,0.8326
9bb14cbaf3b41394,U007043,School of Applied Chemistry,2023,0.1753
8ecf13bfa39c8e75,U007044,School of Applied Chemistry,2022,0.6728
a981d03f52f6ef71,U007045,School of Civil Engineering,2025,1.1326
5b87223cee9f29aa,U007046,School of Business Administration,2021,2.4418
404bc712b576acd8,U007047,School of Applied Chemistry,2022,0.8052
d43969784bf4a182,U007048,School of Design & Arts,2025,1.6755
f7e597d108630818,U007049,School of Information Engineering,2025,0.3787
675135edad4f981e,U007050,School of Information Engineering,2025,0.4355
d2ed719284bd135c,U007051,School of Civil Engineering,2025,2.2724
669731ed5519f282,U007052,School of Economics,2020,0.1498
00c247c5c39e35fc,U007053,School of Electrical Engineering,2025,0.3945
4de72c3d3ba54a3c,U007054,School of Electrical Engineering,2022,1.8247
6fa3a4d2f38ac225,U007055,School of Education,2023,0.478
8d276595d0594a72,U007056,School of Computer Science,2022,0.4437
c5e83f9f9b4bb484,U007057,School of Electrical Engineering,2024,0.4528
68b9f319ebc17c20,U007058,School of Food Science,2023,0.6637
069cdffe63f5188e,U007059,School of Applied Chemistry,2024,1.7491
3887531cd2bba612,U007060,School of Information Engineering,2021,1.4877
85d185ab394794ab,U007061,School of Business Administration,2021,0.5972
20d5da3462fdd4ac,U007062,School of Education,2022,1.7601
06c56d35a06dc508,U007063,School of Economics,2020,0.8309
36ccfff1ecd6fc60,U007064,School of Education,2024,1.3939
113d592862683371,U007065,School of Civil Engineering,2022,0.2111
86925f79908f7a34,U007066,School of Design & Arts,2023,3.3587
43050a72000a5f8d,U007067,School of Information Engineering,2020,0.7358
c3a0a00a0768f1f3,U007068,School of Foreign Languages,2021,0.0378
c8814232e2d78fc0,U007069,School of Applied Chemistry,2023,3.1035
440cff9370ecf222,U007070,School of Mechanical Engineering,2022,0.5934
3f1db7d28d0362ba,U007071,School of Food Science,2021,0.3975
16812f991d13f09c,U007072,School of Civil Engineering,2021,0.3222
3968c4b2a4fe72fb,U007073,School of Education,2021,0.9162
acf19df16189992c,U007074,School of Food Science,2023,0.2428
d4350ff93cac6f81,U007075,School of Civil Engineering,2021,0.3316
7d29550690b530a7,U007076,School of Mechanical Engineering,2022,0.3396
4a66cbef51b09ca4,U007077,School of Information Engineering,2024,0.4408
f6666f6f7e2ef368,U007078,School of Computer Science,2023,0.3527
e4247c1050db7142,U007079,School of Computer Science,2023,1.3852
0c0e5315abb3bfe3,U007080,School of Electrical Engineering,2021,0.7742
049129b4a01f0118,U007081,School of Education,2025,0.8746
7a0a7d0645452719,U007082,School of Foreign Languages,2022,1.0872
e5c4e47c33323ced,U007083,School of Business Administration,2022,0.5379
00607c4415f07b97,U007084,School of Foreign Languages,2025,0.2128
c5e3435e27350bff,U007085,School of Mechanical Engineering,2023,3.5901
a74cfbc5eac27aff,U007086,School of Mechanical Engineering,2023,1.4926
77e8103362a286fd,U007087,School of Design & Arts,2025,2.9619
4f805d2c3802578f,U007088,School of Business Administration,2020,1.6612
83e05ea6c7baff2a,U007089,School of Civil Engineering,2024,0.3726
934f591120b053e4,U007090,School of Economics,2024,0.0564
139283bd4f244082,U007091,School of Electrical Engineering,2022,0.1727
1aaf8d33027515da,U007092,School of Business Administration,2021,1.1157
6182cec01c5644af,U007093,School of Education,2021,0.5333
404d0c0d7da69ff6,U007094,School of Computer Science,2025,0.388
11f0a7e22dc6d1c9,U007095,School of Design & Arts,2021,0.0487
84aad274a726bf83,U007096,School of Information Engineering,2021,0.5827
2facf6755cfa9ba7,U007097,School of Information Engineering,2024,0.2001
cd008740e4a14c43,U007098,School of Economics,2024,0.2861
1961139083611acc,U007099,School of Food Science,2021,1.3814
b2ccb6a2a8565d33,U007100,School of Mechanical Engineering,2024,0.2109
a63e1ba419f28ca3,U007101,School of Education,2023,0.2321
eaf0e47c02ae67c9,U007102,School of Computer Science,2024,0.7108
4373eac1505f3320,U007103,School of Education,2020,1.4125
66a08f8d3c5f9373,U007104,School of Applied Chemistry,2020,0.3947
ee01d3f4acd5d786,U007105,School of Economics,2023,2.5605
95d71ec3803cd207,U007106,School of Mechanical Engineering,2021,0.1644
93293716ded8a82b,U007107,School of Information Engineering,2023,0.1379
1b1ef3105c7abf15,U007108,School of Education,2020,0.1267
5dee71b412a92b08,U007109,School of Information Engineering,2024,0.1131
c0fc536baef14181,U007110,School of Food Science,2025,0.8266
9f32302f63265699,U007111,School of Information Engineering,2024,0.2221
8355d3b715332c44,U007112,School of Design & Arts,2025,0.1441
d16c4f9ab960f074,U007113,School of Electrical Engineering,2025,0.8631
e8a598f998160002,U007114,School of Civil Engineering,2022,1.3457
0d49af5ab647711c,U007115,School of Foreign Languages,2022,1.6885
6e67536b271d43b3,U007116,School of Information Engineering,2025,1.4166
2df2dcf0ef15f155,U007117,School of Electrical Engineering,2025,0.2357
daeb0e6712c29b60,U007118,School of Applied Chemistry,2025,0.7781
174e16e02d7ac1fa,U007119,School of Electrical Engineering,2024,0.9703
e10331d066404f9e,U007120,School of Business Administration,2021,0.3672
f7b0823f64df9fb5,U007121,School of Mechanical Engineering,2025,0.6961
6f32ae1ef8bdac28,U007122,School of Design & Arts,2025,0.1689
d0c2170c9a97596f,U007123,School of Mechanical Engineering,2023,0.3152
c3e68c1fdc60c319,U007124,School of Information Engineering,2024,0.8562
908a2e1aa1ec0a2f,U007125,School of Business Administration,2023,2.6659
5490bef3429a3fd3,U007126,School of Foreign Languages,2025,1.8672
8c8b61bbb6d920a7,U007127,School of Information Engineering,2020,1.1432
a024097159a9e249,U007128,School of Computer Science,2025,0.6393
de40b291dcf10d39,U007129,School of Mechanical Engineering,2020,0.5476
7f3480b477e31ace,U007130,School of Applied Chemistry,2022,0.1388
083dfdcf27ef981f,U007131,School of Business Administration,2021,0.256
7f6b987941bc9f00,U007132,School of Information Engineering,2023,0.2645
5df11f10ca9e486d,U007133,School of Computer Science,2021,1.0489
3c79d7ef2d7de555,U007134,School of Computer Science,2025,1.5188
544cf3e424d842f6,U007135,School of Mechanical Engineering,2023,1.2331
51dc1665893ad9b9,U007136,School of Civil Engineering,2025,1.9264
4ed4094487ae5f2c,U007137,School of Applied Chemistry,2022,0.6346
f179624a996f36fd,U007138,School of Civil Engineering,2020,0.2209
ddde47941c736868,U007139,School of Civil Engineering,2024,0.5616
e314f5063f0f9bdc,U007140,School of Education,2024,0.286
7d47f810f42aca77,U007141,School of Computer Science,2023,1.1398
d497e7418cb472b6,U007142,School of Electrical Engineering,2024,0.4123
538b5511a5f114ea,U007143,School of Applied Chemistry,2024,0.535
19ecfb56e3a452f5,U007144,School of Information Engineering,2023,1.1813
4e96c1067c451dcd,U007145,School of Education,2025,0.2814
a0262417eeece21a,U007146,School of Applied Chemistry,2024,1.548
5433b475ef88f369,U007147,School of Foreign Languages,2024,0.1534
cf8fb1d3fc154c91,U007148,School of Computer Science,2022,0.8022
40a9db1176132402,U007149,School of Foreign Languages,2020,0.5391
ca214cdcfe9e1a1d,U007150,School of Food Science,2021,1.3503
90ff036ca7df51e7,U007151,School of Applied Chemistry,2024,0.1494
c21d1944d7a65c54,U007152,School of Business Administration,2024,0.1277
e9affa21e1fc2578,U007153,School of Foreign Languages,2022,1.2499
fc8fcdab7a871b46,U007154,School of Food Science,2023,0.3993
02b159634aeb6014,U007155,School of Foreign Languages,2021,0.5391
c052a2e4b56abace,U007156,School of Design & Arts,2021,0.3052
8ab9f7972a52be90,U007157,School of Civil Engineering,2025,1.4708
9b7661a4f67bf1ee,U007158,School of Business Administration,2022,0.7963
2a586e7fe40af07a,U007159,School of Foreign Languages,2021,0.751
0f7537ea070fd265,U007160,School of Electrical Engineering,2023,0.1833
72a9cc1dd6ad44e4,U007161,School of Business Administration,2022,0.9748
65c97cccea10894f,U007162,School of Civil Engineering,2024,0.2189
5aab31b161fc379a,U007163,School of Mechanical Engineering,2025,0.3056
1720ed41d64c66b9,U007164,School of Applied Chemistry,2023,0.1507
e1740410793f534b,U007165,School of Applied Chemistry,2023,0.5048
044db557f5c3937a,U007166,School of Electrical Engineering,2022,1.7117
309826fc87223023,U007167,School of Foreign Languages,2023,0.7406
94dca116a51ca85a,U007168,School of Design & Arts,2022,0.3795
02f6e32757d6ba23,U007169,School of Electrical Engineering,2020,0.6585
35e9b7ea96305ba0,U007170,School of Foreign Languages,2025,0.6548
420af2e1a365a75e,U007171,School of Information Engineering,2022,0.6307
0a2eb65c71bb4a79,U007172,School of Applied Chemistry,2023,0.7049
b981a735d9a297e1,U007173,School of Information Engineering,2020,0.2087
2f1ba9e9a85b55de,U007174,School of Design & Arts,2024,0.6567
cc64480f86b6c996,U007175,School of Mechanical Engineering,2021,0.1021
454c2d94bf145899,U007176,School of Food Science,2022,1.0498
719e89edc30c1f26,U007177,School of Mechanical Engineering,2024,0.196
0ed2aac89c8a0b19,U007178,School of Civil Engineering,2022,1.9167
6f9a92aa9b89074f,U007179,School of Design & Arts,2025,0.0512
0989b23a3a8c6253,U007180,School of Electrical Engineering,2021,3.1501
68f00b0d2b60c63e,U007181,School of Business Administration,2024,0.1146
e2e1e293b0ae81bc,U007182,School of Business Administration,2025,0.1778
7f6ee08159e4598e,U007183,School of Food Science,2023,0.7962
677255439ec66229,U007184,School of Information Engineering,2024,1.096
d38aae5be9610ea1,U007185,School of Foreign Languages,2022,0.4447
b8060c1b24777389,U007186,School of Computer Science,2024,1.4414
e8299de8d584c039,U007187,School of Mechanical Engineering,2025,0.2662
2456abca11648fb5,U007188,School of Electrical Engineering,2024,0.3959
fe3800be872279f0,U007189,School of Information Engineering,2025,0.4364
b31a377cc44a74e3,U007190,School of Economics,2023,0.3446
2a3fab5b7d9623c8,U007191,School of Economics,2023,0.0853
9bfeed532d77858d,U007192,School of Business Administration,2022,0.576
06b7e7917cb2c92d,U007193,School of Economics,2024,0.5262
cc69e1ff4b4b510d,U007194,School of Foreign Languages,2025,1.7353
b03c00989f47e632,U007195,School of Foreign Languages,2023,0.1632
9782ad455a94febf,U007196,School of Mechanical Engineering,2021,0.3115
e143ec4015c0686c,U007197,School of Information Engineering,2023,1.967
e519c91972b56ed9,U007198,School of Information Engineering,2024,0.7916
cac9450d2609f49a,U007199,School of Economics,2025,1.0226
ceb9155cde5fed38,U007200,School of Computer Science,2021,0.9291
b995dc600c1bc3c4,U007201,School of Applied Chemistry,2021,0.9332
09241d1dc18b342c,U007202,School of Civil Engineering,2022,3.6475
25b4fb44dfa6376b,U007203,School of Education,2021,0.647
a389687918b30c19,U007204,School of Business Administration,2025,0.2147
fadccff34d24d960,U007205,School of Economics,2022,1.1183
99a8aebff06dbf4b,U007206,School of Information Engineering,2023,0.335
205de76db96cda85,U007207,School of Education,2021,0.5289
c292761e2e42eb7b,U007208,School of Applied Chemistry,2022,0.8549
b698882cb2632be3,U007209,School of Computer Science,2025,0.2597
1d0b67a1da868413,U007210,School of Electrical Engineering,2023,0.3544
7ca6fb7f4e13fd2a,U007211,School of Foreign Languages,2020,0.9501
01cd2438ff45ceb0,U007212,School of Electrical Engineering,2021,0.3411
5a87b2d96c5a6f89,U007213,School of Mechanical Engineering,2025,1.5626
82489ab2f8ae8bb7,U007214,School of Computer Science,2025,0.2202
e936009222add88b,U007215,School of Food Science,2021,0.2195
e751d9742a1baa8a,U007216,School of Electrical Engineering,2023,3.9711
563c21f93428103c,U007217,School of Civil Engineering,2020,0.1278
38a2b8c7bce32863,U007218,School of Business Administration,2023,0.5748
41249f3017ef769c,U007219,School of Mechanical Engineering,2021,3.7602
bf3cea1ae6f385f5,U007220,School of Computer Science,2024,0.5737
25da922cd70670a6,U007221,School of Food Science,2025,2.27
fbba80d4c3f6c398,U007222,School of Applied Chemistry,2021,1.1337
37fdd13b0474d4de,U007223,School of Electrical Engineering,2022,0.5861
9ef0e539421b782e,U007224,School of Applied Chemistry,2021,0.5181
ea5ea31fdfb6e635,U007225,School of Economics,2022,0.0709
763850b779d80e88,U007226,School of Food Science,2020,0.4291
92f1968e4f3ba68b,U007227,School of Computer Science,2021,0.7447
5cf6104531e7d21f,U007228,School of Economics,2025,0.7443
25b69348c1c24e64,U007229,School of Economics,2020,6.9508
67298b8e448d868e,U007230,School of Mechanical Engineering,2024,0.7819
b45031e208d2214f,U007231,School of Food Science,2020,1.1086
0c3fba28fa4b53d1,U007232,School of Business Administration,2023,1.8926
628f31a92398d16f,U007233,School of Economics,2022,1.0136
15a2316d3b43aa95,U007234,School of Food Science,2025,0.5417
8f4664ed78165fe3,U007235,School of Applied Chemistry,2021,0.5443
c065651aa087e033,U007236,School of Computer Science,2021,0.4158
67afc91d96a53cff,U007237,School of Food Science,2024,0.9205
03471e23940faa6f,U007238,School of Civil Engineering,2024,0.4979
825d0dd16c55a5d1,U007239,School of Economics,2024,1.1029
096eaedcbaeef7ff,U007240,School of Foreign Languages,2020,0.2152
d1e88284b857f2e6,U007241,School of Computer Science,2021,0.6838
76d04ea8f8cc909d,U007242,School of Applied Chemistry,2024,2.7873
27432ffde1e22ab0,U007243,School of Business Administration,2023,0.4716
b8a10acfd3bbb35f,U007244,School of Mechanical Engineering,2023,3.7285
05bdc62a1f50d913,U007245,School of Foreign Languages,2022,0.6954
22e13db0e389ad42,U007246,School of Business Administration,2021,0.5579
e253975aec8a50b3,U007247,School of Applied Chemistry,2025,0.6634
08461cb43ccdeda1,U007248,School of Information Engineering,2024,0.4324
4b1eefc19cad4305,U007249,School of Design & Arts,2021,0.0815
4d0cda32a25fd8ce,U007250,School of Business Administration,2025,1.4236
9657b2f0922cab14,U007251,School of Business Administration,2023,5.2894
3f5572fdc0cf107e,U007252,School of Information Engineering,2022,0.9545
254fcd8d46b6eacd,U007253,School of Education,2022,1.0144
e0d6cbd9ebaf1af8,U007254,School of Design & Arts,2024,0.4918
984a4c7cf5d51e19,U007255,School of Design & Arts,2022,1.8791
8179e8fbe52ffe2d,U007256,School of Electrical Engineering,2023,0.5676
2cac7d30d4ae9433,U007257,School of Food Science,2024,0.7712
d3d5f384a082aa13,U007258,School of Mechanical Engineering,2021,0.1234
9b685284d07a386f,U007259,School of Electrical Engineering,2025,0.3477
f78dcbf6a5b32078,U007260,School of Mechanical Engineering,2022,0.8524
937f301d71abb34c,U007261,School of Foreign Languages,2022,1.4626
41eed9c9fe70693a,U007262,School of Education,2024,1.5037
cf4e3f409fb6ffcf,U007263,School of Economics,2023,0.1217
7bd99e0f269905d9,U007264,School of Information Engineering,2022,0.1347
0c96b4eba884da0d,U007265,School of Economics,2023,1.0588
34ca74343da7cbd1,U007266,School of Computer Science,2025,0.2798
66814d31b4dfd349,U007267,School of Electrical Engineering,2024,1.4442
9089c36fac1fe171,U007268,School of Applied Chemistry,2024,0.1157
40694b27ea8060ce,U007269,School of Civil Engineering,2021,0.535
8b5e7cc07c9b9423,U007270,School of Business Administration,2022,0.5705
9c0336f2ce3c73d6,U007271,School of Applied Chemistry,2023,0.9545
d13fb8b7a0b2a4f3,U007272,School of Business Administration,2020,0.2105
d7a849b226a0ff34,U007273,School of Foreign Languages,2024,0.0826
cd0c006747b8c5af,U007274,School of Mechanical Engineering,2022,0.7007
0e3ffba9b034f3f2,U007275,School of Economics,2022,0.9994
81238778d5ae7ea6,U007276,School of Education,2021,1.6168
b0bb4f973459c649,U007277,School of Foreign Languages,2022,0.4125
6a230ff9a39b4dd7,U007278,School of Design & Arts,2022,1.2823
76f7325c0876593b,U007279,School of Civil Engineering,2023,0.9596
0057ace289fb4cfe,U007280,School of Applied Chemistry,2023,2.2153
c75875f8c97f8337,U007281,School of Applied Chemistry,2021,0.5586
16f33d3d18130464,U007282,School of Food Science,2021,0.1047
322e5d2acf91d8ac,U007283,School of Information Engineering,2024,0.5517
c576974879e0bccf,U007284,School of Design & Arts,2020,0.645
85f1b9059bf54a92,U007285,School of Applied Chemistry,2023,0.9912
f8dccd6c06c02b6d,U007286,School of Computer Science,2023,0.1275
fad0e7056088af0d,U007287,School of Electrical Engineering,2023,0.4321
f866b42762d99f85,U007288,School of Civil Engineering,2025,1.4065
ce704498eb855549,U007289,School of Mechanical Engineering,2023,0.532
69365f96cfa6b6e7,U007290,School of Civil Engineering,2025,0.4349
68273f1db0d02c7f,U007291,School of Business Administration,2025,3.9722
dfecc8eb8e37e91b,U007292,School of Electrical Engineering,2021,0.2025
d37f72b42ac55c96,U007293,School of Computer Science,2021,2.0262
c269b2015db8b665,U007294,School of Economics,2022,1.6393
436d1b5e6b838533,U007295,School of Education,2022,0.4713
88441799148491a4,U007296,School of Information Engineering,2023,0.5713
15b6220964265215,U007297,School of Computer Science,2021,0.5692
98366f8673330f92,U007298,School of Information Engineering,2021,0.7082
93f5ca384d17b4f6,U007299,School of Civil Engineering,2022,0.3258
e823ef90e30faea4,U007300,School of Electrical Engineering,2024,0.3848
c81efaf93ae33c88,U007301,School of Civil Engineering,2024,0.4139
b4f3647f50748dd4,U007302,School of Mechanical Engineering,2025,0.4273
4e79b524f6fb4f8c,U007303,School of Food Science,2021,0.4327
6eb0f4a5bff9f82b,U007304,School of Education,2022,0.0628
7a59e4b1242250d7,U007305,School of Food Science,2025,0.6509
3b3f8631c1ff979b,U007306,School of Civil Engineering,2024,0.3484
49c189da3cc913e4,U007307,School of Foreign Languages,2023,0.0913
6b0b7d7f7197a9e0,U007308,School of Mechanical Engineering,2023,0.416
29a5cc4dbd718894,U007309,School of Design & Arts,2020,0.4033
e4e9cc4c72a3e5d8,U007310,School of Design & Arts,2025,2.1133
e4f5a87f76b41a7f,U007311,School of Foreign Languages,2023,0.3443
b273eadf12b36f04,U007312,School of Economics,2023,1.1512
846f81713d4c197b,U007313,School of Mechanical Engineering,2023,2.3533
2df55033a01b5f96,U007314,School of Electrical Engineering,2022,0.315
01c1d63af6d6520e,U007315,School of Civil Engineering,2021,0.563
c52c48240d7c35b0,U007316,School of Civil Engineering,2024,3.3257
5df3e62fe4fd33eb,U007317,School of Applied Chemistry,2023,0.7423
f31370c5c2ebf465,U007318,School of Foreign Languages,2020,0.8579
8038f6579f31e428,U007319,School of Design & Arts,2022,0.3929
7d5cee33778adf40,U007320,School of Business Administration,2025,1.1736
f8d2673c9b49ffc5,U007321,School of Design & Arts,2022,0.5674
4832af4cb5874721,U007322,School of Design & Arts,2022,0.0945
b8365657b272efff,U007323,School of Business Administration,2023,0.4139
7dff45d723173459,U007324,School of Design & Arts,2024,0.1808
42fafaa518c1efcf,U007325,School of Applied Chemistry,2023,0.6605
eaa7f03f62f3105c,U007326,School of Economics,2024,0.236
b34d3d450b7996e3,U007327,School of Electrical Engineering,2021,0.9523
5306b7554382d70e,U007328,School of Food Science,2025,0.6174
04b3de6fcf84a75f,U007329,School of Applied Chemistry,2025,0.1695
febbe52f7011856f,U007330,School of Education,2023,0.3608
3fdc6edeb368dbf0,U007331,School of Information Engineering,2023,1.0981
36d5eddeafa3cb85,U007332,School of Information Engineering,2021,1.8608
f47b3cc5529032fa,U007333,School of Business Administration,2022,0.2394
13ac32a46639a748,U007334,School of Economics,2021,0.197
046da2df1c89460a,U007335,School of Applied Chemistry,2020,4.1536
7afdd7d222a0d11e,U007336,School of Foreign Languages,2025,0.5846
d15bae5e15958494,U007337,School of Mechanical Engineering,2021,0.6469
7ab35061ea62a056,U007338,School of Electrical Engineering,2023,0.2818
e584ef498503d016,U007339,School of Electrical Engineering,2022,0.7321
cbd3991e35b9f372,U007340,School of Education,2022,3.2808
5cc18a8b743d241c,U007341,School of Information Engineering,2022,0.7614
e8c5ceec5bb57550,U007342,School of Food Science,2022,1.7125
65f485dca8aacd6a,U007343,School of Electrical Engineering,2023,0.6077
f5cd18b21ae27e90,U007344,School of Economics,2025,0.2117
dcc93c974b417d73,U007345,School of Computer Science,2022,0.2981
7a371792f79387ff,U007346,School of Mechanical Engineering,2025,0.193
7e5476f75040e55f,U007347,School of Foreign Languages,2023,0.734
0597989587233530,U007348,School of Business Administration,2023,2.0075
15c83f38d74e5eae,U007349,School of Information Engineering,2021,0.6935
874b28429379dd38,U007350,School of Education,2020,0.434
c41665c0c10ec143,U007351,School of Business Administration,2024,0.268
5399d450cde61151,U007352,School of Education,2023,0.8424
99d84c073fee8412,U007353,School of Electrical Engineering,2022,0.1712
47983f35c6d32aed,U007354,School of Computer Science,2024,0.1899
7648437cb0a106bb,U007355,School of Civil Engineering,2022,1.4523
6a4a69be337a0250,U007356,School of Computer Science,2024,0.4472
82aea12572402773,U007357,School of Education,2022,0.4385
fd6a01e7f0e358e4,U007358,School of Design & Arts,2025,0.4985
a7d92265a5529093,U007359,School of Foreign Languages,2021,1.22
a6deff15ceaf054b,U007360,School of Mechanical Engineering,2021,0.6966
7b7cd5c6c4e93335,U007361,School of Business Administration,2024,0.2808
a832e4a02164adf1,U007362,School of Design & Arts,2021,0.2911
888d7bc65f9c76eb,U007363,School of Civil Engineering,2025,0.4857
1d0be214f32991a9,U007364,School of Education,2023,0.7987
002e64f298a16acf,U007365,School of Foreign Languages,2021,0.5698
f397076fa16aa9c9,U007366,School of Computer Science,2021,0.5213
3e943ab369ffd6c7,U007367,School of Civil Engineering,2025,0.6183
95fbb4d5d67bcc68,U007368,School of Foreign Languages,2023,0.5694
e2bf4fc5b4b95698,U007369,School of Electrical Engineering,2025,0.2705
6da3c61ce753bd3a,U007370,School of Applied Chemistry,2021,1.7861
21e6be8e966cea4d,U007371,School of Economics,2025,0.3645
20b743f8b08779aa,U007372,School of Computer Science,2023,0.6718
c0f9970fb7af3143,U007373,School of Information Engineering,2023,0.0752
1a6a0bd9a61c2eb5,U007374,School of Electrical Engineering,2022,0.4761
879324aaeb4cfe56,U007375,School of Business Administration,2020,0.1966
dd08aca2804acb64,U007376,School of Applied Chemistry,2025,0.2218
e0d34ca904e2c0e1,U007377,School of Food Science,2025,6.6538
85bb702db8283b99,U007378,School of Economics,2022,0.7577
3ad2d4da126986a8,U007379,School of Foreign Languages,2025,2.0118
c43d2c49a2eb06c6,U007380,School of Applied Chemistry,2021,1.3886
cf75d9e4ec17d073,U007381,School of Food Science,2021,1.5781
6f28bd94fa82f9aa,U007382,School of Education,2020,0.4838
0138d1ec1211c875,U007383,School of Economics,2022,2.9429
551424af1f5d2236,U007384,School of Information Engineering,2020,1.3767
382493223d50028b,U007385,School of Computer Science,2022,0.6153
0929be9a29e97e96,U007386,School of Education,2021,0.7682
a617ec1577dac884,U007387,School of Mechanical Engineering,2024,0.5149
ace9f551d968d826,U007388,School of Applied Chemistry,2024,0.622
405ea1775d225c6f,U007389,School of Design & Arts,2024,0.5652
ba948fa9819c735e,U007390,School of Electrical Engineering,2021,0.8646
b0b9fae07f76094a,U007391,School of Foreign Languages,2024,3.3635
e53a15dbe44af319,U007392,School of Mechanical Engineering,2021,0.1769
9acf5388ee2ef332,U007393,School of Business Administration,2024,1.8503
8a68fc4b75d6e270,U007394,School of Computer Science,2023,0.4085
243149127d6e8cba,U007395,School of Business Administration,2022,2.1015
8008148f6c80ac9a,U007396,School of Civil Engineering,2020,0.423
ee92d589ef5ed79f,U007397,School of Civil Engineering,2024,0.892
43543c78870b63d8,U007398,School of Education,2025,0.5037
906849f17e5e0ea0,U007399,School of Civil Engineering,2023,0.1046
cbec0301849d4cd9,U007400,School of Economics,2025,3.3601
32cd5d6bb19e5e4d,U007401,School of Information Engineering,2025,0.23
af5ff2ee56374321,U007402,School of Mechanical Engineering,2021,0.642
30fa0f0e47063af8,U007403,School of Electrical Engineering,2024,0.2061
437a62cdbc04a883,U007404,School of Computer Science,2022,0.1551
aecd21c9917850b7,U007405,School of Education,2023,0.481
f7d2ff4b61f0e42c,U007406,School of Civil Engineering,2021,0.3261
ca63f38bf63a79bd,U007407,School of Civil Engineering,2025,0.1834
9572d8e6d70baab4,U007408,School of Food Science,2024,0.5698
69480e81f7c19f4b,U007409,School of Food Science,2021,0.1341
adda586ba812983a,U007410,School of Economics,2022,0.6693
8775fe91b2efe305,U007411,School of Civil Engineering,2022,0.5198
5d67693c086c452c,U007412,School of Business Administration,2024,0.0494
83fcd094eeb7a91b,U007413,School of Mechanical Engineering,2025,0.3499
4757d880e8bffe5d,U007414,School of Mechanical Engineering,2022,0.9431
7192d15b864494fe,U007415,School of Economics,2023,0.2038
0a9adb43b8c92e51,U007416,School of Information Engineering,2023,0.9849
d6252aa1d689aafb,U007417,School of Electrical Engineering,2022,0.91
390edc7d9cd111fa,U007418,School of Applied Chemistry,2023,0.2134
34590a08e9447651,U007419,School of Applied Chemistry,2021,0.5832
b7ff8b8acec9204b,U007420,School of Information Engineering,2021,1.3471
c67545f76160f9b8,U007421,School of Applied Chemistry,2022,0.2458
26c35c97c7e13ab4,U007422,School of Business Administration,2025,0.4806
ee26f67127c06a7b,U007423,School of Electrical Engineering,2022,1.8649
41cfa89e39e2c139,U007424,School of Economics,2021,0.2504
89cedecb60b4c536,U007425,School of Civil Engineering,2024,0.9344
8d21a1108ff84c29,U007426,School of Electrical Engineering,2025,0.2006
513c867ca62c05fe,U007427,School of Mechanical Engineering,2022,0.5026
3673b63f77f0a6cc,U007428,School of Education,2020,0.9229
afbf5a3aaeaa28ce,U007429,School of Design & Arts,2024,0.0533
f28e341a3f7bd2a0,U007430,School of Economics,2022,0.346
3199f8de74ea4abd,U007431,School of Civil Engineering,2024,0.9069
eb4d30b21868b01c,U007432,School of Computer Science,2022,0.74
7de17ed9d7fa6b08,U007433,School of Computer Science,2020,0.3502
75b999743f19f6ed,U007434,School of Mechanical Engineering,2022,0.1956
f4d93f6c7707a73a,U007435,School of Food Science,2024,1.1068
f00b2f4750dfe55d,U007436,School of Applied Chemistry,2022,0.4277
3eb01c51e6c484a0,U007437,School of Electrical Engineering,2021,1.0185
4c4599f9d12020f3,U007438,School of Foreign Languages,2022,0.8635
9443e667ccf6c6d5,U007439,School of Information Engineering,2024,0.3774
85cd8157221ae0be,U007440,School of Civil Engineering,2021,1.7256
182212221b0d1755,U007441,School of Civil Engineering,2024,0.3259
2d4c45e74a6461de,U007442,School of Food Science,2023,1.9415
71280dc43524897d,U007443,School of Economics,2022,2.2129
17a44ce1b54059fe,U007444,School of Economics,2025,1.6873
11c7080690ce3b37,U007445,School of Computer Science,2025,0.4928
e9254b77e8bc88ac,U007446,School of Applied Chemistry,2022,7.5389
398d1c7430cae007,U007447,School of Education,2020,0.6872
ffdffe9a742dee1c,U007448,School of Mechanical Engineering,2022,0.7513
063499a43fff76a0,U007449,School of Design & Arts,2021,0.5775
88b533a967e98c4e,U007450,School of Electrical Engineering,2023,0.1908
7dfe2d9f36d9042d,U007451,School of Foreign Languages,2025,2.1556
c96c0f7e8b02d652,U007452,School of Civil Engineering,2025,0.3331
16132354ff3468f0,U007453,School of Foreign Languages,2022,1.4808
2af2c6296fcc3994,U007454,School of Computer Science,2022,1.8824
c40201a2d3fe1342,U007455,School of Food Science,2020,1.0793
59024eb8198260e8,U007456,School of Food Science,2023,0.2955
725eaa74243b95a3,U007457,School of Design & Arts,2020,0.4198
9c77ce0c95c3ed80,U007458,School of Civil Engineering,2025,0.0406
9c299c2063db2117,U007459,School of Information Engineering,2025,0.5255
a8586d59a4e742b1,U007460,School of Business Administration,2021,1.3175
a8432e2af2572bbe,U007461,School of Electrical Engineering,2024,0.4656
24aae187d1715f63,U007462,School of Economics,2023,0.3272
749778a1e5e8b9e2,U007463,School of Education,2024,0.4383
408db9f6623a4fc4,U007464,School of Design & Arts,2023,1.9904
faea0e399c63722c,U007465,School of Education,2021,0.5591
4fbdb21df7a8d1bd,U007466,School of Business Administration,2023,3.7845
a936096af10d0ff4,U007467,School of Foreign Languages,2020,0.3336
bf65caa8692b93c9,U007468,School of Applied Chemistry,2023,0.7336
fd47ceb29dc79bd8,U007469,School of Information Engineering,2021,0.3827
bd18eeedb6c7481e,U007470,School of Foreign Languages,2024,4.6996
5eb5a9ac09e6e638,U007471,School of Food Science,2024,0.7066
7afe8136fea59c47,U007472,School of Civil Engineering,2021,4.9583
a3069bfeb4ba50af,U007473,School of Computer Science,2022,0.3879
c315d8ed617a069a,U007474,School of Computer Science,2024,2.7198
45620f887894f358,U007475,School of Design & Arts,2021,0.6643
075979debb65e976,U007476,School of Foreign Languages,2023,1.3629
adae8f2a26918155,U007477,School of Business Administration,2024,0.1743
04b2b82615f8ac38,U007478,School of Foreign Languages,2022,0.8364
abacec9dceef85d3,U007479,School of Foreign Languages,2024,0.2027
76c05d168edf7f67,U007480,School of Mechanical Engineering,2023,0.7634
60ed7214b3fdecbe,U007481,School of Electrical Engineering,2023,0.1293
8be55a4a6361989b,U007482,School of Business Administration,2021,0.5374
de9c7ce71402c6f1,U007483,School of Economics,2020,1.7658
9946a3e2db8dbe13,U007484,School of Design & Arts,2020,1.0208
ce517ee9b9699879,U007485,School of Applied Chemistry,2025,0.1719
c81d3fa10d18bef8,U007486,School of Business Administration,2025,0.0884
ad393e9cfe20b9fd,U007487,School of Civil Engineering,2024,0.9704
ae525d07ae7aaa0b,U007488,School of Education,2021,2.8697
ffef7296efb2b835,U007489,School of Education,2023,0.2252
f74e68a1946b76ae,U007490,School of Information Engineering,2024,4.8086
8b758c8d17d7a47a,U007491,School of Civil Engineering,2024,0.5865
808ff1570e26861a,U007492,School of Foreign Languages,2021,0.0833
5e7ca13bc06b4256,U007493,School of Computer Science,2025,0.1239
f7a1329a80290254,U007494,School of Education,2021,1.275
caf9fff27a1d32d1,U007495,School of Civil Engineering,2021,0.672
b986f4b0548c475b,U007496,School of Electrical Engineering,2025,2.5992
b99a4f8cb0ed876b,U007497,School of Education,2023,0.1781
c620a3a1adb9a2bf,U007498,School of Design & Arts,2022,0.6646
2a46695afd16a6bd,U007499,School of Mechanical Engineering,2023,0.5944
a7f9e1990e0188ec,U007500,School of Information Engineering,2025,0.5117
6c0cf8a6e509b745,U007501,School of Education,2021,0.4027
4949fbe5453ec63e,U007502,School of Design & Arts,2024,0.4108
59846541163fba36,U007503,School of Food Science,2022,0.703
f012bd59beb91f36,U007504,School of Education,2021,0.799
1dcf67776b3edffc,U007505,School of Foreign Languages,2022,0.76
5589e5704ca9d59c,U007506,School of Education,2023,1.9719
60d4ca9566e899f8,U007507,School of Education,2021,0.1776
ffe14e61e064c902,U007508,School of Electrical Engineering,2022,0.0965
a36027ee81682b66,U007509,School of Design & Arts,2023,1.6323
dc64bad30867285f,U007510,School of Economics,2023,0.2298
eb2a3d62ff12b006,U007511,School of Education,2024,0.4039
a87c22dc129df126,U007512,School of Economics,2024,0.3201
e77919b0f1494af6,U007513,School of Economics,2022,0.3133
35361d0937cfbac8,U007514,School of Computer Science,2022,0.1373
b9282c1737428953,U007515,School of Civil Engineering,2023,0.334
0c0d73ccbd41d9d5,U007516,School of Economics,2023,1.1301
62ffeee8e973ed68,U007517,School of Information Engineering,2021,0.5881
0f4ebe92b24d9c62,U007518,School of Information Engineering,2022,0.9778
93ad55c2865583e2,U007519,School of Economics,2021,0.3595
561d40210302a786,U007520,School of Education,2022,1.4562
2ea4fec0d3faea83,U007521,School of Civil Engineering,2025,0.3551
64f80d644d2ef4c0,U007522,School of Food Science,2023,0.0717
587c9673dead26d6,U007523,School of Electrical Engineering,2022,0.8103
fe2031dab7980253,U007524,School of Applied Chemistry,2023,1.2717
db96172e38366680,U007525,School of Education,2023,0.3375
e554f444aac6b49e,U007526,School of Electrical Engineering,2022,1.9585
2f537246cbce9208,U007527,School of Food Science,2022,0.2522
1c84c83915887a9c,U007528,School of Education,2024,1.1546
1ba5b9fc7a334622,U007529,School of Foreign Languages,2020,3.3796
21b9e18df9af18c1,U007530,School of Mechanical Engineering,2023,0.6125
bfd2004fa2b7bc28,U007531,School of Education,2023,0.4707
ae21fa51b0b6d846,U007532,School of Civil Engineering,2024,0.5312
3f2a4cb80c6edf56,U007533,School of Computer Science,2025,3.008
5f782b6a2adbe4f0,U007534,School of Civil Engineering,2024,0.8832
7471e4f8c4260771,U007535,School of Civil Engineering,2023,5.0389
649563644972d7e4,U007536,School of Electrical Engineering,2021,0.7806
282cf07207b29144,U007537,School of Foreign Languages,2023,0.307
4e84f7ea8d112f0d,U007538,School of Information Engineering,2024,0.3294
71c4d604eec41227,U007539,School of Design & Arts,2025,0.6279
a13ab62f1d3568a0,U007540,School of Computer Science,2024,0.0767
7df1759e209d3392,U007541,School of Economics,2021,0.3671
4007eaa4a5e9a987,U007542,School of Education,2024,0.3754
b69c08f82545fdb9,U007543,School of Civil Engineering,2025,0.7504
4052f2eb62ba088c,U007544,School of Economics,2024,4.1157
a23e870c54f9443d,U007545,School of Computer Science,2024,0.6236
9ac1f1a6a16a71ac,U007546,School of Food Science,2023,0.0863
4e53dcc854b68b3e,U007547,School of Applied Chemistry,2023,0.2367
d373f88d2f000038,U007548,School of Applied Chemistry,2022,0.7674
4d4edfe9caec966c,U007549,School of Information Engineering,2020,0.6479
a640b1447a71643c,U007550,School of Design & Arts,2024,2.9965
52989506ae30f286,U007551,School of Economics,2025,1.542
543ca539ca87b6d5,U007552,School of Applied Chemistry,2024,1.4965
cbf6afa7b91672eb,U007553,School of Information Engineering,2022,0.4751
8d59bd5ebd006e8b,U007554,School of Foreign Languages,2020,1.772
eca4ca2e762cfff0,U007555,School of Design & Arts,2022,0.241
2ecf458c0cb8df8f,U007556,School of Food Science,2024,1.5547
9dda63ea75b1799e,U007557,School of Education,2023,0.4451
787095214fe5c405,U007558,School of Business Administration,2025,0.1388
0f816cf508cd3e90,U007559,School of Computer Science,2022,1.0685
b9bd5d0e3747c110,U007560,School of Education,2023,2.3882
5403a9edd1137a62,U007561,School of Information Engineering,2024,0.3931
2a119f5ea919b49d,U007562,School of Food Science,2021,2.8172
242f738eb07fbcaa,U007563,School of Information Engineering,2025,0.1127
d84493ccad808522,U007564,School of Civil Engineering,2023,0.1784
70c98999fc91b07d,U007565,School of Information Engineering,2020,0.5098
9727e5fdc8a66960,U007566,School of Education,2020,0.4075
6ceefce6859fd256,U007567,School of Applied Chemistry,2025,0.303
2d03df8891bb7c8e,U007568,School of Food Science,2023,0.6748
13cf0059ce4cbdb4,U007569,School of Mechanical Engineering,2024,0.348
6d7635064b551a8a,U007570,School of Mechanical Engineering,2024,0.4123
ab79fe607e5e9851,U007571,School of Applied Chemistry,2022,0.7799
59d4efe7379e12fa,U007572,School of Mechanical Engineering,2024,0.3028
011418d92e978345,U007573,School of Applied Chemistry,2025,0.531
69114c38fb986131,U007574,School of Foreign Languages,2021,0.3096
0757740c061c2f7f,U007575,School of Civil Engineering,2024,0.1768
3a74f19779bb6000,U007576,School of Economics,2022,1.2671
aeb3ffac94568a9a,U007577,School of Information Engineering,2022,3.2569
a888cd980b594807,U007578,School of Business Administration,2022,1.7118
a595649ad196d7a6,U007579,School of Information Engineering,2025,0.8226
c2cc36786c2afbcb,U007580,School of Civil Engineering,2020,0.3108
bebc1bc4dd0268fa,U007581,School of Electrical Engineering,2022,0.4431
365cf95b12d91e52,U007582,School of Applied Chemistry,2024,1.699
ef3afa4ee63f758e,U007583,School of Information Engineering,2021,0.0603
896f7f9d8a1eff7a,U007584,School of Civil Engineering,2024,0.4105
0a5c1c3dcccffa12,U007585,School of Economics,2025,1.2301
b8f3c309dfff4ffc,U007586,School of Mechanical Engineering,2020,0.1891
b033aa2ef20def6f,U007587,School of Economics,2021,0.9016
1cf4d19c06fe7f62,U007588,School of Business Administration,2025,0.8607
98f0fea740db155d,U007589,School of Food Science,2021,0.1379
4b4c921010f1db51,U007590,School of Economics,2020,0.644
7d35e8745b833d91,U007591,School of Civil Engineering,2025,0.3184
de17fda311147e8a,U007592,School of Mechanical Engineering,2025,0.895
ce0917aa19366472,U007593,School of Electrical Engineering,2023,1.1535
2336f735709d0243,U007594,School of Design & Arts,2023,0.8798
6fe29f8f2522dc38,U007595,School of Electrical Engineering,2025,0.6348
2cb0962788c6f3f8,U007596,School of Design & Arts,2023,0.7881
af0696a8703f1edd,U007597,School of Economics,2023,0.1821
1cf2993731edd1dc,U007598,School of Education,2024,0.5725
c8b82fc0e9d45a49,U007599,School of Electrical Engineering,2023,0.2662
217eacdd06ec3e35,U007600,School of Education,2023,1.6562
ae2c8d055cbabe4d,U007601,School of Business Administration,2022,1.1691
ef617b332af88e27,U007602,School of Education,2023,1.1658
09777b9240ce33d6,U007603,School of Information Engineering,2023,3.2756
1b98c94c28341e49,U007604,School of Applied Chemistry,2022,0.4244
e03075ca044b2a31,U007605,School of Foreign Languages,2022,0.341
f8f533e6024cfaa7,U007606,School of Mechanical Engineering,2024,0.4145
4bb1b26fe06c5075,U007607,School of Civil Engineering,2022,0.1189
66dc5f9b9a934df2,U007608,School of Computer Science,2020,0.1287
6d2ff15f2c7b64dc,U007609,School of Economics,2022,1.0987
62e4ffa311c653d2,U007610,School of Civil Engineering,2021,0.1463
ea293bfc6facc043,U007611,School of Information Engineering,2024,0.2015
400330d53b494552,U007612,School of Mechanical Engineering,2022,0.5333
aa225d6eafbdee1a,U007613,School of Mechanical Engineering,2022,0.3909
4810c193b2de872e,U007614,School of Mechanical Engineering,2024,1.4314
ec3c89f6583f76c9,U007615,School of Civil Engineering,2020,0.6272
10105e1ed2280fb7,U007616,School of Computer Science,2021,0.2657
8f642ffc62384c95,U007617,School of Business Administration,2024,1.5599
a11545a7bb984ca4,U007618,School of Electrical Engineering,2023,1.2236
f4820b0ef0d56b9f,U007619,School of Civil Engineering,2024,0.144
152da77a0adb577c,U007620,School of Applied Chemistry,2024,0.7598
a122c3c526aadd4b,U007621,School of Civil Engineering,2025,0.2888
7e533e26d1287891,U007622,School of Education,2020,0.2813
0a4fd236b69d705b,U007623,School of Electrical Engineering,2024,3.8286
8b9fd08e40e6efe0,U007624,School of Electrical Engineering,2024,0.6685
84a5558f3ebd8d00,U007625,School of Electrical Engineering,2021,0.475
a7956574d16805c1,U007626,School of Mechanical Engineering,2025,0.6427
f8da43e224dc52e2,U007627,School of Foreign Languages,2022,1.4151
82d98db51dc2f91c,U007628,School of Applied Chemistry,2025,0.2927
a29e18c0882507b1,U007629,School of Electrical Engineering,2023,0.3472
14c7b4439a696fc5,U007630,School of Electrical Engineering,2023,1.1384
0fba7e37a11acd8a,U007631,School of Applied Chemistry,2021,0.1296
a9a3d1f6a6c4fe52,U007632,School of Food Science,2025,1.5901
f75fa38cc056fe21,U007633,School of Electrical Engineering,2023,0.1186
ce094228d29b709f,U007634,School of Civil Engineering,2020,0.4617
ebe05b0380eff23f,U007635,School of Information Engineering,2020,0.1193
eaac4fe2254c6285,U007636,School of Computer Science,2024,0.2053
887df604264d4547,U007637,School of Foreign Languages,2021,2.1612
b997ca1537ecfb11,U007638,School of Foreign Languages,2023,1.6777
c73e8d947b334063,U007639,School of Economics,2024,1.867
6e5180be9703f4a7,U007640,School of Civil Engineering,2022,0.1386
f3dceade50e5fa2d,U007641,School of Food Science,2023,0.2064
fa5465519d62356f,U007642,School of Applied Chemistry,2021,0.8293
1aa5769cd1036010,U007643,School of Information Engineering,2025,1.2072
a5ec07d02ed87de0,U007644,School of Information Engineering,2025,0.2654
24e61138699686c6,U007645,School of Civil Engineering,2022,0.3309
bc702b89f0b7ff12,U007646,School of Electrical Engineering,2023,0.1905
3870c2adc4c80247,U007647,School of Information Engineering,2023,3.0995
0eb3ad8b2bbe96ec,U007648,School of Mechanical Engineering,2025,0.3672
3f69bf8d41b34c83,U007649,School of Design & Arts,2022,0.6091
820a56f9d790f092,U007650,School of Economics,2023,0.6419
568cfa0e805a9a9c,U007651,School of Business Administration,2025,1.7836
9b4056a5444abfa6,U007652,School of Business Administration,2021,0.2278
508cc98e15ecc7fc,U007653,School of Applied Chemistry,2023,1.8989
a570e3e6de28b166,U007654,School of Information Engineering,2021,0.1644
e59415660634c45d,U007655,School of Food Science,2023,1.894
63be337ecc260ff0,U007656,School of Design & Arts,2022,0.1062
ded40c372d07ae23,U007657,School of Electrical Engineering,2025,0.5318
0d56e968b6c62ec8,U007658,School of Applied Chemistry,2022,2.9995
8b3ac84e6382bfcb,U007659,School of Information Engineering,2021,1.1856
ad134be09f5c9254,U007660,School of Computer Science,2024,0.8996
ce626ec919fa31bc,U007661,School of Applied Chemistry,2024,0.2069
047a135e726567a0,U007662,School of Education,2024,0.2831
9ed6ee3f7d382d27,U007663,School of Food Science,2024,2.2646
a9f097b59cdbc32a,U007664,School of Design & Arts,2021,0.9468
163aaf8fe126242a,U007665,School of Electrical Engineering,2023,1.438
1719c47add62e55a,U007666,School of Education,2020,0.6356
04fbe43e88effc40,U007667,School of Information Engineering,2021,0.4454
a5ceb2571ef93091,U007668,School of Computer Science,2025,1.2708
697f240a8a4e7185,U007669,School of Civil Engineering,2024,0.7652
22754cf0af63049b,U007670,School of Applied Chemistry,2021,0.4981
05281cc84d03706f,U007671,School of Foreign Languages,2021,0.1436
26c9df23abb7ca6d,U007672,School of Electrical Engineering,2025,1.5325
a953482fa1f5b05d,U007673,School of Education,2021,0.9167
c3249d688c6b3358,U007674,School of Electrical Engineering,2021,0.322
0fc92d7296fedf69,U007675,School of Design & Arts,2021,1.9199
a784eeebdb91a496,U007676,School of Mechanical Engineering,2020,0.7534
983b8c08bf302298,U007677,School of Information Engineering,2022,0.7683
b1d2ddee392cddfa,U007678,School of Business Administration,2025,1.4289
54230f3c775920dd,U007679,School of Mechanical Engineering,2022,1.1522
72d50af2e2213242,U007680,School of Food Science,2023,0.7919
373260e38cf0ff05,U007681,School of Design & Arts,2024,0.4889
a517a75d3a5e5d60,U007682,School of Food Science,2023,4.2916
6e7fcd1ed1550c7d,U007683,School of Computer Science,2024,0.2834
658fc46e1f51a60c,U007684,School of Information Engineering,2023,1.2448
edbce4515f876363,U007685,School of Computer Science,2023,0.5429
d4da1f97fbc7b8ce,U007686,School of Mechanical Engineering,2023,0.9303
e14bc8a088ff847b,U007687,School of Computer Science,2024,2.0267
1bc08af0b8674c85,U007688,School of Information Engineering,2024,0.4323
e9472be590655738,U007689,School of Business Administration,2024,1.0777
487391015bb9386a,U007690,School of Design & Arts,2021,0.7699
976466e7bdb03f42,U007691,School of Education,2024,0.3109
f3ce8ddae2002cde,U007692,School of Business Administration,2024,2.0774
a19f69aea33dd397,U007693,School of Education,2022,1.2022
2c0e37289fb00fed,U007694,School of Economics,2025,0.3823
3a661103907634f1,U007695,School of Information Engineering,2022,1.78
a9c9a871cab5ea7b,U007696,School of Mechanical Engineering,2021,0.2571
1781eb14c09ae3d7,U007697,School of Information Engineering,2025,0.5735
d2b18779fea80167,U007698,School of Foreign Languages,2021,0.3843
65224d1a8966fd6f,U007699,School of Foreign Languages,2022,1.2515
d096562a2ec1ab54,U007700,School of Food Science,2022,0.3654
2c42bd863f47f5b2,U007701,School of Applied Chemistry,2025,1.2605
5f0e1c10555dc59d,U007702,School of Mechanical Engineering,2022,1.0698
8d9d8d380a33154d,U007703,School of Education,2024,0.4057
45a70dc49bfa67f0,U007704,School of Food Science,2024,3.6793
1fa96003e9dde491,U007705,School of Foreign Languages,2023,0.2802
6431bcf9d7a174fd,U007706,School of Education,2025,0.1443
bcd08b8d9489edc9,U007707,School of Computer Science,2024,1.3897
818aeee664592e97,U007708,School of Applied Chemistry,2022,0.0688
b21cd12f28b3f00d,U007709,School of Applied Chemistry,2025,2.6243
cf6e7dfa4e6b5b4a,U007710,School of Computer Science,2023,0.6536
59f45ef832433f63,U007711,School of Education,2020,0.1417
413b96ccdcb4480d,U007712,School of Applied Chemistry,2021,0.2287
5102bd10bb270a0e,U007713,School of Education,2023,0.1152
24171462d8ea5ac9,U007714,School of Computer Science,2021,0.8658
e8c09f273d179b86,U007715,School of Civil Engineering,2023,0.1566
50174fb871b98a77,U007716,School of Education,2022,0.9754
9e9204184a7d8eca,U007717,School of Business Administration,2023,0.4353
f65822a75f0e1445,U007718,School of Applied Chemistry,2020,0.367
bfb443d9741d3684,U007719,School of Economics,2024,0.9825
0bb77a8a6d7318ad,U007720,School of Economics,2022,1.1013
06f2ef747821a121,U007721,School of Economics,2021,1.8567
97845a982aa664d6,U007722,School of Design & Arts,2022,0.3132
908211d8b9dc2121,U007723,School of Mechanical Engineering,2023,0.573
990c4282964cf058,U007724,School of Computer Science,2023,0.3128
487bb9b2db081383,U007725,School of Economics,2023,0.6949
3183bc611e807522,U007726,School of Applied Chemistry,2020,0.2711
aa74db533e9d5f17,U007727,School of Electrical Engineering,2025,0.3863
e27b8230236b0fa3,U007728,School of Food Science,2022,0.3883
6214ff848680300a,U007729,School of Electrical Engineering,2020,0.7916
2befcf4ebf36755a,U007730,School of Electrical Engineering,2024,0.5921
2deed7ba24bcd4b8,U007731,School of Electrical Engineering,2023,0.9795
c0d015c1029579c3,U007732,School of Electrical Engineering,2023,0.5305
3f9ffd60127d5670,U007733,School of Applied Chemistry,2022,0.3306
204976310b83f2b8,U007734,School of Education,2022,0.7148
1922d03d8787f494,U007735,School of Education,2023,0.2359
41937d584286dab0,U007736,School of Electrical Engineering,2020,1.0431
a13ce7c9586095a5,U007737,School of Electrical Engineering,2022,0.4438
cd7ffe570246e7a1,U007738,School of Food Science,2025,0.7243
811d96d1e85fde3d,U007739,School of Applied Chemistry,2023,0.7357
28b2fdc640e23ddb,U007740,School of Business Administration,2022,2.9286
3ccaf5f1a623c015,U007741,School of Applied Chemistry,2021,0.8647
2dafed8434f394a6,U007742,School of Economics,2024,0.6352
6a614f522b4041d5,U007743,School of Electrical Engineering,2021,0.2954
4275b15e4c1a8be4,U007744,School of Design & Arts,2021,1.317
7370f22f2fb508ea,U007745,School of Economics,2021,0.4506
08ebc7b64d8671ff,U007746,School of Information Engineering,2024,0.1284
7910719626a514ac,U007747,School of Education,2023,0.4857
d78acbda4cf9888c,U007748,School of Mechanical Engineering,2020,0.715
c00c25b57feea460,U007749,School of Information Engineering,2021,0.2604
ca9679510af5a27b,U007750,School of Computer Science,2023,0.5246
a7b75c60de50656b,U007751,School of Mechanical Engineering,2023,0.5496
470171a33e57bd17,U007752,School of Design & Arts,2024,0.5583
fdf38519828cc99b,U007753,School of Applied Chemistry,2021,2.0292
b32fdf8612c03fcc,U007754,School of Electrical Engineering,2024,0.159
356c205d51f8dbb9,U007755,School of Education,2025,4.5123
c72db8db6cfc15cd,U007756,School of Computer Science,2023,0.5713
4c77c5a6dcf85f72,U007757,School of Food Science,2021,1.0546
c36fcc2b1555be8b,U007758,School of Applied Chemistry,2024,0.6709
b9c5884f2e4dcb31,U007759,School of Foreign Languages,2022,0.1051
166a2b827f223f65,U007760,School of Education,2020,0.2052
34f5db3465479057,U007761,School of Computer Science,2022,0.3495
88e7581055d2d2ef,U007762,School of Information Engineering,2025,1.5947
bc97886e797b8dc4,U007763,School of Economics,2022,0.1479
914dd0d40ca1cd5c,U007764,School of Design & Arts,2025,0.2509
8feeb1de1a677a5c,U007765,School of Business Administration,2023,0.6962
24850224dfa8c81e,U007766,School of Food Science,2023,0.9473
1dd22dfa79479ab8,U007767,School of Foreign Languages,2020,0.9192
218a632e6a4b9017,U007768,School of Applied Chemistry,2023,0.2207
8446910fb031e035,U007769,School of Information Engineering,2021,0.1194
e83b148ee5b64419,U007770,School of Education,2023,1.0121
5afa201744d0dc03,U007771,School of Applied Chemistry,2021,2.4747
7e6d9372afa0c3e8,U007772,School of Design & Arts,2022,0.418
d7d16513cad5d808,U007773,School of Mechanical Engineering,2023,0.1879
a0f8b783d1e34250,U007774,School of Foreign Languages,2020,0.3841
e9ea24a07b15ed99,U007775,School of Food Science,2022,0.8755
4f655951f62313a8,U007776,School of Economics,2025,0.4676
40effa0e808db335,U007777,School of Electrical Engineering,2020,2.4114
74e30741445a7811,U007778,School of Business Administration,2022,1.4888
561bf8c34963ffca,U007779,School of Civil Engineering,2022,0.7099
6ec4c5315083de27,U007780,School of Applied Chemistry,2022,0.0836
be1ab2c6ba598d43,U007781,School of Computer Science,2024,0.2954
379742584dae3300,U007782,School of Design & Arts,2021,0.3413
c40779d3ebde855e,U007783,School of Education,2022,0.2798
0306ed2a2c73769c,U007784,School of Information Engineering,2023,0.7145
fa6aaf73eb4c1bc5,U007785,School of Business Administration,2022,0.7294
62b12de9909fa4c3,U007786,School of Civil Engineering,2025,0.1107
e23d1b4d758ef360,U007787,School of Business Administration,2025,1.3199
c691fc5d436aa095,U007788,School of Economics,2021,0.6
6c31be59eafb04a1,U007789,School of Mechanical Engineering,2022,0.8442
eb1cede902fddd26,U007790,School of Mechanical Engineering,2021,1.2434
218985046fe1c830,U007791,School of Electrical Engineering,2021,0.2742
da04fe01fec6f8d6,U007792,School of Electrical Engineering,2023,2.079
f488e1a2a912dc98,U007793,School of Foreign Languages,2023,0.5123
f40a945fa1a6725d,U007794,School of Information Engineering,2022,2.6793
3f6f15742c683e3d,U007795,School of Economics,2022,0.2415
66483b1bdf3d99bf,U007796,School of Business Administration,2022,2.4874
7deff9fac347260e,U007797,School of Education,2025,0.2391
38b7cdfd45ffb20d,U007798,School of Applied Chemistry,2025,7.5517
e24b7239e649429a,U007799,School of Economics,2020,0.2279
ba7f4b82449a3964,U007800,School of Mechanical Engineering,2023,1.6982
9f7766c9ce0dcaa3,U007801,School of Foreign Languages,2022,0.4109
da2cb36d0c517d7f,U007802,School of Civil Engineering,2024,1.2069
dcc65214c83cbcab,U007803,School of Applied Chemistry,2023,0.5669
d1b39c9edc6a8b6a,U007804,School of Mechanical Engineering,2025,0.1982
1c99c43bec125cd2,U007805,School of Design & Arts,2020,0.036
13a49274bf108c4b,U007806,School of Education,2022,7.2469
1cb099e74229ebed,U007807,School of Education,2025,0.6351
1b87f77afe3dc2e1,U007808,School of Food Science,2021,0.0311
3bc845a4c0dfe7a7,U007809,School of Foreign Languages,2021,0.799
8887eebd8ec885c8,U007810,School of Business Administration,2024,1.1765
a56357b97bc1b1a8,U007811,School of Electrical Engineering,2024,0.2888
1d9d68f1756f8f0a,U007812,School of Mechanical Engineering,2024,0.2907
02b6eaf7df1c4888,U007813,School of Business Administration,2024,0.5788
7e70e8690fc486b8,U007814,School of Computer Science,2024,1.9652
37982a2cf6c2f6a3,U007815,School of Foreign Languages,2021,0.6524
cdd3c00b0a06c6e9,U007816,School of Mechanical Engineering,2023,2.5503
ac9f043c57f9773d,U007817,School of Education,2024,1.8298
ed61ed0f56352cd4,U007818,School of Foreign Languages,2025,0.4696
f75ed0f3527b63d8,U007819,School of Foreign Languages,2021,0.1228
1eb4704693b9299c,U007820,School of Applied Chemistry,2021,0.4706
e883d4bb6f2a2604,U007821,School of Computer Science,2024,0.9995
c0ea87784153b066,U007822,School of Applied Chemistry,2021,0.6268
1d801496e2f43ef1,U007823,School of Design & Arts,2020,1.1134
75adfc4d05e86fd2,U007824,School of Food Science,2024,1.3999
882887d47c3a67b8,U007825,School of Foreign Languages,2023,1.0039
1bb1b44e8b98f4fc,U007826,School of Economics,2022,0.4483
fe9f89f07b57a5dd,U007827,School of Civil Engineering,2020,0.9929
0437273d3f891299,U007828,School of Electrical Engineering,2020,5.5206
dbd06b9ce1284ca8,U007829,School of Economics,2024,0.1331
6050bf8d4fe14aef,U007830,School of Design & Arts,2023,0.9611
98c6f9fecd140cec,U007831,School of Electrical Engineering,2021,3.6877
a30963e330928361,U007832,School of Civil Engineering,2022,0.1824
a8d2a3bf3a2a6b49,U007833,School of Applied Chemistry,2021,1.6066
64ba044335143b8d,U007834,School of Design & Arts,2021,1.8362
b18e5b8637ba4292,U007835,School of Electrical Engineering,2022,0.1348
152837c25f21f17b,U007836,School of Information Engineering,2023,1.2036
97abf21c46dddd53,U007837,School of Food Science,2021,0.4501
5cd816b5ae2da007,U007838,School of Computer Science,2022,0.5557
6fb28e1542a1f2c1,U007839,School of Information Engineering,2023,0.4266
883633f2566bbabb,U007840,School of Computer Science,2022,2.1939
011d5b7681e7f62a,U007841,School of Food Science,2021,0.5278
145549323c6df218,U007842,School of Business Administration,2020,0.3715
c332537ccbdf6870,U007843,School of Foreign Languages,2020,0.3778
9ea906c99c0538d0,U007844,School of Electrical Engineering,2022,0.4198
185666d564be44d7,U007845,School of Design & Arts,2024,0.2006
ec3f7fcc5b547613,U007846,School of Foreign Languages,2021,0.3682
558398e4cbe6c229,U007847,School of Business Administration,2024,0.6641
119193c9d8f9909e,U007848,School of Electrical Engineering,2024,0.8846
7635953b4b6945c4,U007849,School of Economics,2020,1.968
f06a08a9a580d70b,U007850,School of Education,2020,0.7512
b7ebdc86f8a3bdd5,U007851,School of Food Science,2021,0.3673
477e09cc53ef1472,U007852,School of Computer Science,2020,0.2148
65277637401c6bb5,U007853,School of Business Administration,2023,0.7925
e860886ba137bcee,U007854,School of Education,2020,0.525
88ed069121f78909,U007855,School of Foreign Languages,2024,0.5426
39279de853a08ed9,U007856,School of Business Administration,2023,0.7676
3a5cca248e6f9242,U007857,School of Design & Arts,2024,0.9924
723e7526be6e0a6e,U007858,School of Computer Science,2024,0.7732
def9574cbcbb7059,U007859,School of Information Engineering,2023,0.4978
4bf77bee80cb7963,U007860,School of Information Engineering,2025,0.2649
36c75e947bf367e4,U007861,School of Electrical Engineering,2025,0.3199
f04f2dacb3f0b0f8,U007862,School of Business Administration,2022,1.3789
95ed70652d427d9d,U007863,School of Economics,2021,0.3865
ff6b998e7188f4bc,U007864,School of Information Engineering,2022,0.1537
93020d342ad4b9f0,U007865,School of Business Administration,2021,1.8824
bd99f6644faaef2f,U007866,School of Design & Arts,2023,0.2301
405ec839f2c3c87a,U007867,School of Civil Engineering,2022,0.6116
f185d3bf274c2a6f,U007868,School of Business Administration,2023,0.9648
9b496cc7f5fc458b,U007869,School of Mechanical Engineering,2024,0.5923
bfa48d3a2e7e6610,U007870,School of Information Engineering,2022,0.0495
e5a0a6c847065d3f,U007871,School of Computer Science,2023,0.8724
66bf80deb83b6ab8,U007872,School of Computer Science,2022,2.2243
b1df24c77f9fb2f0,U007873,School of Applied Chemistry,2024,1.2963
ed571e64553c1a73,U007874,School of Foreign Languages,2023,0.0706
3b6d1f61cd47c350,U007875,School of Information Engineering,2020,4.9542
b6aa5d84db26f148,U007876,School of Civil Engineering,2023,0.1568
6e744cbb886d09a8,U007877,School of Civil Engineering,2021,0.2008
221c989b19009edf,U007878,School of Information Engineering,2024,1.2903
bfe6648ea99a9c50,U007879,School of Civil Engineering,2023,0.9285
ab1054ded7efb51d,U007880,School of Mechanical Engineering,2022,0.6398
2de02b0b4b81cf6f,U007881,School of Computer Science,2024,0.3341
471abfdf2d68d5a7,U007882,School of Foreign Languages,2024,2.2341
93c60cf0ca872e82,U007883,School of Business Administration,2024,0.5676
618d2b30e14673de,U007884,School of Foreign Languages,2023,0.1233
7528d2c324e8dada,U007885,School of Information Engineering,2024,2.0244
cb1abd8c7d5e9985,U007886,School of Civil Engineering,2022,0.7351
45a8698884b90e35,U007887,School of Food Science,2024,1.8004
b0aee43b34089052,U007888,School of Applied Chemistry,2024,1.0466
152cd399f2d72b6f,U007889,School of Economics,2021,6.4535
d50a9e78cba07b21,U007890,School of Business Administration,2021,0.433
60b99f54d5b11f00,U007891,School of Business Administration,2021,0.5999
16109b6a47ed8391,U007892,School of Civil Engineering,2021,1.2127
2f46d29a65e9c2ee,U007893,School of Business Administration,2022,0.4357
9a6392fac6fc7ce2,U007894,School of Foreign Languages,2021,1.3174
721e4527798855d0,U007895,School of Electrical Engineering,2023,0.031
2e390a4e2018e60f,U007896,School of Economics,2021,0.5489
21806f1945d83c54,U007897,School of Mechanical Engineering,2021,0.5326
7c01eec01d564904,U007898,School of Electrical Engineering,2023,0.5136
1edacb83d5cb9939,U007899,School of Business Administration,2022,0.2456
5eb2fe4d1ee91bc3,U007900,School of Foreign Languages,2022,1.461
186b5cd2be0fb30c,U007901,School of Business Administration,2024,0.3565
82ea52e6bedd3ea2,U007902,School of Civil Engineering,2025,0.7213
e3c5d1bb0e9021b6,U007903,School of Electrical Engineering,2023,0.5688
dfb70121671b1018,U007904,School of Foreign Languages,2020,0.9737
289cae8e1b533d2b,U007905,School of Electrical Engineering,2021,2.4694
2e297578b41a3f19,U007906,School of Foreign Languages,2025,0.7176
559795cf289878d0,U007907,School of Information Engineering,2024,1.3694
88b9d5f73cdc1a44,U007908,School of Economics,2024,0.6824
b2eee4bb87a70f88,U007909,School of Design & Arts,2024,0.3559
835240b0f552ac52,U007910,School of Information Engineering,2021,0.5124
520b8f2aa0e55737,U007911,School of Information Engineering,2022,0.4446
6451c4f3a2b9dfde,U007912,School of Computer Science,2024,1.042
c4ce54133ed308db,U007913,School of Education,2025,0.6568
db61302a0224fea0,U007914,School of Computer Science,2021,0.2668
4b3595bc01071dd9,U007915,School of Civil Engineering,2023,0.4729
08c33551c915896d,U007916,School of Civil Engineering,2021,0.1284
dbb967ff02629865,U007917,School of Computer Science,2025,0.4909
1c79bef72d787f1a,U007918,School of Civil Engineering,2021,0.5911
637848f19af6bc3f,U007919,School of Business Administration,2024,3.6018
73c3653b3ac41410,U007920,School of Foreign Languages,2021,2.2738
4d40d9b71b9268d5,U007921,School of Information Engineering,2023,0.2099
3884af5941d10673,U007922,School of Applied Chemistry,2023,0.7224
5dacdfa0e5d4c069,U007923,School of Computer Science,2022,0.7351
e16d92d855d98d3b,U007924,School of Applied Chemistry,2024,0.4689
b1a55d0c6fa6ee52,U007925,School of Applied Chemistry,2025,0.4997
020862d2931bccfd,U007926,School of Design & Arts,2024,0.4144
1d5b753a2a368f89,U007927,School of Design & Arts,2022,3.8409
b79f2bb63a413ce9,U007928,School of Computer Science,2024,0.3894
6358765bd00853ab,U007929,School of Design & Arts,2023,0.8302
321ddd1d85ad5b9e,U007930,School of Business Administration,2023,0.0471
a5fe382be5dc5bf4,U007931,School of Electrical Engineering,2023,1.3452
05acee477860ee8e,U007932,School of Business Administration,2023,1.9295
9d172099b41dc641,U007933,School of Applied Chemistry,2021,0.2062
28045d8beb1ac2d0,U007934,School of Economics,2022,0.3538
a85bd30baba3fd82,U007935,School of Design & Arts,2021,0.9273
68e150d11c5d659e,U007936,School of Information Engineering,2022,0.602
0c116443c9870988,U007937,School of Mechanical Engineering,2021,0.9412
457a426819ade880,U007938,School of Computer Science,2021,0.443
1b5d367e2861b04a,U007939,School of Design & Arts,2024,3.8048
fccecbcd8d2a7e01,U007940,School of Computer Science,2023,0.3022
34b273dba2351713,U007941,School of Education,2020,8.7109
1834e97fe4c757f5,U007942,School of Design & Arts,2024,2.044
96fd573ac89768b3,U007943,School of Food Science,2025,1.3568
c09b8b397bc6dbb1,U007944,School of Education,2025,0.2086
45c9d01dfae66914,U007945,School of Information Engineering,2024,1.4662
34dda654a3c1e445,U007946,School of Food Science,2025,1.08
432954f7b3bce8ed,U007947,School of Mechanical Engineering,2023,0.0709
a719ab491622efef,U007948,School of Information Engineering,2025,0.1449
e766b4457bf35372,U007949,School of Applied Chemistry,2025,0.8442
b918b63da4dd72bf,U007950,School of Applied Chemistry,2022,0.5167
379f787d12c6f014,U007951,School of Design & Arts,2025,0.3522
906251db39803cc7,U007952,School of Mechanical Engineering,2024,1.7366
ed46305668ad2607,U007953,School of Information Engineering,2024,0.244
cd49cfa132eacdac,U007954,School of Economics,2025,0.3745
5451c2648f199b9c,U007955,School of Design & Arts,2022,0.3091
728251c1b7af3077,U007956,School of Electrical Engineering,2022,0.9833
710b9e57a5487c74,U007957,School of Business Administration,2023,0.1058
691ffb7901437565,U007958,School of Business Administration,2024,0.3589
94f5c2c0c2bf8fd9,U007959,School of Computer Science,2025,0.1054
4a41877913218b20,U007960,School of Civil Engineering,2025,0.4318
673dc80b9e039a59,U007961,School of Economics,2024,1.2166
81b15f4b1062a4d2,U007962,School of Civil Engineering,2025,1.2385
781a428f894d9a4c,U007963,School of Civil Engineering,2021,0.2852
fd932157258c510b,U007964,School of Education,2025,1.0063
d09e5f19e7c881f8,U007965,School of Information Engineering,2020,0.4906
4a2f7e1624a60091,U007966,School of Mechanical Engineering,2023,2.3027
035b5f1cfb10fb4e,U007967,School of Education,2020,0.5184
b3d0c26b5bf49579,U007968,School of Education,2023,0.0302
0e9c8b49c3b0b439,U007969,School of Electrical Engineering,2022,1.4444
4bbfd7052b211753,U007970,School of Business Administration,2020,0.373
5b8573461569bd2f,U007971,School of Information Engineering,2023,0.4488
7745747fe7e46122,U007972,School of Information Engineering,2024,0.8261
123aceda6a13f870,U007973,School of Food Science,2021,0.142
4d172420a0305aa5,U007974,School of Foreign Languages,2024,0.6361
6bd77b02d636668f,U007975,School of Food Science,2021,1.0075
64cdd3d0ce1f7182,U007976,School of Applied Chemistry,2021,0.8496
b563eb1fa23e17d6,U007977,School of Design & Arts,2021,0.3243
cae7309d532a5cc6,U007978,School of Food Science,2023,1.5919
e506ba4c077587d6,U007979,School of Electrical Engineering,2024,0.2177
fa28db69619e0520,U007980,School of Applied Chemistry,2023,0.3158
32dbf1f1503fccf7,U007981,School of Computer Science,2024,0.5153
05fb9a954f3cb934,U007982,School of Applied Chemistry,2023,0.7933
f9b5c58d1d966626,U007983,School of Business Administration,2024,0.4268
f6aaf64fec1d0f14,U007984,School of Business Administration,2025,2.0169
3c35b5d9ea381da8,U007985,School of Electrical Engineering,2022,0.7932
b819baa855c49245,U007986,School of Education,2021,0.6368
fc8e52b5bb75fed4,U007987,School of Computer Science,2021,0.7658
544a5582b8959a01,U007988,School of Design & Arts,2023,1.2286
104b074e247327f0,U007989,School of Applied Chemistry,2023,0.7511
aa8d0a0ce169a40b,U007990,School of Design & Arts,2021,0.0967
744a827c60efc7ce,U007991,School of Information Engineering,2025,1.7551
b72cd378cabf6202,U007992,School of Economics,2025,0.6654
86603c4560815c5a,U007993,School of Economics,2021,1.171
b4f92ae7bf31ee9d,U007994,School of Information Engineering,2021,0.3934
a51b22330807e6d7,U007995,School of Electrical Engineering,2021,0.095
1218213519b31758,U007996,School of Food Science,2022,0.0605
83705da496ada054,U007997,School of Business Administration,2024,0.2296
786beb2181c269ec,U007998,School of Applied Chemistry,2023,0.9903
440925734f2cb6b4,U007999,School of Economics,2020,2.1617
58930363e95716fb,U008000,School of Economics,2023,0.7985
3eee332b0641b3e8,U008001,School of Electrical Engineering,2020,0.2061
fe5e3a6883345334,U008002,School of Foreign Languages,2022,0.2695
2bd2ed98cbd57ba2,U008003,School of Education,2022,2.302
5833634c4d9c41ac,U008004,School of Civil Engineering,2023,0.1592
f25066ae7be9e3c2,U008005,School of Education,2023,4.8296
70f37d88bd1a4637,U008006,School of Economics,2025,3.8537
1170a1d30285c46e,U008007,School of Design & Arts,2020,4.9914
b9aa719e81062ce1,U008008,School of Foreign Languages,2024,0.8639
45fa3e8c0586e142,U008009,School of Business Administration,2020,0.4196
ac94d50072dda0b1,U008010,School of Mechanical Engineering,2022,0.8431
548f609dec34dcc7,U008011,School of Economics,2025,1.4646
f544236d121547a3,U008012,School of Foreign Languages,2024,0.308
1e1308a0d9e84de2,U008013,School of Education,2021,0.1963
6fbd477dfd141cd8,U008014,School of Applied Chemistry,2023,0.4444
376931cd389b2e67,U008015,School of Electrical Engineering,2024,0.2727
c5393ffa66ed3122,U008016,School of Food Science,2025,2.0419
7360a55f8bd0c3ef,U008017,School of Education,2023,0.3187
19ce790c5bf78a0f,U008018,School of Economics,2020,0.6496
a6d5ecf5101a1110,U008019,School of Economics,2023,1.5778
7bf155c647cf60e3,U008020,School of Business Administration,2021,2.123
4e7a2792b6d70afc,U008021,School of Food Science,2020,0.7273
a031d25441652bef,U008022,School of Mechanical Engineering,2023,0.867
4efd18c87c1f59da,U008023,School of Economics,2024,0.2135
bca4aeac8378e95a,U008024,School of Business Administration,2020,1.6422
c754e8d92276166e,U008025,School of Mechanical Engineering,2024,2.0887
f41473d83353c248,U008026,School of Foreign Languages,2024,0.091
50332ae413551180,U008027,School of Electrical Engineering,2024,3.4416
3735b1714a5bb6b2,U008028,School of Food Science,2021,0.293
46321effcb1931bb,U008029,School of Computer Science,2022,1.07
d97f4595b1f125de,U008030,School of Foreign Languages,2021,0.638
3732c8b0860f20a5,U008031,School of Design & Arts,2021,0.5558
82152feabeafd73b,U008032,School of Economics,2022,0.4802
14cd851d156edf71,U008033,School of Food Science,2022,0.2188
4173870b672ee6a2,U008034,School of Design & Arts,2021,0.9968
0d80c8b4a0937e0c,U008035,School of Electrical Engineering,2021,0.4435
8a33fbe4b40d3ddd,U008036,School of Applied Chemistry,2025,0.1594
84f557da1bf5002f,U008037,School of Design & Arts,2024,0.2097
7eed0bf72814109f,U008038,School of Education,2022,0.1621
46976fe517b396ec,U008039,School of Business Administration,2025,0.3494
4f47305aee41856a,U008040,School of Mechanical Engineering,2021,0.959
79b449fb4c481c95,U008041,School of Civil Engineering,2022,0.2899
f01e0aa9fe396478,U008042,School of Civil Engineering,2024,1.5659
51bfb52fe5015a60,U008043,School of Food Science,2022,0.524
7933a7a76fe74d49,U008044,School of Computer Science,2021,0.442
d46594f1f07c9c22,U008045,School of Information Engineering,2022,0.6004
6cceeaf72c755e27,U008046,School of Information Engineering,2023,2.3825
dbb0282f77a84a97,U008047,School of Food Science,2023,0.1498
4c05e6e013c1387d,U008048,School of Design & Arts,2022,3.0937
ce520b5d4729fc60,U008049,School of Education,2022,1.5421
0b507c740240a04c,U008050,School of Computer Science,2021,0.5777
0fb63f162b385b2a,U008051,School of Mechanical Engineering,2023,1.9271
b1f3476c782c8790,U008052,School of Civil Engineering,2021,0.4276
9ff2b863cf3e873c,U008053,School of Business Administration,2025,0.7856
c333e3e2f23d4a5f,U008054,School of Information Engineering,2024,0.3436
5afecd17406db211,U008055,School of Food Science,2022,1.5519
59ac99d85affeccc,U008056,School of Electrical Engineering,2024,0.291
3034106fff1f3fac,U008057,School of Mechanical Engineering,2020,0.5608
79f96dca6c3f618b,U008058,School of Business Administration,2022,1.1643
fc9649dc302260ff,U008059,School of Electrical Engineering,2022,1.684
c6eb7c6324e40122,U008060,School of Food Science,2022,0.2597
df98be9a99476c12,U008061,School of Design & Arts,2024,1.2537
4227f69594f6c73e,U008062,School of Applied Chemistry,2025,0.2211
dc92c9493a903be5,U008063,School of Applied Chemistry,2022,0.0687
5ff18a373d6b5fc4,U008064,School of Economics,2022,0.2794
3edfe0233002deb7,U008065,School of Business Administration,2023,1.3602
3b8590dd1e0fd7ca,U008066,School of Civil Engineering,2022,0.5832
e6a2485879134cae,U008067,School of Electrical Engineering,2021,0.3458
921e4b8380b9e86a,U008068,School of Mechanical Engineering,2025,0.624
0316e48b92d773c1,U008069,School of Applied Chemistry,2024,0.6037
775e81d178214929,U008070,School of Foreign Languages,2025,1.0995
3c7d336edea4645f,U008071,School of Design & Arts,2021,0.1178
b7e1583defa33edd,U008072,School of Mechanical Engineering,2020,0.5329
e31deaf3aabb1256,U008073,School of Electrical Engineering,2022,0.6685
f960756677848b21,U008074,School of Electrical Engineering,2025,0.1507
f9f006b7cfcf37b4,U008075,School of Information Engineering,2021,0.1487
2ec0a2b17445ff99,U008076,School of Applied Chemistry,2021,0.41
712023d0d5bd2df2,U008077,School of Applied Chemistry,2020,0.5954
81fe510578135cbd,U008078,School of Economics,2024,0.5975
1fb99ddd10ca81af,U008079,School of Economics,2024,0.3385
cb6c68c7a6285bd3,U008080,School of Food Science,2024,0.3249
4d107ec965c1c6a1,U008081,School of Civil Engineering,2020,0.3977
cdf48ab7f4b69b31,U008082,School of Business Administration,2024,0.7957
7cafd43db09bb369,U008083,School of Applied Chemistry,2022,2.0495
a953f9f6737bedfe,U008084,School of Design & Arts,2021,0.0641
828cedd776791c02,U008085,School of Computer Science,2022,1.1008
98f91188bf951080,U008086,School of Civil Engineering,2023,0.5283
820c303b4865c293,U008087,School of Education,2022,0.9987
04916fc54c25c332,U008088,School of Economics,2025,1.932
e929de826526a4ad,U008089,School of Design & Arts,2023,0.2774
9ab32d46646209a4,U008090,School of Education,2022,1.5179
5544d4247cbbd425,U008091,School of Mechanical Engineering,2024,0.1685
d7ce2507898d44b7,U008092,School of Applied Chemistry,2023,0.6707
be859210426fa977,U008093,School of Computer Science,2020,0.4632
d4b16f1c35bac728,U008094,School of Computer Science,2023,0.6183
83cf0e35b0ef092b,U008095,School of Economics,2021,0.2196
1c1c11bf931e03dd,U008096,School of Economics,2022,0.9138
33756e75db980705,U008097,School of Civil Engineering,2024,2.8843
8b7657c3f884f378,U008098,School of Applied Chemistry,2023,0.2234
6c7edcb90ea78c50,U008099,School of Design & Arts,2022,0.7137
81d3eab4210c2657,U008100,School of Food Science,2021,1.3894
ca51418239c728b1,U008101,School of Mechanical Engineering,2023,0.4388
cc6a9848943f45ce,U008102,School of Applied Chemistry,2022,2.3011
956f963b6218ccca,U008103,School of Mechanical Engineering,2025,0.3842
24140a0c4d3793cd,U008104,School of Education,2023,0.5256
db53f3c4524f14ed,U008105,School of Business Administration,2025,0.2187
596a47a6232207d3,U008106,School of Mechanical Engineering,2022,0.67
461a67442e1b3d47,U008107,School of Economics,2024,0.5922
ba935ab4263d7282,U008108,School of Foreign Languages,2020,1.115
39838b17b4611ceb,U008109,School of Food Science,2022,0.3125
657fe9e6b1701ff0,U008110,School of Electrical Engineering,2020,0.2985
fdb4743525321f0c,U008111,School of Computer Science,2020,0.9375
a9021b793466fe8f,U008112,School of Foreign Languages,2025,2.3874
070bff363b79d0ba,U008113,School of Education,2024,1.1074
3a0e0319a0a162fe,U008114,School of Education,2023,3.7449
0cca25d54ec6d2e1,U008115,School of Electrical Engineering,2023,1.0287
b37242f309ec9181,U008116,School of Design & Arts,2023,0.9923
bb375bb49fba8ff3,U008117,School of Economics,2023,1.1645
6800e0433ec2b791,U008118,School of Foreign Languages,2024,2.6147
b70f26f11acde8d9,U008119,School of Design & Arts,2023,2.0351
81690dda9cc03e86,U008120,School of Information Engineering,2024,0.1995
de49612fe713ceea,U008121,School of Design & Arts,2022,1.3147
c2d51c397b9d2112,U008122,School of Business Administration,2025,0.7698
88e45c77c846e2b5,U008123,School of Civil Engineering,2020,0.4862
ab9d8cfee9302048,U008124,School of Applied Chemistry,2022,0.1003
a5895f735a80afe5,U008125,School of Mechanical Engineering,2025,0.1265
271c217d14382c9e,U008126,School of Civil Engineering,2021,0.4101
217c73833719059d,U008127,School of Computer Science,2021,0.1365
2d2682364a1e38ad,U008128,School of Information Engineering,2022,0.4186
10e452e10606863b,U008129,School of Design & Arts,2022,1.206
729052abe10dc6a5,U008130,School of Foreign Languages,2025,0.3302
ad1e9e48a68cfc83,U008131,School of Food Science,2024,0.6418
6f05382ee4cba5c4,U008132,School of Foreign Languages,2022,0.2025
9a1b4525f1549b86,U008133,School of Business Administration,2025,0.7959
a355f3ea464d1809,U008134,School of Information Engineering,2023,0.9813
1d558443bab21b00,U008135,School of Economics,2025,0.1423
9ed4c3c9690c592b,U008136,School of Mechanical Engineering,2021,0.2783
f4c726310e009e3b,U008137,School of Electrical Engineering,2023,0.1663
81bc5b8b3117b1fb,U008138,School of Electrical Engineering,2020,0.9824
bde2bfd8340f00fb,U008139,School of Business Administration,2020,0.6956
357b6e65e2242985,U008140,School of Design & Arts,2024,0.5617
fdb1c7891dd4f5b9,U008141,School of Economics,2021,0.5193
a04019a140027c17,U008142,School of Food Science,2023,0.8153
68615a161d10498f,U008143,School of Civil Engineering,2024,0.8318
521cec95e95bf8b9,U008144,School of Civil Engineering,2020,0.3597
3ef6b55bca5c0114,U008145,School of Business Administration,2022,0.3127
00ec568a3e335dfb,U008146,School of Information Engineering,2024,0.5565
28fc4ef860fa1a24,U008147,School of Food Science,2025,0.4883
ea0aedc2c7563b40,U008148,School of Food Science,2022,4.6352
76c0d5cb0cd6e470,U008149,School of Education,2025,0.4022
b4705090d6c79928,U008150,School of Information Engineering,2024,0.7887
fabd66172b4284ee,U008151,School of Civil Engineering,2023,0.9407
e2d2c3ca4852e55d,U008152,School of Design & Arts,2022,2.3953
6ac3c7df4c8c7ee7,U008153,School of Food Science,2024,0.2623
2991f137ece0407c,U008154,School of Electrical Engineering,2024,2.2539
4738cf8f6f7cbce5,U008155,School of Information Engineering,2022,0.5095
0bfb3e8a9a70458e,U008156,School of Food Science,2025,7.2019
2be3a6fa94b7ef09,U008157,School of Mechanical Engineering,2025,0.8484
b683a6a8d5b49fb2,U008158,School of Foreign Languages,2023,0.1727
3c9590cf74aa6d95,U008159,School of Electrical Engineering,2024,0.4847
5c5fcaf65146c1c7,U008160,School of Mechanical Engineering,2023,2.2463
fde16e6fe46b33a5,U008161,School of Applied Chemistry,2024,0.6405
44f4d0e668626050,U008162,School of Electrical Engineering,2024,0.5562
d8ad412458f97a6d,U008163,School of Civil Engineering,2020,1.2117
3aa50bba971b66fd,U008164,School of Business Administration,2020,0.4181
a728425a51ed2680,U008165,School of Foreign Languages,2022,0.4782
e2bbdd504cd3a5c4,U008166,School of Computer Science,2025,0.2295
3ed5f86590514d45,U008167,School of Information Engineering,2022,3.3262
0f1d8669e5c42832,U008168,School of Electrical Engineering,2025,0.1738
3010aa01ab818727,U008169,School of Business Administration,2022,0.6994
2f4caae0d95ea5c4,U008170,School of Applied Chemistry,2022,0.954
3e5760ecbd333db8,U008171,School of Applied Chemistry,2025,0.5824
008f1bcbdf3125a9,U008172,School of Economics,2023,0.1685
81f408b78a76673d,U008173,School of Education,2022,0.2175
c5623d20bc62b4e9,U008174,School of Information Engineering,2020,0.9955
6febb47d2ef3389e,U008175,School of Mechanical Engineering,2021,0.2707
c641f7a6f1e8b666,U008176,School of Civil Engineering,2021,0.0743
5839e8116a8ed34a,U008177,School of Mechanical Engineering,2022,0.8693
0300bd990dea16a0,U008178,School of Food Science,2023,0.2467
71a8d02333f61643,U008179,School of Economics,2022,1.1098
d08eec5e25edc5c4,U008180,School of Civil Engineering,2020,0.4826
22a657e68b9b5a75,U008181,School of Education,2021,0.4599
426e5f3687ddb1fa,U008182,School of Applied Chemistry,2022,0.622
c6f08233504c9caf,U008183,School of Applied Chemistry,2025,0.1891
a845a39975470fc6,U008184,School of Economics,2022,0.2586
f5f859c8c7b0b2fd,U008185,School of Applied Chemistry,2020,0.4552
886b9ed28d818df7,U008186,School of Foreign Languages,2023,0.188
0d43ce6a97bee5c2,U008187,School of Business Administration,2025,1.2054
b84b45a6c86ac92e,U008188,School of Applied Chemistry,2024,0.4341
cc0208f5e8e12caa,U008189,School of Economics,2024,0.1386
126197100184e0f2,U008190,School of Education,2025,0.3376
d276b0f2731149c4,U008191,School of Business Administration,2023,0.6532
5402b4a712dd2ef2,U008192,School of Mechanical Engineering,2025,0.3779
2aabcdda358d79d3,U008193,School of Design & Arts,2020,0.8806
cefbc0dd7a4b7a0d,U008194,School of Mechanical Engineering,2024,1.0482
40954c12ac895389,U008195,School of Foreign Languages,2024,6.5188
56402f656093f62c,U008196,School of Civil Engineering,2025,1.8657
0baa591110e48c40,U008197,School of Economics,2023,0.1149
1aa93cbad8e964b9,U008198,School of Information Engineering,2024,0.4118
3cc2e662660ddcdf,U008199,School of Mechanical Engineering,2021,0.4522
df2c87ffb19d8dab,U008200,School of Business Administration,2023,1.0492
dcd1b418751c44ed,U008201,School of Mechanical Engineering,2022,0.2321
edad9cf0b8bdd81f,U008202,School of Information Engineering,2023,0.3471
2559d4b0b7c25053,U008203,School of Economics,2024,0.1701
2204e0c1b3fcf8f7,U008204,School of Foreign Languages,2022,0.3233
1f1e25fab843b9f5,U008205,School of Design & Arts,2021,0.3356
7b88fca5f11a95e5,U008206,School of Civil Engineering,2022,0.4317
1e23a903f1c8de74,U008207,School of Business Administration,2023,0.1802
faf927282c39b0d3,U008208,School of Food Science,2024,1.5762
07e3b641de8e7578,U008209,School of Food Science,2024,0.9467
b24e79d7a0c361b3,U008210,School of Computer Science,2021,0.1386
0c8fddb81eeb4b10,U008211,School of Food Science,2024,0.6059
0e96aa04aa6d9f72,U008212,School of Design & Arts,2024,0.1234
3eba415d3da01eb7,U008213,School of Electrical Engineering,2020,2.2597
985bce9c2bb3e067,U008214,School of Business Administration,2022,2.9657
d306649b8e59bec3,U008215,School of Design & Arts,2022,0.5584
ec714914bfbc9fb2,U008216,School of Mechanical Engineering,2022,0.2517
42696daba828cda3,U008217,School of Computer Science,2021,0.3038
fa1fd0c1b5a22240,U008218,School of Foreign Languages,2021,0.375
5c000e470f5d1864,U008219,School of Civil Engineering,2020,0.5306
93a9993aa22bd342,U008220,School of Information Engineering,2020,2.3244
5fa1835b855319f4,U008221,School of Information Engineering,2021,1.5351
5197899c0f559e9e,U008222,School of Foreign Languages,2024,1.5589
336bfdd494161bc3,U008223,School of Food Science,2023,0.7002
2e3566e9c3386ab2,U008224,School of Foreign Languages,2022,0.1863
9599dbcc168e2ce4,U008225,School of Information Engineering,2023,0.2733
69b89a6946cf65ad,U008226,School of Foreign Languages,2023,0.6273
b1f822c4a7ceeef6,U008227,School of Computer Science,2021,0.1776
5a1737ac81d84f19,U008228,School of Design & Arts,2021,0.8001
972598bf63a766a0,U008229,School of Design & Arts,2021,1.3206
7705742f95a58b92,U008230,School of Food Science,2023,1.0185
5007fde4c86c9437,U008231,School of Economics,2022,0.9784
b6937db4e27d1dcb,U008232,School of Mechanical Engineering,2022,0.0913
7a932853b92f04cb,U008233,School of Mechanical Engineering,2023,2.2397
5f067b48cc552059,U008234,School of Education,2025,0.1231
f84e40dd4e9e7116,U008235,School of Computer Science,2022,0.5067
81860f5d989d347c,U008236,School of Mechanical Engineering,2023,1.0959
ba1ccc805b0128b0,U008237,School of Business Administration,2023,0.845
d2e23386c2301977,U008238,School of Civil Engineering,2024,0.1645
8ba99289d4759682,U008239,School of Food Science,2024,0.1968
b45d0775cd0967fd,U008240,School of Education,2024,0.7867
dbb8bf07806a7c6e,U008241,School of Design & Arts,2021,0.984
5dd9c18efd15141d,U008242,School of Computer Science,2022,0.1951
38a87fa057d9070b,U008243,School of Foreign Languages,2024,0.8742
9fa52a33936240dd,U008244,School of Food Science,2022,0.1297
56ec8a6bbf8002cc,U008245,School of Electrical Engineering,2025,1.1023
57d0db2184fc5590,U008246,School of Design & Arts,2022,0.2439
035effc034f46286,U008247,School of Civil Engineering,2023,0.6399
c3d98ff168350240,U008248,School of Food Science,2023,0.541
dee7531b731e9adf,U008249,School of Design & Arts,2022,1.8845
6d45ba5489ae2e54,U008250,School of Mechanical Engineering,2024,0.7521
85d42892810f1ae0,U008251,School of Food Science,2021,0.3243
7af5928c9051eedc,U008252,School of Applied Chemistry,2023,0.8459
cd673a711e444972,U008253,School of Civil Engineering,2023,5.0299
4cfe9718f26f4f78,U008254,School of Business Administration,2024,1.2375
c39c8387bef7faa1,U008255,School of Foreign Languages,2023,0.5565
e07906b3e8d11328,U008256,School of Mechanical Engineering,2025,0.2565
8fbf7d45f84117aa,U008257,School of Business Administration,2025,0.3187
2d6fcdc9196bb935,U008258,School of Foreign Languages,2022,1.1653
1f37e2412639483c,U008259,School of Computer Science,2024,0.2435
60a1aac3abf9482d,U008260,School of Foreign Languages,2025,0.592
a45c192b691712f8,U008261,School of Computer Science,2021,2.4858
ae2093a814395c3d,U008262,School of Foreign Languages,2023,0.6862
8fbb5cc1cbaaf340,U008263,School of Foreign Languages,2022,0.2007
dabb5145ec88de0f,U008264,School of Foreign Languages,2023,5.2114
a51766e7cd9ee74b,U008265,School of Foreign Languages,2020,3.4399
ab30b75ce1563546,U008266,School of Economics,2024,0.9745
4071fbf351e724fb,U008267,School of Electrical Engineering,2022,2.1144
7dd55df1a2d61bc6,U008268,School of Civil Engineering,2023,0.452
6eb6557df89736a7,U008269,School of Mechanical Engineering,2020,1.2183
0b2c999c6706c06a,U008270,School of Electrical Engineering,2024,0.3865
6ee56bc3a382db50,U008271,School of Civil Engineering,2023,0.1522
3613a26f323dd5e1,U008272,School of Economics,2023,7.8846
2ccd21c37d03a7e4,U008273,School of Food Science,2022,0.1446
ba9d61a7c0f72a56,U008274,School of Design & Arts,2021,0.795
1689d83dbaa3c891,U008275,School of Information Engineering,2022,0.7857
26958625f8d56d09,U008276,School of Business Administration,2025,0.9891
8b44fef092a218b3,U008277,School of Applied Chemistry,2021,0.5397
3b9defc12cd4b58e,U008278,School of Civil Engineering,2024,0.5454
f3a632612e863d2a,U008279,School of Education,2020,0.678
15160105416cee12,U008280,School of Business Administration,2024,0.954
2599370b2a2dcb10,U008281,School of Applied Chemistry,2021,0.5893
aed81dd75f61362a,U008282,School of Economics,2022,0.5514
8380881f598c282e,U008283,School of Civil Engineering,2022,0.1575
e808a8919e6986dc,U008284,School of Business Administration,2021,4.4224
926f6b6d335ec4d8,U008285,School of Information Engineering,2022,1.0087
6626f0f42df4b8a0,U008286,School of Design & Arts,2022,0.7275
cb137b0ad9701783,U008287,School of Design & Arts,2023,0.3162
d53041bd73db6216,U008288,School of Foreign Languages,2025,0.2164
af025fee7b03199d,U008289,School of Food Science,2023,1.3951
19730471fc7b5a7d,U008290,School of Education,2025,0.5031
a3672635cbccfb81,U008291,School of Business Administration,2022,1.0986
78c67cd08f06632d,U008292,School of Civil Engineering,2021,0.1527
06977e6d696d11c3,U008293,School of Computer Science,2021,2.7728
8f3eb60864cf0bb6,U008294,School of Food Science,2022,1.4541
66c6cc547255f5ec,U008295,School of Information Engineering,2022,0.5444
c481bddad6193bfe,U008296,School of Design & Arts,2025,0.9423
b9886d14af65ff4f,U008297,School of Computer Science,2024,1.2386
e4bc3dd4b399e0d3,U008298,School of Mechanical Engineering,2023,0.1551
0a7bd3230f2c569a,U008299,School of Design & Arts,2023,3.1608
1b74aa180f360a6f,U008300,School of Electrical Engineering,2022,0.9572
3167b30cfc6a6290,U008301,School of Foreign Languages,2023,0.292
8567e5807a51ba44,U008302,School of Electrical Engineering,2021,0.1972
f3f28032ac1828e4,U008303,School of Business Administration,2021,1.5842
6f30b8fec58bea0d,U008304,School of Information Engineering,2022,0.7292
8a8007dfab64abc0,U008305,School of Business Administration,2021,0.9566
5fb8d638a3430180,U008306,School of Civil Engineering,2024,0.6063
e482ef2a85f085a1,U008307,School of Computer Science,2020,0.2166
bdba0a1ef7446d4a,U008308,School of Information Engineering,2021,0.9818
d1f857b5a000a117,U008309,School of Computer Science,2025,0.4845
7f84717c1a5072ca,U008310,School of Food Science,2025,0.5777
b00d7c3fe89ea6d0,U008311,School of Food Science,2023,6.3598
d2b5210156d2458d,U008312,School of Electrical Engineering,2023,1.4079
bf9caf322f11e5d1,U008313,School of Applied Chemistry,2024,1.4915
6df4f3a174d7baa7,U008314,School of Business Administration,2020,8.9667
3d258170c9f5ba40,U008315,School of Electrical Engineering,2022,0.8672
7aad25fdeb607cf6,U008316,School of Design & Arts,2020,0.6654
56acc93fa81c4057,U008317,School of Mechanical Engineering,2022,0.2993
97d4ce7e698e3cd1,U008318,School of Food Science,2025,0.3755
7849144debd512fe,U008319,School of Food Science,2024,0.0762
04372d8cbbde7747,U008320,School of Education,2025,1.3014
a4ed2a9096a47824,U008321,School of Business Administration,2024,0.1663
5ef2eb420be73c2b,U008322,School of Food Science,2023,1.4561
3409a61997ee04bd,U008323,School of Information Engineering,2024,0.5655
898c9a569dbeddbc,U008324,School of Food Science,2023,0.671
1adbadc75ce5e32c,U008325,School of Information Engineering,2022,0.5659
b5fc71d5abaf61dd,U008326,School of Electrical Engineering,2022,2.361
d2dd0637ed2652f4,U008327,School of Education,2023,1.9787
ff511126f32ee2b8,U008328,School of Applied Chemistry,2021,0.5736
0c9b87d934647acf,U008329,School of Business Administration,2023,0.2403
82cf79ed74241f12,U008330,School of Electrical Engineering,2021,1.4872
317a0dd7d9618b70,U008331,School of Computer Science,2023,0.2228
fee00a4b53ed78ac,U008332,School of Education,2021,0.1247
b543366bbb7f13c0,U008333,School of Electrical Engineering,2022,0.9718
f5b359a21136f373,U008334,School of Information Engineering,2023,1.9967
fdd06074cef4690b,U008335,School of Information Engineering,2021,0.3937
11b1a5192c68c92f,U008336,School of Applied Chemistry,2025,0.8847
786b54d74ad1c135,U008337,School of Mechanical Engineering,2022,0.3896
102c00f692dacd95,U008338,School of Business Administration,2022,1.2153
d26f5fdba8914bac,U008339,School of Design & Arts,2020,1.7648
09cf888fac49a061,U008340,School of Food Science,2024,0.4539
3346225261774d35,U008341,School of Information Engineering,2023,0.2113
1b2153062041e155,U008342,School of Electrical Engineering,2022,0.1375
f1b47b6e15860e59,U008343,School of Electrical Engineering,2021,1.4899
bd1aaafbaadab550,U008344,School of Food Science,2024,0.1895
7207e641910e787d,U008345,School of Economics,2025,0.8564
90e8dc3621f39e8a,U008346,School of Education,2022,1.2845
802ec637e78d46c1,U008347,School of Design & Arts,2021,0.3576
feab7e949eddf4db,U008348,School of Business Administration,2021,0.5
fa2cd912180aa4f3,U008349,School of Education,2020,1.6033
7ab54d9895e3cd4c,U008350,School of Economics,2024,0.2631
ac0c97b0f196bcda,U008351,School of Design & Arts,2025,0.2377
82e1ee65bedab237,U008352,School of Electrical Engineering,2025,0.467
35d3c40fa74fe56b,U008353,School of Economics,2024,2.1189
ac2624a6fb047d7a,U008354,School of Electrical Engineering,2021,2.9557
4b197f55f5168bd1,U008355,School of Computer Science,2025,0.5348
91115af73e3b8b93,U008356,School of Computer Science,2022,0.2896
59c1c64803f99251,U008357,School of Design & Arts,2022,1.7111
cd0b5b36f8cbaa81,U008358,School of Design & Arts,2024,0.1112
90b77ee4726fc684,U008359,School of Business Administration,2020,0.7562
c6916cde6bdaecd7,U008360,School of Electrical Engineering,2024,0.565
7ee27adf6a2f1824,U008361,School of Business Administration,2025,2.1529
2436436555369006,U008362,School of Foreign Languages,2024,2.3822
8c178937c2c42b25,U008363,School of Electrical Engineering,2024,0.23
ddada26f409ece3f,U008364,School of Economics,2022,0.6981
ac411461e5bcbb21,U008365,School of Business Administration,2020,0.3337
39603575b89bd3a1,U008366,School of Electrical Engineering,2024,0.4403
bf7c752f94f8550e,U008367,School of Mechanical Engineering,2023,1.0946
ca74f992022981a3,U008368,School of Mechanical Engineering,2025,0.4224
4c3a7af1b5780e8b,U008369,School of Mechanical Engineering,2021,0.7167
0dd1e2168d8e5394,U008370,School of Mechanical Engineering,2022,1.5377
11df0afc9b61bb3f,U008371,School of Education,2022,2.6863
32d224f006185c5c,U008372,School of Computer Science,2024,0.7879
fea7c185e6976ca8,U008373,School of Applied Chemistry,2024,0.6642
97ca9cca5b4e29e7,U008374,School of Education,2025,0.1951
12812a626057badf,U008375,School of Civil Engineering,2022,2.8829
5b84ea350fdb579f,U008376,School of Electrical Engineering,2023,0.9692
5d5e0a8675f2e4da,U008377,School of Foreign Languages,2020,0.6765
aeda461e60a2c681,U008378,School of Foreign Languages,2021,0.6428
f23ba94c62b857e5,U008379,School of Information Engineering,2022,0.8467
d4fcb16875125710,U008380,School of Education,2023,1.2773
4d147aaaa6a67374,U008381,School of Information Engineering,2023,1.4456
feee9be4d43841a7,U008382,School of Electrical Engineering,2022,2.9559
967772537c8579ed,U008383,School of Education,2023,0.7525
34daeabde82a7953,U008384,School of Applied Chemistry,2024,3.4116
ed1d8cbeccea6b15,U008385,School of Applied Chemistry,2021,1.7002
61fd6c24dd2d902d,U008386,School of Food Science,2022,0.5559
0537aedd9a0094bc,U008387,School of Civil Engineering,2024,0.1114
fd391f71b2d67617,U008388,School of Design & Arts,2024,0.6431
f48232c98d9e7178,U008389,School of Applied Chemistry,2024,2.8052
832ad8f0a847a728,U008390,School of Information Engineering,2021,0.2719
b5499213e7dfecfb,U008391,School of Computer Science,2023,0.6411
89da4cb7d187d525,U008392,School of Economics,2025,0.6964
1e20d839fb206b94,U008393,School of Computer Science,2022,1.5146
2122eeff1e2a9d83,U008394,School of Food Science,2022,0.4006
3426351594b54d8d,U008395,School of Education,2025,0.2475
3c086e9a6e3423d1,U008396,School of Economics,2021,1.0439
1a264affe2c6569e,U008397,School of Mechanical Engineering,2024,0.2807
57f60a1a15f63425,U008398,School of Economics,2024,0.0942
766f66d2fc2d1088,U008399,School of Education,2021,3.7187
969ce87585e7542e,U008400,School of Economics,2024,1.4919
6c00912a7fe13099,U008401,School of Design & Arts,2022,3.8821
1de914f95a796c9e,U008402,School of Design & Arts,2024,1.4148
13688e797e5ed993,U008403,School of Civil Engineering,2025,1.1657
66eaea26d474bc15,U008404,School of Business Administration,2025,0.8543
2eb19838b5cddd29,U008405,School of Civil Engineering,2020,0.4902
82866e9fbfff38af,U008406,School of Food Science,2024,0.9852
a4f201bb9dc8b37c,U008407,School of Information Engineering,2025,0.3395
c0eca95250e51d53,U008408,School of Information Engineering,2023,0.2027
ee43530527603733,U008409,School of Food Science,2023,0.4235
92c7fc4ac4356a68,U008410,School of Economics,2020,2.1479
90c0d542fe6bcf20,U008411,School of Applied Chemistry,2024,0.1721
2e30b8be194cdfe5,U008412,School of Electrical Engineering,2020,0.1749
f3a89b1d92fa4599,U008413,School of Information Engineering,2022,1.0664
b9d1f44ada62d79d,U008414,School of Foreign Languages,2025,0.3898
980b0311be9a4c78,U008415,School of Applied Chemistry,2025,0.9593
c14fceffe5672238,U008416,School of Economics,2025,1.5886
5addd5d959c6707a,U008417,School of Electrical Engineering,2023,0.9366
3ddc469ecf59632b,U008418,School of Economics,2021,0.3137
f882f1f7fbccec9d,U008419,School of Education,2023,2.1296
b8d16fdd664d1152,U008420,School of Information Engineering,2021,1.24
4406b374c16e96d4,U008421,School of Economics,2025,0.6064
c8019b0059cdde4f,U008422,School of Design & Arts,2023,0.5778
1071609aa0940e46,U008423,School of Electrical Engineering,2022,0.8581
015e3a07dd47255f,U008424,School of Business Administration,2020,0.4321
d724590af2fc40d1,U008425,School of Information Engineering,2022,0.1155
bbbf5a9d75623316,U008426,School of Information Engineering,2025,1.25
a9551fbcc97a352f,U008427,School of Computer Science,2024,1.1779
9270eb60c0777923,U008428,School of Applied Chemistry,2020,0.0591
5b0389c67506cce5,U008429,School of Applied Chemistry,2021,0.9838
1c3add5f005b152c,U008430,School of Education,2022,3.4194
44a53844c8dba1a9,U008431,School of Foreign Languages,2021,0.1912
844e58a13e2b2156,U008432,School of Education,2025,0.5486
5ce7fb68f4e2b25d,U008433,School of Economics,2023,0.4921
b9f1913d9ec8f916,U008434,School of Applied Chemistry,2020,3.1062
b6b15721c658a41f,U008435,School of Economics,2024,1.8111
0fb93caf3810d689,U008436,School of Economics,2022,0.2453
0219db123be7b232,U008437,School of Economics,2021,0.8312
00a942a21e8bc24f,U008438,School of Business Administration,2023,5.9042
7222bc85ca7fa3b9,U008439,School of Foreign Languages,2020,0.3161
ca0f81b7b7910153,U008440,School of Business Administration,2022,0.5838
89a4c55b0f1959ce,U008441,School of Computer Science,2024,0.9866
b992b356368cf9fb,U008442,School of Foreign Languages,2025,0.3208
990bf571b9c8baa9,U008443,School of Applied Chemistry,2022,3.4425
7825e1443a013f33,U008444,School of Economics,2023,0.368
0f715abdcfc17d1b,U008445,School of Foreign Languages,2021,0.1472
f9d6864b46eb4430,U008446,School of Foreign Languages,2023,0.3492
681fc2314a6f21e0,U008447,School of Information Engineering,2021,1.1343
c62eecfc4213ba2d,U008448,School of Information Engineering,2023,0.2658
31bfe3766b88b68f,U008449,School of Business Administration,2021,0.7987
1149780e9b044269,U008450,School of Electrical Engineering,2025,1.0362
9e632ff118c6177c,U008451,School of Economics,2025,0.1762
d3fe03244888f325,U008452,School of Mechanical Engineering,2022,0.336
1fc3c3f9582b03ba,U008453,School of Applied Chemistry,2024,0.8369
1581ba7e6d1ff8ec,U008454,School of Economics,2020,1.1917
9aed2275adbf7a7f,U008455,School of Electrical Engineering,2024,0.3445
5bdce2ccda0b1d47,U008456,School of Computer Science,2022,0.6871
5c894c798e5ff21c,U008457,School of Business Administration,2021,0.4444
74500a63d1b29dc2,U008458,School of Civil Engineering,2024,1.2224
8298608214450c8e,U008459,School of Design & Arts,2022,0.9924
a6feb2507cee5519,U008460,School of Applied Chemistry,2023,0.4064
0c8290a764e064d7,U008461,School of Food Science,2023,0.9526
a73f3f3be1a848ea,U008462,School of Mechanical Engineering,2020,0.3908
cafe8cd5bc65b5ae,U008463,School of Computer Science,2020,0.9327
a4209f5602b51c04,U008464,School of Electrical Engineering,2023,0.9458
6950a07d51c7992d,U008465,School of Electrical Engineering,2023,6.322
5367e8c3cee8323e,U008466,School of Foreign Languages,2020,0.4218
cf8566760bb5d335,U008467,School of Information Engineering,2022,0.5126
bd28532b31336396,U008468,School of Computer Science,2023,0.3091
c12076b0bb086ecf,U008469,School of Mechanical Engineering,2023,0.2102
ef3449c0f54f4ef4,U008470,School of Applied Chemistry,2024,0.374
7f5a7ae39e5b112e,U008471,School of Education,2022,1.1481
ec6eddeb69e2aaa1,U008472,School of Education,2023,1.2342
5737b3447739459c,U008473,School of Mechanical Engineering,2023,0.7935
0a6400917b5f2743,U008474,School of Information Engineering,2022,0.4392
c4920ad3356d63b0,U008475,School of Applied Chemistry,2020,0.3605
fdc7e479b300717f,U008476,School of Computer Science,2020,0.236
fadb4f5b74991968,U008477,School of Business Administration,2024,0.3383
625434cf3438818d,U008478,School of Foreign Languages,2021,0.1617
a7d2636816567591,U008479,School of Computer Science,2023,2.2953
7e0ce7f21d18d6f3,U008480,School of Design & Arts,2023,3.7067
2b12f7ec0baa3edc,U008481,School of Mechanical Engineering,2022,0.0852
6e5695ac92d63bcd,U008482,School of Education,2024,0.7884
a57d2cbe7ef46667,U008483,School of Information Engineering,2024,0.7754
97d53dd1c2928cc9,U008484,School of Mechanical Engineering,2020,0.7275
6401c4f79ee08d8d,U008485,School of Civil Engineering,2024,0.3264
406e374a5e0ad599,U008486,School of Food Science,2023,1.6413
924c789f568f2b4a,U008487,School of Design & Arts,2022,0.89
2af4ba8357414c96,U008488,School of Civil Engineering,2024,1.6605
97bd1a7fbbe776c2,U008489,School of Computer Science,2024,0.2824
730200444a70a11f,U008490,School of Business Administration,2022,0.1481
024e6449cb765df7,U008491,School of Design & Arts,2025,0.912
0b830d139b7a7a7f,U008492,School of Applied Chemistry,2023,0.2254
e865f6f9f01d83ee,U008493,School of Design & Arts,2023,1.6949
25eda143d429b893,U008494,School of Electrical Engineering,2020,0.0704
c2627b2e85781da0,U008495,School of Computer Science,2022,0.3695
7e4cbea34e7da630,U008496,School of Business Administration,2022,0.3189
e186969bbe02e5f3,U008497,School of Computer Science,2023,0.4234
311935d3c81b5a58,U008498,School of Business Administration,2023,0.7665
f07d0f2dc100c181,U008499,School of Civil Engineering,2024,0.8774
5edbbacbcd8f445f,U008500,School of Computer Science,2021,1.1193
735d008e093eb13b,U008501,School of Economics,2024,1.2561
4e9053890e74739c,U008502,School of Applied Chemistry,2024,0.4973
6c9cde8e35c1883d,U008503,School of Computer Science,2024,4.8632
66c66104ca5b5bc1,U008504,School of Mechanical Engineering,2024,2.3634
15db0199c8b49873,U008505,School of Information Engineering,2025,0.4321
4c785bea0fff0e7a,U008506,School of Information Engineering,2020,0.5149
481ac71e6d8a8d4a,U008507,School of Computer Science,2024,0.4231
7143c2ef12bf8d29,U008508,School of Computer Science,2025,0.849
bf456503fc7d75e1,U008509,School of Mechanical Engineering,2023,0.2234
470386738473732e,U008510,School of Foreign Languages,2021,0.2681
05291d27f60f4d89,U008511,School of Applied Chemistry,2025,0.0676
58ec98ce91144269,U008512,School of Education,2021,0.3963
a1d0324e0a565b07,U008513,School of Food Science,2022,1.7122
1abc71e04c563dab,U008514,School of Mechanical Engineering,2021,0.5071
efdf09be844ff186,U008515,School of Foreign Languages,2022,0.5362
e0cbf0784a25d504,U008516,School of Education,2022,0.7797
73a5d1d5558f733c,U008517,School of Economics,2023,0.2167
bcb45d5c8a02178a,U008518,School of Foreign Languages,2025,0.6055
e60f42b8a52c6a36,U008519,School of Information Engineering,2023,1.4381
7a6d2cf09215d0e9,U008520,School of Food Science,2023,0.8022
25faef3c395ea984,U008521,School of Economics,2025,1.5701
5c9e895bb178faa0,U008522,School of Applied Chemistry,2024,2.0899
c74825f19bde9158,U008523,School of Education,2021,1.1452
a2be4dfdb161c480,U008524,School of Civil Engineering,2020,0.2893
b0b125f24f0d86b9,U008525,School of Applied Chemistry,2023,0.4185
1664e2048c304d01,U008526,School of Economics,2024,4.0734
dadc56c3b32498a6,U008527,School of Foreign Languages,2023,0.8083
8089ae953b84c0e6,U008528,School of Applied Chemistry,2021,0.7075
6ed7c82eb7c572ce,U008529,School of Economics,2024,0.2498
32622740dcaea1b0,U008530,School of Food Science,2023,0.5388
497994245e149e53,U008531,School of Design & Arts,2023,1.2085
19864b738a3ea6eb,U008532,School of Food Science,2025,0.5992
6edfaa22e7aec557,U008533,School of Electrical Engineering,2024,0.3512
23225e32feb37fdc,U008534,School of Applied Chemistry,2023,0.4429
e7be327331dc7f37,U008535,School of Design & Arts,2023,1.9441
c7f8b5e5e2b14eba,U008536,School of Applied Chemistry,2023,1.1512
0f9781cc0b0357ff,U008537,School of Business Administration,2023,1.0071
9f95d5a234249365,U008538,School of Civil Engineering,2022,0.9175
263d93e760a6779f,U008539,School of Information Engineering,2024,0.1809
88fed2c4af813c94,U008540,School of Foreign Languages,2023,0.7752
a1b61b27d0f89337,U008541,School of Economics,2023,1.7177
ffdb8536a3bc7043,U008542,School of Foreign Languages,2021,0.4548
d585d9f80e6a5b0f,U008543,School of Food Science,2024,1.569
008fcef0e677bd9e,U008544,School of Design & Arts,2023,1.0184
6e93fcec4eb6dcad,U008545,School of Electrical Engineering,2022,1.3508
c1f71d4a664aa636,U008546,School of Mechanical Engineering,2022,0.6212
7b121b614bcf7f4f,U008547,School of Mechanical Engineering,2021,1.4327
92cd9a002524c40a,U008548,School of Education,2025,0.1365
26f1fabefc025128,U008549,School of Economics,2025,0.6103
83f64cc0a7f16078,U008550,School of Electrical Engineering,2023,1.2044
0f8db95b7514ddcb,U008551,School of Education,2022,0.794
b3520e4bb3675cc4,U008552,School of Business Administration,2024,1.7658
bf3184e0480853b7,U008553,School of Economics,2023,0.5045
bbbf4822c771a5e8,U008554,School of Business Administration,2025,0.3415
4ac6a5f1b3bd8ff4,U008555,School of Foreign Languages,2020,0.1146
00c935ca9f5b69a7,U008556,School of Mechanical Engineering,2020,0.4493
785b3d57ba7ac899,U008557,School of Foreign Languages,2023,0.9899
3fcc2f962b16e518,U008558,School of Civil Engineering,2021,1.2636
85a69ac5e79ead01,U008559,School of Applied Chemistry,2023,0.1457
0cf89a1892d1bc9f,U008560,School of Mechanical Engineering,2024,1.9123
69b7de99f78085ae,U008561,School of Electrical Engineering,2021,0.2228
3d908bbe95b7a48c,U008562,School of Information Engineering,2022,0.523
8eba933b0b582f15,U008563,School of Design & Arts,2024,0.3343
7ae5c78a92448a42,U008564,School of Mechanical Engineering,2024,0.8961
6db3f7f89b7dd998,U008565,School of Food Science,2023,0.6486
9b1761b51390caa8,U008566,School of Business Administration,2021,1.163
a6e51657079eb5b3,U008567,School of Applied Chemistry,2023,3.7315
0633fb0c9dc85229,U008568,School of Education,2022,0.8788
5acb79d998dd3bca,U008569,School of Electrical Engineering,2024,0.3316
1d64d1e9ef7118e5,U008570,School of Applied Chemistry,2023,0.9362
44c273876f74c74d,U008571,School of Education,2022,4.1294
7df7ddf105df7adb,U008572,School of Mechanical Engineering,2024,1.1381
2c5cef692c4256fa,U008573,School of Applied Chemistry,2023,1.52
f8b52c623acfb528,U008574,School of Applied Chemistry,2021,0.12
bfbdec95089ac811,U008575,School of Foreign Languages,2023,0.8692
d19c0b291593356f,U008576,School of Design & Arts,2025,0.4516
82e0b5739587bdf3,U008577,School of Civil Engineering,2024,0.2991
b18e62df9ac1b8df,U008578,School of Applied Chemistry,2022,0.5773
506418336d9529ad,U008579,School of Computer Science,2024,0.6581
0e210995be93eb6a,U008580,School of Electrical Engineering,2022,0.3162
829aa069049cc974,U008581,School of Education,2023,0.7128
72b6e5eea160254a,U008582,School of Design & Arts,2023,0.4963
c73433cba64b534c,U008583,School of Foreign Languages,2021,1.1918
c24300cd8ecbe482,U008584,School of Information Engineering,2022,0.7412
a94bfee4ee907145,U008585,School of Electrical Engineering,2025,0.8598
00b076c6deace141,U008586,School of Business Administration,2021,1.5721
9f6457464a37876d,U008587,School of Education,2024,1.0283
78b7f9dcc572bdf4,U008588,School of Education,2023,0.5868
8c90b65e7f81a126,U008589,School of Electrical Engineering,2023,0.0732
731bb11d31b56be9,U008590,School of Electrical Engineering,2021,0.9868
a23aab825c30161f,U008591,School of Foreign Languages,2021,0.2372
e5bbd89a788401bd,U008592,School of Information Engineering,2021,0.5416
6bb6ad0486796cb0,U008593,School of Applied Chemistry,2023,0.8556
ff1f65a7ee3537aa,U008594,School of Business Administration,2025,2.239
15b240889ea3e34e,U008595,School of Applied Chemistry,2025,3.7259
d7b7ece5a6c7fd11,U008596,School of Foreign Languages,2020,0.235
7d3253c9068cdf07,U008597,School of Foreign Languages,2022,0.1584
a41ef39fe27924df,U008598,School of Information Engineering,2021,0.8177
d7fc9a4ec0bb273e,U008599,School of Computer Science,2025,0.7523
55dd586a9d5e71af,U008600,School of Electrical Engineering,2021,0.1775
62f059877f9acc16,U008601,School of Foreign Languages,2021,0.5806
41e67a57b348cac0,U008602,School of Computer Science,2023,1.0731
c6e8863fabb8c4cf,U008603,School of Civil Engineering,2023,0.1725
e9f3b7a0d0958c39,U008604,School of Business Administration,2021,0.2184
b21fb90b7ffd843d,U008605,School of Electrical Engineering,2024,0.31
87bb1f62532d1d07,U008606,School of Civil Engineering,2020,0.4775
7a88e98f167762a1,U008607,School of Business Administration,2020,1.1817
2f3e793bfb369c90,U008608,School of Information Engineering,2020,0.4259
472c69c44b1c3d58,U008609,School of Information Engineering,2022,0.6239
225f9b7725d7b774,U008610,School of Civil Engineering,2025,5.5799
be2d852380563e7a,U008611,School of Information Engineering,2023,0.2269
016f02e46fac6980,U008612,School of Mechanical Engineering,2024,0.3073
0ea9f94ce122b876,U008613,School of Food Science,2022,1.1631
03480ab448027f53,U008614,School of Education,2024,1.5857
a940f7352a62f124,U008615,School of Applied Chemistry,2025,0.8939
822d06570e7136b7,U008616,School of Design & Arts,2022,3.6037
3f900d934c82e3c8,U008617,School of Information Engineering,2025,0.8109
7d4473aea523af27,U008618,School of Mechanical Engineering,2023,0.0818
03513d80b7556ca2,U008619,School of Mechanical Engineering,2024,0.6505
9c18c33c7a822f2f,U008620,School of Business Administration,2021,0.3335
0160f4dd2189161f,U008621,School of Information Engineering,2023,2.3556
5fcebc9bdce0905c,U008622,School of Foreign Languages,2023,1.549
76dad930067d65c4,U008623,School of Economics,2025,0.1204
c35e479b4f0b0125,U008624,School of Foreign Languages,2025,2.278
09fbc85560ef5d0a,U008625,School of Computer Science,2022,1.5104
07623161efa06b2c,U008626,School of Electrical Engineering,2025,0.4268
16042cc08245128c,U008627,School of Electrical Engineering,2025,0.5458
fd022e7d16a4d760,U008628,School of Information Engineering,2023,2.3754
fa90b750c1d5bbf6,U008629,School of Civil Engineering,2020,0.0822
d94115a91322530b,U008630,School of Applied Chemistry,2021,0.9216
6d77fa6b02c36535,U008631,School of Business Administration,2020,1.7619
1c3bf697f5c7a2ac,U008632,School of Computer Science,2021,0.5403
1b706841857ae56a,U008633,School of Civil Engineering,2025,1.1285
0a32800045346aa5,U008634,School of Information Engineering,2021,0.6545
1be0643ae262c307,U008635,School of Design & Arts,2024,0.2695
3c0e3f48bb8e515c,U008636,School of Electrical Engineering,2023,0.2629
f3d13d632be8b787,U008637,School of Foreign Languages,2023,1.2031
9c7387fad60c8632,U008638,School of Economics,2021,0.3126
9338be53f4adb5f1,U008639,School of Electrical Engineering,2023,0.1285
9aee8924a2d6ebc6,U008640,School of Electrical Engineering,2023,0.6672
96a137c123ba4c34,U008641,School of Applied Chemistry,2023,0.3534
fe3154de0e572158,U008642,School of Mechanical Engineering,2021,0.178
b75842b4bde5d9aa,U008643,School of Business Administration,2024,0.6343
ad303f4572878c01,U008644,School of Information Engineering,2020,1.2716
88b9eb2e3ebce118,U008645,School of Computer Science,2023,0.6024
626f0057f6fa38ee,U008646,School of Design & Arts,2022,0.2033
2cd37888b21997c8,U008647,School of Business Administration,2021,0.9558
f5c562345928d61d,U008648,School of Applied Chemistry,2024,1.6622
9aa46f7815d17c09,U008649,School of Foreign Languages,2021,5.398
64e418b72ba7ffd6,U008650,School of Foreign Languages,2025,2.4964
b41fd4b9a6b7b018,U008651,School of Applied Chemistry,2025,0.216
afcefd546d7b76bc,U008652,School of Applied Chemistry,2022,1.3925
eeaa008b9019ba5a,U008653,School of Civil Engineering,2022,0.763
7a693fc07fdd5501,U008654,School of Civil Engineering,2021,0.1865
72891119d7820138,U008655,School of Economics,2025,0.7841
bd7fa09b05390a75,U008656,School of Civil Engineering,2023,4.0216
c4774b8469b4a8f9,U008657,School of Electrical Engineering,2020,1.952
64fbd23c50f81850,U008658,School of Education,2023,0.2143
71cb82f5a80600a1,U008659,School of Education,2020,0.5985
84b073ea6147feca,U008660,School of Food Science,2023,0.9653
a9f52e2b5ec68e65,U008661,School of Economics,2023,0.1047
91f60cdd6e938eb8,U008662,School of Electrical Engineering,2020,0.1083
7383bc2aa2e91dcf,U008663,School of Education,2024,0.6891
e5ad150bf449191d,U008664,School of Design & Arts,2021,0.6981
23fbd1d38c2be8dc,U008665,School of Food Science,2023,0.0939
3e097b1312bc26bd,U008666,School of Mechanical Engineering,2023,0.8702
dc5cb512bb26393a,U008667,School of Information Engineering,2025,1.7506
e396f21a86b88a5f,U008668,School of Mechanical Engineering,2023,0.4746
a5f100d5f9eacc7e,U008669,School of Education,2025,0.6268
7c0c3b2ec337974b,U008670,School of Computer Science,2022,1.0454
c1b89d87f1407d8e,U008671,School of Mechanical Engineering,2024,0.9158
344375943ec7a9fd,U008672,School of Economics,2021,0.1113
dbea6ec50196b6d1,U008673,School of Economics,2024,0.2388
889b8fd96b14ca39,U008674,School of Education,2020,0.3974
bc9d54689c0f87a0,U008675,School of Applied Chemistry,2025,0.2496
7f766d94ec253e1a,U008676,School of Foreign Languages,2025,2.5599
196aeb57a1fb6de4,U008677,School of Design & Arts,2022,1.1135
65468ef0ba7c59d1,U008678,School of Foreign Languages,2023,0.1946
bdbebcf83724f988,U008679,School of Applied Chemistry,2023,0.4765
b1901daaacb003d4,U008680,School of Mechanical Engineering,2022,1.8283
c49b2924a00207f5,U008681,School of Business Administration,2024,0.3094
d52b141b1eac90c9,U008682,School of Education,2024,1.3834
f4c86c689efc333a,U008683,School of Mechanical Engineering,2023,2.3541
c2fbedb53531b30d,U008684,School of Information Engineering,2021,1.992
3f38758bb3603395,U008685,School of Economics,2025,0.7071
fa94ec2d15106537,U008686,School of Education,2021,2.0627
ecf65af953c6811d,U008687,School of Civil Engineering,2023,0.3502
207be91247c7e401,U008688,School of Information Engineering,2021,7.0914
c5d26303fad58d45,U008689,School of Design & Arts,2021,0.7511
9e1cd3ba8e38f778,U008690,School of Mechanical Engineering,2020,1.8585
26202eecf8d48d1e,U008691,School of Electrical Engineering,2022,0.4111
8869a354269db240,U008692,School of Applied Chemistry,2023,0.9728
e1375a6151868981,U008693,School of Food Science,2023,1.0166
1d9854df98ec71a0,U008694,School of Information Engineering,2024,0.2332
13aec82dc4709a09,U008695,School of Design & Arts,2024,0.2264
b8f3b611fdc68ac3,U008696,School of Mechanical Engineering,2021,0.4812
60f065df92517a6a,U008697,School of Civil Engineering,2020,1.7831
7cd388ff1551867f,U008698,School of Foreign Languages,2023,0.0946
38172ff44fab93fb,U008699,School of Mechanical Engineering,2023,0.4107
3f0ad8127d8197a6,U008700,School of Foreign Languages,2023,2.1877
0c8b96db82b7a61d,U008701,School of Education,2021,0.1722
c7c40cb6a1da1b6c,U008702,School of Computer Science,2024,2.0686
1fa7d5671bf47277,U008703,School of Economics,2020,0.1911
d372ccca7c328b66,U008704,School of Applied Chemistry,2023,0.2361
5ecdbf984abc7e8f,U008705,School of Education,2021,0.5096
ce45729833feb1a2,U008706,School of Design & Arts,2023,3.8438
484058dc52c81efc,U008707,School of Economics,2022,0.3113
21c5d6a5e66e9d27,U008708,School of Information Engineering,2024,0.1044
f4ca624b2ce2e3a9,U008709,School of Computer Science,2020,0.1453
fbb810518ce003ce,U008710,School of Civil Engineering,2023,1.4992
a21e850551f3f7ac,U008711,School of Food Science,2021,0.1523
bb203a7684c212f2,U008712,School of Design & Arts,2024,1.9366
96e38c1cb6191700,U008713,School of Business Administration,2021,0.633
4627fc7ef9c52089,U008714,School of Food Science,2020,0.5716
942bfdff7e447b87,U008715,School of Design & Arts,2024,0.7948
91514fd5b1312a11,U008716,School of Civil Engineering,2020,0.265
db6fec67710273b6,U008717,School of Electrical Engineering,2021,0.6776
70685935e5d1a28b,U008718,School of Foreign Languages,2024,0.1791
4fac688b3beac354,U008719,School of Food Science,2024,2.2748
2887f1d7e427bedd,U008720,School of Applied Chemistry,2024,0.2113
3080ca1e20efa026,U008721,School of Food Science,2022,0.9156
42f99ca5b23e28ec,U008722,School of Foreign Languages,2023,0.2098
991ec7f0aabb1f98,U008723,School of Mechanical Engineering,2024,0.3464
dc97b2102e8790d5,U008724,School of Economics,2021,0.4062
adaa41169f24b6ff,U008725,School of Applied Chemistry,2024,11.6388
5284bd95ece59c72,U008726,School of Applied Chemistry,2020,0.5819
0357010c3ce50ee9,U008727,School of Design & Arts,2025,0.2596
49e520b32565c2e0,U008728,School of Mechanical Engineering,2023,0.3785
2c12627f71b54392,U008729,School of Food Science,2023,0.1311
4a08f4eb00c0bafa,U008730,School of Food Science,2023,0.5017
0e43d4cb76edb0a6,U008731,School of Education,2021,3.7587
aa5101fbf70aeac4,U008732,School of Design & Arts,2022,0.8262
f67019dbf686b344,U008733,School of Business Administration,2024,1.457
79bb95c0d5a11990,U008734,School of Design & Arts,2023,0.2377
6ba3bb1ad4d174c9,U008735,School of Computer Science,2023,0.4817
aa25d6623c1e07b3,U008736,School of Applied Chemistry,2021,0.7239
d495dbd995de7283,U008737,School of Economics,2024,0.2858
f46487dbed9b9d85,U008738,School of Business Administration,2022,0.8807
4fa5def1029c6b72,U008739,School of Civil Engineering,2021,1.0925
b4d4fe1ea50f5283,U008740,School of Civil Engineering,2025,1.016
9e8d30a9efb8671c,U008741,School of Education,2023,0.5076
30e930eefd72a683,U008742,School of Applied Chemistry,2023,1.7575
5f2bc7df9ad2c616,U008743,School of Electrical Engineering,2025,0.4563
e360cb5220c6c07e,U008744,School of Electrical Engineering,2022,0.4165
fb1b86fafe86bc87,U008745,School of Computer Science,2025,2.4956
bb7776a4f9720eab,U008746,School of Information Engineering,2024,0.1952
8a813c620ed7f7c7,U008747,School of Foreign Languages,2023,0.1075
0cbece56e157d3e8,U008748,School of Economics,2021,0.2479
2068b01e6995be4b,U008749,School of Business Administration,2020,0.8696
bb92087bf8130712,U008750,School of Civil Engineering,2022,2.131
ac59242fee31d319,U008751,School of Economics,2020,0.305
55731959f2d2e9f4,U008752,School of Foreign Languages,2020,3.6249
db83dd3d4aa69a99,U008753,School of Mechanical Engineering,2023,0.6066
d1616da912f0d135,U008754,School of Mechanical Engineering,2024,0.526
27361b8cff5ad0a2,U008755,School of Mechanical Engineering,2021,0.2523
6f2f5669ca686d02,U008756,School of Applied Chemistry,2024,4.1552
569c933050f072b6,U008757,School of Food Science,2025,0.508
1f7e73c95008bb21,U008758,School of Mechanical Engineering,2024,0.1558
c506ad385a034409,U008759,School of Foreign Languages,2024,6.8941
5d5f79ecf04530ca,U008760,School of Foreign Languages,2024,0.8752
9e2076553e68c35d,U008761,School of Education,2021,1.3124
b88cfff73023f5cf,U008762,School of Applied Chemistry,2022,3.1726
be37a09cf2c78cfc,U008763,School of Education,2025,1.0914
56dfbeef97bea3e2,U008764,School of Civil Engineering,2023,1.565
9ea0bb290308fbf6,U008765,School of Computer Science,2024,0.6233
8a48393b3046420e,U008766,School of Education,2025,1.2296
cb51662a578cc4eb,U008767,School of Applied Chemistry,2021,0.5705
d54fa4ac55559767,U008768,School of Computer Science,2022,0.5786
c0815aec62dc9add,U008769,School of Design & Arts,2023,0.6655
28bc95758445121e,U008770,School of Civil Engineering,2020,0.397
c26850e6773a8956,U008771,School of Foreign Languages,2023,0.9776
3b8029a269fe4cbe,U008772,School of Foreign Languages,2024,0.9752
d1d39f5bbb8739d3,U008773,School of Mechanical Engineering,2023,1.339
aa40935f845657ce,U008774,School of Applied Chemistry,2022,1.1192
9d99d38bed33064b,U008775,School of Food Science,2024,4.3625
089ea8cf791a6505,U008776,School of Design & Arts,2021,1.6915
68eb108ad563c045,U008777,School of Foreign Languages,2025,0.4799
819c8e7f758bc4ef,U008778,School of Education,2021,0.9287
dbbc7c6e32644251,U008779,School of Electrical Engineering,2025,2.4247
58d15373b3a1db4a,U008780,School of Foreign Languages,2023,0.2283
84675cb6303fc4b8,U008781,School of Mechanical Engineering,2022,4.4249
fe6833414e4eba34,U008782,School of Information Engineering,2023,0.2721
7963a80c9cd6a393,U008783,School of Foreign Languages,2021,1.4525
521c11873392d954,U008784,School of Business Administration,2022,0.5943
9d46415a7eaadf95,U008785,School of Economics,2024,0.5611
53f50d739e886421,U008786,School of Food Science,2024,0.1604
f5568e0a910c3d02,U008787,School of Food Science,2021,1.463
8a1b2228bc50d4c3,U008788,School of Mechanical Engineering,2024,0.1628
487509c800868ff9,U008789,School of Computer Science,2024,0.1395
65fa0c6ecc5af336,U008790,School of Applied Chemistry,2024,1.8827
17e1b2cecec06150,U008791,School of Mechanical Engineering,2022,3.5346
4a113ad2f646feaf,U008792,School of Food Science,2020,0.3029
dc7cb281f1cea13c,U008793,School of Education,2025,1.6098
a6095ad94a5c255c,U008794,School of Economics,2022,1.3093
d96dcc90a202edd2,U008795,School of Computer Science,2022,0.5387
2e66825263d4de0c,U008796,School of Information Engineering,2024,2.2452
aa75f13d77c722f6,U008797,School of Economics,2021,0.5013
ddfc300fdc6feb31,U008798,School of Foreign Languages,2024,0.9906
0b96276f8c3c7397,U008799,School of Education,2020,0.1685
712dd3db88fa34ab,U008800,School of Electrical Engineering,2024,0.1759
2362c1b0533d6e23,U008801,School of Business Administration,2025,1.9004
a8fbb0672f00ed8b,U008802,School of Food Science,2025,1.0245
a702b34fb672c530,U008803,School of Information Engineering,2025,0.512
cda078b9fbd4c460,U008804,School of Applied Chemistry,2025,3.9782
348d3efc19332ec5,U008805,School of Civil Engineering,2022,3.9366
b908fe8f1945a581,U008806,School of Applied Chemistry,2025,0.9159
93d182e985eb6693,U008807,School of Electrical Engineering,2025,0.1377
dd88069e23a960c3,U008808,School of Mechanical Engineering,2023,0.528
802c05bf709ef998,U008809,School of Design & Arts,2022,0.2568
04d593047c0c6246,U008810,School of Business Administration,2021,0.6457
a1ef8f808cde497a,U008811,School of Information Engineering,2023,0.2315
090b8713f6aaa90f,U008812,School of Electrical Engineering,2024,0.1785
31e5b332c4e54d39,U008813,School of Computer Science,2022,0.0614
282236df1aa0bdfa,U008814,School of Foreign Languages,2022,0.6979
a9d2ed22aca6a627,U008815,School of Electrical Engineering,2023,0.0593
a7ed2522440cf1d2,U008816,School of Applied Chemistry,2020,0.4286
9db1b4649b8df961,U008817,School of Civil Engineering,2025,1.1822
6d726f859d2056db,U008818,School of Food Science,2022,0.2868
05dde8ca29fe9182,U008819,School of Information Engineering,2021,0.1995
92b744c709e1fa0c,U008820,School of Mechanical Engineering,2020,0.5516
b533bb4af801ab23,U008821,School of Food Science,2024,0.2578
6343c7cc54010305,U008822,School of Computer Science,2025,0.7108
cf7c65e97d3e59c3,U008823,School of Foreign Languages,2020,0.2102
2041598577619f4e,U008824,School of Design & Arts,2021,0.5318
2217385c9f69a7c1,U008825,School of Economics,2022,0.4175
83e6326bca195c6f,U008826,School of Design & Arts,2021,0.5836
79df70c8d462354c,U008827,School of Business Administration,2024,3.0287
3a222cc053eed4a9,U008828,School of Applied Chemistry,2020,0.7209
013fafbe3640f517,U008829,School of Computer Science,2023,0.9777
ca166fddd2617019,U008830,School of Electrical Engineering,2022,0.3161
624a5cf46dc96652,U008831,School of Applied Chemistry,2022,0.738
eb1fbc47bfde376c,U008832,School of Mechanical Engineering,2022,0.4485
546484e909481a4b,U008833,School of Mechanical Engineering,2021,0.6081
b6b5b38cee8ae3a2,U008834,School of Foreign Languages,2021,1.1297
13c131187fc93786,U008835,School of Information Engineering,2020,0.358
29cd044adb1fdb27,U008836,School of Food Science,2021,0.3965
a70a3a6f22e1548c,U008837,School of Design & Arts,2025,0.363
664ce3b378af61a7,U008838,School of Economics,2022,0.356
4d61a8efc841ee37,U008839,School of Civil Engineering,2022,0.702
7217073d47ec4b65,U008840,School of Foreign Languages,2021,0.4103
0d542f70b7ad8f09,U008841,School of Business Administration,2024,2.6405
80390bdf293adee0,U008842,School of Design & Arts,2025,8.6034
adf86e55f6274177,U008843,School of Computer Science,2024,0.3346
9627864ae89f4220,U008844,School of Economics,2023,0.7922
422c59344d98cf00,U008845,School of Electrical Engineering,2024,1.667
17a2f8a5192ad5e6,U008846,School of Economics,2022,0.4526
3cc04fae02cf7802,U008847,School of Food Science,2024,0.2184
b1ed16ebe57fbe92,U008848,School of Mechanical Engineering,2024,3.3574
c4a23c7b8eb86729,U008849,School of Mechanical Engineering,2020,1.1725
d2a7690b535bfdcb,U008850,School of Electrical Engineering,2023,0.812
a3032ea19632d02f,U008851,School of Applied Chemistry,2021,2.5181
c068d51aa6d961a8,U008852,School of Food Science,2020,1.2754
4a9ae3c575b53a72,U008853,School of Civil Engineering,2024,0.5627
3151f6e6da28554a,U008854,School of Food Science,2020,0.2223
55e3069f9724c450,U008855,School of Foreign Languages,2024,0.3605
22f408af781a4e6e,U008856,School of Foreign Languages,2025,1.9696
82ac0c7d5d492bbe,U008857,School of Food Science,2023,1.1678
528e9aa101400a2b,U008858,School of Computer Science,2022,0.4898
9f3b029de53d965d,U008859,School of Foreign Languages,2023,3.4541
ae27856296e75ad3,U008860,School of Economics,2024,0.5045
b35edea2344f3c22,U008861,School of Education,2021,1.5849
22a1a37ae14c3ae9,U008862,School of Business Administration,2021,0.7357
cb6b92bdd473ad91,U008863,School of Economics,2023,4.0794
a0b4424d0caa3d1d,U008864,School of Business Administration,2025,1.2536
6687bdddd4f55a4c,U008865,School of Education,2022,0.6183
35d2fb942f500081,U008866,School of Applied Chemistry,2022,0.4937
b8eeed9d4d2ea334,U008867,School of Food Science,2025,0.5814
b8910fd7d6a5db72,U008868,School of Applied Chemistry,2021,0.2858
8560b0ba13b944b5,U008869,School of Mechanical Engineering,2020,0.1505
bc7e16714ed8e15b,U008870,School of Electrical Engineering,2023,0.8039
5cc6dd583f4e9de4,U008871,School of Design & Arts,2020,0.3463
f2dd3b6e3e985daf,U008872,School of Design & Arts,2021,0.3454
c60a8bf91f5ca090,U008873,School of Applied Chemistry,2023,0.5402
a8b4214500ec2cc4,U008874,School of Foreign Languages,2023,0.622
5bf4c0d554f86a74,U008875,School of Applied Chemistry,2023,0.5947
68f5fb2fe6c77b35,U008876,School of Business Administration,2022,3.3578
2f95aa51d87e5573,U008877,School of Mechanical Engineering,2023,1.145
60afeaf69a1d14a5,U008878,School of Computer Science,2023,4.8589
ffafc577fe3a8791,U008879,School of Information Engineering,2024,0.3806
ea1e5a335cd78260,U008880,School of Foreign Languages,2024,1.2927
3a13f7f74cf0a340,U008881,School of Education,2023,0.4024
a09d610df3df5fd0,U008882,School of Education,2025,0.3368
ca098f3342fc981c,U008883,School of Applied Chemistry,2024,5.0457
3efd49c7498bcae6,U008884,School of Food Science,2021,0.2739
b28e8c117198af5b,U008885,School of Design & Arts,2025,0.0634
69330514199ee708,U008886,School of Information Engineering,2025,0.2908
0223e234a883dc56,U008887,School of Design & Arts,2022,0.0792
78e82b5d06783405,U008888,School of Applied Chemistry,2020,0.228
5ffe731b10877738,U008889,School of Applied Chemistry,2023,0.2502
8b291a58ef5d52a5,U008890,School of Economics,2022,0.6116
3cb3f9f68f33f386,U008891,School of Education,2024,0.076
0b2ffe0f0e6918e6,U008892,School of Business Administration,2023,1.9522
d53f8cddb57ea297,U008893,School of Mechanical Engineering,2020,0.0905
f6c675f72efc6bf9,U008894,School of Design & Arts,2021,0.5196
b6476985a92b1c74,U008895,School of Information Engineering,2025,0.4269
ab173fa51b265ef7,U008896,School of Civil Engineering,2020,1.3476
00f133e56bd93320,U008897,School of Education,2024,0.8391
253260ff9e92112a,U008898,School of Design & Arts,2022,1.9345
ed8185178c63a702,U008899,School of Education,2022,0.4113
6a970fcf41f5d8b6,U008900,School of Mechanical Engineering,2023,0.3709
bcc071a01c1ca099,U008901,School of Foreign Languages,2021,0.8921
74755bf7745aac19,U008902,School of Computer Science,2023,1.6523
87c51fe5b7f94550,U008903,School of Mechanical Engineering,2024,1.3472
48d44c1f588fa61a,U008904,School of Computer Science,2020,0.8145
983c4e7d510181e7,U008905,School of Education,2022,0.745
e58811cfacbde690,U008906,School of Civil Engineering,2024,0.5693
09e46c0b37489d6b,U008907,School of Education,2024,0.8895
2f643233fe501cc4,U008908,School of Information Engineering,2023,4.5174
19d099da1f878206,U008909,School of Design & Arts,2024,0.4632
2704875308c77ec0,U008910,School of Civil Engineering,2021,0.41
27bcb9c11c0548a6,U008911,School of Computer Science,2021,0.3798
53eb2aca048ed314,U008912,School of Applied Chemistry,2023,0.8714
065b4a7378ee0537,U008913,School of Design & Arts,2024,0.0707
d9dc929dc278c64c,U008914,School of Mechanical Engineering,2024,0.5158
9ee1dcbeebe8de69,U008915,School of Design & Arts,2021,1.4242
a759535289af3585,U008916,School of Computer Science,2023,0.3488
03452ec6c9b41dce,U008917,School of Economics,2023,0.7116
736d2a85383fb53f,U008918,School of Business Administration,2021,4.8663
8f9081597ae465ed,U008919,School of Computer Science,2023,0.8225
5a04658fac92bd34,U008920,School of Education,2023,0.0629
dd8c1a94e730c204,U008921,School of Business Administration,2021,0.1442
50d827873a07f8ba,U008922,School of Information Engineering,2022,0.4593
1f65a95d3b64046f,U008923,School of Applied Chemistry,2021,0.2643
e34cea3b9c649266,U008924,School of Design & Arts,2025,0.6547
833269fe5b1c2c20,U008925,School of Applied Chemistry,2021,0.4397
819fc04603cc9d25,U008926,School of Electrical Engineering,2021,1.8947
00017bc34906fe3c,U008927,School of Information Engineering,2020,0.1982
b78b8abc77422e9a,U008928,School of Computer Science,2020,0.4797
e6d0e8f04e0d794d,U008929,School of Mechanical Engineering,2021,0.7336
9805a659bc2a5f1a,U008930,School of Food Science,2023,0.8304
8f803f1fe0e2a424,U008931,School of Computer Science,2020,0.6837
0eb7781b75cc7668,U008932,School of Design & Arts,2022,0.053
0611d89192746dd5,U008933,School of Computer Science,2020,0.6416
0a253a1a7c1ad8a2,U008934,School of Design & Arts,2022,0.5078
c389aba49e58148c,U008935,School of Information Engineering,2020,1.4009
19494323648bb63c,U008936,School of Information Engineering,2023,1.2165
ed4ecbafdcf24603,U008937,School of Computer Science,2024,0.7511
2725d739063c2e4b,U008938,School of Computer Science,2024,0.8075
404b3a76c7f6e6e1,U008939,School of Computer Science,2021,2.2827
dda13753d60156db,U008940,School of Computer Science,2025,1.8651
4286e9531d176be0,U008941,School of Foreign Languages,2024,0.7775
f584788cf1a47d85,U008942,School of Civil Engineering,2020,5.0451
a56b705240543930,U008943,School of Information Engineering,2022,0.315
4da052c0e66e16d4,U008944,School of Education,2024,0.1804
a5ce983dbe80004a,U008945,School of Design & Arts,2022,0.584
303382f5f6935c9a,U008946,School of Electrical Engineering,2022,0.4062
89a0fe8f857bf125,U008947,School of Applied Chemistry,2023,0.0502
5d878456d3281b16,U008948,School of Computer Science,2020,0.3075
62e6fb41fd5a0bf5,U008949,School of Electrical Engineering,2025,0.8324
c3e7f22959f3c06a,U008950,School of Mechanical Engineering,2021,0.5571
ac0d476f005f8f0a,U008951,School of Economics,2020,0.2716
efe3b880e54a8b83,U008952,School of Electrical Engineering,2020,0.6159
9192fa2e01a0fef5,U008953,School of Foreign Languages,2022,0.6677
38c3be70f39ce49f,U008954,School of Mechanical Engineering,2025,1.2069
94b026347f2014d7,U008955,School of Information Engineering,2024,0.3108
a86f8da7ea36f15a,U008956,School of Electrical Engineering,2025,1.4146
a9bb38cb76687bda,U008957,School of Mechanical Engineering,2023,0.1984
0a422a7c41b1bb81,U008958,School of Education,2022,0.3569
0da255ee3bf6dc96,U008959,School of Mechanical Engineering,2022,3.2284
db199d415e045712,U008960,School of Applied Chemistry,2020,0.2121
876ea31227b5d8eb,U008961,School of Electrical Engineering,2025,0.3055
35d14399a545cf01,U008962,School of Business Administration,2023,0.1686
df97f9d03e5bb975,U008963,School of Information Engineering,2022,0.2581
750bd60268dee170,U008964,School of Computer Science,2023,0.678
0a3d73168af20e40,U008965,School of Mechanical Engineering,2024,1.1967
4cf3af77a05b1f69,U008966,School of Applied Chemistry,2021,0.5795
0d6149dff490095d,U008967,School of Business Administration,2024,0.4267
905a7933b88e09a7,U008968,School of Mechanical Engineering,2024,0.1704
4d62e4eb6666abcc,U008969,School of Information Engineering,2024,0.2853
dc85293be800f9ba,U008970,School of Food Science,2020,0.1258
8d966981884a4267,U008971,School of Business Administration,2021,1.2331
285943f51e31f526,U008972,School of Applied Chemistry,2023,1.3219
675387d312b29dc1,U008973,School of Electrical Engineering,2024,0.567
5c06bcb6a3840921,U008974,School of Civil Engineering,2025,0.918
40c7b0f0a9a504aa,U008975,School of Food Science,2023,1.418
fc9225c4bbb3585d,U008976,School of Foreign Languages,2021,0.6532
c2f190e6c3ab22d1,U008977,School of Applied Chemistry,2021,2.3788
848ab4f8f07f1f1a,U008978,School of Business Administration,2023,0.2121
e0622af66e2e422c,U008979,School of Food Science,2021,0.4166
a94ba178e30f1c28,U008980,School of Mechanical Engineering,2023,0.3698
c2d04dbb985db6c7,U008981,School of Applied Chemistry,2024,1.1278
22ddec10720c30fe,U008982,School of Design & Arts,2022,0.1407
1fbf51774ddb81d3,U008983,School of Education,2022,2.5117
866e1be15e87d837,U008984,School of Information Engineering,2020,1.0354
4709e68bd37c46c7,U008985,School of Computer Science,2021,3.3983
69ebc87fae5da9be,U008986,School of Mechanical Engineering,2024,0.5669
4bf7b1063b7f2c6e,U008987,School of Business Administration,2022,0.3405
7355e6f6bc0bb785,U008988,School of Education,2021,1.1389
09ae1f889261b03a,U008989,School of Mechanical Engineering,2021,1.6546
f39cf595cb1c01c4,U008990,School of Economics,2020,0.289
967f52c46200c188,U008991,School of Education,2023,0.0801
5efaaf4de8894249,U008992,School of Information Engineering,2023,0.0951
4f478191356dff25,U008993,School of Electrical Engineering,2023,0.7667
c58f02fd80acd8ef,U008994,School of Food Science,2023,2.7544
6cf3d874188856cd,U008995,School of Foreign Languages,2021,0.1608
17936c746cbd7691,U008996,School of Mechanical Engineering,2023,0.4496
af9ca85a1bc191e6,U008997,School of Food Science,2020,0.4167
84d7eb9e08084e41,U008998,School of Economics,2025,4.029
5830503d978cd782,U008999,School of Computer Science,2020,5.6502
dee055a4d7dfe910,U009000,School of Electrical Engineering,2022,0.9025
765d198be7a4cb74,U009001,School of Computer Science,2020,1.4492
6468799434f1b4c5,U009002,School of Applied Chemistry,2024,1.4094
6c37ee8d9d210c1d,U009003,School of Economics,2021,0.1641
d83d5628bdb91ea2,U009004,School of Foreign Languages,2025,1.1871
2d7e38924293c239,U009005,School of Education,2020,0.213
5bab8fba4f7f62c1,U009006,School of Information Engineering,2024,0.4973
d618dc3c39018805,U009007,School of Education,2023,1.8455
3c98cab2d36812de,U009008,School of Food Science,2021,0.6401
f2ddf65f0fa19961,U009009,School of Electrical Engineering,2021,1.778
efc5274f1e485bb2,U009010,School of Information Engineering,2022,2.1646
5a7b004c324af581,U009011,School of Business Administration,2024,0.1019
021aaba3de4c202b,U009012,School of Education,2025,0.0669
792f85a7708cd334,U009013,School of Mechanical Engineering,2021,1.8872
cec5a4b6db29e990,U009014,School of Information Engineering,2022,1.9648
a891cb0d8c7870b3,U009015,School of Mechanical Engineering,2021,0.7631
585b3bfe426262bc,U009016,School of Business Administration,2021,0.8739
5ed97e5c76eaccb8,U009017,School of Economics,2023,1.442
9abf4815bf6c6201,U009018,School of Mechanical Engineering,2022,1.4154
686a1d31754e815e,U009019,School of Education,2021,0.4355
7981e8427b6175b9,U009020,School of Electrical Engineering,2025,1.5355
fd575c517921a84b,U009021,School of Applied Chemistry,2024,0.4175
000484504682f23b,U009022,School of Design & Arts,2024,0.7532
28de9b9260b0331a,U009023,School of Economics,2020,0.7211
3996a354d2bdaa3b,U009024,School of Design & Arts,2025,0.25
e182ce2532a73f6d,U009025,School of Mechanical Engineering,2023,0.2808
b82fae54ec86288c,U009026,School of Economics,2023,5.513
c4a5e19721ba4716,U009027,School of Information Engineering,2020,0.242
ef1ae0f1b201d0f8,U009028,School of Applied Chemistry,2025,0.8547
f8bd54c7bdbe65cf,U009029,School of Food Science,2023,1.0542
48c5b76271afc7b5,U009030,School of Applied Chemistry,2024,0.5592
8488216d77a47966,U009031,School of Civil Engineering,2023,1.1554
2a4a94ce7ff1175e,U009032,School of Computer Science,2024,0.8204
eeabdddb8d3ccf3d,U009033,School of Economics,2024,0.2473
6277f6ac77c677ad,U009034,School of Design & Arts,2025,1.0099
7674f268d57c1305,U009035,School of Economics,2021,0.3424
f57e4167d21adcb5,U009036,School of Food Science,2021,3.3658
913cbba8977fcc0e,U009037,School of Design & Arts,2024,0.9068
24c16c95c9a6c141,U009038,School of Electrical Engineering,2023,0.2931
7002d5f8e8b96d62,U009039,School of Design & Arts,2023,0.8313
d455a3bfc144934d,U009040,School of Electrical Engineering,2024,0.2341
5eeac28e4ddb64a6,U009041,School of Business Administration,2023,0.764
c843b94f320b4907,U009042,School of Electrical Engineering,2024,0.4711
08b6bcaccd9d8f41,U009043,School of Civil Engineering,2022,0.2582
4a8504ed6b1b5bfb,U009044,School of Business Administration,2024,0.255
39130e70e2648939,U009045,School of Computer Science,2021,6.7391
34a9cca1721b3fdb,U009046,School of Applied Chemistry,2023,0.6469
a1b9687321eedcb4,U009047,School of Information Engineering,2025,0.3834
c30d3225aef28512,U009048,School of Information Engineering,2021,0.3224
a916f50373ddd4ef,U009049,School of Economics,2022,0.9457
830298aeec06537f,U009050,School of Food Science,2022,0.3118
97267469f78d584c,U009051,School of Computer Science,2023,0.1976
2458cfb39abfa175,U009052,School of Information Engineering,2022,0.5715
46025f848291a45f,U009053,School of Civil Engineering,2021,0.5672
380e2814408bfc63,U009054,School of Business Administration,2025,0.3891
4cdd79927dd17936,U009055,School of Food Science,2021,0.2421
600d52cdaaf04be5,U009056,School of Mechanical Engineering,2023,0.3993
cc9067d067c2aca3,U009057,School of Applied Chemistry,2023,0.3691
8fb48153309eb1e8,U009058,School of Electrical Engineering,2020,0.3213
7b4c79ca20d1cf2a,U009059,School of Civil Engineering,2020,0.7784
568ece153e8da248,U009060,School of Economics,2025,5.4697
77dceca466612dbf,U009061,School of Computer Science,2023,2.2362
1085ad8d4aa041c7,U009062,School of Food Science,2020,4.1161
13e39fbb5c6a9a04,U009063,School of Education,2024,0.3346
2cef9008226457a8,U009064,School of Civil Engineering,2023,3.1509
b3439a8cc0cd5a04,U009065,School of Electrical Engineering,2020,0.741
d0432c53dd05bd74,U009066,School of Business Administration,2024,1.5831
cd250e1ca8bdb29d,U009067,School of Economics,2023,0.933
a3caff7d09edb078,U009068,School of Foreign Languages,2021,0.4188
05ad7895d26bb369,U009069,School of Civil Engineering,2025,1.2123
f2a4e27bb639d38b,U009070,School of Foreign Languages,2022,0.9588
e9806d4b133291e8,U009071,School of Electrical Engineering,2022,0.1007
c2b5569b717b774a,U009072,School of Foreign Languages,2022,0.5215
e9441a6caf6a2cbb,U009073,School of Economics,2024,1.4126
1cdb13ab32d90bec,U009074,School of Civil Engineering,2024,0.7791
4ca67afc1a3e53c5,U009075,School of Design & Arts,2025,0.9441
c462768f7bc2587a,U009076,School of Applied Chemistry,2021,0.2785
d898ba40c95f936d,U009077,School of Mechanical Engineering,2024,0.7628
8ad9cc0701af4ea0,U009078,School of Mechanical Engineering,2023,0.5361
9b33b4f85122105a,U009079,School of Computer Science,2022,0.4817
ada045c15eafa66f,U009080,School of Computer Science,2020,0.2993
ff9ae046eb0e5da1,U009081,School of Business Administration,2024,1.4738
e70d785d3d2bcff9,U009082,School of Education,2021,0.834
a58f4a50fbd9d527,U009083,School of Design & Arts,2023,0.7539
a0a5c1562a3e932a,U009084,School of Mechanical Engineering,2023,4.5895
3150edc92542d513,U009085,School of Food Science,2020,0.9482
36776951c66a89b3,U009086,School of Computer Science,2025,1.9611
d89016b9162c1863,U009087,School of Education,2024,0.7756
18f7c122a8049fea,U009088,School of Business Administration,2023,0.4147
32c842d0b36a2a6e,U009089,School of Information Engineering,2024,0.2047
014cc85a2c6aef9e,U009090,School of Information Engineering,2023,0.7516
8a6af7014a403242,U009091,School of Electrical Engineering,2024,0.0412
5746386e53fbf9a1,U009092,School of Education,2021,0.7753
46a59bddfb2b04a1,U009093,School of Applied Chemistry,2022,0.8093
5185c8fe1a2cccd0,U009094,School of Information Engineering,2022,0.4749
4f068592eee4d1af,U009095,School of Computer Science,2022,0.5383
293dfdc3cec680a7,U009096,School of Civil Engineering,2022,0.1689
f1bf0f71d54b1a08,U009097,School of Applied Chemistry,2021,2.3599
2f4f3ca44a2634ca,U009098,School of Food Science,2025,0.4214
0fdc8723a18caae0,U009099,School of Mechanical Engineering,2020,0.2233
7a15427ed372508f,U009100,School of Mechanical Engineering,2020,1.0178
9d213eb3db511020,U009101,School of Foreign Languages,2022,0.6595
cca24b9fad22235c,U009102,School of Information Engineering,2023,0.4126
657a4b8c1fbe5cc5,U009103,School of Foreign Languages,2021,0.3712
9180283ed084eec2,U009104,School of Electrical Engineering,2023,0.5871
44f64af5a0f48a0f,U009105,School of Electrical Engineering,2024,2.2678
5b98db661694b8fd,U009106,School of Information Engineering,2020,0.9442
12ac1a39219438c6,U009107,School of Economics,2025,0.5704
83d4de298f8939d0,U009108,School of Business Administration,2022,1.3846
c34b5a554bdfc9f5,U009109,School of Mechanical Engineering,2023,0.6069
00b45478bce9215a,U009110,School of Design & Arts,2021,0.8821
6c31e5b8d6d1bdf6,U009111,School of Information Engineering,2024,0.6867
b22f4650ce4efc1a,U009112,School of Business Administration,2024,1.0648
dc0396d24c79c533,U009113,School of Business Administration,2021,0.3786
94d4f274c386e155,U009114,School of Design & Arts,2021,0.1889
5b8d987ccf16a3d0,U009115,School of Economics,2022,1.4621
2189d4bd125f93cb,U009116,School of Food Science,2020,2.6589
b68c1aa3b2f10edb,U009117,School of Education,2025,0.1981
57157be8029369c9,U009118,School of Business Administration,2023,0.7063
b6707b6d1c122fb6,U009119,School of Business Administration,2023,0.3769
26c54203ecbc5eef,U009120,School of Business Administration,2025,1.4281
23a9d75ae267d999,U009121,School of Business Administration,2024,0.7555
a53e9ea0d449d6af,U009122,School of Mechanical Engineering,2024,16.4523
4c76db247a486161,U009123,School of Design & Arts,2022,0.4367
cb3258f9c065088c,U009124,School of Mechanical Engineering,2022,2.7464
944d95441f66e849,U009125,School of Mechanical Engineering,2022,3.0272
82a1248db0fdd83b,U009126,School of Electrical Engineering,2022,1.0066
68f11a4c1f372319,U009127,School of Economics,2022,0.6127
7311d58074582e42,U009128,School of Civil Engineering,2021,0.6491
dd012f45986fc187,U009129,School of Electrical Engineering,2022,0.5964
1c3b983b474a378c,U009130,School of Business Administration,2022,1.8336
276766a4900e9f31,U009131,School of Foreign Languages,2022,0.2467
3dd4902229361dcb,U009132,School of Computer Science,2021,0.5026
4597e05be6de6d11,U009133,School of Education,2022,0.4452
61253c01f1e04b8c,U009134,School of Information Engineering,2023,0.1051
92cadc1f7dd4e209,U009135,School of Economics,2024,1.3936
25eedc44ccc62a9f,U009136,School of Foreign Languages,2024,1.709
24d629240f0b1fad,U009137,School of Electrical Engineering,2021,0.3131
57469a632aa35693,U009138,School of Electrical Engineering,2020,1.6539
ba37c691b87d425d,U009139,School of Education,2022,0.1212
8fe548678f4bb032,U009140,School of Foreign Languages,2021,0.6047
0fb8aada71ffa2b1,U009141,School of Mechanical Engineering,2022,0.5203
388bb470c89da6bb,U009142,School of Applied Chemistry,2025,0.6445
6c7b2616f3cb3b14,U009143,School of Foreign Languages,2021,0.6412
4dd152ec12a4b550,U009144,School of Electrical Engineering,2022,0.5466
e6eff4e5158d07bb,U009145,School of Foreign Languages,2024,0.4006
04676742ddec1682,U009146,School of Design & Arts,2023,0.5296
0f4d2a141819b4e0,U009147,School of Computer Science,2020,2.3076
029f824d7d86723d,U009148,School of Mechanical Engineering,2021,0.331
29fbda222b9f8278,U009149,School of Mechanical Engineering,2025,5.6313
3cbf6ee30dda983b,U009150,School of Foreign Languages,2021,0.3128
9ac573d57b1cba80,U009151,School of Economics,2023,0.7506
bd2ed0027f33872e,U009152,School of Electrical Engineering,2024,1.0452
ec90971571f8df4c,U009153,School of Civil Engineering,2021,0.441
bb2516f1b2a03818,U009154,School of Applied Chemistry,2024,2.3522
589e853d72432923,U009155,School of Food Science,2021,1.0184
513eb4e74e16fcaa,U009156,School of Applied Chemistry,2022,0.481
705f5744ee77e527,U009157,School of Applied Chemistry,2022,2.3263
cf24069750af2166,U009158,School of Applied Chemistry,2025,0.2138
1a66e960815af460,U009159,School of Information Engineering,2021,0.3354
f68a39a935d9d7b1,U009160,School of Foreign Languages,2021,1.0362
0a7b4fa6fa2cec08,U009161,School of Food Science,2025,1.3158
765cf9663af60159,U009162,School of Information Engineering,2021,0.8151
4321dd4e45684088,U009163,School of Mechanical Engineering,2025,0.5199
3c24029165f21aef,U009164,School of Civil Engineering,2023,0.4591
1e6a0ed46060fcbb,U009165,School of Economics,2023,1.8301
3ee91825f544f8bb,U009166,School of Mechanical Engineering,2024,0.7508
f478212e403f9308,U009167,School of Foreign Languages,2024,0.2468
6511ffd13c991281,U009168,School of Business Administration,2021,0.233
dd80b46f88dca076,U009169,School of Business Administration,2025,2.6817
d5187c80ec0d052e,U009170,School of Business Administration,2025,0.2877
0ea7ff9fbbc59a67,U009171,School of Applied Chemistry,2025,0.7755
56fcf0ede63cc262,U009172,School of Design & Arts,2023,2.2794
ce812323da7d0224,U009173,School of Civil Engineering,2023,1.0152
1bedf7a012ddae79,U009174,School of Design & Arts,2023,0.2767
08e48d6c6fced796,U009175,School of Economics,2020,0.2138
b930d655aab8acd4,U009176,School of Economics,2023,3.8301
03bd119a5a6ff374,U009177,School of Foreign Languages,2023,0.2084
d67f3d75ce0a0005,U009178,School of Applied Chemistry,2023,0.3395
f260b6918c7296c5,U009179,School of Business Administration,2022,0.8568
52f9401bb98c4d35,U009180,School of Foreign Languages,2023,0.4743
6d2871746b8d3757,U009181,School of Foreign Languages,2023,1.0479
dc9a52ac6e247bc1,U009182,School of Food Science,2022,0.136
92e7b334d3c73d4d,U009183,School of Foreign Languages,2025,0.4784
0c8d1b340fbab52f,U009184,School of Information Engineering,2024,1.1626
f6e4e02fbc55ab43,U009185,School of Applied Chemistry,2020,1.1666
33dcef6e4234351b,U009186,School of Foreign Languages,2020,0.3331
345da34b1c42764d,U009187,School of Education,2024,0.2125
ea89d20718ec31b0,U009188,School of Computer Science,2022,0.731
6a1df5598ca75f69,U009189,School of Food Science,2024,0.1589
47411f631a7f6d66,U009190,School of Computer Science,2021,2.1324
70f34d53bead9a26,U009191,School of Electrical Engineering,2020,0.691
5f51797d6ceaad09,U009192,School of Education,2022,0.2941
7f392db5e1b9b235,U009193,School of Information Engineering,2024,0.2057
17ce96d94280acc2,U009194,School of Business Administration,2025,0.3135
542da7460decb4a8,U009195,School of Food Science,2025,0.1238
8d7690906dee54d6,U009196,School of Food Science,2023,0.9683
015256a5908abdf1,U009197,School of Information Engineering,2024,0.2645
6d0f2326313dffb1,U009198,School of Economics,2020,0.8804
609a1b9eb174aa8c,U009199,School of Design & Arts,2023,1.0106
6ac22f2c7baf9c16,U009200,School of Food Science,2025,1.5511
f40028a1d3888591,U009201,School of Civil Engineering,2022,0.7595
12c8d04e953170e6,U009202,School of Design & Arts,2025,1.8189
d96f8e6ff11560e2,U009203,School of Business Administration,2021,2.361
4ac456f398328b77,U009204,School of Design & Arts,2021,0.7643
6713b63e93e15a92,U009205,School of Civil Engineering,2023,0.8118
ddfd8e0219bf345d,U009206,School of Electrical Engineering,2025,0.3381
0d6b18e4b4cc5f51,U009207,School of Computer Science,2022,0.2199
c5ee61a76b9e2d70,U009208,School of Electrical Engineering,2024,2.1278
7edf214170afd4f9,U009209,School of Business Administration,2021,1.0819
1ce7e31f13d34016,U009210,School of Food Science,2024,1.1733
0400a36796fdfc9e,U009211,School of Electrical Engineering,2023,0.327
c3a1451465369a69,U009212,School of Electrical Engineering,2021,2.9949
6cbb0793b6293e36,U009213,School of Education,2024,0.4697
3b8c7dee0fd37d28,U009214,School of Civil Engineering,2024,0.2648
3216a7c16107dff9,U009215,School of Foreign Languages,2023,0.3326
b927ad11a78352eb,U009216,School of Education,2021,2.8411
18a5a6f6297556d7,U009217,School of Food Science,2021,0.1944
8087604f6c19f939,U009218,School of Electrical Engineering,2025,0.2786
be90b92509d9bee4,U009219,School of Applied Chemistry,2023,10.7135
1a79c7307723a1f5,U009220,School of Economics,2024,1.5129
86fd57e6b0c5aa10,U009221,School of Applied Chemistry,2024,0.2836
bd60c1f6a7f0037d,U009222,School of Computer Science,2024,0.2002
16edd97065ec03a2,U009223,School of Applied Chemistry,2021,0.1108
98074217a2ac99c7,U009224,School of Mechanical Engineering,2023,0.6506
3d8f436f2fa11287,U009225,School of Food Science,2023,1.2226
5494cf80e8733020,U009226,School of Design & Arts,2021,2.6961
9db45af80abb2567,U009227,School of Computer Science,2021,0.0888
198625fd2c699768,U009228,School of Civil Engineering,2023,0.1569
afd09539ab8e2bce,U009229,School of Mechanical Engineering,2025,0.5238
ecdee13b001a383b,U009230,School of Economics,2023,9.5895
4407a9b514e404ab,U009231,School of Applied Chemistry,2020,1.4317
57202ebab272541c,U009232,School of Mechanical Engineering,2025,0.8571
f7b88cf61745e574,U009233,School of Civil Engineering,2021,0.1734
100f381367dcb115,U009234,School of Mechanical Engineering,2021,0.0709
ea0e599406c894d9,U009235,School of Electrical Engineering,2025,0.6138
70d026f964701345,U009236,School of Food Science,2024,0.5345
97403e24736370d7,U009237,School of Design & Arts,2025,0.4517
5af41b7b019f618b,U009238,School of Civil Engineering,2024,0.4036
a92ec2becf11c5fc,U009239,School of Applied Chemistry,2023,0.2793
e19201885286380e,U009240,School of Applied Chemistry,2022,0.2221
3aac9a9225c73b7e,U009241,School of Information Engineering,2022,2.3691
7d57cda8c44e02ba,U009242,School of Business Administration,2025,0.2433
17ff92e7feeca447,U009243,School of Economics,2025,0.4479
6efc3c09fad6c2f9,U009244,School of Education,2022,0.5677
a58b30a14b3a1b00,U009245,School of Information Engineering,2022,1.1963
c99441912d1f53ef,U009246,School of Food Science,2022,0.2519
392c3d3c694546b2,U009247,School of Mechanical Engineering,2022,1.57
2b8523f16f7686e3,U009248,School of Applied Chemistry,2025,0.3307
b24f5b73cfc60f53,U009249,School of Economics,2020,0.5021
64b3faa58936c7c2,U009250,School of Business Administration,2022,3.0529
04ebe053d83802f7,U009251,School of Education,2025,0.224
fe29634a8b082a83,U009252,School of Education,2023,1.214
75ed775647a3add9,U009253,School of Civil Engineering,2022,1.6122
4eba68da5fd585c4,U009254,School of Food Science,2022,0.8048
299fd64f503dfe2b,U009255,School of Mechanical Engineering,2020,0.5249
3d44be48438bca61,U009256,School of Applied Chemistry,2021,4.9466
20dfa304b981cf96,U009257,School of Computer Science,2020,0.5823
bcb28f8d2670a2c2,U009258,School of Design & Arts,2021,0.724
3e115f4d64aee0f3,U009259,School of Computer Science,2021,0.4217
03517ef15049dff9,U009260,School of Civil Engineering,2022,0.6867
d2b40730475e1a6c,U009261,School of Foreign Languages,2020,1.5482
66dcb7fabe606f1b,U009262,School of Business Administration,2025,0.4483
6f52f9486d5b627c,U009263,School of Food Science,2021,0.0717
269a133c1aac8186,U009264,School of Foreign Languages,2022,0.9867
1a3799186ab9b55e,U009265,School of Computer Science,2025,0.2008
c7d2c614ea133ba2,U009266,School of Foreign Languages,2021,1.2397
1215aef104851e0e,U009267,School of Computer Science,2023,0.5896
83732dbc2ade796f,U009268,School of Applied Chemistry,2024,1.516
68bf7a8d243e324c,U009269,School of Design & Arts,2023,0.2287
625034c70d499453,U009270,School of Economics,2021,0.3457
99443c61e688e850,U009271,School of Electrical Engineering,2024,0.4202
ba1a1ce3c130e561,U009272,School of Civil Engineering,2024,0.1341
49c339ea0d0fb9c4,U009273,School of Civil Engineering,2022,1.7939
c7eaf4611563642f,U009274,School of Food Science,2020,0.1162
8b2332ff39135f4d,U009275,School of Food Science,2020,1.7688
269f1889ea115437,U009276,School of Business Administration,2024,0.9025
1dc05017b7696ecf,U009277,School of Information Engineering,2022,0.4839
c23187d9b4171766,U009278,School of Education,2021,0.8337
43393205fede613d,U009279,School of Business Administration,2023,0.8112
d15bbe49867df16b,U009280,School of Business Administration,2025,0.3956
ac06d5ba14f90ad4,U009281,School of Information Engineering,2020,0.7954
396f9183ff7b560b,U009282,School of Information Engineering,2020,1.2265
5014c6b7a6369d01,U009283,School of Mechanical Engineering,2022,0.2295
b6a1c60b58052930,U009284,School of Design & Arts,2024,0.8346
d7113eed60a9dcdf,U009285,School of Applied Chemistry,2023,0.0427
39a6de66ac6ccd4d,U009286,School of Information Engineering,2025,0.0857
1c638a44964c7efd,U009287,School of Design & Arts,2020,1.0382
1f552f2662e3960e,U009288,School of Business Administration,2022,0.3887
de1550af7b074168,U009289,School of Applied Chemistry,2022,0.2515
9576a170cac22097,U009290,School of Foreign Languages,2022,0.5599
28aab8f8ee3baf6b,U009291,School of Civil Engineering,2023,0.3973
c2462362e4f3e1f4,U009292,School of Computer Science,2024,0.2197
95d2091f83b313a8,U009293,School of Food Science,2022,0.1146
65a1033e2c96b528,U009294,School of Economics,2024,0.0825
92b13fc8b6692c21,U009295,School of Food Science,2021,1.2359
85001ff775cc6940,U009296,School of Information Engineering,2023,0.3869
83bcf81165acc58a,U009297,School of Computer Science,2022,1.5567
65be4cbca02b03c6,U009298,School of Electrical Engineering,2023,0.383
3f58dd84954edb07,U009299,School of Business Administration,2021,0.8419
8e1b0a44020924d3,U009300,School of Electrical Engineering,2025,0.5208
4d3e161d6b1718b6,U009301,School of Business Administration,2025,0.6172
e30626bcaf5e9175,U009302,School of Civil Engineering,2024,0.6479
7a2ab0606887c4f0,U009303,School of Foreign Languages,2025,0.3781
961851d5564d30a8,U009304,School of Electrical Engineering,2021,0.1726
5b9935b51211e170,U009305,School of Foreign Languages,2023,1.2701
d5328a54d553ce75,U009306,School of Electrical Engineering,2022,2.9053
2baddd209c22354d,U009307,School of Civil Engineering,2025,3.1025
39eca14ded789e9d,U009308,School of Computer Science,2021,0.3395
5c675b7e0423401d,U009309,School of Information Engineering,2021,0.2836
0b026665f3db2dba,U009310,School of Mechanical Engineering,2024,0.3392
7ad7f497c01640db,U009311,School of Business Administration,2020,0.4952
ab26a07cb5e87cac,U009312,School of Design & Arts,2024,0.5602
a60513344373795c,U009313,School of Information Engineering,2021,0.2176
a77cb3f3508d76f9,U009314,School of Civil Engineering,2023,0.1344
e166aaf60702be39,U009315,School of Information Engineering,2025,0.6206
bfc47d0df55abf01,U009316,School of Electrical Engineering,2023,0.0173
23e3e0545e98203e,U009317,School of Computer Science,2021,0.5338
d037400dda30c7b7,U009318,School of Business Administration,2020,0.2295
5cac7df92634b74b,U009319,School of Applied Chemistry,2020,1.2881
52672c521880bb91,U009320,School of Food Science,2020,1.6831
b08e7b319c71a2ea,U009321,School of Design & Arts,2023,1.7233
878f153f95b21507,U009322,School of Business Administration,2022,0.4175
cf3655e1e69d0f9c,U009323,School of Food Science,2021,0.1897
8b5b8c5b615661b5,U009324,School of Education,2021,0.2614
406b2d62b9e1c64b,U009325,School of Economics,2025,0.7871
beb166c49a317a55,U009326,School of Business Administration,2021,0.1139
59a9fb3a55c8d897,U009327,School of Business Administration,2022,2.3787
5f6010be82fa87b6,U009328,School of Education,2023,0.4242
eee11c594d2c7dc9,U009329,School of Food Science,2020,0.9735
46662ed473645435,U009330,School of Civil Engineering,2025,0.0994
fd5247041a978c01,U009331,School of Civil Engineering,2020,0.2339
24560c4f9a7e28af,U009332,School of Applied Chemistry,2024,0.0878
891640a42f205a16,U009333,School of Food Science,2023,1.6392
2a05cd3221ed567c,U009334,School of Computer Science,2024,0.503
77a4f27d228ee0d7,U009335,School of Foreign Languages,2023,1.0453
c600b0a99e50c6d6,U009336,School of Education,2024,0.629
480dbf08f37cf95d,U009337,School of Computer Science,2022,0.9431
9bb3bcc96027d429,U009338,School of Computer Science,2023,0.4213
e31b8fd82e79e2ef,U009339,School of Information Engineering,2024,0.4816
788a7c562ce6c669,U009340,School of Foreign Languages,2023,0.5386
64787a9b8f8e9345,U009341,School of Computer Science,2023,0.8857
c7f9f67e668b8c5a,U009342,School of Mechanical Engineering,2021,0.9095
b67f1a8b2c14052c,U009343,School of Applied Chemistry,2021,9.8201
70b986f1d735d824,U009344,School of Applied Chemistry,2022,3.1727
dae36f868ee6003e,U009345,School of Mechanical Engineering,2020,0.0997
b920a7e14ba6a686,U009346,School of Foreign Languages,2022,0.5117
dea72eae16899369,U009347,School of Applied Chemistry,2020,0.3934
c334d2930bc2f064,U009348,School of Civil Engineering,2023,2.1236
67d28ae148ef59ca,U009349,School of Electrical Engineering,2024,0.4305
0ca3ed360ff80264,U009350,School of Design & Arts,2023,0.9392
5f8156689af78631,U009351,School of Economics,2024,0.057
739cb0730bcfa26f,U009352,School of Economics,2020,0.1299
5dbb7a494f6e1110,U009353,School of Electrical Engineering,2020,4.7841
610357c8a666c003,U009354,School of Applied Chemistry,2024,0.6208
49ea333749fbdd55,U009355,School of Computer Science,2024,0.2175
3481b6011bbc22cc,U009356,School of Business Administration,2024,0.7527
10a432f28c903a5b,U009357,School of Food Science,2023,0.206
ec6dc98b38a6d79c,U009358,School of Electrical Engineering,2024,0.4447
85c15bb3445862af,U009359,School of Computer Science,2024,0.1381
9d0405d20ff1f174,U009360,School of Foreign Languages,2024,0.2683
693df7c5d8291030,U009361,School of Foreign Languages,2024,0.3893
6c9a8257c3f25867,U009362,School of Computer Science,2020,1.8107
815a4acc16d3e2e4,U009363,School of Business Administration,2020,0.939
ba82eeea8c04e7b2,U009364,School of Design & Arts,2022,1.118
c501264d2e431d7d,U009365,School of Education,2023,0.5753
8eb6daeacbbf1c68,U009366,School of Information Engineering,2024,1.3443
33f933571b95ff5d,U009367,School of Business Administration,2022,0.2465
f4f8698b25cac5eb,U009368,School of Education,2022,0.2837
57f2ca64a8d301de,U009369,School of Foreign Languages,2024,0.8874
087f1307a18b1731,U009370,School of Design & Arts,2021,0.4466
fad1b39ebadc802f,U009371,School of Electrical Engineering,2024,0.5823
af58cfb0fe7c93d4,U009372,School of Civil Engineering,2021,0.501
1f30c1a5fca5591e,U009373,School of Business Administration,2022,2.0677
1eabece5d2480555,U009374,School of Economics,2022,2.1783
8c5e25c4d546d880,U009375,School of Applied Chemistry,2022,0.3156
9443f96f266cae37,U009376,School of Economics,2020,0.1016
9812a289a6e4ccc3,U009377,School of Food Science,2021,0.2898
5dd75d2eb16bf7ac,U009378,School of Information Engineering,2022,0.2408
7e5277988cf3d724,U009379,School of Food Science,2022,1.3563
d75ba95514956a55,U009380,School of Computer Science,2024,1.4821
ee5ab40de4e531c9,U009381,School of Computer Science,2020,0.2105
850c18413c96836e,U009382,School of Civil Engineering,2022,0.2776
b26a4e5adcb26761,U009383,School of Computer Science,2020,0.1345
44bd5cde6d377b79,U009384,School of Electrical Engineering,2025,0.6753
265771dd1daf8dc5,U009385,School of Foreign Languages,2024,0.5644
f3420837ace1fad1,U009386,School of Computer Science,2025,1.2997
891831072c181728,U009387,School of Design & Arts,2025,0.9706
4028c59a0667c75c,U009388,School of Electrical Engineering,2022,1.0868
cb71b7d42f0ffdf6,U009389,School of Computer Science,2024,0.1263
1d9b3cae92efa0b8,U009390,School of Information Engineering,2022,0.3156
36b3fcdb43a04da1,U009391,School of Food Science,2025,1.5248
430bd704d8bb3916,U009392,School of Information Engineering,2022,0.3445
ac2baf97f19c1227,U009393,School of Applied Chemistry,2022,0.116
8b17eba10ef49048,U009394,School of Computer Science,2025,1.3244
d63ccf011a853520,U009395,School of Education,2024,0.3315
efc31ba145f0e941,U009396,School of Mechanical Engineering,2025,1.7085
df334a84f15acbd3,U009397,School of Civil Engineering,2020,0.5796
e5b42110a81731a7,U009398,School of Applied Chemistry,2021,0.4474
edbcb48c5d53c4c9,U009399,School of Education,2022,2.3075
6e576f0d36167ac0,U009400,School of Information Engineering,2022,0.1605
6fffb308b2fa757f,U009401,School of Economics,2023,2.4774
71474f49da0825a2,U009402,School of Mechanical Engineering,2022,0.3115
07f84b70c7021fa4,U009403,School of Computer Science,2024,0.6944
399a9e6885916648,U009404,School of Food Science,2021,0.701
2f5d9d76e28a3304,U009405,School of Electrical Engineering,2024,0.3851
86b6942376b9fbf4,U009406,School of Design & Arts,2024,0.2755
cd6a2750b54f1cf6,U009407,School of Electrical Engineering,2023,0.4079
ee017dbf01c8ed5a,U009408,School of Food Science,2022,0.214
bc6517fdc48804fd,U009409,School of Information Engineering,2021,4.1995
b5864676f1c11741,U009410,School of Education,2021,0.3649
7230c0c765e30183,U009411,School of Business Administration,2024,1.8813
5607167c9fd21024,U009412,School of Design & Arts,2022,1.649
909ef7b479a3f3a6,U009413,School of Computer Science,2020,0.8487
9e3ff428ae05c89d,U009414,School of Economics,2025,0.5155
37cc9165e80c0c33,U009415,School of Foreign Languages,2024,0.7166
e282e6cc33f3f0a9,U009416,School of Information Engineering,2024,1.0462
6884c7578538395e,U009417,School of Business Administration,2022,0.6528
6d9ce450d74d57be,U009418,School of Foreign Languages,2025,0.1232
e6c665a365812b11,U009419,School of Applied Chemistry,2021,0.0958
5c09462652a745d3,U009420,School of Applied Chemistry,2021,2.6697
40fbbc3ce3cd101c,U009421,School of Electrical Engineering,2025,0.0424
6e1596598627948e,U009422,School of Foreign Languages,2025,0.718
ede63c2b7256b1de,U009423,School of Education,2023,0.4667
e0612806adc5274c,U009424,School of Information Engineering,2021,0.6934
844db4c71f22def7,U009425,School of Foreign Languages,2022,0.1888
21b22059446ce7d6,U009426,School of Education,2024,0.8383
1a12abb34ea2c3b9,U009427,School of Business Administration,2024,0.7254
c542c111cb4e75f7,U009428,School of Civil Engineering,2022,9.3372
a07ca07dad23343c,U009429,School of Applied Chemistry,2020,0.6723
75cd2bbcffd8dea5,U009430,School of Economics,2023,2.2733
1f05bf6a014c0848,U009431,School of Foreign Languages,2024,0.1319
2f719d9757db0ace,U009432,School of Education,2022,1.6374
460294a84bba13e5,U009433,School of Applied Chemistry,2023,0.7403
fc552015539aaef7,U009434,School of Food Science,2025,0.7732
22d9215fc8ca2a52,U009435,School of Applied Chemistry,2021,0.7839
2af20f6a48e88390,U009436,School of Computer Science,2023,3.2522
be886a1d83528d29,U009437,School of Foreign Languages,2023,0.7619
f3dc4059916e0408,U009438,School of Electrical Engineering,2023,0.2695
d7a5d16b64a7ed1b,U009439,School of Design & Arts,2025,0.3189
9a705848bff3c225,U009440,School of Design & Arts,2023,1.3366
6f120780a9ff4e05,U009441,School of Mechanical Engineering,2023,0.9235
b7c0e7991b9452d0,U009442,School of Applied Chemistry,2021,0.1278
9f0f4d6db8de2503,U009443,School of Mechanical Engineering,2024,0.9877
15b8de36cdb04851,U009444,School of Electrical Engineering,2021,0.2
cc3dba81a9d48976,U009445,School of Design & Arts,2020,0.9151
ef576e06ebd5ab3f,U009446,School of Design & Arts,2023,0.2638
10c8ad1f0e4b2e2a,U009447,School of Information Engineering,2023,0.4455
bdfb98f0b9f8f78b,U009448,School of Food Science,2025,0.3424
b7ef28e67c566127,U009449,School of Foreign Languages,2024,2.6964
dc89c48ecdbc2ed3,U009450,School of Computer Science,2024,0.8824
a00788856c891564,U009451,School of Civil Engineering,2022,2.0836
e22ac05f0e6fecd6,U009452,School of Information Engineering,2023,10.6782
bc9f8d3a5b9e7226,U009453,School of Electrical Engineering,2025,0.6187
f188a9bd9200ab03,U009454,School of Foreign Languages,2022,2.6511
01ae68a5b4f77d00,U009455,School of Food Science,2024,0.2933
87d4acd5220b1b23,U009456,School of Design & Arts,2023,2.0707
4549c2b79bc68230,U009457,School of Computer Science,2021,0.2633
11fb4c583fc47aff,U009458,School of Food Science,2023,0.5796
4c2ca120715354f0,U009459,School of Applied Chemistry,2021,1.0099
b8d2463bce4b704d,U009460,School of Foreign Languages,2020,1.182
54e1403c140d7c48,U009461,School of Foreign Languages,2021,0.1654
0cec8fbce96dfedb,U009462,School of Electrical Engineering,2021,0.2481
be4e8d83cf722fe0,U009463,School of Mechanical Engineering,2022,1.0881
be608e13a58da567,U009464,School of Design & Arts,2025,0.4087
a7b5e04d8b29273c,U009465,School of Food Science,2022,0.146
678274825e09bf5f,U009466,School of Food Science,2024,0.5499
3077a8173ff656cb,U009467,School of Food Science,2023,0.5242
fb44ad08affab2fa,U009468,School of Electrical Engineering,2020,0.7046
f4686bae8c4bd6f4,U009469,School of Food Science,2021,1.0022
18d1707bc4912db8,U009470,School of Mechanical Engineering,2025,0.9405
58c934b2bbc27674,U009471,School of Computer Science,2023,0.2738
df5fb4fdd4e00eed,U009472,School of Design & Arts,2025,0.3915
ab4e382461cd3da7,U009473,School of Computer Science,2022,1.493
35693f065640510e,U009474,School of Mechanical Engineering,2024,0.3429
56ce98ee1d17e3b6,U009475,School of Business Administration,2024,0.3977
f540dbf8bd1522d4,U009476,School of Education,2025,0.1312
b4344eed79f79c86,U009477,School of Civil Engineering,2020,0.5737
c1221ec0dc2af9a5,U009478,School of Business Administration,2025,0.8338
a67e5c3d57547c3f,U009479,School of Design & Arts,2022,0.0819
a6fbca5e7682b1d9,U009480,School of Electrical Engineering,2024,0.2025
efa3678703dfb90a,U009481,School of Electrical Engineering,2023,0.1425
146bae2a7bc82473,U009482,School of Education,2023,1.2987
ab9715e080053103,U009483,School of Applied Chemistry,2022,0.0872
940d0ebf53f1ecf7,U009484,School of Mechanical Engineering,2024,0.5457
a6209edd6fb2a83b,U009485,School of Education,2021,1.2103
44103fae1baa185e,U009486,School of Mechanical Engineering,2023,0.7124
25d8935a911d32bd,U009487,School of Foreign Languages,2023,0.3802
86099046f4049390,U009488,School of Information Engineering,2024,0.8348
20de48fe3dd947be,U009489,School of Computer Science,2023,1.6652
fe996c4d50cc6541,U009490,School of Education,2024,0.5301
db3c811e90d47dab,U009491,School of Business Administration,2023,0.0629
2a8833a4e6107eb1,U009492,School of Education,2023,1.8603
df375100db98499a,U009493,School of Computer Science,2024,0.881
6890b8248fc7659d,U009494,School of Electrical Engineering,2024,0.5712
e5da8d7937b9b429,U009495,School of Education,2024,0.0815
d8be7d8549f60594,U009496,School of Foreign Languages,2023,0.4381
0b6cd9bb722203ad,U009497,School of Computer Science,2021,0.246
55e410033ea0a67c,U009498,School of Foreign Languages,2024,0.1749
58810c8a4496af50,U009499,School of Civil Engineering,2020,0.5151
a5586c22b59ecefd,U009500,School of Information Engineering,2021,0.3454
fed2cf3b81299b3d,U009501,School of Computer Science,2024,0.3689
fd2de5b5e650d775,U009502,School of Business Administration,2022,1.2369
5473755b57c01dc2,U009503,School of Civil Engineering,2023,0.7623
61980e78436f25f1,U009504,School of Food Science,2025,0.3597
76861dda669962e6,U009505,School of Applied Chemistry,2021,0.3168
b5aeb1e68b02ceb7,U009506,School of Information Engineering,2020,0.3746
ba7004f898781e53,U009507,School of Design & Arts,2021,0.461
e01568203471ba5a,U009508,School of Applied Chemistry,2021,1.0587
d3909eb1622370cd,U009509,School of Electrical Engineering,2024,0.2081
6a8a21db58142a44,U009510,School of Business Administration,2024,2.5381
b13c4925b314876b,U009511,School of Foreign Languages,2023,1.0595
880feb637384ea9d,U009512,School of Applied Chemistry,2021,0.0382
9b28a6749a9e1bdc,U009513,School of Civil Engineering,2023,0.643
4419182de2328544,U009514,School of Business Administration,2020,1.6715
7e8dee5cff869afd,U009515,School of Information Engineering,2024,0.8708
30ddac93dd4e6f72,U009516,School of Business Administration,2023,0.3909
ea650e137dd516df,U009517,School of Design & Arts,2020,0.5554
1e6ba1a6af93eba7,U009518,School of Mechanical Engineering,2024,0.7056
1c45d207f51cdd4b,U009519,School of Mechanical Engineering,2024,1.2745
38b9fe5bb5c8ac98,U009520,School of Education,2022,0.1434
098a25835886becc,U009521,School of Computer Science,2023,0.3224
35bb7331b258e2bd,U009522,School of Information Engineering,2023,3.0391
71770f1a5f065684,U009523,School of Education,2021,0.6101
8eafe8ca8249a749,U009524,School of Electrical Engineering,2021,2.7207
c3a827dd68048c46,U009525,School of Mechanical Engineering,2024,11.6883
aad3074c090b29fe,U009526,School of Civil Engineering,2025,0.3609
f53fc91621c2c691,U009527,School of Mechanical Engineering,2023,0.1783
e214c7dc0f9a2404,U009528,School of Computer Science,2023,0.4527
b8b266db6aa7cc16,U009529,School of Education,2023,1.7718
afbea8ac5c06a40b,U009530,School of Economics,2022,2.0378
b6c53f8d8ee03d8e,U009531,School of Civil Engineering,2020,5.7257
c875d97f1c1b57b5,U009532,School of Electrical Engineering,2022,0.569
99bf7f5d17da9a33,U009533,School of Design & Arts,2025,0.9618
577cfd85a3646200,U009534,School of Design & Arts,2024,0.2897
3eced859925250eb,U009535,School of Economics,2025,0.0481
bd02c22a18c4fab3,U009536,School of Applied Chemistry,2021,0.5674
f96881cbc8506e62,U009537,School of Mechanical Engineering,2023,0.1862
ce384f80a1de81ae,U009538,School of Food Science,2023,1.1234
9c87dad61b6e38cf,U009539,School of Electrical Engineering,2021,0.09
acc5e8f2a3d21999,U009540,School of Economics,2021,0.2819
9b100f126f43f0a3,U009541,School of Economics,2024,0.7716
01dc3efbbdac6f89,U009542,School of Business Administration,2024,0.8567
23332c7feb54b28f,U009543,School of Applied Chemistry,2023,0.563
cbff1feffc52a08e,U009544,School of Economics,2021,3.8203
238fc547be4773e8,U009545,School of Electrical Engineering,2023,2.8362
1ac008579e720f07,U009546,School of Economics,2020,0.2978
c1249cd11c224b73,U009547,School of Applied Chemistry,2021,2.9518
641d055d60d4734b,U009548,School of Education,2023,3.4391
ec94757ebb15f506,U009549,School of Food Science,2022,0.5216
6d04dfa1e7655d6c,U009550,School of Education,2025,0.6178
f08d158d216cbd1a,U009551,School of Business Administration,2023,0.5612
f4e735bd2e5e99f9,U009552,School of Foreign Languages,2020,0.3097
e47d7d94966b36ce,U009553,School of Economics,2020,0.3421
d3cdcea7302482e0,U009554,School of Civil Engineering,2024,2.2085
c4cec9a4dd5356f2,U009555,School of Business Administration,2021,0.9143
89864e936be92a4c,U009556,School of Computer Science,2021,0.3392
19f4bf57ba5af8d4,U009557,School of Applied Chemistry,2022,0.2339
c707de7762920492,U009558,School of Food Science,2021,0.2766
54f6ec77ada17028,U009559,School of Food Science,2023,0.5011
62492bdf49670f7e,U009560,School of Food Science,2023,1.4713
9a0a56bb4f851649,U009561,School of Education,2021,0.2498
d9cfae4c8069750a,U009562,School of Information Engineering,2024,1.4546
a1f073e4d0f9e99b,U009563,School of Education,2022,0.7189
00e54d3c7ca3db80,U009564,School of Applied Chemistry,2023,0.681
8ce19f60d220f426,U009565,School of Information Engineering,2020,1.6467
48e7a6f759994f61,U009566,School of Information Engineering,2023,1.3721
58d2d84d2166265a,U009567,School of Computer Science,2022,0.1449
1f0b25a6da87e06d,U009568,School of Computer Science,2023,0.1997
2ba0fa2a71f2c152,U009569,School of Information Engineering,2022,0.4693
74398bdf386bf345,U009570,School of Electrical Engineering,2025,0.8428
5d49141eb6a49b85,U009571,School of Applied Chemistry,2021,2.3107
1abd867150bb1e95,U009572,School of Computer Science,2025,0.6301
98cd0e8feff48eca,U009573,School of Foreign Languages,2025,3.2436
1a93d07949ab677f,U009574,School of Foreign Languages,2022,0.2912
dd9ff505a57cba0c,U009575,School of Electrical Engineering,2022,0.3449
71b686bb6044e644,U009576,School of Mechanical Engineering,2022,0.4349
797a58e8a81ce189,U009577,School of Computer Science,2025,0.2607
b85db3f5aea424aa,U009578,School of Design & Arts,2023,1.8821
0a53671e46a512cc,U009579,School of Electrical Engineering,2023,0.037
e1b6777a59e71dbe,U009580,School of Applied Chemistry,2020,0.3568
60b607f8d799f163,U009581,School of Food Science,2024,1.8612
d6504e8c950840f7,U009582,School of Economics,2020,0.432
d22832166d8e3a8f,U009583,School of Design & Arts,2020,1.7261
0734a7db768bca3a,U009584,School of Information Engineering,2022,5.3158
e78896e9b7c1e484,U009585,School of Foreign Languages,2023,0.6398
76531d8c2a3cc795,U009586,School of Computer Science,2025,1.9001
b207c9c6038788c3,U009587,School of Electrical Engineering,2024,6.6335
f4d92cd788c67954,U009588,School of Foreign Languages,2021,0.8826
df2cc2d3a740254d,U009589,School of Economics,2022,0.5627
f42e845c0328296d,U009590,School of Foreign Languages,2024,1.4557
fbf2682270b36eb6,U009591,School of Computer Science,2023,1.9294
880824e93286d385,U009592,School of Civil Engineering,2021,0.5679
a5d6e0b3751942f5,U009593,School of Electrical Engineering,2022,0.3639
eacdddfb8215d33f,U009594,School of Civil Engineering,2023,3.2884
c94779339cf8e606,U009595,School of Economics,2025,0.4504
1c3962edc91e0253,U009596,School of Education,2023,1.9478
bff5051b9a789c5b,U009597,School of Electrical Engineering,2020,0.7679
ace3863074e022c7,U009598,School of Computer Science,2024,3.6691
007069d9c005220f,U009599,School of Food Science,2021,0.2526
f21976b73780afbc,U009600,School of Information Engineering,2025,0.2521
89d4c4c613ef0b6f,U009601,School of Electrical Engineering,2022,1.3875
26501f4996f9855c,U009602,School of Education,2021,0.1906
75508bddf29a0dd8,U009603,School of Food Science,2022,0.6634
2d30beb9500a8ca5,U009604,School of Economics,2021,2.7771
083a0ac28e1b2c6e,U009605,School of Food Science,2021,0.0991
ff08fbf0618d29b6,U009606,School of Business Administration,2023,0.8826
c14a9c939c7a4ff1,U009607,School of Mechanical Engineering,2024,1.9833
04ad033d10c86270,U009608,School of Food Science,2024,0.5753
2d44cfcdcc1c2c26,U009609,School of Civil Engineering,2022,0.2336
97b42273d536663a,U009610,School of Computer Science,2020,0.454
117751b891e82421,U009611,School of Civil Engineering,2023,0.2552
83e282cbab8b42b3,U009612,School of Economics,2022,0.6326
03171db19983cf69,U009613,School of Civil Engineering,2021,0.4477
e08cd15e9a9c91da,U009614,School of Design & Arts,2025,0.3534
96695bbc4f0bec6d,U009615,School of Applied Chemistry,2025,0.941
e14396d41c97a485,U009616,School of Civil Engineering,2020,2.8637
aa42cd95d2c6b96d,U009617,School of Education,2024,0.8194
89d3a4d12f1eb5bf,U009618,School of Education,2023,2.2629
db0010c75a59fb40,U009619,School of Civil Engineering,2021,2.8629
e1a8630b0fc57529,U009620,School of Economics,2023,0.3284
1253f55207edb1bb,U009621,School of Foreign Languages,2021,0.7771
6d6602606877e621,U009622,School of Information Engineering,2020,0.386
5151a5ad913dc380,U009623,School of Food Science,2025,0.1341
98070a87667175b5,U009624,School of Foreign Languages,2023,0.8426
295df8cd52f4d64d,U009625,School of Food Science,2021,0.2061
a9b11f6bc704aafa,U009626,School of Economics,2022,0.9582
5dea959622afacc0,U009627,School of Education,2025,0.1246
3b8fed7958d08a45,U009628,School of Applied Chemistry,2022,0.7005
5688e6c15605f242,U009629,School of Mechanical Engineering,2025,0.1227
448e6905c6d55315,U009630,School of Computer Science,2025,1.1582
3157fa85b91c3d92,U009631,School of Information Engineering,2022,0.3984
39e6d1ddb2b2b530,U009632,School of Business Administration,2024,0.3618
dc3804314499f7c4,U009633,School of Applied Chemistry,2023,1.8212
c1d73e5ad10a0c7a,U009634,School of Education,2024,0.428
d59e45a6734d652f,U009635,School of Economics,2022,0.6596
257a1be5795c9017,U009636,School of Civil Engineering,2020,0.484
737298b418b9df6e,U009637,School of Civil Engineering,2021,0.9806
b3bf145f144851e0,U009638,School of Applied Chemistry,2023,1.6752
6ed7126cc5b3a01b,U009639,School of Electrical Engineering,2024,1.3616
c2e643add3e6ae47,U009640,School of Design & Arts,2024,0.3702
86e1ef00dc5f92d6,U009641,School of Education,2023,1.9779
834be956a9932447,U009642,School of Information Engineering,2020,0.2361
91e9fb29edade776,U009643,School of Electrical Engineering,2020,0.281
6a6c1ef08e2b70a1,U009644,School of Mechanical Engineering,2024,0.5195
24b5b5c85629e194,U009645,School of Food Science,2023,1.6817
da423e9e4b478ca7,U009646,School of Business Administration,2024,0.1832
93f3b36ab71ee8dc,U009647,School of Design & Arts,2021,1.4398
ce34b90ed42b57a2,U009648,School of Mechanical Engineering,2022,0.5589
cb4d67f606ee3cb0,U009649,School of Civil Engineering,2025,0.3826
6ad278959687ea27,U009650,School of Food Science,2021,1.7697
6e30cb013affa2e3,U009651,School of Education,2020,0.2646
782a3c8f5029fcb9,U009652,School of Information Engineering,2023,5.8047
1e6fd25f3ae034e9,U009653,School of Design & Arts,2023,0.4948
2f79629db1b1561c,U009654,School of Business Administration,2025,0.6858
18ee9c1807db3fe7,U009655,School of Foreign Languages,2025,2.7618
5aeecf1742b48cee,U009656,School of Applied Chemistry,2024,0.7039
5c47d841b52d06a2,U009657,School of Economics,2020,1.9384
c93baae242a808f4,U009658,School of Food Science,2023,0.0837
934a272fec4780e4,U009659,School of Electrical Engineering,2025,0.3792
dcb1b57058b1ed5c,U009660,School of Mechanical Engineering,2022,0.8779
14e7668d6bb28991,U009661,School of Computer Science,2025,1.7409
fe6741bda0d2c70d,U009662,School of Business Administration,2023,1.2747
1f549f419cb116df,U009663,School of Information Engineering,2021,1.1607
5f26292559c5d17e,U009664,School of Foreign Languages,2023,1.7058
583264ba9e7ead91,U009665,School of Food Science,2024,0.9493
d43c27dcdeaae9d1,U009666,School of Applied Chemistry,2020,0.0692
222af32d8fac9c5b,U009667,School of Applied Chemistry,2022,2.4973
81d63ba0dae2e0e1,U009668,School of Design & Arts,2024,0.2555
ee0f745caebf2beb,U009669,School of Food Science,2021,0.8078
8f78eca4682b11da,U009670,School of Mechanical Engineering,2022,0.7075
e5c41311c66d0869,U009671,School of Applied Chemistry,2024,0.619
cea105609f5224d5,U009672,School of Food Science,2024,0.1953
98a9be7b535148f5,U009673,School of Information Engineering,2023,0.0849
5e3835ab3c619277,U009674,School of Applied Chemistry,2025,0.2167
792e86d3b32a8070,U009675,School of Mechanical Engineering,2025,1.3488
dda7d38e1076c9d3,U009676,School of Food Science,2023,0.139
46117a9284dcfbc2,U009677,School of Design & Arts,2021,0.2448
7c4520205f95f887,U009678,School of Education,2024,0.8968
ea61ae96c365d9f6,U009679,School of Computer Science,2021,0.2113
94568a77f7c1581a,U009680,School of Foreign Languages,2024,0.343
b06ee65e56893d20,U009681,School of Economics,2023,0.6407
297667c893de30e6,U009682,School of Mechanical Engineering,2022,0.7832
86899a428cca28ac,U009683,School of Economics,2023,0.2072
e412d66cd00884a7,U009684,School of Foreign Languages,2023,0.6797
8382b1a2d87f92da,U009685,School of Design & Arts,2025,0.8797
42df85d3d3585b8d,U009686,School of Applied Chemistry,2021,0.1653
d317defbf43d2c19,U009687,School of Economics,2025,0.7319
ea82d5bb84a4673e,U009688,School of Information Engineering,2020,0.2883
1ef1afb5b3ff459a,U009689,School of Electrical Engineering,2024,0.6683
e19a793ae355b673,U009690,School of Computer Science,2025,1.2166
65ba2d8cc06e6e54,U009691,School of Food Science,2022,0.495
a07b870a4ac8fe27,U009692,School of Business Administration,2020,1.4717
d46741bd10256a67,U009693,School of Mechanical Engineering,2024,1.3019
a8f239d0328137a5,U009694,School of Education,2024,1.4635
6b2b66833f0f1cf6,U009695,School of Electrical Engineering,2022,0.8835
a380e38769a6add3,U009696,School of Economics,2023,1.7749
bfdbee787b8644cc,U009697,School of Business Administration,2024,0.8677
b24d8a2ba8e2de7e,U009698,School of Foreign Languages,2021,0.1114
d0d3bd2c041be232,U009699,School of Education,2023,0.2674
cfddcb98eaae59cc,U009700,School of Economics,2022,0.4779
ed3f2c011e776973,U009701,School of Computer Science,2021,0.5411
1e499dd840f8dc2d,U009702,School of Design & Arts,2024,0.8443
518c89edfd7aca4c,U009703,School of Economics,2022,0.2634
03e5f0683eb3827a,U009704,School of Food Science,2025,4.4004
cc9c29aa214cde16,U009705,School of Computer Science,2023,0.5329
29b19c5ae1cea9ed,U009706,School of Business Administration,2023,0.5858
d06a021b3e323778,U009707,School of Civil Engineering,2022,0.3019
024d6a75d3d9b12d,U009708,School of Computer Science,2022,0.2165
2be99400f241d7b9,U009709,School of Foreign Languages,2024,0.5203
952b83b581b8f4ba,U009710,School of Design & Arts,2024,0.6069
cfb4bacfda640a8c,U009711,School of Civil Engineering,2024,0.5412
dc8858c73250373b,U009712,School of Economics,2022,3.0899
a9df237264b65206,U009713,School of Business Administration,2021,0.5203
3e871fb4b84d4b50,U009714,School of Food Science,2020,0.5418
dbf8345d4c733f49,U009715,School of Applied Chemistry,2024,1.3341
cd7347f04d271e69,U009716,School of Education,2022,0.4975
6a53fca66dee6864,U009717,School of Design & Arts,2023,1.0124
6194b2b6ad9ad1f8,U009718,School of Economics,2022,0.1643
89d6be08d022fa8d,U009719,School of Business Administration,2022,0.1656
5601996e705c82ff,U009720,School of Business Administration,2024,0.667
9d8597da4d1ee832,U009721,School of Applied Chemistry,2023,0.4683
cb6629891c3a797e,U009722,School of Business Administration,2025,0.2629
ee37bf96a683c31f,U009723,School of Mechanical Engineering,2021,0.6669
7d714153df22718d,U009724,School of Civil Engineering,2023,0.7277
ff818252365db592,U009725,School of Computer Science,2020,0.2903
57f2fbaba3220532,U009726,School of Design & Arts,2024,0.3514
6da9d99df7284539,U009727,School of Applied Chemistry,2023,0.7332
ae5fb9ead8ade0dd,U009728,School of Applied Chemistry,2022,0.2127
609768f1f0724466,U009729,School of Economics,2024,0.3227
15916c9298ab8600,U009730,School of Mechanical Engineering,2022,1.007
63e30cee41ad39ec,U009731,School of Economics,2021,0.5765
73d488cf98813d7b,U009732,School of Civil Engineering,2023,0.3663
084b93fbb00a7015,U009733,School of Foreign Languages,2020,0.2393
5497e2b0df0fe936,U009734,School of Economics,2025,0.2143
c34b4168948b98ae,U009735,School of Computer Science,2024,0.5175
2ca3f92043abb4ab,U009736,School of Business Administration,2024,4.4763
715db24c2b28e73b,U009737,School of Economics,2025,1.0395
cd9d8f43a082e018,U009738,School of Design & Arts,2024,0.1557
4aeae7dfb789ea9a,U009739,School of Business Administration,2022,1.1975
55b6b15c12eb8ee8,U009740,School of Computer Science,2021,0.2764
e817cd028a9d9e74,U009741,School of Food Science,2022,0.5875
d41fb24fda60c331,U009742,School of Applied Chemistry,2025,0.3276
53f40eff2950c963,U009743,School of Food Science,2025,4.4627
a480b3e46886e4ee,U009744,School of Foreign Languages,2024,0.1899
a8c752490b2408d0,U009745,School of Business Administration,2021,0.8078
253384ae2b363642,U009746,School of Business Administration,2021,0.2975
8f0d9effebf21689,U009747,School of Education,2025,1.2359
84b4d5f3ead8a2b8,U009748,School of Foreign Languages,2021,0.7917
d0a8e6cf819b66f8,U009749,School of Design & Arts,2023,2.07
92321670024a9539,U009750,School of Foreign Languages,2022,1.2106
419dd52e7dc5f651,U009751,School of Electrical Engineering,2022,0.2951
f1c4f77c662f621b,U009752,School of Computer Science,2024,10.9047
e89f608f94f25d5b,U009753,School of Economics,2025,1.0288
18875e31be64d0b2,U009754,School of Food Science,2024,0.3404
170aa694d8548947,U009755,School of Food Science,2023,0.7251
7ebe77cb54855467,U009756,School of Economics,2022,1.1094
198acb8e2a8177cc,U009757,School of Food Science,2025,1.068
9c0bbbbb05984b38,U009758,School of Applied Chemistry,2023,0.9695
4a7372c596154afd,U009759,School of Computer Science,2023,1.5519
09f79b9e29112130,U009760,School of Mechanical Engineering,2024,1.4066
0c1fc871b045d711,U009761,School of Computer Science,2021,0.2529
8c9901ce370ecab5,U009762,School of Civil Engineering,2020,4.8601
bcd474b9b91d2ae2,U009763,School of Information Engineering,2024,4.2286
30ee89f0ce1321be,U009764,School of Computer Science,2023,1.3152
2a69fe7d1fc5a5fb,U009765,School of Education,2021,0.6137
ccb85f6a201b7d7d,U009766,School of Computer Science,2022,0.6243
1a2513fbcab18e7e,U009767,School of Electrical Engineering,2025,0.4271
eb57224adb389bfa,U009768,School of Design & Arts,2023,0.4861
a375718fa0e35dfd,U009769,School of Food Science,2023,0.0663
8c825b1b22f7bf45,U009770,School of Education,2020,2.7272
b8a32196e22fe8a1,U009771,School of Economics,2025,1.9164
60e53dfdc0a9d024,U009772,School of Information Engineering,2025,0.1104
8e907b4000348851,U009773,School of Information Engineering,2023,1.4376
e87c7119317cab8f,U009774,School of Foreign Languages,2022,0.5858
3e0e9b32dbe4f742,U009775,School of Food Science,2024,0.4838
2bd57a22fe278da0,U009776,School of Design & Arts,2024,0.9664
88442c25d5ac278c,U009777,School of Food Science,2024,0.1033
6f976a407da9113e,U009778,School of Foreign Languages,2025,0.5838
2e63d9647eaee9b7,U009779,School of Electrical Engineering,2023,0.6392
3d26f32bedc451ef,U009780,School of Food Science,2022,0.6398
4e0121d85f08a1ce,U009781,School of Economics,2023,0.1504
ae7e51252fa612e5,U009782,School of Electrical Engineering,2024,0.923
08a4babfc07c502d,U009783,School of Design & Arts,2021,1.7037
3934f17697d5253c,U009784,School of Applied Chemistry,2021,0.8872
1d5b033557c8443d,U009785,School of Information Engineering,2024,0.4695
f6fe27d829c7ed89,U009786,School of Computer Science,2022,8.6888
58d491a3dac81913,U009787,School of Business Administration,2024,0.2342
f4b7cce7e70e3d79,U009788,School of Computer Science,2021,1.2795
0553d4594dfdcad3,U009789,School of Applied Chemistry,2022,0.753
123328183d54d109,U009790,School of Applied Chemistry,2021,4.4163
03d77c7c982a5515,U009791,School of Food Science,2024,0.8691
858317a8ba1d3329,U009792,School of Mechanical Engineering,2024,1.077
19dfac9352568d25,U009793,School of Economics,2022,0.9789
3e502d1c9603bd29,U009794,School of Business Administration,2023,0.2049
d8bccbe0a0b644cd,U009795,School of Electrical Engineering,2021,0.2476
7f3f0e8267bf3c0b,U009796,School of Information Engineering,2024,0.4481
36a7bfdab1afcfc3,U009797,School of Mechanical Engineering,2025,1.5378
a1969174a50d8d19,U009798,School of Information Engineering,2024,0.7453
63ebd0fd45b77bf8,U009799,School of Business Administration,2021,0.4801
5440e66e16db32b4,U009800,School of Electrical Engineering,2023,2.3284
196db7a00abb39e8,U009801,School of Computer Science,2022,0.0813
9c216363c55529af,U009802,School of Information Engineering,2020,0.1616
5f5f56bc448fd06e,U009803,School of Electrical Engineering,2021,0.0486
e2adf31b567391b3,U009804,School of Information Engineering,2021,1.9765
98e24bf4a6312e4b,U009805,School of Foreign Languages,2021,0.5359
cbd61fd403263fc2,U009806,School of Foreign Languages,2024,1.5516
85f9f51c80415f14,U009807,School of Mechanical Engineering,2022,0.5293
21d553071eee1290,U009808,School of Design & Arts,2024,1.6424
714435302739cbfa,U009809,School of Food Science,2025,0.5201
62a45368db346231,U009810,School of Education,2023,0.8895
463b580b1652a525,U009811,School of Mechanical Engineering,2023,0.7684
b6b17c4682979891,U009812,School of Education,2024,0.8275
c5f8ec7a9b68f5ef,U009813,School of Electrical Engineering,2020,3.1827
a46cf7fb4cdf21d8,U009814,School of Food Science,2022,0.1163
3298380288a597b4,U009815,School of Business Administration,2023,0.5513
ffaaebc4480ede26,U009816,School of Foreign Languages,2024,0.7196
a207c70183027e8e,U009817,School of Economics,2024,0.6196
2c66dfc6983908d2,U009818,School of Computer Science,2024,0.3966
207579f0c750990f,U009819,School of Foreign Languages,2024,0.3459
924337bdcb120006,U009820,School of Business Administration,2023,2.7265
79ee490a00488f85,U009821,School of Foreign Languages,2024,0.5501
6af0190af74887e7,U009822,School of Education,2025,6.7594
1c87d91ab1ea0503,U009823,School of Computer Science,2023,1.0013
6a8adcef8408e5b1,U009824,School of Education,2025,0.4419
e3ebf135e218c768,U009825,School of Foreign Languages,2025,1.026
b6c47e37bdd83cc1,U009826,School of Applied Chemistry,2023,0.6583
8fdc9b1da6814b55,U009827,School of Computer Science,2020,2.2592
dc8bf2ee195c49f4,U009828,School of Applied Chemistry,2021,0.1836
c9de90591b6a222f,U009829,School of Education,2024,0.0975
37bb428671d35023,U009830,School of Mechanical Engineering,2021,0.847
c958005093ae9497,U009831,School of Food Science,2022,1.3616
ca5312f849bc67c3,U009832,School of Information Engineering,2023,0.7858
b82e8c9939428c66,U009833,School of Food Science,2025,1.1566
833e291039b48552,U009834,School of Applied Chemistry,2024,0.9984
c6aed98200a9f15f,U009835,School of Food Science,2024,0.1343
a59e50055d9d4025,U009836,School of Business Administration,2022,0.7821
22eae945ba211578,U009837,School of Mechanical Engineering,2021,2.2029
9ffee70e60f89304,U009838,School of Civil Engineering,2023,0.701
a9ad16e7244e67ba,U009839,School of Economics,2021,0.1593
ef624757687e2348,U009840,School of Economics,2023,0.4228
6b955eca8099d4d5,U009841,School of Economics,2025,1.0302
fdd1322c04fae8fb,U009842,School of Economics,2023,3.556
278a093877664eca,U009843,School of Economics,2023,0.0835
5e85e142946123c4,U009844,School of Food Science,2024,0.8472
136c16af2b1e75c3,U009845,School of Business Administration,2024,0.2324
3fa21af9e8bcbf57,U009846,School of Business Administration,2022,0.9809
04792966563f5820,U009847,School of Mechanical Engineering,2023,1.0627
42c002eaf6c72723,U009848,School of Civil Engineering,2021,0.4676
1b19263e8321ff30,U009849,School of Computer Science,2023,1.1103
e903991264a3202a,U009850,School of Design & Arts,2022,1.8458
6a7151fc7bf0fa80,U009851,School of Applied Chemistry,2023,0.5008
3ee692835962ccac,U009852,School of Applied Chemistry,2024,0.155
7ee3910c8e6afd5b,U009853,School of Design & Arts,2020,2.4561
14d8da07569dc28a,U009854,School of Education,2023,1.3521
97792ac53caff620,U009855,School of Information Engineering,2021,1.0374
6c69a7074c7bc2eb,U009856,School of Computer Science,2022,0.2958
54bc0ae3190830f1,U009857,School of Civil Engineering,2020,1.5816
35053c47f1a73b72,U009858,School of Mechanical Engineering,2021,4.5513
1e8ca352e04e07fe,U009859,School of Economics,2025,0.5229
4b02ba789dcbe7d5,U009860,School of Electrical Engineering,2025,0.6489
8ddab91549969a35,U009861,School of Business Administration,2024,0.2035
ca58711f3667c78e,U009862,School of Applied Chemistry,2023,0.2875
d73eb267dc6b427f,U009863,School of Business Administration,2024,0.2016
8191213323122cf5,U009864,School of Electrical Engineering,2025,0.6729
41f1ec4ddd481c1c,U009865,School of Design & Arts,2023,0.4199
5ba0c711ef5c86ee,U009866,School of Computer Science,2020,0.8571
3fdb1401686b6fc1,U009867,School of Economics,2024,0.242
a3029c5931c9593d,U009868,School of Computer Science,2025,0.4993
d76ffc7f7eaf7319,U009869,School of Information Engineering,2021,0.2275
f54306da8661625f,U009870,School of Civil Engineering,2022,0.7122
52c3e4dc7072a627,U009871,School of Business Administration,2022,0.1154
c35d2a0f4c0e38e3,U009872,School of Foreign Languages,2022,0.687
db760cb18eecc4f6,U009873,School of Applied Chemistry,2024,0.4468
6288de9fa1fbea53,U009874,School of Information Engineering,2022,0.7075
8943809c470d6892,U009875,School of Electrical Engineering,2025,0.1131
b862f17346393593,U009876,School of Food Science,2024,1.1362
450c4a3ea2e6a4d6,U009877,School of Economics,2020,0.4379
fe22211072c8fca3,U009878,School of Design & Arts,2024,0.7335
71e46d8672b3121f,U009879,School of Food Science,2024,0.091
77416bee4db94622,U009880,School of Information Engineering,2023,0.1704
c3fc6e82abe89e89,U009881,School of Foreign Languages,2023,0.3997
31fc6b1f1d231e4f,U009882,School of Mechanical Engineering,2024,2.3361
f59d0b17f4a0fbb8,U009883,School of Design & Arts,2022,1.0003
603960e9c99a5553,U009884,School of Mechanical Engineering,2021,0.6722
9b0b0ed96347a61d,U009885,School of Electrical Engineering,2022,0.2343
f27c80d8c59f697c,U009886,School of Information Engineering,2021,0.1953
f99ad43706ee7bc6,U009887,School of Computer Science,2024,0.7785
abb3ddaae26f1521,U009888,School of Design & Arts,2021,1.1897
120ccbc8c329bed8,U009889,School of Economics,2023,0.7276
bba3aff7c57183f8,U009890,School of Education,2022,3.2627
290f66ded60b8537,U009891,School of Education,2024,0.2984
a4d8104fc96633fb,U009892,School of Information Engineering,2023,0.7064
9d58a34780e99393,U009893,School of Education,2025,0.1086
9cb4ff315de411b5,U009894,School of Computer Science,2025,0.7291
7c2d1f9188d171a9,U009895,School of Food Science,2021,2.5661
f45b4eba4c33508b,U009896,School of Food Science,2024,0.2084
9f06e9335c3a8c68,U009897,School of Education,2021,1.3704
0feccd304823d1f4,U009898,School of Applied Chemistry,2024,2.4944
e56bfdfed4550374,U009899,School of Economics,2023,0.2962
c200af22326a4c53,U009900,School of Civil Engineering,2022,0.9417
166f743bf9fc053c,U009901,School of Mechanical Engineering,2021,2.8652
cca2f199e61f277d,U009902,School of Civil Engineering,2022,0.7434
cfd24a0ec25ed3fc,U009903,School of Business Administration,2024,1.2966
0a542299954fa34a,U009904,School of Information Engineering,2024,0.1002
fcbda3c0bb42daad,U009905,School of Information Engineering,2020,1.0726
7a3cc773a6aabaad,U009906,School of Business Administration,2022,0.9903
13c533f58adcc5aa,U009907,School of Economics,2022,0.1567
389111d49c10aefa,U009908,School of Education,2023,0.2251
6bf2fe70d520f218,U009909,School of Food Science,2021,1.08
42a1a96e59ce5686,U009910,School of Design & Arts,2022,0.4362
70a93f2c3c6659ff,U009911,School of Food Science,2025,1.7949
3cc95c08e972ab06,U009912,School of Computer Science,2023,0.8055
ec9bd0794a87e2d8,U009913,School of Food Science,2024,0.6247
ed32be9722743507,U009914,School of Education,2023,0.4979
de9f3fdecb96d5e8,U009915,School of Information Engineering,2022,0.7911
be88a720dc2b2c0e,U009916,School of Electrical Engineering,2023,1.3178
3512269025639237,U009917,School of Computer Science,2021,1.0069
6e38d093b6640c19,U009918,School of Information Engineering,2021,0.3867
6f64c6e53f1c63c3,U009919,School of Business Administration,2025,2.0389
9058298eaf3cf444,U009920,School of Education,2025,1.1396
9ecdda4ba215911f,U009921,School of Business Administration,2024,0.8678
5e3b1db2c987ae99,U009922,School of Design & Arts,2021,0.6471
bd686ce81a871df7,U009923,School of Food Science,2020,0.9734
97a406c1536e75e7,U009924,School of Economics,2021,0.0945
d2085f1cfc3b34cb,U009925,School of Civil Engineering,2025,0.7515
08961a467bb67f66,U009926,School of Mechanical Engineering,2024,3.044
64798c02b21896dd,U009927,School of Civil Engineering,2023,0.7356
8f808f71e6763b6a,U009928,School of Computer Science,2025,0.6418
f48c5550182f3075,U009929,School of Food Science,2021,0.3253
b3b2ae6272937d66,U009930,School of Education,2023,0.9663
fcf47d23a135e5b6,U009931,School of Business Administration,2021,0.4857
685f17c83325c2f6,U009932,School of Information Engineering,2022,2.1865
1f71d69d6e2c8797,U009933,School of Economics,2025,0.2489
26c4b434568a6e85,U009934,School of Food Science,2025,0.3756
efb837e823940d89,U009935,School of Education,2021,0.3237
54c5a955f02ab181,U009936,School of Economics,2021,3.6972
5893e782e56d4c0d,U009937,School of Civil Engineering,2023,0.4883
318ba1549b85fdb0,U009938,School of Electrical Engineering,2020,0.3413
b5d56c85c602d8bd,U009939,School of Mechanical Engineering,2023,0.073
b95579c423536872,U009940,School of Food Science,2023,0.2373
56217f388ab12fba,U009941,School of Education,2022,1.0009
74d3f2f2b0efde81,U009942,School of Education,2022,0.9969
771ff0487aad38ce,U009943,School of Applied Chemistry,2021,0.3078
6a7aa835bfaf2a82,U009944,School of Food Science,2025,0.3254
936c928ae289bbf0,U009945,School of Mechanical Engineering,2022,3.7919
2f7879c97c963a8d,U009946,School of Electrical Engineering,2023,8.7528
cc8032477c8b3b35,U009947,School of Information Engineering,2022,1.8641
d2d45bc3cef7f76d,U009948,School of Design & Arts,2024,2.8074
124ec39869ce05f9,U009949,School of Mechanical Engineering,2021,3.4709
e4ddc13caa80e2b7,U009950,School of Computer Science,2020,5.4063
5eeebbe731999fd5,U009951,School of Civil Engineering,2024,0.4365
1879505bffeab61f,U009952,School of Information Engineering,2024,0.2453
380ec10b95a7a260,U009953,School of Information Engineering,2021,3.6932
beb86b6b76987975,U009954,School of Food Science,2022,0.2251
f68738aa500cf8ea,U009955,School of Computer Science,2025,0.2111
81ada1323d5e43ee,U009956,School of Education,2021,0.216
c63e25e7db61baf9,U009957,School of Electrical Engineering,2021,0.5177
8c2f6e93545c3a47,U009958,School of Mechanical Engineering,2022,0.0812
8e933aef42cb1ab4,U009959,School of Information Engineering,2022,0.1408
acac89c20263c7fa,U009960,School of Foreign Languages,2023,0.3168
c8b8a21fe8a90473,U009961,School of Mechanical Engineering,2024,0.1785
d1f52b1d6b23c836,U009962,School of Education,2023,1.7081
046d22b3fe25134b,U009963,School of Computer Science,2023,0.5943
a7d3da27ed9c3805,U009964,School of Design & Arts,2022,1.0513
148d9d1c142ade3d,U009965,School of Civil Engineering,2024,0.9423
4c014d1e60b06222,U009966,School of Mechanical Engineering,2020,0.4801
6deec0589793722c,U009967,School of Foreign Languages,2022,1.5859
020e06cca2a1dc5f,U009968,School of Mechanical Engineering,2024,0.9279
2ee976c0aef5a9fa,U009969,School of Economics,2022,0.4294
705d1a85bce12d66,U009970,School of Applied Chemistry,2020,0.1096
00f4cfdd7f428706,U009971,School of Computer Science,2022,0.9937
d6bd06175a84a61e,U009972,School of Education,2024,0.1672
fc3ec2dd9220ab4e,U009973,School of Business Administration,2021,0.8635
726ef7621163d0c3,U009974,School of Computer Science,2024,0.6388
5184664507687116,U009975,School of Design & Arts,2024,0.1515
bb77c70795c09a56,U009976,School of Electrical Engineering,2023,0.7644
e81e67af8301040f,U009977,School of Civil Engineering,2021,0.7148
a439952e31240c16,U009978,School of Economics,2024,0.7174
0ae33bdeaf82399c,U009979,School of Food Science,2021,0.6839
d601bed3276e24a7,U009980,School of Economics,2025,0.3075
2207f9095cfb9c69,U009981,School of Mechanical Engineering,2024,1.0667
f17c34e141f8e283,U009982,School of Education,2020,0.2968
2bcc6ee4315f09a7,U009983,School of Civil Engineering,2024,0.2016
5b394d67c2eb32fd,U009984,School of Food Science,2023,1.1591
3545844fa5fb504d,U009985,School of Computer Science,2022,1.506
8f9f0840023e4383,U009986,School of Design & Arts,2022,1.0824
ea3156a7782faf70,U009987,School of Education,2023,0.4799
774e4e5f2c201636,U009988,School of Education,2024,0.0849
e404cce5f6b37d2b,U009989,School of Design & Arts,2025,2.5979
d3e3642566195ff1,U009990,School of Design & Arts,2022,0.0836
b20a766181eeb925,U009991,School of Mechanical Engineering,2023,1.0608
2fefebea3be75086,U009992,School of Design & Arts,2024,4.8707
be03a58bf5a30999,U009993,School of Civil Engineering,2024,0.6855
1804934c8abb2b73,U009994,School of Mechanical Engineering,2023,0.79
37ef1d18c9bab58c,U009995,School of Education,2022,0.8627
145902eed373d119,U009996,School of Civil Engineering,2024,0.7198
4589bf9e5fd9bcc3,U009997,School of Economics,2022,6.1942
f7c72d87d26615c3,U009998,School of Mechanical Engineering,2021,0.2541
d43bad3309e638ef,U009999,School of Business Administration,2023,0.2241
a166206943c6d459,U010000,School of Food Science,2021,0.4255
44d3c10a9e5bebd4,U010001,School of Education,2020,3.3663
793b7898883ad008,U010002,School of Mechanical Engineering,2020,0.3316
6089e4752eeb4449,U010003,School of Food Science,2024,0.9078
74902b810534322a,U010004,School of Computer Science,2025,1.7229
a435980f983e2d3f,U010005,School of Business Administration,2022,1.2866
848211563154011b,U010006,School of Education,2021,1.6341
ab71b161faeffc34,U010007,School of Applied Chemistry,2024,2.4375
ad008fc22dd253d0,U010008,School of Economics,2021,0.8035
b3dfe16848b0cf3f,U010009,School of Information Engineering,2025,0.3738
66940ce73377d982,U010010,School of Economics,2023,0.684
0be87bb9922aa3d5,U010011,School of Electrical Engineering,2021,0.4206
c6ac2dd91334877e,U010012,School of Foreign Languages,2023,7.3489
ffe89c8daef7ffd2,U010013,School of Design & Arts,2022,0.3466
2af085c3220c0769,U010014,School of Mechanical Engineering,2024,0.9571
03f46b572f152108,U010015,School of Food Science,2021,0.1316
6f8b5d7903e37a70,U010016,School of Computer Science,2024,0.6742
4c2efba85d5df103,U010017,School of Electrical Engineering,2024,0.443
9f8f759002d13571,U010018,School of Economics,2025,1.1603
02cd7dfaa40acfd8,U010019,School of Food Science,2025,1.1909
55d4a3b05e3c34de,U010020,School of Food Science,2021,2.4351
467ebe994e93aeea,U010021,School of Civil Engineering,2023,2.2492
9575aed7c8101728,U010022,School of Electrical Engineering,2024,0.5525
7fe04b2194dc5c62,U010023,School of Economics,2022,0.2296
3e3bfcbce77d6e44,U010024,School of Computer Science,2020,0.2582
f1bb9566ff28823f,U010025,School of Design & Arts,2022,0.7991
f84b6811050fdcb4,U010026,School of Business Administration,2021,0.6913
3e7cd1f18fd9b1c8,U010027,School of Business Administration,2025,0.7641
b188f2d6dcfec461,U010028,School of Applied Chemistry,2022,0.3457
00afb597a7fb6de4,U010029,School of Food Science,2024,2.4849
5976dab56690bda2,U010030,School of Computer Science,2025,0.1354
d43c7d8066c06fda,U010031,School of Foreign Languages,2022,0.3271
7f85460ae87f8ae9,U010032,School of Mechanical Engineering,2024,0.2011
9a77fbddc8142384,U010033,School of Foreign Languages,2020,0.479
e192b2bb8ad9c571,U010034,School of Electrical Engineering,2021,2.0535
9e686d8962455691,U010035,School of Mechanical Engineering,2021,0.4427
d4d1ccbf9849aac6,U010036,School of Applied Chemistry,2022,0.6534
754b978236a6b863,U010037,School of Business Administration,2022,1.1471
a939262faee14938,U010038,School of Design & Arts,2023,0.4222
f70396a24ee1f548,U010039,School of Mechanical Engineering,2021,0.8656
2ceac5787e0a800b,U010040,School of Electrical Engineering,2020,0.7586
64e5e097f9d135f0,U010041,School of Business Administration,2024,0.1906
4438a764b691e039,U010042,School of Computer Science,2020,0.3711
63d9f6b60e46bd3e,U010043,School of Mechanical Engineering,2024,0.8416
e4a81d90ac611db5,U010044,School of Computer Science,2025,2.128
35e590ee39eee03b,U010045,School of Information Engineering,2024,2.126
6da94b35a74529ec,U010046,School of Design & Arts,2023,4.7994
5d4d8cfb975a32e5,U010047,School of Civil Engineering,2023,0.9593
dbfad3a938c2085d,U010048,School of Computer Science,2023,0.3905
7b6dacc434f02718,U010049,School of Design & Arts,2025,0.5538
54517b76eb21d373,U010050,School of Education,2025,0.5269
bcd139ad3027d24a,U010051,School of Applied Chemistry,2022,0.3926
578a071ce28fdd26,U010052,School of Computer Science,2023,0.8658
d04296cfa9b900cb,U010053,School of Electrical Engineering,2024,0.9071
8976e5d9cea8ee51,U010054,School of Economics,2020,0.1825
67359a557d2ceafb,U010055,School of Information Engineering,2023,1.7527
119870d92251310f,U010056,School of Computer Science,2023,0.0941
29cadd5a1e4ca06b,U010057,School of Civil Engineering,2024,0.4726
84b94f0429acc001,U010058,School of Design & Arts,2022,1.8632
26c6905e5ca7a6d9,U010059,School of Applied Chemistry,2022,1.0837
8bc9cad696820902,U010060,School of Foreign Languages,2021,0.4131
4a382572df0989ce,U010061,School of Education,2023,4.2284
675081a48fb4905a,U010062,School of Business Administration,2025,0.3802
a1e11cc3f9c1b3c4,U010063,School of Civil Engineering,2025,0.0797
a16847f8612b613f,U010064,School of Electrical Engineering,2022,0.9284
f601211a943f1cf0,U010065,School of Information Engineering,2021,0.0997
bdbbfb7fc1a257c6,U010066,School of Information Engineering,2024,0.2571
d65cbb0750312546,U010067,School of Design & Arts,2024,1.1005
11fea2da932b7ef3,U010068,School of Applied Chemistry,2023,0.3724
042374dc9cea081d,U010069,School of Computer Science,2022,1.0551
3d6fe5b264497309,U010070,School of Food Science,2021,0.1854
70dd98462ae52979,U010071,School of Computer Science,2024,1.393
4bfcbe1e076f4f3b,U010072,School of Design & Arts,2023,0.1088
95afe72da1f0b1e9,U010073,School of Education,2022,2.207
cbda73d8a478845d,U010074,School of Foreign Languages,2025,0.367
80932efd73be7c78,U010075,School of Foreign Languages,2023,2.7296
0d30fd0dd7202248,U010076,School of Computer Science,2025,0.2547
19183a0b78e974fa,U010077,School of Food Science,2023,4.0461
e3411f43f339af16,U010078,School of Civil Engineering,2022,0.2266
a13b9cce425292c2,U010079,School of Computer Science,2025,0.0982
56c04e71865a04e4,U010080,School of Foreign Languages,2025,0.6164
3980141b11e64e3b,U010081,School of Applied Chemistry,2025,2.0279
7c7e113ff0ff918d,U010082,School of Information Engineering,2024,1.3018
ba68f33e466c573d,U010083,School of Mechanical Engineering,2022,1.8888
b11d4b44835443f7,U010084,School of Information Engineering,2021,1.3278
897d5ab3e48d2669,U010085,School of Information Engineering,2022,0.2599
3891421cafcd694c,U010086,School of Business Administration,2025,1.2705
33e3bc814aa7d9e1,U010087,School of Electrical Engineering,2022,0.6478
0a9515e73ab05f0d,U010088,School of Business Administration,2024,0.2903
6d0ea7c56873aaeb,U010089,School of Food Science,2025,0.7063
7e1c595a31f189f5,U010090,School of Education,2025,0.558
8b41b4c9cc2ccb5d,U010091,School of Education,2025,2.4327
51cc1195c5d427a7,U010092,School of Information Engineering,2023,0.3528
b5e684ac58735efa,U010093,School of Applied Chemistry,2023,0.3367
00610ac3845bfa44,U010094,School of Information Engineering,2025,0.2936
aa7f22726017f481,U010095,School of Foreign Languages,2021,3.9347
b50f864f56438292,U010096,School of Information Engineering,2021,0.3105
d667c34312eac5b1,U010097,School of Computer Science,2025,2.1594
4fa571a4486e84b1,U010098,School of Business Administration,2024,0.2105
8f4b8f9cfa5c7828,U010099,School of Civil Engineering,2023,0.9798
19d661a1b38313dd,U010100,School of Electrical Engineering,2021,0.7676
4e06ae2e1ef2ef88,U010101,School of Applied Chemistry,2023,2.0266
529dcd5453624b4a,U010102,School of Business Administration,2025,1.7531
e15ad6fed126476f,U010103,School of Applied Chemistry,2023,0.6408
9e626c097b245bdc,U010104,School of Information Engineering,2022,0.345
b38d799565c412d9,U010105,School of Mechanical Engineering,2023,2.998
0b7f64b567f89f78,U010106,School of Information Engineering,2025,0.3122
2d6209c2c77c624d,U010107,School of Computer Science,2025,0.0611
4e5065f40ae01801,U010108,School of Economics,2022,0.092
cf94347654b89005,U010109,School of Computer Science,2023,0.1174
b15b099b57561518,U010110,School of Applied Chemistry,2022,1.0711
a4a0d0883b19dd09,U010111,School of Foreign Languages,2022,5.4057
fe2d34c487075bca,U010112,School of Foreign Languages,2021,0.0768
e85d172a32213b72,U010113,School of Design & Arts,2023,0.2699
eac9fe2896dfe50f,U010114,School of Business Administration,2023,0.6453
5227f959a09e4c06,U010115,School of Design & Arts,2022,2.769
3e43ff5bbcdb5b80,U010116,School of Computer Science,2022,0.2685
f83de7a466100ab7,U010117,School of Design & Arts,2021,1.0659
b6487d19acd4cf79,U010118,School of Education,2021,0.4597
238441e84c21aa87,U010119,School of Mechanical Engineering,2024,8.0057
fc78a0d535038902,U010120,School of Information Engineering,2021,0.6822
76b522926569d0e8,U010121,School of Business Administration,2021,0.8426
5d8a6287192079d6,U010122,School of Civil Engineering,2025,0.6423
f8f4f53e57583eb0,U010123,School of Civil Engineering,2021,0.39
42c730cf04248610,U010124,School of Computer Science,2025,1.5263
daec5fe1011ac1e4,U010125,School of Food Science,2023,0.1853
199a8faf18eaf892,U010126,School of Mechanical Engineering,2024,0.0797
1825380e66bbf9f6,U010127,School of Applied Chemistry,2023,0.508
618e41177ed8f72f,U010128,School of Applied Chemistry,2021,1.3345
3d50e10dfced5886,U010129,School of Economics,2024,0.3303
94a5598ccabbcd77,U010130,School of Applied Chemistry,2024,0.7114
e839e40f2a0a91e1,U010131,School of Information Engineering,2022,0.1742
fc0d73aea94c9b5c,U010132,School of Computer Science,2024,1.7086
70b093c0ad007c7f,U010133,School of Business Administration,2023,1.133
e476bd85f86d6f6d,U010134,School of Civil Engineering,2025,0.6021
e3a8917c1ea91fe8,U010135,School of Food Science,2024,0.6989
e7ec89095e75a224,U010136,School of Electrical Engineering,2020,0.1465
8e2b93c6e42cea15,U010137,School of Electrical Engineering,2025,0.1532
df9451ad65a32691,U010138,School of Civil Engineering,2025,0.5226
2083ae06aa92ed3e,U010139,School of Information Engineering,2024,0.9868
b1917c4b5f88d0bb,U010140,School of Food Science,2021,1.0381
f0b37ebdbcde7cc4,U010141,School of Design & Arts,2024,0.4107
861c397eeefa7727,U010142,School of Foreign Languages,2023,1.2441
eefd1f307a451df9,U010143,School of Electrical Engineering,2022,2.4444
d274c22c10f69b27,U010144,School of Computer Science,2025,0.5403
66c59c97c573a8ef,U010145,School of Civil Engineering,2023,0.8047
f1a018752ae18d19,U010146,School of Business Administration,2024,0.4796
fb43013cc4f290bc,U010147,School of Mechanical Engineering,2024,0.5203
6c9173d8a0df1869,U010148,School of Foreign Languages,2022,0.6995
44f093367101b3a2,U010149,School of Food Science,2025,3.2422
1d09fb96ee5e1eb3,U010150,School of Business Administration,2023,1.4744
749d5366143c4633,U010151,School of Design & Arts,2023,1.3474
c539ad94bce46fa5,U010152,School of Food Science,2022,0.375
a3cda4251cc9fff0,U010153,School of Foreign Languages,2021,0.2405
7d3b5513cbcfe638,U010154,School of Economics,2024,0.8716
7ed29d537df4bfb1,U010155,School of Food Science,2022,2.0477
e2383e834f6e9700,U010156,School of Computer Science,2025,3.3082
e579849a96c62a55,U010157,School of Mechanical Engineering,2025,0.0508
00688b52cf30c093,U010158,School of Economics,2024,6.8168
f8b4f97253d2f866,U010159,School of Economics,2021,0.8958
3fe739be019405da,U010160,School of Business Administration,2024,1.4651
b19ecb2931e7c222,U010161,School of Food Science,2020,0.1036
727683f5c1681aa0,U010162,School of Mechanical Engineering,2024,0.4658
c6b5a0c86d80ab2d,U010163,School of Electrical Engineering,2023,1.3443
933b7c2789595917,U010164,School of Education,2025,0.1824
1bd55cb2f5911f80,U010165,School of Electrical Engineering,2022,0.0329
d245bf1fbd300e12,U010166,School of Economics,2021,0.8257
267330031eae790f,U010167,School of Mechanical Engineering,2025,0.5617
9c4daf8254caeb06,U010168,School of Civil Engineering,2023,2.4951
8634b3d45c50839c,U010169,School of Economics,2025,0.5031
9eda973d66f37c73,U010170,School of Food Science,2025,0.5413
1923190bf5fee7c4,U010171,School of Civil Engineering,2023,1.1861
1628a1b0932e7cf6,U010172,School of Mechanical Engineering,2022,1.6595
ab81d955bf349ae7,U010173,School of Applied Chemistry,2023,0.2906
dd3395ae32b5382a,U010174,School of Foreign Languages,2024,1.5182
a40d82f17f4bc9f8,U010175,School of Civil Engineering,2025,0.3504
c2a3a0377eb9c16a,U010176,School of Education,2022,0.6002
90566a5908f6edfd,U010177,School of Computer Science,2024,1.1546
8e162a964c061b93,U010178,School of Economics,2022,1.3746
73a3db0389f6ab9d,U010179,School of Economics,2023,0.8116
af9d8785ad3d3f8f,U010180,School of Civil Engineering,2024,0.2004
cf4f1704cd924336,U010181,School of Information Engineering,2025,0.091
2b0fbb35e4b73263,U010182,School of Electrical Engineering,2022,0.4892
ee928a1a7ed9a96f,U010183,School of Economics,2022,1.5594
a861e82852472c7b,U010184,School of Food Science,2021,0.9256
d12c8ac002d14ba8,U010185,School of Civil Engineering,2021,0.752
40702168203a78ce,U010186,School of Computer Science,2022,0.5862
735d870a6592e64b,U010187,School of Economics,2025,0.8042
d8b24606112b36f2,U010188,School of Education,2022,0.2185
59dd4d5bc2a6e8ca,U010189,School of Information Engineering,2022,1.2881
953f501d5bdc158e,U010190,School of Computer Science,2024,1.3762
7957d6ab5d189423,U010191,School of Economics,2021,0.4138
e3a7c8f23d290488,U010192,School of Information Engineering,2021,0.9139
6ae5ab35c0cb1db0,U010193,School of Education,2025,0.1061
03818e8911ff3445,U010194,School of Business Administration,2020,0.7068
c460f3e774668c46,U010195,School of Civil Engineering,2022,0.5168
0189250a8fb8b50a,U010196,School of Applied Chemistry,2023,2.0797
b67c9af6c07007c2,U010197,School of Electrical Engineering,2021,0.484
a4ed9df576340066,U010198,School of Information Engineering,2022,1.4073
8b96369e20f5d7e0,U010199,School of Mechanical Engineering,2021,0.3992
9077b1ceb587ce8f,U010200,School of Electrical Engineering,2022,0.06
65ccc5d976fea812,U010201,School of Computer Science,2025,0.4712
f5616f61ccff41f4,U010202,School of Food Science,2022,0.7187
1eb8c1d7a757f1d0,U010203,School of Design & Arts,2022,0.6865
37af0f64b2e45c62,U010204,School of Information Engineering,2022,0.6969
ed5e48004ebfd0c0,U010205,School of Economics,2025,0.3558
75af52aba9649d67,U010206,School of Design & Arts,2021,0.4271
5b85d01bef65480f,U010207,School of Information Engineering,2025,0.1914
bf381748863f56c9,U010208,School of Electrical Engineering,2022,0.0802
0e3102e38e837156,U010209,School of Foreign Languages,2025,0.5307
1ba213bd0422bd5f,U010210,School of Design & Arts,2022,0.2802
f4e63e6594f6c2db,U010211,School of Applied Chemistry,2020,1.7382
f0beded0924df1ee,U010212,School of Civil Engineering,2023,0.0666
52b9b288fb155913,U010213,School of Foreign Languages,2021,0.7898
dedca3e73e7aa0fb,U010214,School of Food Science,2024,4.9258
6dab40e7029d4bb1,U010215,School of Business Administration,2023,0.4917
37c0ba4669e44613,U010216,School of Electrical Engineering,2024,0.5888
bccce41448cf7b9c,U010217,School of Food Science,2021,0.9042
48ca89336f3e5071,U010218,School of Applied Chemistry,2024,0.9778
f9725789466aaee5,U010219,School of Business Administration,2022,0.3924
08691a72c679be41,U010220,School of Information Engineering,2025,0.2154
5a0ebba1ce3d36ac,U010221,School of Foreign Languages,2024,1.134
414fccdffe15c746,U010222,School of Civil Engineering,2023,0.0876
db96e56281807e9a,U010223,School of Economics,2025,1.3569
31983a7e30cdc16e,U010224,School of Information Engineering,2023,0.399
cc2bb0247ce80c4f,U010225,School of Design & Arts,2023,0.5922
74d019c4260cff42,U010226,School of Applied Chemistry,2021,0.349
622b58a56f54ced4,U010227,School of Civil Engineering,2024,2.4692
8277f459023c8601,U010228,School of Civil Engineering,2022,0.7573
b0e1af4d09cdbf3c,U010229,School of Computer Science,2020,0.428
f05b43c2cc86b854,U010230,School of Economics,2024,0.4161
983f44517712b7e3,U010231,School of Computer Science,2020,0.5091
4088e4c61e0e4301,U010232,School of Civil Engineering,2024,6.4879
d8d9df1de140422d,U010233,School of Food Science,2021,0.1582
3e077834855d5032,U010234,School of Design & Arts,2022,1.7435
4456d0bfa17c66cb,U010235,School of Mechanical Engineering,2024,1.042
0f2e4e28eb9841a9,U010236,School of Mechanical Engineering,2020,2.7533
1dbf217064088a6c,U010237,School of Applied Chemistry,2023,1.1075
875d8f653d06ffb3,U010238,School of Foreign Languages,2023,0.5924
7a1bfa5e0e946c8a,U010239,School of Civil Engineering,2025,1.6373
60426402ff575bb0,U010240,School of Education,2021,0.7429
3ce8ffc43971f9c0,U010241,School of Food Science,2024,1.256
ecc53c868baea923,U010242,School of Civil Engineering,2022,2.4626
0a07be81f65361bb,U010243,School of Business Administration,2022,0.6476
3bd5aad5b69fea06,U010244,School of Mechanical Engineering,2022,0.3862
b7f64e1b0172613f,U010245,School of Mechanical Engineering,2022,0.3101
108cc0404fa2e2f2,U010246,School of Design & Arts,2023,0.9264
a795fae138080e83,U010247,School of Electrical Engineering,2021,0.2453
7462a669a766d55e,U010248,School of Information Engineering,2022,0.4161
97b4f0a311321483,U010249,School of Mechanical Engineering,2023,0.2243
f2953be4ff7dbd4e,U010250,School of Civil Engineering,2023,0.9815
a18331b1fb609728,U010251,School of Design & Arts,2021,0.2783
c83b15e9681a049d,U010252,School of Mechanical Engineering,2022,0.163
38c0ffffa6bbd97d,U010253,School of Civil Engineering,2022,0.1944
f5e006b991ac1741,U010254,School of Civil Engineering,2023,0.3335
1c21344eb14362fe,U010255,School of Mechanical Engineering,2025,0.3652
aa37ef3ba9209840,U010256,School of Food Science,2023,0.7592
d731ace4eaf1ff71,U010257,School of Business Administration,2024,0.5023
efae189a60a23769,U010258,School of Information Engineering,2020,0.855
f0f05ad2586d3dd4,U010259,School of Information Engineering,2025,0.9265
1c07ef761c106a37,U010260,School of Civil Engineering,2022,1.238
9d539f6c16eb13bf,U010261,School of Foreign Languages,2022,0.0876
0ab0e714073cffbe,U010262,School of Computer Science,2021,0.1912
e6874498309235dc,U010263,School of Economics,2020,1.0283
d46bff2a18e910c1,U010264,School of Computer Science,2024,0.7294
6490eedbad055330,U010265,School of Business Administration,2021,1.5682
c1e381d1464c68d2,U010266,School of Design & Arts,2022,0.1261
b5381e191beb113c,U010267,School of Economics,2021,0.3671
e440f19b50d6a155,U010268,School of Foreign Languages,2025,0.4389
4ecd87513263c402,U010269,School of Applied Chemistry,2024,0.6974
5480bf7bdd641770,U010270,School of Food Science,2025,0.6119
134012942963666a,U010271,School of Food Science,2025,0.9437
8997a1879b9d6f5d,U010272,School of Computer Science,2025,0.5264
df7ed29d0f8a54f3,U010273,School of Design & Arts,2023,2.3287
f81de0acd5a054d5,U010274,School of Mechanical Engineering,2021,3.2034
ffdb3b313ef696ba,U010275,School of Mechanical Engineering,2022,0.193
a22b927b894e6250,U010276,School of Civil Engineering,2022,0.6176
ab0b77a6677c8e97,U010277,School of Foreign Languages,2024,1.3113
cbaaddd7ac81077e,U010278,School of Design & Arts,2020,1.0601
dc999ac47c6da85a,U010279,School of Information Engineering,2021,0.3926
c0a44cbde0485f14,U010280,School of Foreign Languages,2024,0.7617
6e95a0735261786b,U010281,School of Design & Arts,2021,0.1212
70baeea0ae246b90,U010282,School of Economics,2020,0.5792
147d426bca8714bc,U010283,School of Design & Arts,2021,0.1371
2279004c5ed28ad3,U010284,School of Food Science,2024,0.9812
4251b4790fb57cda,U010285,School of Electrical Engineering,2021,0.1934
63782f74731b37e8,U010286,School of Mechanical Engineering,2021,0.6949
138a0a66e977ea5f,U010287,School of Design & Arts,2021,0.8124
363bd9dcdf137c92,U010288,School of Education,2024,0.6369
b38985656b348fd0,U010289,School of Information Engineering,2021,0.3138
e7c97797439c52c5,U010290,School of Education,2020,0.4784
ffb07bed5b1625b9,U010291,School of Economics,2025,1.9233
50924903197e821c,U010292,School of Mechanical Engineering,2025,0.3861
14344a907fd8cb25,U010293,School of Applied Chemistry,2021,0.6032
0f3e1a1342e14159,U010294,School of Computer Science,2021,0.3383
054dd48f9a69cb8b,U010295,School of Design & Arts,2021,1.6379
2ee3ba73aad04e40,U010296,School of Economics,2024,0.6382
d40428b051c57bb6,U010297,School of Electrical Engineering,2021,0.275
cdbf394933d8bcef,U010298,School of Civil Engineering,2025,0.5946
2e0fa8e677af9b56,U010299,School of Mechanical Engineering,2024,0.4639
dc4b863675e58b36,U010300,School of Mechanical Engineering,2023,2.3764
6dd92330b8babcc8,U010301,School of Economics,2020,0.5646
79b76d6591074836,U010302,School of Electrical Engineering,2025,0.1481
836bc7e41317ce45,U010303,School of Food Science,2024,0.972
81a0815f55f6f0cb,U010304,School of Applied Chemistry,2024,3.5222
288f5241c76e972d,U010305,School of Electrical Engineering,2020,1.9541
1d38aa196bcf4f69,U010306,School of Food Science,2024,0.1959
c446acfd4c7fc18e,U010307,School of Mechanical Engineering,2024,0.4513
496f2faada5867e2,U010308,School of Economics,2025,0.5725
a54608ca82e5d2f2,U010309,School of Mechanical Engineering,2023,0.5795
3fde65188de4fa7a,U010310,School of Education,2023,0.8641
32bf72b05a97c636,U010311,School of Applied Chemistry,2022,0.4185
b2cdfa6660c7d376,U010312,School of Civil Engineering,2024,0.2363
e7824305f296e7fa,U010313,School of Design & Arts,2025,1.5293
219a58637238275e,U010314,School of Economics,2023,0.1919
6e389bb08a7704db,U010315,School of Computer Science,2021,0.2647
fbd7740f146fce76,U010316,School of Information Engineering,2020,0.1908
fa926ad5eee9ac96,U010317,School of Education,2023,1.0889
3ec9a209827ff0af,U010318,School of Applied Chemistry,2025,0.6567
b013de33c43dd4c3,U010319,School of Computer Science,2020,1.4283
2557305804b36a25,U010320,School of Food Science,2022,0.2692
0832e21fe7126654,U010321,School of Mechanical Engineering,2025,0.1686
a75c1b93aef2627b,U010322,School of Food Science,2023,0.3787
737c39a3ae255909,U010323,School of Mechanical Engineering,2021,0.4919
ad2a4ca2aa1e079c,U010324,School of Design & Arts,2022,0.7277
8cb2af0241b87f41,U010325,School of Mechanical Engineering,2022,0.1098
8c03c2c47979f86e,U010326,School of Information Engineering,2021,0.9529
d0cc7108b8377c2b,U010327,School of Computer Science,2023,0.2414
6cd8ef8e9c0efcff,U010328,School of Business Administration,2023,0.309
47ae910c9bf9ccff,U010329,School of Mechanical Engineering,2023,1.9092
621d758ee2068265,U010330,School of Foreign Languages,2023,0.0665
18117b275bc3ac5b,U010331,School of Economics,2020,0.8151
22478aaf13237656,U010332,School of Computer Science,2021,0.812
bbf825230daccd88,U010333,School of Foreign Languages,2021,0.2603
f35c22bcb5b2d383,U010334,School of Computer Science,2020,0.3776
b4395fcc69a3a150,U010335,School of Business Administration,2024,2.0018
e9f88d8746edba04,U010336,School of Food Science,2021,4.2035
07ef11be6bf0facd,U010337,School of Applied Chemistry,2023,1.7121
1ab8ccd29680cfcc,U010338,School of Mechanical Engineering,2021,3.8918
6f4f9351e299e212,U010339,School of Foreign Languages,2021,0.2957
295216ef8863d229,U010340,School of Electrical Engineering,2021,0.1216
c958bff6aa3b7d99,U010341,School of Mechanical Engineering,2023,0.5601
8a57732865b159f5,U010342,School of Business Administration,2023,1.3203
aec8746cf3a28d10,U010343,School of Computer Science,2024,0.0924
53c23450413121db,U010344,School of Mechanical Engineering,2021,0.2338
3d590cccce693c64,U010345,School of Foreign Languages,2023,0.2612
2d891713704083cf,U010346,School of Business Administration,2024,0.8433
0bc5624fd2f7962a,U010347,School of Information Engineering,2022,0.7413
b7197f87db52633d,U010348,School of Business Administration,2020,0.2719
824c4a858327f6a0,U010349,School of Foreign Languages,2021,0.7067
39bdd9c8ef64e384,U010350,School of Applied Chemistry,2020,0.1879
7377b25abe842165,U010351,School of Economics,2025,0.3854
29d41345ea6cae0d,U010352,School of Civil Engineering,2022,0.1667
246252ccf9276e05,U010353,School of Foreign Languages,2023,0.508
b24328d975b56aed,U010354,School of Civil Engineering,2024,0.2651
7df26f3bd56306b4,U010355,School of Design & Arts,2022,1.1775
30f53e53f2f61146,U010356,School of Food Science,2023,0.5751
a5e3faf8ccc1ad9d,U010357,School of Design & Arts,2020,0.4706
bf5f3944c4e24a48,U010358,School of Civil Engineering,2023,3.4595
1599112f14239a83,U010359,School of Food Science,2020,0.8661
0a152ea6287a0039,U010360,School of Design & Arts,2021,0.4085
fc005faea1b9a012,U010361,School of Education,2022,0.3293
920b6ea54f599cf7,U010362,School of Design & Arts,2024,0.1812
529940f535935eb7,U010363,School of Foreign Languages,2024,0.5527
e358dfb18648a86a,U010364,School of Applied Chemistry,2024,0.803
bf50ab01b726ab2f,U010365,School of Food Science,2020,0.087
cbfaa30877f2d12b,U010366,School of Computer Science,2025,0.1509
3224b2a6ebbf9b37,U010367,School of Applied Chemistry,2020,0.3524
06a60f67ef64d22e,U010368,School of Food Science,2024,0.1969
d7c4b35f55cdfb89,U010369,School of Business Administration,2024,0.6165
3da7c1a6885793d4,U010370,School of Civil Engineering,2023,0.7083
c0e455c4bf83a61b,U010371,School of Mechanical Engineering,2022,0.5224
c209c5ec6775ed1a,U010372,School of Applied Chemistry,2024,1.0234
44ddb575123df174,U010373,School of Electrical Engineering,2024,0.3289
b8e87d10586b5d15,U010374,School of Applied Chemistry,2021,0.5639
54ee5b41ed49b5c0,U010375,School of Business Administration,2024,0.2165
f395db24dd9066c8,U010376,School of Economics,2020,0.7848
ff2cf63d475188e2,U010377,School of Education,2023,0.6369
6230e48720f587b8,U010378,School of Applied Chemistry,2023,0.1781
2d30cadd96b7a085,U010379,School of Design & Arts,2024,0.5056
06ddfae8520d207c,U010380,School of Civil Engineering,2022,0.5685
080adb73044973eb,U010381,School of Computer Science,2021,0.7819
02e96ba0d331792d,U010382,School of Civil Engineering,2023,0.8115
f37a2dc6512fceaf,U010383,School of Civil Engineering,2021,0.287
3754919bae10124b,U010384,School of Economics,2023,1.267
625fd393659e81f0,U010385,School of Foreign Languages,2022,0.9961
d06cfe806a8269e3,U010386,School of Computer Science,2024,0.2861
27c17ac60ef3bdca,U010387,School of Design & Arts,2021,0.1883
d1a126fb4d79470e,U010388,School of Education,2021,0.3088
f39421138bc87343,U010389,School of Civil Engineering,2023,0.1355
f3ccc5946a45b63d,U010390,School of Food Science,2020,0.7269
9169b8c3f2b4e0b2,U010391,School of Civil Engineering,2021,1.9281
81b8b6adabb7edad,U010392,School of Information Engineering,2022,2.4462
82fc00aec52dff73,U010393,School of Business Administration,2023,0.1986
1bd9d9e8235b8c2d,U010394,School of Computer Science,2021,1.2967
363766eb26401527,U010395,School of Applied Chemistry,2023,0.6424
d36b3d0b728f8c2c,U010396,School of Food Science,2025,0.0538
c11e22ef7a01f176,U010397,School of Electrical Engineering,2023,0.4234
667452b1ce54d1d3,U010398,School of Computer Science,2022,0.3788
35079cbf08f8ff75,U010399,School of Design & Arts,2020,1.9814
a26b68d396ce123a,U010400,School of Computer Science,2021,0.2471
8b3058635e038423,U010401,School of Civil Engineering,2023,1.0367
3f2bb5fd5a5668c7,U010402,School of Business Administration,2024,0.5304
78cb915817490c9b,U010403,School of Computer Science,2020,0.1391
1276f69b1be9280e,U010404,School of Mechanical Engineering,2021,0.3399
a02135d934676180,U010405,School of Applied Chemistry,2022,2.7309
498bd2a141accee9,U010406,School of Civil Engineering,2022,0.4964
40554a030e4f1b75,U010407,School of Business Administration,2025,1.4606
c8733a2f040aca85,U010408,School of Economics,2021,1.3827
2cfeae4dee1c6535,U010409,School of Business Administration,2020,0.3771
22034141237f3cd7,U010410,School of Design & Arts,2022,0.1636
c488dd1f7406b769,U010411,School of Information Engineering,2021,0.1866
ea020001e3267640,U010412,School of Mechanical Engineering,2021,2.521
43b74e04dad4ba55,U010413,School of Information Engineering,2022,0.6871
ace79e38e2405f3d,U010414,School of Applied Chemistry,2022,0.1043
cd8b14da696bc042,U010415,School of Business Administration,2020,1.3593
6d1ba733ccf1e770,U010416,School of Computer Science,2023,0.0989
f225d5b94627fbe6,U010417,School of Applied Chemistry,2023,0.2584
7d685a4014fc09f6,U010418,School of Design & Arts,2020,0.6404
0090bdec567b77f6,U010419,School of Economics,2025,7.3406
5dc76f30b47d20ff,U010420,School of Electrical Engineering,2022,1.3351
9ec9ef4b228761a8,U010421,School of Information Engineering,2025,0.3644
66adfa90df48357e,U010422,School of Education,2025,0.6073
1546aceb2049e892,U010423,School of Economics,2022,1.481
3438f4037882c97a,U010424,School of Economics,2021,2.447
3e2e9c5146c2f36a,U010425,School of Education,2024,0.4609
9a4b70d923691812,U010426,School of Foreign Languages,2022,0.4744
4f04dd1453b62590,U010427,School of Education,2021,0.2574
e88244fb429604d0,U010428,School of Applied Chemistry,2023,1.1482
90e37058fb0c8388,U010429,School of Applied Chemistry,2023,1.647
8c7ca1b655fbe136,U010430,School of Design & Arts,2024,0.085
eec015de12400231,U010431,School of Applied Chemistry,2024,0.397
b1dedaaf8be4bbd3,U010432,School of Civil Engineering,2025,0.1754
b10d49e1261e6316,U010433,School of Computer Science,2024,0.6865
6610bd4a6301e9cb,U010434,School of Economics,2023,0.1712
3e0db2af9705c16a,U010435,School of Computer Science,2023,0.1577
77916c0321741a50,U010436,School of Food Science,2025,1.8158
245566293399e59c,U010437,School of Foreign Languages,2025,0.5003
a20fe73f6033a723,U010438,School of Education,2024,0.556
e8d086a5f990ee08,U010439,School of Design & Arts,2024,0.9091
dea106ee310e203a,U010440,School of Design & Arts,2023,1.5586
22c85be02c1b6262,U010441,School of Electrical Engineering,2021,0.3884
16102651e9f72e04,U010442,School of Foreign Languages,2025,0.3972
fa459870aa07fd45,U010443,School of Applied Chemistry,2020,0.3989
3bc19bc3d602725f,U010444,School of Electrical Engineering,2021,1.7411
613491881d04e3c5,U010445,School of Mechanical Engineering,2022,0.5515
0e9e266ff1d48b63,U010446,School of Mechanical Engineering,2023,0.4413
c5cec1a704768d30,U010447,School of Business Administration,2023,0.8727
4acb8a8af9c8ea5e,U010448,School of Foreign Languages,2021,3.6849
9c48239f3ee69f38,U010449,School of Education,2021,0.6359
515cdf744788a5eb,U010450,School of Education,2021,0.4509
592dfa4e4178989a,U010451,School of Applied Chemistry,2022,4.1206
737475d7ded28103,U010452,School of Food Science,2020,2.2318
a744b07264114b8f,U010453,School of Mechanical Engineering,2024,1.9306
065658e3829231af,U010454,School of Food Science,2021,0.3578
a4368d52d448e243,U010455,School of Education,2022,0.3241
96b909cca3e5af73,U010456,School of Electrical Engineering,2022,0.0943
e607291bc2f2ef51,U010457,School of Mechanical Engineering,2023,1.5495
1361a068dc632847,U010458,School of Foreign Languages,2024,0.6376
eb94f5333589145c,U010459,School of Mechanical Engineering,2021,0.0975
2fc14ec45072c023,U010460,School of Design & Arts,2022,1.9637
227a3d2e44d75df4,U010461,School of Computer Science,2024,0.4213
1844e7132ae6050a,U010462,School of Applied Chemistry,2020,0.4766
a686ca7323f1d797,U010463,School of Education,2024,0.13
cbceec65aa5fd8ac,U010464,School of Information Engineering,2025,0.9658
023ae84094d79a7a,U010465,School of Mechanical Engineering,2023,0.9751
b96e17e60883502a,U010466,School of Applied Chemistry,2025,0.5627
6b001e30075bd701,U010467,School of Foreign Languages,2022,0.3886
f3c10dedc9f66d2f,U010468,School of Computer Science,2022,8.1618
a0ebb56d64bac115,U010469,School of Information Engineering,2021,0.1772
e8a0464c6cc92613,U010470,School of Foreign Languages,2020,0.287
42d783f8a4463675,U010471,School of Foreign Languages,2021,1.1987
92f218c9650fe95c,U010472,School of Education,2023,0.2141
7c0cf172b266add6,U010473,School of Food Science,2023,0.1988
ad4fac8fce09712d,U010474,School of Foreign Languages,2021,1.8304
5513cb4e32c883ff,U010475,School of Mechanical Engineering,2023,1.0813
b7b5e2d182adfbeb,U010476,School of Computer Science,2021,0.958
a489bd3b20a158e5,U010477,School of Design & Arts,2022,0.7081
4bbb0008e4b0b5cf,U010478,School of Civil Engineering,2021,0.2955
d6edaf374bc17961,U010479,School of Mechanical Engineering,2024,0.4586
caba14d9ed6436f0,U010480,School of Applied Chemistry,2023,0.5455
e633ca99b6e9bec1,U010481,School of Economics,2024,1.376
975ea742b5e108ae,U010482,School of Foreign Languages,2020,0.9038
e2e6bd22eb1caab1,U010483,School of Education,2022,0.2334
a7556e5692bd6f4b,U010484,School of Information Engineering,2025,1.3002
b1b6251a8078a1e7,U010485,School of Education,2020,0.1102
3fc173449a01a1a4,U010486,School of Applied Chemistry,2022,0.4285
2dd51b83909afcfd,U010487,School of Computer Science,2020,0.1884
d0e95ed70f320df3,U010488,School of Food Science,2021,0.2505
b38ba9b69f9ec563,U010489,School of Information Engineering,2022,4.0535
ddd62ba4517e3910,U010490,School of Mechanical Engineering,2021,0.1356
ac0543c01c93fe49,U010491,School of Foreign Languages,2023,0.2602
d93b8cb9cad98158,U010492,School of Foreign Languages,2025,0.9835
c8fd8a2e8ae22480,U010493,School of Information Engineering,2021,0.369
e4f35c1f12bd1c03,U010494,School of Food Science,2021,0.6897
6760b0c47dd0ca22,U010495,School of Food Science,2024,2.4659
4ec6d164903a5d66,U010496,School of Economics,2022,1.1361
fc9e5073b0461634,U010497,School of Electrical Engineering,2025,0.3695
792960216846dda7,U010498,School of Education,2022,0.5165
46bd684cfd695d7a,U010499,School of Information Engineering,2023,1.0036
6d729e04696304cd,U010500,School of Economics,2025,1.114
c2e305b472486402,U010501,School of Food Science,2021,0.6028
9c68ffb91158acbb,U010502,School of Applied Chemistry,2024,0.8467
78c1edb4a247e757,U010503,School of Electrical Engineering,2023,0.8475
59d4d159cd363c0e,U010504,School of Civil Engineering,2024,0.5384
8890b221873714ab,U010505,School of Mechanical Engineering,2021,0.3223
a08dfa0de0f586c8,U010506,School of Mechanical Engineering,2022,1.2406
e0f562f92d05588a,U010507,School of Electrical Engineering,2021,0.7904
befdf7a72bb5f9b5,U010508,School of Mechanical Engineering,2025,0.0737
43aeb0ec5ed4d612,U010509,School of Design & Arts,2020,0.2585
e09c8f7758ee7b3e,U010510,School of Design & Arts,2020,0.3651
71f679eb67dfad27,U010511,School of Food Science,2025,0.4828
bb2337c7e2fece16,U010512,School of Computer Science,2022,1.9678
c61633954775a6dc,U010513,School of Economics,2023,14.517
13e0d48988b36a5f,U010514,School of Computer Science,2022,0.0505
0dcb1dc6ad650ce7,U010515,School of Applied Chemistry,2023,0.8004
59ce45113ca10ee6,U010516,School of Economics,2021,0.6329
39f2c319027af57d,U010517,School of Electrical Engineering,2022,0.4929
0db173788c4ac4f5,U010518,School of Information Engineering,2023,1.0161
e9dbecc674b1caf6,U010519,School of Economics,2022,0.6858
fb677e85825a857d,U010520,School of Computer Science,2021,0.4113
2970b6a0b8bd1d85,U010521,School of Business Administration,2021,0.6079
86837d0f618cfcdf,U010522,School of Foreign Languages,2024,1.03
4e2b8a868fe84169,U010523,School of Applied Chemistry,2021,0.9366
ae97483bbb6e5116,U010524,School of Mechanical Engineering,2022,0.7129
d2a8af675d73057a,U010525,School of Food Science,2022,0.3294
2a26046c663cdcd6,U010526,School of Applied Chemistry,2022,9.8961
c0b4e8d143340bff,U010527,School of Computer Science,2024,0.8458
44ac5dd088734e49,U010528,School of Information Engineering,2022,1.2655
2970f14f29b33e41,U010529,School of Foreign Languages,2025,0.3553
996a8a0979d5c50f,U010530,School of Economics,2024,0.7136
d28cc6042f44259a,U010531,School of Foreign Languages,2024,0.7079
4dd3fd7d3df1d3c7,U010532,School of Design & Arts,2024,0.0873
305e3a196bb7341f,U010533,School of Food Science,2021,0.2883
ae2f97da40b5af58,U010534,School of Design & Arts,2025,0.283
ef1239e535c7eeb7,U010535,School of Business Administration,2024,0.3239
8ae81ce7d107354f,U010536,School of Business Administration,2023,0.2025
fdbe2bf0fe3b3301,U010537,School of Electrical Engineering,2021,0.6168
f344818e062dc3be,U010538,School of Foreign Languages,2021,2.3878
ce601fc107bbf570,U010539,School of Mechanical Engineering,2023,0.6727
e4e05290a4790e17,U010540,School of Computer Science,2022,0.1812
1df6651f0eeb4ece,U010541,School of Civil Engineering,2024,0.2106
bc565afafbf96c85,U010542,School of Applied Chemistry,2022,0.4049
c40775fffacbb46b,U010543,School of Information Engineering,2023,0.1433
f16dd36862fbd7a6,U010544,School of Information Engineering,2021,0.8005
7f3b8fbd64ec09ef,U010545,School of Food Science,2021,2.2844
30f522dc6bebe29d,U010546,School of Information Engineering,2020,0.3319
0d015f50774d768f,U010547,School of Mechanical Engineering,2024,0.6371
f7d7da7939b90505,U010548,School of Business Administration,2023,0.3844
c04a8cb1c17ee905,U010549,School of Electrical Engineering,2025,0.3145
f093256214b91399,U010550,School of Business Administration,2024,0.7136
3c200e79225a5d40,U010551,School of Economics,2024,0.3041
255bb62eabf5aeec,U010552,School of Information Engineering,2023,0.2631
6a0e141e1d55a520,U010553,School of Information Engineering,2024,0.1169
98fc3a465eca1004,U010554,School of Information Engineering,2025,0.6298
a3f445d9e8d2b0ea,U010555,School of Design & Arts,2024,1.716
758ebc3c000002ba,U010556,School of Food Science,2021,1.1976
782ab9327d7d6248,U010557,School of Information Engineering,2023,2.6248
ae024baa3e0cd4d4,U010558,School of Applied Chemistry,2021,0.3007
0155294f7dca0f73,U010559,School of Electrical Engineering,2020,1.3824
3211f7f7f7e7f02e,U010560,School of Design & Arts,2024,0.196
e20c21e7edc7d984,U010561,School of Design & Arts,2024,1.1999
b74382d9c5958aaf,U010562,School of Computer Science,2021,3.0562
fcbbcd1f2e27dad3,U010563,School of Design & Arts,2020,0.9718
dad609e9a76ecd7c,U010564,School of Mechanical Engineering,2025,3.1106
c739490292de1ebb,U010565,School of Civil Engineering,2021,0.3244
16d1ebc58f1a1549,U010566,School of Education,2020,0.5162
f2604d35ec4b3eea,U010567,School of Food Science,2024,0.2363
f4d08bda43f301b4,U010568,School of Mechanical Engineering,2024,0.6113
cc3330965f4edc57,U010569,School of Mechanical Engineering,2023,0.7731
ada874eb11b56d22,U010570,School of Economics,2023,0.6059
3093a13a56b7337e,U010571,School of Business Administration,2022,0.3675
9ca6e2ddbfd30499,U010572,School of Design & Arts,2021,0.3614
9de94282eb369428,U010573,School of Applied Chemistry,2024,0.8337
5759dec85d022dca,U010574,School of Electrical Engineering,2024,0.5034
219421687c970015,U010575,School of Computer Science,2022,0.1866
58897b3256c35655,U010576,School of Foreign Languages,2022,0.0885
01d2521833da2aff,U010577,School of Computer Science,2021,0.3255
d96d8849da6a76a6,U010578,School of Economics,2020,0.1482
f3211ea888e8d9cf,U010579,School of Business Administration,2022,0.256
1f62262a36bf712a,U010580,School of Food Science,2020,0.3866
145126de3a6eacdf,U010581,School of Foreign Languages,2024,0.5101
91a70f4d1fbc63b3,U010582,School of Applied Chemistry,2021,0.3033
a4c70b6f03bcf481,U010583,School of Information Engineering,2024,5.2814
db9e1c553b8c8adc,U010584,School of Business Administration,2023,0.1673
26e6da7804a4d100,U010585,School of Design & Arts,2024,1.9782
57954d86d0f708cd,U010586,School of Applied Chemistry,2025,0.5018
9dde389e2a0b5104,U010587,School of Information Engineering,2022,0.3059
c438d2a55d6386a1,U010588,School of Information Engineering,2020,1.0624
44c34d77cb92b69b,U010589,School of Design & Arts,2024,0.3754
698ed9497d73ff99,U010590,School of Electrical Engineering,2020,0.2634
cca75b1696ab37ee,U010591,School of Civil Engineering,2021,3.5353
820f5d7693b6a646,U010592,School of Design & Arts,2020,0.0658
e4ff79ad07a1ddfe,U010593,School of Food Science,2025,0.4621
e1f0a9598b4f259b,U010594,School of Computer Science,2020,0.714
6f4de047974577e3,U010595,School of Foreign Languages,2023,2.4134
f2e5386f3a2ff418,U010596,School of Food Science,2022,0.3964
742b935e42171d9d,U010597,School of Food Science,2023,8.4487
c6f0499c6d161c5d,U010598,School of Education,2022,1.2613
3e5ca9cd652d64f3,U010599,School of Mechanical Engineering,2025,0.0553
e568673769c858a4,U010600,School of Mechanical Engineering,2024,0.138
f75fec8c744eb821,U010601,School of Food Science,2022,0.7482
5c99122dc806e7bc,U010602,School of Business Administration,2022,0.1881
4acaa6a6fdf2e670,U010603,School of Computer Science,2024,1.021
9963d9f4697549ad,U010604,School of Civil Engineering,2024,0.375
429f17e52e52fa03,U010605,School of Design & Arts,2022,0.1785
752ccd7b44e3dcec,U010606,School of Mechanical Engineering,2022,0.225
5b779a538e48f5a1,U010607,School of Design & Arts,2020,1.3839
26f2d2343f6093e5,U010608,School of Information Engineering,2020,0.0781
eb6a8719a9aa8385,U010609,School of Electrical Engineering,2020,1.6791
66d8a4339d31da20,U010610,School of Food Science,2020,1.729
ef0638c191c2c706,U010611,School of Information Engineering,2021,0.4238
0ca97461825d68f5,U010612,School of Mechanical Engineering,2024,0.1449
d00ab317125b5dcf,U010613,School of Civil Engineering,2024,1.0293
9cea42826f8ab685,U010614,School of Business Administration,2024,0.363
4a61b37e92540273,U010615,School of Business Administration,2023,0.1298
f0cc2c1806ae86f3,U010616,School of Civil Engineering,2023,3.9834
d6d07d83ee32ba28,U010617,School of Business Administration,2021,0.2438
12e392060b3c3d4c,U010618,School of Mechanical Engineering,2024,0.1354
c77f4f5572256110,U010619,School of Education,2022,0.7851
ac4565a78a0e7808,U010620,School of Economics,2023,0.5516
4038286e27b05323,U010621,School of Electrical Engineering,2025,2.6096
93e5b1119ee2fca5,U010622,School of Economics,2025,0.4035
b8ee48e554cab309,U010623,School of Education,2021,0.4078
6b8e3ba25222ba06,U010624,School of Electrical Engineering,2024,0.8255
4a2ce436fa821967,U010625,School of Information Engineering,2021,0.7207
0e63b6f211a181ec,U010626,School of Business Administration,2020,0.7431
2d2600f130c776c1,U010627,School of Education,2020,0.7749
eff5dc4930e8b913,U010628,School of Food Science,2021,0.696
a6ab3be05ef96052,U010629,School of Foreign Languages,2024,0.3893
443c26e11dcdfc4e,U010630,School of Foreign Languages,2022,1.3575
0a541ed133b24a7e,U010631,School of Computer Science,2020,0.4119
62538db0d31dd994,U010632,School of Applied Chemistry,2025,1.3196
e2f0b14a62430850,U010633,School of Electrical Engineering,2023,2.3649
ac4095ca6c656e9c,U010634,School of Electrical Engineering,2022,0.2998
5b45bf41e73ff4c7,U010635,School of Foreign Languages,2023,6.537
213caaac42a19722,U010636,School of Applied Chemistry,2023,0.2895
37f77f95571a06a0,U010637,School of Civil Engineering,2023,0.2916
46db5fa4028ec3d3,U010638,School of Business Administration,2023,1.0131
269325e1c78a6f24,U010639,School of Design & Arts,2025,0.9181
c6c5cf63d846eaa1,U010640,School of Civil Engineering,2022,0.6343
c021eadb6317c6a8,U010641,School of Mechanical Engineering,2023,1.3381
e82eaff2b8748c7f,U010642,School of Foreign Languages,2020,0.76
720fb65117ed9d11,U010643,School of Electrical Engineering,2024,4.6587
c44688b9faf27d3c,U010644,School of Electrical Engineering,2022,0.5598
065fe219f492671c,U010645,School of Education,2022,0.2512
240196c7c512d7d9,U010646,School of Foreign Languages,2025,0.34
26af34979544549b,U010647,School of Mechanical Engineering,2023,0.9458
f65c7abe57cd7b95,U010648,School of Foreign Languages,2021,0.9598
da85424ff4b925e6,U010649,School of Computer Science,2021,0.7258
cb7fc4391b392d05,U010650,School of Economics,2022,0.2525
ffaa544e8f12360e,U010651,School of Electrical Engineering,2025,1.789
38e2f652f7a9a370,U010652,School of Applied Chemistry,2022,4.0959
3ea1d902988a61e3,U010653,School of Foreign Languages,2021,0.6079
47111a4910bb3135,U010654,School of Business Administration,2023,3.6096
164780e11ef86a85,U010655,School of Information Engineering,2022,1.4039
3bc641b590b8b118,U010656,School of Foreign Languages,2020,5.4286
157f83ebd1847017,U010657,School of Mechanical Engineering,2025,0.9471
8982d3502e1929b2,U010658,School of Economics,2020,0.6768
7c673345117cf1a9,U010659,School of Civil Engineering,2025,1.3708
029262656b806b62,U010660,School of Information Engineering,2024,0.3827
cab1e5da25db1842,U010661,School of Economics,2020,0.887
035cbb9028654c91,U010662,School of Food Science,2024,2.2338
ce846fc2bb04e9ca,U010663,School of Mechanical Engineering,2024,1.3398
83f5f9c25275c82c,U010664,School of Education,2023,0.5724
a9473d8928c1b784,U010665,School of Electrical Engineering,2023,0.7214
44ce007641c3b51b,U010666,School of Foreign Languages,2020,1.2594
bacb80818b854419,U010667,School of Computer Science,2020,1.2183
1a74e840e5eefeed,U010668,School of Information Engineering,2024,1.2499
f5bddf6008124cf1,U010669,School of Education,2021,0.829
8ba52ff9394ed93d,U010670,School of Design & Arts,2021,0.2588
c24bc40907073b70,U010671,School of Computer Science,2023,0.3036
4479705dd15d97ab,U010672,School of Electrical Engineering,2021,0.9363
e75fcf0fa6ebafae,U010673,School of Economics,2024,1.3559
c897d2fa90539c55,U010674,School of Computer Science,2024,1.1912
9c64b47d20c0b96c,U010675,School of Foreign Languages,2024,0.3005
a18530c6dc5ff380,U010676,School of Mechanical Engineering,2020,0.5075
cc00e8d337533906,U010677,School of Education,2022,0.1824
909a7762f9d39e6c,U010678,School of Foreign Languages,2024,0.1468
62a2334a3e57d10c,U010679,School of Electrical Engineering,2022,0.6405
999ed6179bc96695,U010680,School of Applied Chemistry,2024,2.296
4265a1ae3bb4df26,U010681,School of Business Administration,2023,0.6523
35805cb59d9a3994,U010682,School of Civil Engineering,2022,3.9794
85084e44b97e525f,U010683,School of Electrical Engineering,2022,0.501
c4b87630ea4a3cc2,U010684,School of Electrical Engineering,2023,0.6091
56acb146ef99d041,U010685,School of Economics,2021,0.2191
56a89b9984a615d4,U010686,School of Electrical Engineering,2025,0.4172
a181747a3e0bb072,U010687,School of Mechanical Engineering,2023,0.1796
05525de36b6b72c2,U010688,School of Civil Engineering,2021,0.1259
5d55fd21f6b0ccec,U010689,School of Mechanical Engineering,2024,0.1827
0978f48776e3859d,U010690,School of Civil Engineering,2022,0.6429
58c5ad85274e389d,U010691,School of Foreign Languages,2021,0.2826
5ee0e6540383ea67,U010692,School of Information Engineering,2025,0.3581
13495527c9d4621f,U010693,School of Mechanical Engineering,2024,0.8895
1a3e107617d22a7b,U010694,School of Electrical Engineering,2023,0.1255
60c1c788912ad5cb,U010695,School of Civil Engineering,2024,0.6402
b34c925e324d6281,U010696,School of Mechanical Engineering,2023,1.3786
26c779d29b6493cc,U010697,School of Computer Science,2022,1.5031
b6db0784bd86978a,U010698,School of Economics,2021,0.9896
e98c6dc52bb3a4ae,U010699,School of Applied Chemistry,2021,0.5604
b61e5aee8475020e,U010700,School of Applied Chemistry,2022,0.3164
ab4c15952d9117ea,U010701,School of Information Engineering,2022,0.5437
a04e0016e7c159b8,U010702,School of Economics,2024,3.0847
6925727fc6601a6f,U010703,School of Design & Arts,2022,0.7757
d9e16a609cc06a98,U010704,School of Civil Engineering,2023,0.5305
8979f1c9213e6b23,U010705,School of Design & Arts,2024,1.0374
a6210be82513411d,U010706,School of Information Engineering,2025,0.6205
bb0018567befae77,U010707,School of Foreign Languages,2022,0.7399
c22b7231ecb79575,U010708,School of Computer Science,2025,0.4613
16bb44cda4ee9ffd,U010709,School of Mechanical Engineering,2024,0.3899
0a6ffde502009877,U010710,School of Business Administration,2020,1.5984
01bda277de523dfb,U010711,School of Electrical Engineering,2022,0.084
7badc39e5739ef10,U010712,School of Civil Engineering,2021,0.9527
e216768931f987f1,U010713,School of Business Administration,2023,0.3665
77ed9736aa6b7425,U010714,School of Economics,2023,0.0878
4829ad93283b556c,U010715,School of Computer Science,2023,0.2228
0a49c9b755fe5d59,U010716,School of Information Engineering,2024,0.5695
88815e378109877e,U010717,School of Business Administration,2022,0.6534
e6b9c498cbdd462d,U010718,School of Electrical Engineering,2022,1.2374
0905e230141e3ade,U010719,School of Mechanical Engineering,2025,1.3245
ee3a0e89e6adde15,U010720,School of Information Engineering,2025,0.1257
f757f455bf48eeb3,U010721,School of Information Engineering,2024,0.8611
34c8f6c7fa1fe841,U010722,School of Electrical Engineering,2021,1.2233
f02b323463cabffd,U010723,School of Education,2021,0.7349
07d670a92fd29f83,U010724,School of Applied Chemistry,2021,0.9757
dcfd19826dd2220a,U010725,School of Mechanical Engineering,2022,0.0855
0e1852c0936c63f1,U010726,School of Mechanical Engineering,2021,0.2193
f8222e000f344c0c,U010727,School of Information Engineering,2025,2.3141
e5e2dec9aaed58ae,U010728,School of Mechanical Engineering,2024,0.4463
a86f635feadf67d8,U010729,School of Applied Chemistry,2022,5.4526
cb49cf9ad44f6143,U010730,School of Foreign Languages,2022,0.1644
272c6e1bd5376b2e,U010731,School of Civil Engineering,2022,2.8201
969e45d15090b097,U010732,School of Electrical Engineering,2023,0.3206
4f672a4729918498,U010733,School of Design & Arts,2024,1.3985
71580baaca2cbed2,U010734,School of Electrical Engineering,2020,0.4394
57dedad94246d55f,U010735,School of Economics,2024,0.6628
a8d5f07a938d074b,U010736,School of Foreign Languages,2021,1.0709
6ce72fe596ade52f,U010737,School of Education,2021,0.3197
f7dfa4c995614f5d,U010738,School of Information Engineering,2025,1.3153
e16b145803a48c75,U010739,School of Civil Engineering,2021,0.4525
fec309540f19b464,U010740,School of Food Science,2021,0.7054
cdb84a427c3742be,U010741,School of Foreign Languages,2023,0.0419
2003f361d03414e2,U010742,School of Economics,2022,0.4213
e4974aee19d03170,U010743,School of Civil Engineering,2020,2.0887
b9d87f41ade1d96f,U010744,School of Electrical Engineering,2020,1.1825
0e6198959935d1e2,U010745,School of Economics,2020,1.4327
3523786a2eaa7a04,U010746,School of Civil Engineering,2023,0.6227
c7a794fe4766f830,U010747,School of Electrical Engineering,2021,3.1559
9442aa0ec42a87b5,U010748,School of Electrical Engineering,2024,0.7878
e9a312f81b11c262,U010749,School of Information Engineering,2024,0.3051
d5ac2c7340e71d05,U010750,School of Economics,2021,1.3884
ff47a59b6896c0df,U010751,School of Food Science,2022,1.4853
0ea78ed758e254ac,U010752,School of Mechanical Engineering,2021,1.108
7520657a64311613,U010753,School of Electrical Engineering,2022,0.3946
732b30ec83ad2edb,U010754,School of Foreign Languages,2021,0.7823
d58acbd66396a080,U010755,School of Information Engineering,2024,2.3781
7f37fec3bea5eeab,U010756,School of Computer Science,2022,0.9517
009e78a3984ddba1,U010757,School of Education,2023,0.1347
5867af0fddd5d503,U010758,School of Economics,2024,0.3148
9286dddc151a6202,U010759,School of Food Science,2024,0.3005
0b6cb1f92ff3dd84,U010760,School of Education,2022,0.2777
b2c014945ec41903,U010761,School of Foreign Languages,2021,0.0715
977ac7b9e336c965,U010762,School of Computer Science,2025,3.9101
4f4679ceca2dfad7,U010763,School of Education,2022,0.2458
9769dbec775a9e46,U010764,School of Civil Engineering,2024,0.2642
ef7d965256def4c3,U010765,School of Applied Chemistry,2024,0.0847
f44f6d2e89ec5b15,U010766,School of Applied Chemistry,2023,1.4041
83ff205dec455a5c,U010767,School of Applied Chemistry,2021,0.5391
182f159e5d6d4177,U010768,School of Applied Chemistry,2021,0.4156
37e4541fe434b6df,U010769,School of Economics,2023,0.4382
5117950e283ca874,U010770,School of Information Engineering,2023,1.0627
e27f51a01c529cd2,U010771,School of Civil Engineering,2024,0.3653
2d56c4fd3128ee58,U010772,School of Applied Chemistry,2024,0.0808
e3aeec50278c2b0a,U010773,School of Applied Chemistry,2025,0.1623
44f67060bbbcf68a,U010774,School of Foreign Languages,2025,0.1541
0aafbfa2c95ef740,U010775,School of Electrical Engineering,2024,0.7775
18300960a84d9753,U010776,School of Education,2020,1.4963
93d1920811f0bd53,U010777,School of Mechanical Engineering,2022,2.5569
2416a888918d0775,U010778,School of Foreign Languages,2023,0.1151
ed504853f2395bd2,U010779,School of Business Administration,2023,1.0978
adaa127f5796a74d,U010780,School of Design & Arts,2021,0.3192
083b9bde6af5acf3,U010781,School of Mechanical Engineering,2023,10.9841
7287792f78e47367,U010782,School of Business Administration,2022,2.355
5f962d664424f724,U010783,School of Electrical Engineering,2022,3.2378
9d3f3f3dd2219221,U010784,School of Information Engineering,2024,1.3171
595cdfc12a21b2b8,U010785,School of Computer Science,2022,0.8649
950f3580f9ddda25,U010786,School of Design & Arts,2023,0.3947
2ad54d6b3d5f8151,U010787,School of Information Engineering,2023,0.3242
580bd966593351c4,U010788,School of Design & Arts,2023,0.2652
c05a5751c5f4fcc1,U010789,School of Civil Engineering,2021,1.0948
6582f91d1c64856d,U010790,School of Food Science,2023,2.8106
c2756aecd10919f2,U010791,School of Design & Arts,2022,0.4132
6aa2f3016b76679f,U010792,School of Civil Engineering,2023,0.2867
8e97800925a0ea6f,U010793,School of Economics,2021,0.1339
d59f7c16475b9dfd,U010794,School of Business Administration,2025,0.754
30a6a20e5e4216be,U010795,School of Applied Chemistry,2024,2.0183
1277f62648e697b8,U010796,School of Business Administration,2022,2.1219
d46a1c20eaa6fd75,U010797,School of Civil Engineering,2022,2.343
4e8fbd3fb388e6e5,U010798,School of Civil Engineering,2022,0.8944
9b96aaf4644a4fb4,U010799,School of Design & Arts,2024,0.6461
e176a17c397f1635,U010800,School of Computer Science,2023,2.1281
a1ab4db2a013074e,U010801,School of Design & Arts,2024,0.1945
b489b8fb8aa51fac,U010802,School of Business Administration,2025,0.3799
e2f273627fc24ec7,U010803,School of Business Administration,2022,3.2669
232c0fd9661a889d,U010804,School of Information Engineering,2023,0.2016
ab569f4560de02c6,U010805,School of Civil Engineering,2022,0.5704
ff9f069ae3f357da,U010806,School of Electrical Engineering,2023,1.11
e8ea3f3991c018a4,U010807,School of Economics,2023,0.6413
341df547b8143547,U010808,School of Electrical Engineering,2024,1.8634
e87ad268f2c685d3,U010809,School of Applied Chemistry,2020,2.7147
4ee79f40ca2f3ad4,U010810,School of Education,2021,0.9538
dc59d6e9fe8dc8de,U010811,School of Design & Arts,2022,2.3704
e1c57a4b1a815ad6,U010812,School of Food Science,2025,0.2332
656deca6f867b3b8,U010813,School of Applied Chemistry,2023,0.5043
bbc447c2e8ced4c5,U010814,School of Business Administration,2022,6.5416
6bedb18734c7a7c8,U010815,School of Civil Engineering,2022,4.1203
f99c9979d83b13f3,U010816,School of Economics,2022,0.1646
66a357bb5ec01d6d,U010817,School of Information Engineering,2025,0.5829
74e2dedbf0a195e0,U010818,School of Civil Engineering,2025,0.6764
85a47e4e9e043339,U010819,School of Applied Chemistry,2024,0.8954
35e0fd6cf022887c,U010820,School of Education,2024,2.1107
064eae062799d18c,U010821,School of Education,2021,3.7142
f374502fcc27dcec,U010822,School of Design & Arts,2021,0.6129
b96b7cf0217db2b6,U010823,School of Business Administration,2023,1.813
d4c7e6d7f6ba6318,U010824,School of Business Administration,2023,1.1288
cbab4b772b4d54c4,U010825,School of Design & Arts,2021,0.578
c73bc763d54c1531,U010826,School of Business Administration,2024,0.108
12fb3bdcd185bc01,U010827,School of Foreign Languages,2021,1.6347
4fed7ee667f9770d,U010828,School of Education,2021,1.0813
a66e6daa80e5a208,U010829,School of Business Administration,2022,0.8716
ce3e139b29a43ef5,U010830,School of Education,2024,0.2213
88568fc1d56637da,U010831,School of Mechanical Engineering,2024,4.1876
f643b9c1ab47b0e9,U010832,School of Civil Engineering,2023,0.6876
3144117626b05615,U010833,School of Electrical Engineering,2024,0.1886
a39a24b153628274,U010834,School of Applied Chemistry,2024,0.1605
2b1787045616f497,U010835,School of Civil Engineering,2022,1.1624
2c67271ac27f55ff,U010836,School of Applied Chemistry,2024,1.1975
13036447e31114e8,U010837,School of Information Engineering,2021,0.3716
f2a672b91cfa7ee4,U010838,School of Economics,2023,0.9376
b2f93c7b28b7cd86,U010839,School of Education,2021,1.151
a299171ac1d2c976,U010840,School of Civil Engineering,2022,0.679
687d077e5b0ebf05,U010841,School of Food Science,2023,0.2928
766ee6fc481820f7,U010842,School of Information Engineering,2020,1.544
027587f8d15ae1b3,U010843,School of Foreign Languages,2022,1.3643
065fe31830cfb608,U010844,School of Computer Science,2023,1.0415
fb4d6de385bdb826,U010845,School of Foreign Languages,2023,0.2565
4521e174936712d9,U010846,School of Applied Chemistry,2020,0.156
6e314a44a2145670,U010847,School of Mechanical Engineering,2020,0.6373
4457a5ef989c1e2a,U010848,School of Electrical Engineering,2022,1.4957
abf730170ddfc6d9,U010849,School of Civil Engineering,2024,1.6709
58ed5d94a003a227,U010850,School of Economics,2025,1.0591
3a81bd163763233d,U010851,School of Information Engineering,2022,0.3763
dcead77cd93f5fcd,U010852,School of Education,2024,0.2642
2a913ce730a9f06c,U010853,School of Mechanical Engineering,2023,0.5805
c79408a1a1f38b65,U010854,School of Business Administration,2025,0.586
3611425eeb3e4cc4,U010855,School of Information Engineering,2020,1.7866
3747240e32b4fdb3,U010856,School of Food Science,2023,0.3654
42bc58c0fb6d9ed4,U010857,School of Applied Chemistry,2023,0.3971
4f303c99522831cd,U010858,School of Foreign Languages,2022,4.6089
c8dfaf744b37ab36,U010859,School of Foreign Languages,2020,2.7849
6a3e8c0719f8c282,U010860,School of Design & Arts,2020,0.2442
a1f3810efd36c709,U010861,School of Computer Science,2022,2.5645
eed6255099d77960,U010862,School of Information Engineering,2024,0.1923
f52970929f296a43,U010863,School of Civil Engineering,2024,0.3825
31d043f15cc78d75,U010864,School of Electrical Engineering,2021,0.4286
d090f58ff9f75c04,U010865,School of Civil Engineering,2024,0.5463
47731bc18b8cdfed,U010866,School of Education,2022,1.0972
66b033d8fdd3c320,U010867,School of Information Engineering,2025,0.6567
c59032906a182db8,U010868,School of Design & Arts,2021,1.0917
2facaf6a32553dfc,U010869,School of Information Engineering,2024,0.395
579170fc7dbdb7a7,U010870,School of Design & Arts,2025,0.8583
ab9462b7078e9bf0,U010871,School of Foreign Languages,2024,0.6389
422f1c245793c5e1,U010872,School of Mechanical Engineering,2024,0.1473
917a148ecca90e2d,U010873,School of Civil Engineering,2022,0.957
a06e567afef4ff8f,U010874,School of Computer Science,2024,0.6499
b5c889f98ae8c90d,U010875,School of Civil Engineering,2023,0.2891
68839990d887a97d,U010876,School of Civil Engineering,2022,0.386
f18be631cff7a18d,U010877,School of Civil Engineering,2025,0.3956
f052016f96f8493e,U010878,School of Design & Arts,2022,0.4621
a1d0561194571e54,U010879,School of Business Administration,2022,3.4279
170f2a375fda2495,U010880,School of Food Science,2025,4.7743
de2b1b8d7886c2be,U010881,School of Food Science,2022,0.0387
b10576db7408062d,U010882,School of Civil Engineering,2021,0.9619
861ae7ec867e2333,U010883,School of Food Science,2022,1.5341
e8e5441df451c7e0,U010884,School of Computer Science,2024,0.4756
168a9b34db9cd738,U010885,School of Business Administration,2024,1.4934
5d788fc7c3db9fa7,U010886,School of Computer Science,2021,3.0869
8d74a5165c10102c,U010887,School of Economics,2023,0.1497
b8af0195e4f2bb54,U010888,School of Information Engineering,2023,0.6749
a05e8147f3c23264,U010889,School of Computer Science,2023,4.1776
287de7ecf4081194,U010890,School of Information Engineering,2024,0.1712
2c2164cd4856fa86,U010891,School of Civil Engineering,2025,0.5261
1134aa5aeaf23239,U010892,School of Computer Science,2022,0.377
92197f729806997f,U010893,School of Economics,2022,1.6903
a532011adf3ac77f,U010894,School of Economics,2023,1.943
819f4b843d9981d9,U010895,School of Food Science,2022,0.6944
6abcf6a84a9de74f,U010896,School of Electrical Engineering,2023,0.6097
44dcf2b9080f032e,U010897,School of Applied Chemistry,2020,0.1058
982fcaa19c3e23d6,U010898,School of Food Science,2021,2.4498
61d16ab61b178751,U010899,School of Foreign Languages,2025,0.4147
457e88d8293b6584,U010900,School of Education,2020,0.5121
837d59484b16c07f,U010901,School of Education,2023,1.5599
6530a644b67463ed,U010902,School of Mechanical Engineering,2024,0.7194
158372d915afdeb3,U010903,School of Business Administration,2020,1.611
d7a8eef4d05247ba,U010904,School of Foreign Languages,2021,1.0794
604406f8a11dd580,U010905,School of Information Engineering,2022,0.7238
14fedd19abff431f,U010906,School of Information Engineering,2023,0.8053
976fb8b284dfb79e,U010907,School of Information Engineering,2022,0.1921
b561dababa4742a1,U010908,School of Mechanical Engineering,2023,0.5087
0a7aa116707d601c,U010909,School of Design & Arts,2021,1.7455
68dcf09993355c03,U010910,School of Computer Science,2020,0.2404
29164d5d61af4a9d,U010911,School of Education,2020,0.2887
8825eec0de65c484,U010912,School of Information Engineering,2022,0.245
bbbbcee9687530f6,U010913,School of Civil Engineering,2022,0.6882
fda9d176b695d374,U010914,School of Design & Arts,2025,2.4001
d031f02be4eb06fc,U010915,School of Electrical Engineering,2020,1.0204
d78eae8fe03ded37,U010916,School of Foreign Languages,2023,0.0669
71fc1d4c7b8a3b4d,U010917,School of Food Science,2023,1.1293
a133f736600ad646,U010918,School of Design & Arts,2024,0.3794
01b116053e8d0e0c,U010919,School of Design & Arts,2023,0.9825
84fa9b4870cb3b96,U010920,School of Applied Chemistry,2020,0.5084
9b55e9f514416b78,U010921,School of Education,2023,0.2497
139aa30d96ed2f3f,U010922,School of Economics,2022,0.5496
a76fc859cddc9657,U010923,School of Mechanical Engineering,2024,0.3797
5a88fa61736cf7f1,U010924,School of Economics,2021,0.8031
b68c32490a0b0d53,U010925,School of Information Engineering,2024,0.2434
a5d1923aef24b8e8,U010926,School of Food Science,2023,0.1917
582057a1b9e39a5c,U010927,School of Computer Science,2023,1.2276
1183e30e3f4509d7,U010928,School of Foreign Languages,2021,1.7893
8bbb253d5b65bf33,U010929,School of Foreign Languages,2023,1.0545
d58c8f364eb5fc3a,U010930,School of Electrical Engineering,2024,0.3086
645c8bd7927e6cf1,U010931,School of Education,2023,0.2817
47341ef1bebb3d5b,U010932,School of Applied Chemistry,2022,0.2983
96b6639e0556310c,U010933,School of Civil Engineering,2021,1.4382
493b8f9821c1f110,U010934,School of Civil Engineering,2022,0.2587
496ef16483ca351f,U010935,School of Computer Science,2024,1.4291
ad9e72975585ac65,U010936,School of Information Engineering,2022,1.1162
5d17826bf29903d6,U010937,School of Education,2024,2.0355
b98e7e2cbeb2e13c,U010938,School of Economics,2024,1.7094
57a28b27db49aa64,U010939,School of Economics,2024,1.0158
762b879f03eb8a34,U010940,School of Food Science,2024,0.1359
b8d387467c227714,U010941,School of Design & Arts,2023,1.0867
72ee102dedfbc8fe,U010942,School of Education,2023,0.6626
cfd690d764dfabde,U010943,School of Education,2021,0.4065
90f3d42a222136d1,U010944,School of Business Administration,2024,2.3053
d8e7cf9a87f4d3b8,U010945,School of Civil Engineering,2025,0.5075
8cc2a2ac71c797d7,U010946,School of Information Engineering,2022,0.3477
f6905a962385b11f,U010947,School of Foreign Languages,2025,1.8168
1aab8e70ae1db98e,U010948,School of Information Engineering,2025,0.3937
78cffd072eeb2ccf,U010949,School of Economics,2023,0.3307
eacb3c81903be1e1,U010950,School of Economics,2024,0.1913
88a3f9adfaeda63f,U010951,School of Electrical Engineering,2023,0.26
7aa37c7d1d4576f6,U010952,School of Design & Arts,2021,0.2833
8b96750515839f71,U010953,School of Education,2020,1.0986
04a0a5a2fdeb2d2d,U010954,School of Economics,2022,0.2131
b2205d81acaa85b1,U010955,School of Civil Engineering,2024,0.0921
8989954c0ca11835,U010956,School of Food Science,2022,0.7995
5e3afa1c96c87548,U010957,School of Mechanical Engineering,2024,0.3132
667425bb272dba39,U010958,School of Business Administration,2023,0.5808
1d2e28a02dcf1e2e,U010959,School of Computer Science,2024,2.1285
22abb41ea41b3027,U010960,School of Electrical Engineering,2022,0.6342
4e793cf5fcfce481,U010961,School of Foreign Languages,2023,2.6714
385b4f99794f51fc,U010962,School of Economics,2021,0.5515
8a855f668677980b,U010963,School of Mechanical Engineering,2021,1.616
fb0d613092bf7fb5,U010964,School of Computer Science,2020,0.3415
6b3a6ba63160923e,U010965,School of Economics,2021,0.6575
b1bc662e25cb265e,U010966,School of Applied Chemistry,2021,0.2322
b4e78ae9fb7d4a99,U010967,School of Computer Science,2023,0.2615
3bd63533971a5262,U010968,School of Civil Engineering,2022,0.4716
cb1bce3dad34f895,U010969,School of Design & Arts,2021,0.1564
ba360f45847eb24a,U010970,School of Design & Arts,2025,0.6924
4ff1b95843390876,U010971,School of Economics,2023,0.4362
5bddc0b2c0a416a4,U010972,School of Education,2025,0.7465
c0ca817f0255dca6,U010973,School of Economics,2023,0.1588
415e57391881dd1d,U010974,School of Information Engineering,2020,1.1909
1bd85fbfee4a474b,U010975,School of Civil Engineering,2025,3.224
dac08d911de5a0a6,U010976,School of Civil Engineering,2024,2.6105
ac41ee7d3e601537,U010977,School of Design & Arts,2023,3.9626
df47b3cec10e1d80,U010978,School of Education,2023,0.616
60a965f77d1e7f1e,U010979,School of Civil Engineering,2022,0.4151
7fb89e745f6649c5,U010980,School of Electrical Engineering,2023,0.9613
9e8ee5c69a03c828,U010981,School of Food Science,2024,0.4652
07a55f49f308b266,U010982,School of Foreign Languages,2023,0.1036
a137e7f0965c7ea7,U010983,School of Civil Engineering,2021,1.3395
7acfc42d360b0d46,U010984,School of Education,2020,0.467
c11848212429b870,U010985,School of Computer Science,2021,0.1361
2f6c3933dfa5743e,U010986,School of Business Administration,2021,0.3551
c877b9b853081ea1,U010987,School of Mechanical Engineering,2022,0.4778
42cd07730f917894,U010988,School of Mechanical Engineering,2025,0.5974
3313089a6d92fcc6,U010989,School of Food Science,2021,0.6046
0ff9eec1b1eb7fa6,U010990,School of Mechanical Engineering,2022,2.321
a6d2008365f51835,U010991,School of Economics,2021,0.1627
9ba3ca15db9294a7,U010992,School of Mechanical Engineering,2023,0.507
f002e9b9e6f96dd2,U010993,School of Business Administration,2023,0.2451
85ed8e1ed01e907f,U010994,School of Electrical Engineering,2023,2.0733
204975a9759c8038,U010995,School of Business Administration,2025,0.3367
66fd42747a64d0cd,U010996,School of Information Engineering,2025,0.4186
983007181b903ed5,U010997,School of Education,2024,1.6866
6d82b786e95373b1,U010998,School of Electrical Engineering,2024,2.2206
365bcd1f1164795e,U010999,School of Civil Engineering,2022,2.5744
dc35d4abfe60deb1,U011000,School of Economics,2023,0.1142
3235f79075504b07,U011001,School of Food Science,2022,0.9569
d7ff86029ca0d7b8,U011002,School of Computer Science,2024,0.7735
114cca2328fcd443,U011003,School of Civil Engineering,2021,0.5609
435cab91e74bf123,U011004,School of Civil Engineering,2021,0.631
0c0e36577079ab16,U011005,School of Computer Science,2020,2.1356
91ffaf1ef8cc3666,U011006,School of Information Engineering,2023,1.6679
291c4452d1221561,U011007,School of Education,2024,1.4476
f297a097da14f1df,U011008,School of Foreign Languages,2020,0.7261
b754bf9a15d6cde2,U011009,School of Foreign Languages,2023,5.7178
613b62ead2c8d246,U011010,School of Computer Science,2022,0.3955
749f1c45d6a26369,U011011,School of Design & Arts,2024,0.1173
56c2c149167888e3,U011012,School of Information Engineering,2020,0.4528
3559c74f4ca88076,U011013,School of Information Engineering,2020,0.6255
558488288ff72ead,U011014,School of Education,2023,2.1732
b9a49fe14ff29fed,U011015,School of Business Administration,2023,0.3542
e13ff29b02884834,U011016,School of Economics,2024,0.9649
f59ea8cdab4c0560,U011017,School of Computer Science,2023,0.1348
3fb8f874fc5e4648,U011018,School of Design & Arts,2025,1.7409
c2dac31cb0182755,U011019,School of Design & Arts,2022,0.6321
d7ca205a37f50be8,U011020,School of Foreign Languages,2022,0.4459
9207e1dd1e54448a,U011021,School of Education,2025,4.9761
0b7fb936bd3a4c0e,U011022,School of Civil Engineering,2021,1.721
a91f8cab92cfcded,U011023,School of Food Science,2024,0.2087
b7c1a046f3757bb0,U011024,School of Computer Science,2020,0.5292
1f5f1716554c9572,U011025,School of Education,2023,9.1095
5554aa2979f0c7a5,U011026,School of Civil Engineering,2021,4.2708
38c90d8f964cc0ce,U011027,School of Food Science,2023,1.4858
a7e35b818415bbcb,U011028,School of Economics,2024,0.0931
a19aed22b847ddf9,U011029,School of Design & Arts,2020,2.237
e565242ae4ce482f,U011030,School of Education,2021,0.3128
3b18d26d35d5ce0b,U011031,School of Foreign Languages,2022,2.2178
21e018f2ce80539f,U011032,School of Design & Arts,2021,0.2866
048ce8367565cabf,U011033,School of Computer Science,2022,0.9625
cfdf3303c1fdc1ce,U011034,School of Electrical Engineering,2025,0.3112
d7fc8e5c66adb02b,U011035,School of Mechanical Engineering,2021,0.4105
e53da0686a1db13e,U011036,School of Foreign Languages,2022,1.0999
2dd3e1d71864b985,U011037,School of Design & Arts,2022,0.1579
21f206ce20f1bf2d,U011038,School of Foreign Languages,2022,6.3307
110f3def86ac940f,U011039,School of Design & Arts,2022,0.2114
eb954de99563ee15,U011040,School of Business Administration,2024,0.1999
c859cb8eedc2fd8d,U011041,School of Education,2023,1.1031
5214bc29d28e4dbe,U011042,School of Civil Engineering,2024,2.1489
a7b476a7abbced55,U011043,School of Foreign Languages,2022,0.4271
e9bd8e7b6b097984,U011044,School of Information Engineering,2023,0.2022
3d590d7deb76b33b,U011045,School of Design & Arts,2025,0.2347
3530cca5ac095bee,U011046,School of Electrical Engineering,2024,0.2108
2895c6b97aaf5848,U011047,School of Education,2025,0.8035
c8d6ca30ca802246,U011048,School of Economics,2021,0.5505
d55f99642a2aa931,U011049,School of Education,2025,0.9038
cbd1bb153fe72f16,U011050,School of Computer Science,2024,0.8503
b746a065aa1cd3d3,U011051,School of Design & Arts,2024,1.3462
2bfa318718986631,U011052,School of Design & Arts,2023,0.3918
6f8535c322293cbb,U011053,School of Computer Science,2025,0.2822
b6272711319fa833,U011054,School of Computer Science,2022,0.6902
363cab757e8b8993,U011055,School of Foreign Languages,2024,0.5588
8cf057bd7c64a73f,U011056,School of Information Engineering,2024,0.7603
05cd553a9598cc34,U011057,School of Electrical Engineering,2024,0.2898
770776e8aca2a9b0,U011058,School of Foreign Languages,2024,1.1221
4f9dcd0a7a8e05da,U011059,School of Food Science,2021,0.1817
fe2ca3430600d196,U011060,School of Design & Arts,2022,0.3801
e5311616b00184d9,U011061,School of Foreign Languages,2022,1.8258
7c87c91a29f43adb,U011062,School of Economics,2024,0.1905
c0c1df1e93b4e686,U011063,School of Business Administration,2024,1.6875
52b0c2b1be1a946e,U011064,School of Foreign Languages,2024,0.1443
2196ff80db2da12e,U011065,School of Foreign Languages,2024,0.121
b44b30914917d3d5,U011066,School of Economics,2023,0.1325
fff5bccda6cb8125,U011067,School of Design & Arts,2021,0.6635
f0322423416a537c,U011068,School of Information Engineering,2023,1.2246
2df58b97615674f1,U011069,School of Mechanical Engineering,2025,2.1503
2ac87ac97190ccdb,U011070,School of Design & Arts,2023,1.9855
b293ef30a260389f,U011071,School of Computer Science,2025,1.3989
f95f288f5b10c342,U011072,School of Electrical Engineering,2025,0.257
3721e8597faad888,U011073,School of Civil Engineering,2022,0.2547
a823bb3fbc177e19,U011074,School of Foreign Languages,2024,1.298
6c90ed0fdac44378,U011075,School of Electrical Engineering,2023,2.4456
6b2636cc849a518f,U011076,School of Applied Chemistry,2022,0.2105
6850c6e6e9cf16e1,U011077,School of Civil Engineering,2021,2.1533
9863c216b578a1d9,U011078,School of Mechanical Engineering,2021,0.0865
15fedd37a0232e0a,U011079,School of Foreign Languages,2021,0.8719
9decf689c7414625,U011080,School of Applied Chemistry,2023,0.5322
07a17d840253ff74,U011081,School of Business Administration,2021,0.4813
0643931fa86e1a02,U011082,School of Foreign Languages,2022,0.6091
c4cd28502bc2f5b7,U011083,School of Information Engineering,2023,0.2514
e4abfba6d2b0944f,U011084,School of Computer Science,2022,0.9223
cec6118090f5b704,U011085,School of Business Administration,2024,0.6273
a8ecef13e4aadb1c,U011086,School of Design & Arts,2022,1.5043
c56fb32bcc7ac0ea,U011087,School of Education,2020,2.8962
14f643c875c32a1a,U011088,School of Food Science,2025,0.6703
316fa1ad43b42bed,U011089,School of Information Engineering,2024,0.2604
5c82035a061d8315,U011090,School of Mechanical Engineering,2023,0.1892
e69d25eb7ee45c46,U011091,School of Economics,2024,3.226
6f560badfc1d3aee,U011092,School of Applied Chemistry,2021,2.8388
fe780e18ce6ba95a,U011093,School of Electrical Engineering,2024,1.4339
e709d7e50d23a171,U011094,School of Food Science,2021,0.6268
46cac2b42de10e80,U011095,School of Business Administration,2023,1.334
c6a9cd40f594a9ac,U011096,School of Information Engineering,2021,2.1759
f2d5e46e0c4a30bf,U011097,School of Civil Engineering,2024,0.3182
12a9c702adb80858,U011098,School of Computer Science,2021,0.6082
7d6835074321144e,U011099,School of Business Administration,2021,0.1953
a6cb56adcceaf498,U011100,School of Design & Arts,2021,0.5189
4f919512c31dd978,U011101,School of Computer Science,2024,2.7656
7cf699a11b97fcf8,U011102,School of Design & Arts,2022,1.7359
85ce242d1343fd79,U011103,School of Applied Chemistry,2023,0.6757
465bf1ab91aadbf2,U011104,School of Economics,2022,0.0399
e913453090f021d2,U011105,School of Education,2024,0.3064
e71e55b1019642bd,U011106,School of Design & Arts,2021,0.654
e8f7c1ff57695ef9,U011107,School of Computer Science,2025,0.4757
908ecb8e4cabf87e,U011108,School of Applied Chemistry,2022,0.61
a3ee25346fa48efb,U011109,School of Civil Engineering,2021,0.7525
2937a1e296e6899c,U011110,School of Civil Engineering,2021,0.3462
5426e1083d3ded78,U011111,School of Electrical Engineering,2020,0.5859
3976f5dd7d82e550,U011112,School of Mechanical Engineering,2022,0.5084
0408977edffccc96,U011113,School of Business Administration,2021,0.2922
2074c36f72dc5087,U011114,School of Design & Arts,2025,3.7409
b460cae9062f44bc,U011115,School of Mechanical Engineering,2023,0.3666
29e87f14e775e3f2,U011116,School of Information Engineering,2021,0.062
e1ec67675e99a781,U011117,School of Applied Chemistry,2022,3.5123
1a7d89f342ba30e9,U011118,School of Education,2021,0.2533
39627993401d62a8,U011119,School of Business Administration,2021,1.4519
98105c690268220a,U011120,School of Mechanical Engineering,2022,0.2988
4675e36e17ee0bb2,U011121,School of Electrical Engineering,2021,1.0432
5ae3529f9b9a40a9,U011122,School of Mechanical Engineering,2021,0.5626
5b91346762db59b1,U011123,School of Food Science,2025,1.6053
ddc59c035a77926f,U011124,School of Economics,2023,0.4768
8ab543482d84870f,U011125,School of Information Engineering,2025,0.3066
6156c92e96212d69,U011126,School of Information Engineering,2021,0.7634
9ecc908492fe4b2d,U011127,School of Applied Chemistry,2024,0.4027
901e655a8f30607b,U011128,School of Electrical Engineering,2022,0.0858
e43b658d72a31179,U011129,School of Foreign Languages,2021,0.3235
a9eb79a35836a3c6,U011130,School of Education,2024,10.3996
2be3ce63045d1259,U011131,School of Electrical Engineering,2020,0.0955
78045cd49ac25166,U011132,School of Economics,2022,0.7513
dbcd3dd0d4c12a27,U011133,School of Computer Science,2024,0.4631
4b62026568cd9193,U011134,School of Business Administration,2023,3.704
b66405b0cbf9d342,U011135,School of Education,2023,0.1944
5e7260551fd8d066,U011136,School of Computer Science,2022,0.6533
82aab95713f1fb0b,U011137,School of Information Engineering,2020,1.1726
d4cc8ab82e7e953a,U011138,School of Design & Arts,2025,0.4935
01de282827fbae74,U011139,School of Design & Arts,2021,0.274
5d09de92d5260724,U011140,School of Civil Engineering,2021,0.5774
cae7157aecd1227a,U011141,School of Information Engineering,2021,0.4332
9e441a49dacae3af,U011142,School of Information Engineering,2025,0.432
8ff3f144d2bc7de7,U011143,School of Economics,2024,1.4974
bd41ab34967c303b,U011144,School of Information Engineering,2022,0.8833
3d33c53a15c092d0,U011145,School of Computer Science,2025,1.0251
7eb1a10fa3fcb809,U011146,School of Economics,2020,0.8214
50512ff03d4c27f8,U011147,School of Electrical Engineering,2025,1.5417
87b5d8b926326837,U011148,School of Electrical Engineering,2020,2.1755
5ad6afc264df633e,U011149,School of Food Science,2022,0.4432
e15d2a08cc11e7d0,U011150,School of Economics,2020,1.3397
1f0f135db394c27c,U011151,School of Foreign Languages,2025,0.1615
83b2a99dc0c93b88,U011152,School of Business Administration,2025,0.062
265242faafd2064a,U011153,School of Computer Science,2023,3.6671
586aafc7e0eb18b3,U011154,School of Design & Arts,2021,0.423
1b8e4e066ddc1b75,U011155,School of Food Science,2022,0.7599
cf53edfeab9e29d4,U011156,School of Applied Chemistry,2022,0.1734
e83f6dc6cf4ffde9,U011157,School of Foreign Languages,2022,0.1656
9dadc361d05a0261,U011158,School of Computer Science,2020,0.2894
df827d39a2e3d586,U011159,School of Electrical Engineering,2023,1.1229
57f82946cb41de9e,U011160,School of Design & Arts,2023,0.3522
1c03ca961d94e141,U011161,School of Applied Chemistry,2025,0.422
cbb688db3d75ea3a,U011162,School of Information Engineering,2023,0.2804
a666e8defc1b76d4,U011163,School of Electrical Engineering,2022,1.8942
7ab85e43b040d182,U011164,School of Food Science,2023,1.4071
204919f612be96e2,U011165,School of Applied Chemistry,2021,0.3638
79ec72ca1e5726cb,U011166,School of Foreign Languages,2023,1.1701
facae658efa34330,U011167,School of Economics,2024,0.462
3aaa9ec9728c5a24,U011168,School of Computer Science,2021,0.4212
df441a9e48b9a7d3,U011169,School of Business Administration,2022,0.5617
4df411cb221e3682,U011170,School of Applied Chemistry,2025,1.1233
1b8a49e31ec4906b,U011171,School of Civil Engineering,2023,0.2419
70db1a5209fff49a,U011172,School of Food Science,2023,0.9757
a55577435bce8564,U011173,School of Business Administration,2024,7.1765
5af27fa6a5e310e6,U011174,School of Civil Engineering,2023,0.709
46bc77dfd977d1a7,U011175,School of Mechanical Engineering,2020,0.6118
2d3a4e8b867dc5e0,U011176,School of Electrical Engineering,2024,0.5427
d8a65aaa88c0db2f,U011177,School of Design & Arts,2025,0.9524
cdde4270d3b71503,U011178,School of Economics,2020,0.118
02f823f376f397fa,U011179,School of Food Science,2021,3.2352
e0213b889acd4e42,U011180,School of Mechanical Engineering,2024,1.5749
c250963913e7b80b,U011181,School of Food Science,2023,0.3099
5bef2cfdcc4498c1,U011182,School of Foreign Languages,2022,0.6093
31008782928b7d3b,U011183,School of Business Administration,2023,0.3381
45d5de8cb0727a3b,U011184,School of Business Administration,2024,0.7963
52716d6d5eb161b8,U011185,School of Economics,2023,0.6277
406952de64d3bc3a,U011186,School of Foreign Languages,2021,0.742
36453959904f8ce4,U011187,School of Business Administration,2020,0.2111
17c2c49eeaec066f,U011188,School of Civil Engineering,2022,0.3647
809c421891a49b27,U011189,School of Food Science,2025,1.8572
5da1b4c84cd40610,U011190,School of Mechanical Engineering,2023,0.3462
56ad9fe056c56b60,U011191,School of Applied Chemistry,2022,0.042
80fcab5887391800,U011192,School of Food Science,2025,0.5078
701d4d3ea756874f,U011193,School of Mechanical Engineering,2022,6.583
5b986824133a646a,U011194,School of Applied Chemistry,2023,1.3797
d56a3265d080334a,U011195,School of Applied Chemistry,2021,0.3292
23d3821a1eaa7d58,U011196,School of Computer Science,2024,0.5612
dcb1380190801894,U011197,School of Applied Chemistry,2024,1.1652
c5e70580c108f25f,U011198,School of Foreign Languages,2024,0.102
8d156cda58731c88,U011199,School of Computer Science,2022,0.2508
9020a82bf666c01f,U011200,School of Civil Engineering,2022,0.8793
4c7541424a9f98d6,U011201,School of Applied Chemistry,2021,2.908
f406d1c210eef809,U011202,School of Mechanical Engineering,2025,0.3805
4806e4e967c54352,U011203,School of Business Administration,2020,2.8293
5f1b255fb79860cf,U011204,School of Design & Arts,2023,0.2777
2d83670114ff7447,U011205,School of Civil Engineering,2024,0.02
84253c8f20ca6b5b,U011206,School of Education,2021,1.2421
ed2f2eb3d305c799,U011207,School of Food Science,2022,1.0135
d511c96e78d208fb,U011208,School of Business Administration,2020,1.2327
b23c7f082c9d7486,U011209,School of Education,2023,1.1854
463abc01599b197a,U011210,School of Food Science,2025,0.7152
a4a54048620e2f11,U011211,School of Civil Engineering,2022,0.4557
762923eb7c8cb74c,U011212,School of Design & Arts,2025,0.4735
84266221c64b4730,U011213,School of Computer Science,2021,0.3725
6d9dc58ff84cb96d,U011214,School of Mechanical Engineering,2022,0.3956
34798b9ad02775e3,U011215,School of Business Administration,2025,0.0965
1d6b14c1c3f58814,U011216,School of Foreign Languages,2025,0.1753
5ffea7ed31622aba,U011217,School of Applied Chemistry,2022,0.5014
0c3b3281db36b4b0,U011218,School of Civil Engineering,2024,0.0628
1445c5d614a06785,U011219,School of Civil Engineering,2025,0.0793
8225126c6dd4e4ea,U011220,School of Economics,2024,0.4226
28a43d148442cea3,U011221,School of Foreign Languages,2023,0.5193
db32a4d78dcf0d6d,U011222,School of Design & Arts,2021,0.4316
5c855555d23a2a84,U011223,School of Applied Chemistry,2020,0.0546
e266ac1f42868e7f,U011224,School of Mechanical Engineering,2023,2.7882
1b6fe9016a77e70b,U011225,School of Electrical Engineering,2023,0.1404
033a56f42fedc22c,U011226,School of Information Engineering,2021,0.2605
5f0c62c39eed56f0,U011227,School of Economics,2022,0.1672
fe2422000257516a,U011228,School of Electrical Engineering,2022,2.1641
3bb14fd965e0d1f8,U011229,School of Business Administration,2023,0.8998
ba682800b86f774e,U011230,School of Civil Engineering,2022,0.3678
b7895a9dc7ff95fc,U011231,School of Civil Engineering,2022,0.3428
b8f75deddcb1b7eb,U011232,School of Education,2021,0.7065
a9478ba412d6018d,U011233,School of Business Administration,2025,0.1697
13ef5b263c2bacc8,U011234,School of Economics,2023,0.8639
6e788efacdd11953,U011235,School of Business Administration,2021,0.3411
6efebc1317fbaaa5,U011236,School of Economics,2022,0.9927
63b19db0fb306604,U011237,School of Applied Chemistry,2022,0.9596
f77d30d59cb5dea4,U011238,School of Applied Chemistry,2023,0.3261
9d0f77c017ebefce,U011239,School of Foreign Languages,2023,0.0758
9cda020e7fc2b511,U011240,School of Information Engineering,2023,0.4612
4a090b261e5029e4,U011241,School of Economics,2024,0.1386
1bb58bb6b4d29531,U011242,School of Foreign Languages,2021,0.6387
6f5cd57d6f93bd19,U011243,School of Business Administration,2022,0.4568
9337e4821a95f5bf,U011244,School of Information Engineering,2020,0.3279
2e7e5f2d6d12a224,U011245,School of Foreign Languages,2022,0.1616
ca840e449c71c8cc,U011246,School of Information Engineering,2022,1.9344
e6c1a430962d970d,U011247,School of Applied Chemistry,2024,0.3751
e4081f1efb9426e5,U011248,School of Computer Science,2021,6.2111
c2e8fb798e799a7b,U011249,School of Foreign Languages,2023,0.6114
bc470d0f043808b7,U011250,School of Education,2022,0.8391
5f5d4081155f1b42,U011251,School of Food Science,2022,0.614
2ec6c2e20dc6e134,U011252,School of Foreign Languages,2024,0.8307
0cdb837511611269,U011253,School of Design & Arts,2020,1.7606
3881a1133df4174b,U011254,School of Mechanical Engineering,2022,1.7811
481a404062e5417a,U011255,School of Education,2022,0.1009
2dd60d4bef211bc8,U011256,School of Education,2024,1.3889
44c5f8930386d9e6,U011257,School of Mechanical Engineering,2021,0.9706
dd73ba09d36a6461,U011258,School of Economics,2025,0.6119
6097483120d3e197,U011259,School of Information Engineering,2025,3.2725
644af7c547ae1b92,U011260,School of Design & Arts,2024,3.4068
304ba8c0da87b26a,U011261,School of Business Administration,2022,1.4588
90068878fd767bb3,U011262,School of Information Engineering,2023,0.3428
c844000523d82f79,U011263,School of Business Administration,2020,0.1792
1c278e330b33506d,U011264,School of Computer Science,2025,1.2553
85c35d637909d630,U011265,School of Electrical Engineering,2023,2.2991
cccc922a6b4e7cc4,U011266,School of Computer Science,2021,0.0776
0836ce39d3c462ee,U011267,School of Civil Engineering,2022,1.7494
91c1dc4a1c163564,U011268,School of Design & Arts,2024,0.4575
430d808d72e837b7,U011269,School of Civil Engineering,2025,0.0967
70b6112c1a3361fd,U011270,School of Design & Arts,2023,0.944
445f4f2f7aeefcd8,U011271,School of Electrical Engineering,2023,1.4658
c50335eb4590d42b,U011272,School of Computer Science,2024,0.4155
db9bc4bf38f9cf69,U011273,School of Information Engineering,2024,0.2051
d8503c2789795659,U011274,School of Computer Science,2024,3.271
af53b609bb62feb0,U011275,School of Business Administration,2022,0.3025
63576b3b84a69dbb,U011276,School of Applied Chemistry,2023,1.8822
ffd1733877454f36,U011277,School of Design & Arts,2024,0.13
fecfc107947766f8,U011278,School of Food Science,2021,0.8949
f3fa52daf75c028a,U011279,School of Computer Science,2022,0.8698
9e15ed03c2490b66,U011280,School of Information Engineering,2020,1.414
40645bbb3fc18de9,U011281,School of Economics,2022,2.6274
022eb3c35917debe,U011282,School of Foreign Languages,2024,0.2617
6283eb95731e42d0,U011283,School of Computer Science,2021,0.9938
97540e993ec92784,U011284,School of Education,2023,0.1505
4f18722a9fe95b30,U011285,School of Design & Arts,2020,0.1488
be94f04b82421d43,U011286,School of Foreign Languages,2025,0.3311
dc6c257ccf066537,U011287,School of Electrical Engineering,2024,0.889
1d6ad1a357f7d968,U011288,School of Civil Engineering,2023,3.1578
37313cd7b8600f6d,U011289,School of Electrical Engineering,2024,3.7884
141379ff615f7cf3,U011290,School of Foreign Languages,2021,0.414
40f6cbf51e8b24e2,U011291,School of Economics,2024,0.8013
4bc79d1661c6ce63,U011292,School of Food Science,2024,1.5159
52f01a6b7680cff3,U011293,School of Computer Science,2021,1.2692
cca44e324a9ad9e8,U011294,School of Economics,2025,0.4983
e34df8d8f1e97b19,U011295,School of Foreign Languages,2020,0.6371
488a286d56acc033,U011296,School of Mechanical Engineering,2023,0.5288
a8584a4129b71e81,U011297,School of Economics,2021,0.4793
c299c9257dc7dec3,U011298,School of Information Engineering,2024,0.4196
dc054f7204920760,U011299,School of Information Engineering,2020,0.5238
b2314ca49eb4784c,U011300,School of Information Engineering,2020,0.3934
ba85523a6bba110a,U011301,School of Applied Chemistry,2022,0.1897
0e1526c7be303fdd,U011302,School of Mechanical Engineering,2025,1.3987
02073b31edf2d19e,U011303,School of Applied Chemistry,2022,0.9893
aebd50fc1daf71a7,U011304,School of Foreign Languages,2023,3.8558
de7af0db522fae92,U011305,School of Applied Chemistry,2023,0.8543
69fa12b34fa0e959,U011306,School of Computer Science,2024,0.3891
6f7202a4af021ddb,U011307,School of Electrical Engineering,2022,0.3155
234c769d9552e448,U011308,School of Foreign Languages,2023,0.619
20940d534948e1de,U011309,School of Electrical Engineering,2025,1.0262
7e4bebac787485dc,U011310,School of Design & Arts,2022,0.4622
938add56b0c6d2a7,U011311,School of Foreign Languages,2022,0.1357
ec96777b9fa13687,U011312,School of Applied Chemistry,2025,0.282
882c988cc2f0b18d,U011313,School of Electrical Engineering,2022,0.6011
25571ccf0b728576,U011314,School of Mechanical Engineering,2022,1.2377
5f2b507d7b667809,U011315,School of Foreign Languages,2022,0.1336
da0ac58f667398d8,U011316,School of Computer Science,2024,0.7696
b3bf1d0ce9e9ad72,U011317,School of Civil Engineering,2025,0.7365
c7394cffe82b3f8c,U011318,School of Mechanical Engineering,2023,0.3758
7f11200bf9308baf,U011319,School of Foreign Languages,2023,0.3283
10d8b58b719bb482,U011320,School of Food Science,2022,0.2827
6da07cf3ca1e3a36,U011321,School of Food Science,2020,0.6796
1e510a217d9eb117,U011322,School of Computer Science,2021,1.8218
7a6998429235ec36,U011323,School of Information Engineering,2021,1.9558
fa47a3375ac969c8,U011324,School of Information Engineering,2021,0.1919
186ccd083c988e9c,U011325,School of Electrical Engineering,2023,0.4897
0177102b1bb8f94d,U011326,School of Mechanical Engineering,2021,0.0658
36aa90fa91606a3e,U011327,School of Business Administration,2020,0.6585
b3698381febcb7e5,U011328,School of Design & Arts,2022,1.0732
3f260e26feae607c,U011329,School of Mechanical Engineering,2021,2.8404
b95ef711821b3a24,U011330,School of Design & Arts,2021,0.0989
a83f9fdb1d63e467,U011331,School of Food Science,2021,0.1989
ae22be0032a7f4fa,U011332,School of Education,2021,0.6819
088c1d8e67ea4708,U011333,School of Education,2023,0.117
fb8ca3cb5226423c,U011334,School of Computer Science,2024,0.7013
c122ce983d527ae2,U011335,School of Design & Arts,2024,1.1008
21436d0dd8314c17,U011336,School of Mechanical Engineering,2024,0.1639
f512d6b536fce9e7,U011337,School of Business Administration,2023,0.6741
4ab238ed244e62eb,U011338,School of Economics,2025,0.1757
e13dabce83a6ce83,U011339,School of Business Administration,2023,2.336
6d0d6c0d05ca7d8b,U011340,School of Computer Science,2023,0.7259
92f77abc68726206,U011341,School of Electrical Engineering,2022,0.3113
bd5c478927601fba,U011342,School of Computer Science,2022,0.1712
5a56889684ae90c6,U011343,School of Foreign Languages,2022,0.8712
948611850f1c9712,U011344,School of Food Science,2021,2.2955
5e6938378c75a666,U011345,School of Applied Chemistry,2024,0.2729
d4b951c964ea0f8a,U011346,School of Applied Chemistry,2020,0.3804
241c36d6b09599ad,U011347,School of Foreign Languages,2024,0.2783
0973fb21b76b4216,U011348,School of Electrical Engineering,2025,2.7968
72b537aa7d7d83db,U011349,School of Civil Engineering,2023,0.0875
10255e176d25a522,U011350,School of Education,2020,2.1353
4835d1298673fd7e,U011351,School of Electrical Engineering,2022,0.4049
5d70fe586e11c1dd,U011352,School of Computer Science,2022,0.5496
94fc4a666873d95f,U011353,School of Mechanical Engineering,2025,0.4199
688695c9b8928a92,U011354,School of Mechanical Engineering,2024,0.7502
3275723ee6b1405b,U011355,School of Economics,2024,0.2846
7caceccbcdb91592,U011356,School of Business Administration,2023,1.7013
5c81dd7819d6d3e8,U011357,School of Foreign Languages,2024,1.7718
40ca413495aca885,U011358,School of Mechanical Engineering,2024,0.2208
27f2fa312cd9996c,U011359,School of Economics,2020,1.1508
590a40352ffac852,U011360,School of Electrical Engineering,2021,0.4133
c6d9b46fe1c9ede5,U011361,School of Economics,2020,0.6217
c0fc94d68a6fbf98,U011362,School of Economics,2023,2.7132
f913db948acc67eb,U011363,School of Applied Chemistry,2025,0.3009
89744c49e9625cfb,U011364,School of Education,2023,1.4911
f2bdb4fc2e65ef2c,U011365,School of Education,2023,0.9325
aac416dada6f2c8f,U011366,School of Foreign Languages,2025,0.4862
81b4076b0a706aa6,U011367,School of Civil Engineering,2021,0.8525
10e36869374fcb8c,U011368,School of Education,2020,0.7568
d1b0eb5ee5e4b403,U011369,School of Education,2025,0.1854
2e6255b776d664d9,U011370,School of Electrical Engineering,2025,0.3218
489726f6b8c57592,U011371,School of Computer Science,2024,0.2076
6655ae9dac0d7fa7,U011372,School of Computer Science,2021,0.4477
7445d77402fe1111,U011373,School of Education,2025,2.266
fa3cbd55a7e59a85,U011374,School of Information Engineering,2024,1.0555
540739a96f3b4cfe,U011375,School of Mechanical Engineering,2024,0.1409
a7a633f21cf3249a,U011376,School of Applied Chemistry,2021,0.4492
75aece8f12357b07,U011377,School of Education,2023,0.7457
dfce18c50a7f859d,U011378,School of Computer Science,2024,1.2424
df0d246c7d2672ad,U011379,School of Applied Chemistry,2025,0.308
7e492fd9a34b7fc6,U011380,School of Information Engineering,2023,0.1713
99910964b780460c,U011381,School of Economics,2023,0.558
ffbdc5e1d78c3380,U011382,School of Education,2024,1.0429
d3b7dce2d30003ea,U011383,School of Design & Arts,2023,0.7466
3293c44b7da84fc6,U011384,School of Information Engineering,2022,0.2437
b352e595d3404d5b,U011385,School of Information Engineering,2020,3.4131
eb99769b8d35c8a8,U011386,School of Foreign Languages,2021,0.5348
ba10525058183645,U011387,School of Information Engineering,2024,0.7166
21acedd92c32763d,U011388,School of Mechanical Engineering,2020,0.3045
c70ac7c5b5f8877b,U011389,School of Food Science,2020,1.7852
6eee7ecdc374d73c,U011390,School of Applied Chemistry,2025,1.0459
ea267565fd303f08,U011391,School of Design & Arts,2024,0.8087
f90995c2917c524e,U011392,School of Foreign Languages,2020,0.1866
60048378d1b99bc2,U011393,School of Electrical Engineering,2022,1.763
6b3cbf4418bc6abb,U011394,School of Business Administration,2024,1.2585
1670c2d1b7d25f55,U011395,School of Applied Chemistry,2022,1.6289
12f71dabfb1dd4f4,U011396,School of Mechanical Engineering,2022,0.6126
17f14b1c3888366d,U011397,School of Computer Science,2022,0.5478
c242527c506f165a,U011398,School of Design & Arts,2021,0.4921
1b85d7f61ab4acf2,U011399,School of Education,2024,5.7661
ddaf7a5c46886112,U011400,School of Design & Arts,2021,0.3432
0151ab2e9c3ced77,U011401,School of Economics,2023,0.1803
5e530b1ecb644a33,U011402,School of Computer Science,2021,0.4065
7ba964ecc2e74a17,U011403,School of Mechanical Engineering,2020,0.3464
c679c90c6c82db55,U011404,School of Electrical Engineering,2021,2.081
c7fe4bdc24ed6414,U011405,School of Foreign Languages,2025,0.1521
f3adedf2286ee405,U011406,School of Mechanical Engineering,2021,0.3368
c41f4b2571abb943,U011407,School of Food Science,2022,0.7143
de9c3dd40916c8f7,U011408,School of Computer Science,2021,2.0986
342fe6e40bbc90de,U011409,School of Foreign Languages,2024,1.2046
c69f148e74564716,U011410,School of Food Science,2022,2.9803
d7213118fd59d647,U011411,School of Design & Arts,2025,0.8343
bbf28c2ff03fcf4a,U011412,School of Business Administration,2023,0.4816
bccfd5b5dd88e994,U011413,School of Computer Science,2023,1.389
99abebdbeb12b480,U011414,School of Civil Engineering,2023,0.1504
690cefb0b9a4267c,U011415,School of Education,2020,0.1068
a30475a9758c5d60,U011416,School of Foreign Languages,2025,1.5671
e1ae004e83517478,U011417,School of Design & Arts,2025,0.7287
9b783ae00c048475,U011418,School of Economics,2022,1.5481
d190e22adc1f4edf,U011419,School of Information Engineering,2023,0.2517
2b3ea66db4cd5e09,U011420,School of Mechanical Engineering,2021,2.1335
53988706e003900f,U011421,School of Design & Arts,2023,1.1541
2b00544943076fec,U011422,School of Design & Arts,2024,0.5723
16278c2cead1abae,U011423,School of Computer Science,2025,0.7264
a67543bf3c5bfb10,U011424,School of Design & Arts,2022,0.8352
33698398e2552941,U011425,School of Information Engineering,2024,0.2506
c7c226ea9a88e753,U011426,School of Business Administration,2024,0.4017
06c5a2b09cc338b9,U011427,School of Food Science,2021,0.8221
19e92e93fbb210c5,U011428,School of Mechanical Engineering,2023,0.3859
d02152de07d881db,U011429,School of Applied Chemistry,2023,0.1358
1da3c66f2459e32d,U011430,School of Food Science,2024,0.7929
80229e14b48cf453,U011431,School of Foreign Languages,2025,1.3621
2d61b8dafba72971,U011432,School of Civil Engineering,2020,1.7186
ce263d66c8b3ddab,U011433,School of Computer Science,2021,1.0053
5342a12a5b47ea6e,U011434,School of Mechanical Engineering,2021,1.3382
cee0b1ba9ba2bfef,U011435,School of Information Engineering,2021,1.5849
c008caeef5c6dd59,U011436,School of Applied Chemistry,2022,0.6393
abd228ebe5e5293b,U011437,School of Applied Chemistry,2025,0.0709
6ad22a648650bbc4,U011438,School of Electrical Engineering,2022,1.8828
abcd9de9d944297b,U011439,School of Computer Science,2023,0.2416
681e3310e5767b70,U011440,School of Mechanical Engineering,2022,0.1905
f5978855667dbe0b,U011441,School of Information Engineering,2022,0.1958
975e395d62d1c098,U011442,School of Computer Science,2024,7.0821
d3a99f52c6af1b67,U011443,School of Education,2023,0.9172
81a104400df5f4de,U011444,School of Computer Science,2022,0.2083
e98a0388e85ae58a,U011445,School of Information Engineering,2025,0.2981
9bab2494c1bb44ab,U011446,School of Applied Chemistry,2023,0.5899
80b20a31c4cdd936,U011447,School of Information Engineering,2021,1.0155
2b48fd78d276f178,U011448,School of Electrical Engineering,2023,0.7806
c675930c0a5684bb,U011449,School of Foreign Languages,2024,0.2333
152073ae92a321b3,U011450,School of Information Engineering,2022,0.8107
076fe8869603ffc3,U011451,School of Education,2024,0.3204
5f6dcccaca3f0e49,U011452,School of Design & Arts,2023,1.6819
b3144059ab25d779,U011453,School of Food Science,2022,0.6246
3b3923d79dc28314,U011454,School of Foreign Languages,2024,0.2763
c9069df48effca37,U011455,School of Education,2022,1.1758
39d367550e3073a0,U011456,School of Applied Chemistry,2022,0.8661
b12d6dc493e6a991,U011457,School of Mechanical Engineering,2021,0.3672
829b15c7a022ac6c,U011458,School of Mechanical Engineering,2022,1.2252
5130f758c747b64a,U011459,School of Business Administration,2022,1.1075
af8e03ee2b26f13a,U011460,School of Information Engineering,2021,1.9637
e3002d5061ceb437,U011461,School of Economics,2023,1.201
ad8a690354fcd65b,U011462,School of Education,2021,0.4767
9357879044fad5f1,U011463,School of Design & Arts,2021,0.1089
3024137f19b49454,U011464,School of Business Administration,2023,0.7115
527484e5b7be9e4d,U011465,School of Education,2021,0.8309
700d20c9994d1b68,U011466,School of Computer Science,2023,0.6214
f91ae8b37b6bd8fb,U011467,School of Food Science,2024,0.0291
39063655cc0fcc3d,U011468,School of Foreign Languages,2022,1.164
f7afe3c9fd406415,U011469,School of Civil Engineering,2020,0.2372
386d917eea5d541e,U011470,School of Economics,2023,1.172
1c128f8dbe34c6cf,U011471,School of Design & Arts,2020,3.2339
363fbf4a71fea481,U011472,School of Food Science,2023,0.4585
c1100c0f37ba3c7d,U011473,School of Design & Arts,2024,0.9153
737ca2c565b9db61,U011474,School of Electrical Engineering,2023,0.61
1d7c7e973e18a921,U011475,School of Information Engineering,2022,0.9986
1d41cf4ead0a6619,U011476,School of Education,2025,0.6547
adfe13051385be22,U011477,School of Economics,2021,0.352
e8c7db81826d2fda,U011478,School of Information Engineering,2025,0.2388
48111aafa7b4c7cb,U011479,School of Design & Arts,2024,2.8964
c92e60934a142da1,U011480,School of Economics,2022,0.9153
ec27fab88be773d1,U011481,School of Foreign Languages,2021,1.3546
b599d08129cb9a79,U011482,School of Computer Science,2021,0.8799
6962dd7e0f98b551,U011483,School of Information Engineering,2025,1.5664
23132d2f4fd9f65b,U011484,School of Education,2021,0.241
78831d1fc760f696,U011485,School of Electrical Engineering,2025,0.6416
4704b233b2d4a0ec,U011486,School of Food Science,2023,0.9787
4046548c3ed21fce,U011487,School of Civil Engineering,2022,2.1504
ac7b5eb7e4ccfb4d,U011488,School of Economics,2023,8.5512
50e5d9c3e4e42c4f,U011489,School of Business Administration,2021,0.8874
35bdbed35fb81302,U011490,School of Design & Arts,2022,0.3048
b8941a5f7a0084ae,U011491,School of Applied Chemistry,2025,0.1786
0dba9ebc0bac4809,U011492,School of Business Administration,2021,0.2389
61510552d3750260,U011493,School of Foreign Languages,2025,0.2722
aecbfa010abd2349,U011494,School of Civil Engineering,2025,0.0324
447820ef5c6d3409,U011495,School of Design & Arts,2020,0.3004
8c93f6930dc11fe4,U011496,School of Mechanical Engineering,2023,1.2089
81cc7de8e645da84,U011497,School of Information Engineering,2021,0.6366
555b06e3f4b1bf86,U011498,School of Foreign Languages,2023,0.4558
dc20d436d484423d,U011499,School of Education,2025,0.1166
1ad771860ab8602b,U011500,School of Information Engineering,2025,1.6878
77802db56f2182cc,U011501,School of Mechanical Engineering,2025,0.9849
70f4101341ad7cc5,U011502,School of Computer Science,2021,0.5828
6b51f588da7bd46c,U011503,School of Mechanical Engineering,2023,0.0653
dca70839fdae8a5b,U011504,School of Business Administration,2021,0.3614
79a5c051d2271f94,U011505,School of Foreign Languages,2025,0.9109
b256622d5f280a7a,U011506,School of Economics,2021,0.5737
20c4c140fd03d028,U011507,School of Design & Arts,2021,0.7153
3ec950b5cf84aa98,U011508,School of Electrical Engineering,2020,1.1717
725a4e9b428f7f91,U011509,School of Information Engineering,2021,0.6892
e07f09a4cb8847a8,U011510,School of Applied Chemistry,2021,1.1305
9444c95f248b715b,U011511,School of Education,2020,0.254
e12ff38993ac4664,U011512,School of Business Administration,2025,0.1738
2327f8046b7736b7,U011513,School of Applied Chemistry,2024,0.9516
af217e56f6ef116b,U011514,School of Electrical Engineering,2021,1.1681
010359e6635b4b89,U011515,School of Electrical Engineering,2024,0.992
9cfaa5b0229578d3,U011516,School of Applied Chemistry,2022,0.6734
bbf13a93504ecf25,U011517,School of Business Administration,2024,0.427
9cbc714c172f4f62,U011518,School of Business Administration,2022,0.729
ab0e66cb3dcb27d6,U011519,School of Mechanical Engineering,2023,0.8627
914614e3f4afb31f,U011520,School of Foreign Languages,2022,0.916
a82ab6bdf9142622,U011521,School of Food Science,2021,8.0055
a908b9c5dd83aaa3,U011522,School of Civil Engineering,2023,0.2351
c53db6453e31c378,U011523,School of Design & Arts,2024,14.8647
d78d99963a051409,U011524,School of Education,2024,0.168
75fbfc6b13e136a7,U011525,School of Economics,2022,0.8682
32477c19041ab834,U011526,School of Business Administration,2023,0.1787
84e318fa2ac1f79b,U011527,School of Economics,2024,0.8019
37133867da02f229,U011528,School of Electrical Engineering,2020,1.5764
90a630ef516b7049,U011529,School of Education,2020,0.6099
e14c30c103db5968,U011530,School of Education,2022,1.5622
8077f5b67b32b1d3,U011531,School of Mechanical Engineering,2021,0.3865
5979facc0ca3252a,U011532,School of Food Science,2022,0.076
071764eb26d2e905,U011533,School of Business Administration,2020,1.1048
f75229378f70dbaf,U011534,School of Civil Engineering,2023,0.6087
c944c130d45e145b,U011535,School of Foreign Languages,2024,0.3655
e6668aaf8b08907c,U011536,School of Information Engineering,2024,0.3916
63b2b6d64da16870,U011537,School of Mechanical Engineering,2023,0.8865
6eb87a4ba8cb9063,U011538,School of Electrical Engineering,2022,0.2614
8def6fa7bdb50a26,U011539,School of Applied Chemistry,2025,0.8592
ce77e57b3c5e7b1f,U011540,School of Design & Arts,2024,1.938
a7fcec84c8c5c496,U011541,School of Education,2023,4.6324
64db580920660a5b,U011542,School of Computer Science,2021,2.4049
1dc934e4a9bab615,U011543,School of Foreign Languages,2023,0.694
0f50242ff15a02f8,U011544,School of Business Administration,2023,0.7639
71c5d0b73dc650c7,U011545,School of Civil Engineering,2024,0.3956
91aac0fc2cde6e86,U011546,School of Applied Chemistry,2024,0.3706
0a0959de4b2667bf,U011547,School of Civil Engineering,2025,1.412
0927fbae006cabaa,U011548,School of Business Administration,2025,0.4341
b0d0d573e3c37987,U011549,School of Business Administration,2023,0.8514
d1513946a77aa168,U011550,School of Food Science,2025,0.2255
21fa2493b96f251a,U011551,School of Education,2025,2.324
1ccfabf26f09303b,U011552,School of Mechanical Engineering,2020,0.4276
19216c71b2e31629,U011553,School of Business Administration,2023,1.7524
26c224f04afd217d,U011554,School of Education,2021,0.2921
6187f3b88e5dc9f1,U011555,School of Information Engineering,2022,0.277
e47a11d43f4e618f,U011556,School of Applied Chemistry,2022,2.2278
7704dc27d378216f,U011557,School of Computer Science,2023,0.3157
45ca071078120027,U011558,School of Education,2020,0.1231
2bc40429adb5a64c,U011559,School of Foreign Languages,2021,0.2087
320bd4a37dba7e54,U011560,School of Economics,2020,1.3906
6363ec3d3ae1b8c2,U011561,School of Mechanical Engineering,2023,1.2632
26aa5536303f883a,U011562,School of Information Engineering,2025,0.2754
e8177c3bc4718caa,U011563,School of Economics,2025,0.3139
592c292d81dc2045,U011564,School of Business Administration,2022,1.1572
137c2715af35159d,U011565,School of Civil Engineering,2021,2.201
96c479f830940c32,U011566,School of Information Engineering,2024,0.5511
af31eca4dcaaf75f,U011567,School of Mechanical Engineering,2021,1.0276
e197c0b20ea22e8f,U011568,School of Foreign Languages,2025,1.414
d5acb15fdf22a379,U011569,School of Business Administration,2024,5.0835
84fe5b4a84534cca,U011570,School of Business Administration,2023,0.1859
ede727c81a63c051,U011571,School of Food Science,2020,0.3025
1f57f5b5053ba5d4,U011572,School of Foreign Languages,2020,0.3558
55ef3725a060c8a3,U011573,School of Business Administration,2023,1.3506
fd558bd9aeb9432e,U011574,School of Food Science,2022,0.4589
dc3e3c8607f0a428,U011575,School of Education,2024,0.8067
6533958ddccc6f54,U011576,School of Electrical Engineering,2023,0.6669
341b4c9bae298cf5,U011577,School of Civil Engineering,2022,0.5914
ca6f73c97ef61019,U011578,School of Design & Arts,2021,0.6573
4aaa94bcd4f05432,U011579,School of Information Engineering,2023,1.6535
ccd9a72835985c34,U011580,School of Food Science,2021,0.2237
e615792725cc2d56,U011581,School of Information Engineering,2023,0.5089
9d10cfa0f4b63dd5,U011582,School of Economics,2023,0.1751
b752b692bea7c3fd,U011583,School of Applied Chemistry,2024,0.7405
33aa23859d50d47f,U011584,School of Information Engineering,2022,0.4855
daa734b4b7cb7845,U011585,School of Civil Engineering,2022,1.7199
dfc7bb97cab873a4,U011586,School of Computer Science,2024,0.5875
ed119546839bd8e5,U011587,School of Education,2024,0.3788
8465de2e32f1edc1,U011588,School of Applied Chemistry,2024,0.4613
ea7273b0d4d0a128,U011589,School of Electrical Engineering,2023,3.3082
3efc52d8fe29dcfc,U011590,School of Computer Science,2025,0.1228
48564177b19a34dd,U011591,School of Information Engineering,2021,0.3152
dee438cbd04f4cba,U011592,School of Applied Chemistry,2022,0.612
7e168ce9b8017dbc,U011593,School of Applied Chemistry,2024,0.3124
a539eb020b866a46,U011594,School of Education,2021,0.9643
b659f437828a29e2,U011595,School of Design & Arts,2024,0.5579
0c5e8cf94f571aa8,U011596,School of Civil Engineering,2022,0.7626
3baa04bec9a60c4a,U011597,School of Electrical Engineering,2021,0.6642
13b0068d3fa73ec9,U011598,School of Computer Science,2020,0.5326
61408073023d4203,U011599,School of Design & Arts,2024,0.1624
9ae163772639989a,U011600,School of Information Engineering,2024,0.704
9a502e7674049ce3,U011601,School of Mechanical Engineering,2022,0.1012
510e2ec5bb45c9d4,U011602,School of Food Science,2021,0.3015
a7ec9e553443a249,U011603,School of Mechanical Engineering,2021,0.9629
d891c03a9e5a8711,U011604,School of Business Administration,2021,1.94
e9af656cfc41c0ba,U011605,School of Applied Chemistry,2024,6.1868
056963a7064d680b,U011606,School of Business Administration,2021,0.3847
1074b0995341fe0f,U011607,School of Foreign Languages,2021,0.2485
b7b591561fc4b1b2,U011608,School of Applied Chemistry,2020,0.9953
d7f6c3367fc5918e,U011609,School of Mechanical Engineering,2023,3.8304
edd3d99ae05b0088,U011610,School of Civil Engineering,2024,2.7339
ccb8b4e12baf8a0b,U011611,School of Economics,2023,0.2097
e2e3387cbdc0cb2b,U011612,School of Electrical Engineering,2023,0.513
243be1701040896a,U011613,School of Foreign Languages,2025,1.3818
dc2d2879e062682e,U011614,School of Applied Chemistry,2023,1.481
940ade666a55ba7f,U011615,School of Civil Engineering,2025,1.067
5006d5574c0db84f,U011616,School of Applied Chemistry,2023,0.3769
d47710eb7bd52956,U011617,School of Civil Engineering,2020,1.0576
2f6dbda7a8ef8505,U011618,School of Mechanical Engineering,2024,1.4953
eb216e341baba712,U011619,School of Civil Engineering,2023,0.2325
8b8e4f138a3f4053,U011620,School of Electrical Engineering,2023,2.2327
62e0438d52755b75,U011621,School of Economics,2021,1.5919
66c0e97ee2264638,U011622,School of Foreign Languages,2022,0.2811
528a5ea64e7d7162,U011623,School of Applied Chemistry,2025,1.4887
f55f9137dfb7d7e7,U011624,School of Electrical Engineering,2021,1.3312
f7443772f8ce21c3,U011625,School of Design & Arts,2020,1.3829
6a076afe49d3f196,U011626,School of Education,2021,2.8547
3d31003633d0edc1,U011627,School of Food Science,2023,0.5842
a073faa2af1b4a31,U011628,School of Business Administration,2024,0.8224
f3a5bfaa5b70951a,U011629,School of Computer Science,2023,0.0422
91aa45d222802547,U011630,School of Civil Engineering,2025,1.8019
ecf3f2fbfb591ff3,U011631,School of Design & Arts,2022,1.6365
c5b23f5a94d93ac2,U011632,School of Foreign Languages,2022,2.2911
2af01d34882d4b2b,U011633,School of Economics,2021,0.2314
e993220d5b1036d2,U011634,School of Applied Chemistry,2021,1.545
1a9c5ba9a83c1a66,U011635,School of Economics,2024,1.6352
4e28747d0f3b89a3,U011636,School of Mechanical Engineering,2020,0.3079
80401f9395fae56c,U011637,School of Business Administration,2021,1.6972
ff18de916387aca3,U011638,School of Applied Chemistry,2025,0.938
0f1201df28bfd2e0,U011639,School of Applied Chemistry,2023,0.1081
6b0e932454ffa308,U011640,School of Education,2020,1.0592
a5c9dad3dbd8c28b,U011641,School of Design & Arts,2024,0.2741
2c7ab74ea126eb06,U011642,School of Electrical Engineering,2023,0.1105
8d20a33fe42f089b,U011643,School of Design & Arts,2024,0.8518
76b97f379ca06eb0,U011644,School of Information Engineering,2024,0.553
f7942da3c8cff59b,U011645,School of Electrical Engineering,2020,2.4032
787fd517d5af479e,U011646,School of Mechanical Engineering,2021,0.708
3d02a0ac02fe3180,U011647,School of Information Engineering,2021,1.286
822fd4baa11a3c8a,U011648,School of Electrical Engineering,2024,0.982
0423516056a31bb5,U011649,School of Mechanical Engineering,2023,1.6388
aed9d58033fe4fd5,U011650,School of Business Administration,2024,0.2433
2dfc4eea694ceeb2,U011651,School of Food Science,2023,0.72
8f326d57b005aa83,U011652,School of Food Science,2022,0.5129
67ab68223f1ce713,U011653,School of Applied Chemistry,2021,1.1351
28255dc49c3fe571,U011654,School of Education,2021,0.7625
9d3a8140e3aa9fb2,U011655,School of Mechanical Engineering,2022,0.3195
35704eb192aa8bfb,U011656,School of Education,2023,0.4211
85074aa292b3baa4,U011657,School of Civil Engineering,2025,3.0694
3af23a83175343b1,U011658,School of Electrical Engineering,2021,0.1085
ec4e0569b15c4b3e,U011659,School of Economics,2023,1.2
12992ccedd9ef617,U011660,School of Civil Engineering,2021,2.043
82e39d634b88f36c,U011661,School of Design & Arts,2024,1.0532
37d4dca26f68e5a6,U011662,School of Computer Science,2020,4.2376
8207f7e6fd4b26d5,U011663,School of Applied Chemistry,2023,1.5091
5b9c2f583f3eea9a,U011664,School of Information Engineering,2021,0.8669
0cdfb8c881443bcb,U011665,School of Business Administration,2021,0.3702
bbee333e13bf2cfd,U011666,School of Applied Chemistry,2023,0.8831
aaa6f3e43dbac1b0,U011667,School of Education,2022,1.1673
34426a808cf51245,U011668,School of Business Administration,2023,0.5924
93a4fb33a402c066,U011669,School of Applied Chemistry,2022,0.2809
7d3260c3876862a7,U011670,School of Mechanical Engineering,2025,0.1771
b5442049eb2c7c4d,U011671,School of Applied Chemistry,2022,0.7106
12911a0aadc506a2,U011672,School of Food Science,2023,0.1343
67fb00220d633101,U011673,School of Electrical Engineering,2024,0.3684
90476a2d07855196,U011674,School of Economics,2023,0.0519
e57ab0035082dc10,U011675,School of Electrical Engineering,2022,1.358
9383bdbc66e534a0,U011676,School of Education,2023,1.8721
b9aa04548fa97639,U011677,School of Design & Arts,2020,0.6389
4b968ea43b2c7d49,U011678,School of Computer Science,2023,3.6857
f437a8fcedc3ae02,U011679,School of Computer Science,2022,2.2714
2bc16d0e4f0548c3,U011680,School of Food Science,2024,0.9539
c04eea16bce5d8a9,U011681,School of Civil Engineering,2024,0.5272
465da740b08e030e,U011682,School of Electrical Engineering,2021,0.4163
237e468da8710bdd,U011683,School of Design & Arts,2020,1.0361
b75463806424f70a,U011684,School of Mechanical Engineering,2022,0.5126
7ecaab7dd9d25bfd,U011685,School of Business Administration,2023,1.0215
b24692ba414e9783,U011686,School of Civil Engineering,2022,1.1002
5138c1e74fcb05e4,U011687,School of Computer Science,2023,0.4693
081839c5ddd5eda9,U011688,School of Applied Chemistry,2023,1.7661
1bf9aa1e848befb3,U011689,School of Electrical Engineering,2025,0.4697
beedb11d1172fd50,U011690,School of Civil Engineering,2022,0.6031
353758378f456802,U011691,School of Economics,2020,0.2221
41fb4e0086ca6817,U011692,School of Economics,2022,0.4504
68cf4686ffd71530,U011693,School of Computer Science,2023,5.11
2277a99cd9e135ef,U011694,School of Electrical Engineering,2021,0.2399
8664cd1fb0cf3f0f,U011695,School of Design & Arts,2021,0.9146
2d4cbbf1c15d6bad,U011696,School of Education,2022,0.3747
876cae11f3114fdd,U011697,School of Applied Chemistry,2024,0.0645
0fd1feed3ae34aae,U011698,School of Mechanical Engineering,2025,1.0325
b3cb6ce71f3440d0,U011699,School of Design & Arts,2022,0.3385
46dd367c6a9b5340,U011700,School of Foreign Languages,2021,0.8122
5559c61817f598de,U011701,School of Education,2022,1.5884
16e098865ee2c35b,U011702,School of Education,2022,0.7465
3c35fae765a38dec,U011703,School of Foreign Languages,2025,0.8198
c1202c58348a8dbb,U011704,School of Applied Chemistry,2022,0.2478
ccc95e09cf103724,U011705,School of Business Administration,2024,1.197
58d8a62e0863f6b2,U011706,School of Food Science,2025,0.4884
6b6fc686147390a2,U011707,School of Civil Engineering,2023,0.08
b3d900e76c691256,U011708,School of Foreign Languages,2021,1.3502
2299f00b241f71ce,U011709,School of Foreign Languages,2023,1.833
24fb02390fcc5f88,U011710,School of Mechanical Engineering,2022,2.5964
49ceb19e2107f26c,U011711,School of Electrical Engineering,2022,5.1749
9a4b958805504754,U011712,School of Foreign Languages,2025,1.2796
5ba1b022957ae564,U011713,School of Civil Engineering,2022,0.9871
5d0e518678ae52f7,U011714,School of Design & Arts,2022,1.7586
e69e8fbbb018d8f9,U011715,School of Applied Chemistry,2021,0.2432
66ca626e63286309,U011716,School of Mechanical Engineering,2021,0.1109
650bbfc6a55e468a,U011717,School of Computer Science,2023,0.3664
e4622c6513ad3bd5,U011718,School of Electrical Engineering,2024,2.1175
9d0031423cfb0e00,U011719,School of Electrical Engineering,2023,0.3048
af93ae50fb71bf4f,U011720,School of Mechanical Engineering,2022,0.9405
3cd41fad04175cef,U011721,School of Mechanical Engineering,2020,1.0474
46596716db3ef7be,U011722,School of Computer Science,2023,0.7537
39081413a9da0ece,U011723,School of Food Science,2023,0.1645
fa774c6ec1f1e0c8,U011724,School of Education,2024,0.8317
b443703e9566512c,U011725,School of Food Science,2023,0.3873
78feea2cb3ae0da9,U011726,School of Education,2025,3.2409
01a4b48aeb752292,U011727,School of Education,2024,1.8402
840bd26a96c5393b,U011728,School of Foreign Languages,2022,0.4012
f59948ecbdb04200,U011729,School of Information Engineering,2023,3.4512
7d5e36e7841ae057,U011730,School of Electrical Engineering,2024,0.8325
e69812f06952cccd,U011731,School of Foreign Languages,2025,0.111
270b2b56630a6ef1,U011732,School of Electrical Engineering,2022,0.5459
e2ab054b32dfccab,U011733,School of Computer Science,2023,3.0291
f28167968c26e9bf,U011734,School of Mechanical Engineering,2022,0.2601
63effe7c5aea2b9e,U011735,School of Electrical Engineering,2024,0.5514
e3d9cacebd09e677,U011736,School of Electrical Engineering,2025,0.1515
05ff1d3a84766aef,U011737,School of Economics,2025,0.1776
d126822213748950,U011738,School of Economics,2021,0.2563
b2bd254bcf60dbed,U011739,School of Information Engineering,2021,0.173
975c992a95c54011,U011740,School of Applied Chemistry,2024,0.3181
4ec45df372460bef,U011741,School of Food Science,2023,3.3578
a6e3db5673226d39,U011742,School of Civil Engineering,2025,0.5695
38665dd702905151,U011743,School of Education,2022,1.295
e33f10d92948eba7,U011744,School of Information Engineering,2024,1.7587
4814169187267eaf,U011745,School of Computer Science,2024,0.1949
bf9619822321525b,U011746,School of Education,2021,0.257
0bacf0d2dd645cea,U011747,School of Foreign Languages,2021,1.2697
f34aea007de9134e,U011748,School of Computer Science,2024,0.3131
6a8b578d09cdb84f,U011749,School of Food Science,2021,1.1884
0f6b34b6dfb8a908,U011750,School of Electrical Engineering,2024,3.1592
cf1c4253f0825602,U011751,School of Economics,2023,0.1377
6157f1f83b3eaa67,U011752,School of Computer Science,2023,0.4132
0c91bd411e59cc37,U011753,School of Electrical Engineering,2022,0.4842
8ed9b07e1011ec7b,U011754,School of Computer Science,2025,0.3488
fb0a283c941de177,U011755,School of Electrical Engineering,2024,0.3214
f933deb1054ea384,U011756,School of Design & Arts,2024,0.3609
ea88df68fae70c3e,U011757,School of Economics,2024,0.5814
7fce97e62144dcab,U011758,School of Design & Arts,2023,0.6962
b4d4089dfb7cb33e,U011759,School of Mechanical Engineering,2025,1.5317
cd274164687ae307,U011760,School of Design & Arts,2023,0.5757
11d338f40de495bf,U011761,School of Civil Engineering,2023,1.8061
1a726e996f8cf0c7,U011762,School of Mechanical Engineering,2022,0.3267
510817e1a152d221,U011763,School of Computer Science,2022,0.1776
21d1d0df4c2a6c25,U011764,School of Education,2024,0.4353
794ba891bec91ffb,U011765,School of Electrical Engineering,2022,0.9375
6b425a61813ea7bb,U011766,School of Foreign Languages,2024,1.3958
73eaf67de955ae7e,U011767,School of Business Administration,2025,2.5427
3643370c8129cd18,U011768,School of Food Science,2022,0.7891
0a1941143f339673,U011769,School of Economics,2020,1.2536
4fc7a86d4b0ed4aa,U011770,School of Information Engineering,2023,2.3205
9a69d709bf140f37,U011771,School of Foreign Languages,2020,0.2708
babd16c067571c9b,U011772,School of Education,2024,0.4785
300eb87f8e336344,U011773,School of Food Science,2023,9.4301
72e800443259ad4f,U011774,School of Foreign Languages,2023,1.3901
1fcbe1bb8b3000ab,U011775,School of Foreign Languages,2023,0.9838
da037489248e105e,U011776,School of Applied Chemistry,2023,1.4429
86c21cfb1c3397fb,U011777,School of Information Engineering,2022,0.1553
e41bef5d760b1c28,U011778,School of Mechanical Engineering,2022,0.3092
f0e4e0a193b07f0f,U011779,School of Computer Science,2022,0.2145
4c3d8d4bd5065cb8,U011780,School of Computer Science,2025,0.8973
3d5b43c8092fdd20,U011781,School of Food Science,2021,0.4082
3cfec3aa8e528b43,U011782,School of Food Science,2022,0.6495
60a58a439aecc75e,U011783,School of Computer Science,2021,0.4326
2266ad019c8af1a4,U011784,School of Electrical Engineering,2022,0.1161
3c8d8390b3238f56,U011785,School of Foreign Languages,2021,1.4304
1e61fba9e36f8a22,U011786,School of Foreign Languages,2024,0.1013
590f7658daa96895,U011787,School of Food Science,2021,0.2852
2fe52c29fe2a4e5a,U011788,School of Foreign Languages,2023,0.1584
c8f2f8bd0a0170e6,U011789,School of Foreign Languages,2021,0.2449
583348c496138d1b,U011790,School of Economics,2023,0.7224
040fa05e317c6db6,U011791,School of Food Science,2021,2.03
7e3188df9250e3de,U011792,School of Electrical Engineering,2024,0.1239
a7ffbe2e5de0284e,U011793,School of Computer Science,2025,0.3382
1e113fdc581a4240,U011794,School of Food Science,2021,0.1027
b7cd0b6ee7284df9,U011795,School of Information Engineering,2025,0.3223
617bd02b87792054,U011796,School of Computer Science,2022,0.6344
c5c7868eddf670ca,U011797,School of Information Engineering,2023,1.2713
354424a601a741c8,U011798,School of Food Science,2024,0.071
a50afe501f183fa7,U011799,School of Education,2021,1.0238
b29e9e38c3c637e7,U011800,School of Civil Engineering,2022,0.2232
99f504e640832c95,U011801,School of Information Engineering,2020,0.175
f7ee34726bbad4c7,U011802,School of Business Administration,2024,0.6316
47f0196f51e62a32,U011803,School of Applied Chemistry,2022,1.1053
ce34bba6459cf6b0,U011804,School of Electrical Engineering,2025,0.5339
a9cdeafd3f45a711,U011805,School of Economics,2022,0.1979
551c1c34dee0d711,U011806,School of Economics,2025,0.5337
9c48604221025ce1,U011807,School of Civil Engineering,2021,0.2859
fe5052a67a8e4e6d,U011808,School of Design & Arts,2023,1.0801
4cd319a4ab3e15d8,U011809,School of Mechanical Engineering,2022,1.7304
ed5d001b478f0ec6,U011810,School of Information Engineering,2021,1.6233
4134ee7bf5a4e6f8,U011811,School of Electrical Engineering,2020,0.5788
b16714fe1da6f5f6,U011812,School of Information Engineering,2023,1.8142
537cb4a293085b1d,U011813,School of Mechanical Engineering,2021,0.2127
f64123eb51bedd41,U011814,School of Foreign Languages,2023,3.5109
b660fef6577c30ab,U011815,School of Mechanical Engineering,2025,0.2115
0eac9c734841c0d2,U011816,School of Business Administration,2022,0.0775
757086b503052abd,U011817,School of Foreign Languages,2020,2.3127
27e82ad241890dca,U011818,School of Business Administration,2021,0.2902
5d1647af673bb674,U011819,School of Business Administration,2021,0.6635
4494f94869cad8b1,U011820,School of Foreign Languages,2022,0.2106
1a50c39e731c43c0,U011821,School of Mechanical Engineering,2024,6.2752
be1be004bb173f18,U011822,School of Computer Science,2022,3.6503
56dcf5129cf103f9,U011823,School of Applied Chemistry,2021,2.7719
0f57670b135bfe28,U011824,School of Mechanical Engineering,2023,0.6449
a07d7b0c492383cb,U011825,School of Design & Arts,2022,1.5741
72957b0c735d85b1,U011826,School of Civil Engineering,2023,0.5599
4b06af3161e5ab9c,U011827,School of Computer Science,2025,1.8134
0c90e83c3df59a54,U011828,School of Applied Chemistry,2022,0.3916
a8c64a30ffb5dd1a,U011829,School of Mechanical Engineering,2023,2.8797
ba1ca341d5e1b1a4,U011830,School of Design & Arts,2024,0.3724
aa7eb3aed1e84e8b,U011831,School of Civil Engineering,2024,0.4172
7124767140a46fd1,U011832,School of Mechanical Engineering,2024,0.3703
e07dc6bb28e96cb4,U011833,School of Economics,2024,0.7157
2eb1f0e4c2cd881a,U011834,School of Civil Engineering,2023,0.4004
5e31f3b10d33174a,U011835,School of Mechanical Engineering,2023,0.961
700282505806dfc1,U011836,School of Electrical Engineering,2024,0.365
a08259b9622d1f0c,U011837,School of Foreign Languages,2024,1.3018
1b23fdc946cfbd41,U011838,School of Civil Engineering,2024,2.6949
dc1f626f67449c35,U011839,School of Electrical Engineering,2022,0.638
23633986aaf5912b,U011840,School of Mechanical Engineering,2024,5.4267
bbd0b4823363c32a,U011841,School of Mechanical Engineering,2021,1.8231
e54164a5ef719a69,U011842,School of Computer Science,2021,5.009
58fc048ae4e819c1,U011843,School of Computer Science,2022,0.5553
cb1717f4c16893aa,U011844,School of Design & Arts,2021,0.1121
8c9f7910dde07f6a,U011845,School of Civil Engineering,2023,0.2914
17e5ac75929bd6ca,U011846,School of Information Engineering,2021,0.3227
bfb92bf5f925b645,U011847,School of Design & Arts,2023,0.2276
fb41c057fe7c4c12,U011848,School of Education,2023,0.0657
c83e34ed4189edce,U011849,School of Food Science,2021,1.6448
6dcc4dbe5c044321,U011850,School of Education,2021,0.0919
f62f9b2bce87d127,U011851,School of Civil Engineering,2023,1.4946
842e9152cf5b754f,U011852,School of Electrical Engineering,2024,5.2517
e56ee103262585d9,U011853,School of Mechanical Engineering,2022,0.2711
83705530f617ed3d,U011854,School of Foreign Languages,2021,0.8698
ccaf13dd30787b5a,U011855,School of Civil Engineering,2022,0.3963
e116df55a7fec4f4,U011856,School of Design & Arts,2020,1.35
f63ebefefb365638,U011857,School of Computer Science,2020,0.1788
571dad40a3746a6e,U011858,School of Business Administration,2025,0.5175
67482f29e1ee4768,U011859,School of Foreign Languages,2020,1.8115
bfd236daf93a0ab6,U011860,School of Electrical Engineering,2021,0.5622
60d562f054909153,U011861,School of Applied Chemistry,2025,0.1158
37a8c814c49b3acb,U011862,School of Education,2023,2.0435
baf50304ad122df0,U011863,School of Computer Science,2022,0.1615
f40823b307329f5d,U011864,School of Information Engineering,2023,0.6387
76a0054dc37dc53b,U011865,School of Foreign Languages,2025,1.0572
16e7aae978131e43,U011866,School of Applied Chemistry,2020,0.6655
d91287d703d2e834,U011867,School of Electrical Engineering,2021,7.4665
228331c4ef4aeaff,U011868,School of Design & Arts,2025,1.2297
878d355407a04d3c,U011869,School of Education,2024,0.4822
a69d902f9440745a,U011870,School of Business Administration,2025,1.0786
f3309f9882a65ee7,U011871,School of Economics,2022,0.7283
93827402f8645994,U011872,School of Applied Chemistry,2025,0.6172
dd51d93d67e6e9b8,U011873,School of Economics,2022,0.7534
2ec2db97eac66789,U011874,School of Education,2024,0.3825
b12f1128d0d1440e,U011875,School of Information Engineering,2025,0.7304
66da3779f66f87af,U011876,School of Information Engineering,2021,0.3561
4adf8b1f3ad31496,U011877,School of Mechanical Engineering,2021,0.0886
548d94d86382a98e,U011878,School of Business Administration,2023,1.8463
29b2859fb30645a3,U011879,School of Electrical Engineering,2024,0.3354
c8c20327aca18ba3,U011880,School of Computer Science,2020,0.68
675cf7cb648484f8,U011881,School of Economics,2024,0.276
7581c8b2aae13ba7,U011882,School of Economics,2022,0.2844
dec11f5c4281eca0,U011883,School of Electrical Engineering,2022,0.2089
22cb750a3f338f2b,U011884,School of Applied Chemistry,2022,1.5239
a0383b39a8ff1766,U011885,School of Computer Science,2025,1.9401
0f80027028c5e94e,U011886,School of Applied Chemistry,2021,0.6059
5179a8c5b14c0745,U011887,School of Computer Science,2023,0.3452
85721f1f550ba944,U011888,School of Economics,2021,0.1086
f4647ef84b45440a,U011889,School of Business Administration,2025,1.3079
faaba359d32b66ad,U011890,School of Education,2024,0.3001
aff31fe7aff14b7f,U011891,School of Education,2021,0.1932
bf524281a50098f9,U011892,School of Business Administration,2022,0.6079
0d3d9b6b589a7461,U011893,School of Applied Chemistry,2022,0.4227
045c62a840a65633,U011894,School of Economics,2022,0.1294
d67db83456603ceb,U011895,School of Food Science,2024,0.1484
11519019f78d232c,U011896,School of Electrical Engineering,2023,0.8266
de1b5f38409d85e0,U011897,School of Applied Chemistry,2022,0.3065
98decf73a1400fd9,U011898,School of Information Engineering,2024,0.9834
f8368a3f4d2939c6,U011899,School of Computer Science,2022,0.6835
6528e24ccab40164,U011900,School of Computer Science,2021,1.6829
9c86bf5b53f5097f,U011901,School of Computer Science,2021,0.2569
50780b9a4132541d,U011902,School of Electrical Engineering,2022,0.7451
f877f20e4426622b,U011903,School of Foreign Languages,2023,1.1177
5aba5e55b74f521c,U011904,School of Food Science,2021,0.3156
3ebd17dcb4a93e77,U011905,School of Applied Chemistry,2023,1.8225
7c534e420d48b86e,U011906,School of Civil Engineering,2021,0.1115
1e86020455793f55,U011907,School of Foreign Languages,2024,0.2567
9c76c553cd6424d3,U011908,School of Design & Arts,2020,0.1075
52c242277bc4eac5,U011909,School of Civil Engineering,2022,0.2828
26bcc4003748fd78,U011910,School of Mechanical Engineering,2020,0.5058
f04c1eca6cc16e9b,U011911,School of Applied Chemistry,2022,1.3559
aeb7c0d3096dbf4b,U011912,School of Mechanical Engineering,2020,0.5055
69a181bfce042268,U011913,School of Design & Arts,2022,0.3255
8027b6fff4c87b17,U011914,School of Education,2024,0.1254
91b4d94e776e0374,U011915,School of Economics,2021,0.1753
e91960c18a715b83,U011916,School of Food Science,2024,0.8051
efb03c9de289589f,U011917,School of Civil Engineering,2023,1.4254
d6c547b4dd913790,U011918,School of Civil Engineering,2023,0.3882
8bcd76e259a0c631,U011919,School of Applied Chemistry,2023,1.9818
24284f1add9257c7,U011920,School of Business Administration,2022,0.2283
78053bfad35d1cf5,U011921,School of Education,2024,0.3995
7dd6bfaef267335c,U011922,School of Mechanical Engineering,2024,0.4347
03c114f13619cf96,U011923,School of Education,2024,2.7248
147a3f535c472688,U011924,School of Education,2021,0.6748
af7a5907dc4701fb,U011925,School of Education,2023,0.0977
4a422b9a988eb786,U011926,School of Mechanical Engineering,2021,1.5291
e879922ff1e3e53d,U011927,School of Education,2023,3.7394
bdc3d9253a6c6c2b,U011928,School of Business Administration,2020,0.4599
de7b30868db543d6,U011929,School of Computer Science,2021,0.2407
2e1891d9416d1049,U011930,School of Foreign Languages,2023,1.4011
bd32821d87efdf9c,U011931,School of Electrical Engineering,2025,4.2091
2e1644c474a7eb47,U011932,School of Education,2020,1.3795
19bfdc0a184be777,U011933,School of Civil Engineering,2023,0.1165
318d2dee3f238a81,U011934,School of Information Engineering,2023,1.2557
e7435bad22d73a87,U011935,School of Business Administration,2025,0.8844
d5915fa1810bb76c,U011936,School of Economics,2023,0.2273
ea3831cac0ecf8d0,U011937,School of Applied Chemistry,2021,2.1422
f1b81ce9a011c4e7,U011938,School of Computer Science,2021,0.9152
1765a8b44e207ac1,U011939,School of Business Administration,2023,2.1989
843c227ec4450a6e,U011940,School of Foreign Languages,2021,0.2042
cc7a20f0f583ae34,U011941,School of Computer Science,2025,0.8797
c594b07e75bd02d5,U011942,School of Information Engineering,2025,0.2412
1fb98dbdc91c8d43,U011943,School of Applied Chemistry,2025,0.7563
ea9b4300d1744cfd,U011944,School of Food Science,2022,2.5863
c6fb143f939f13ef,U011945,School of Computer Science,2024,0.1418
86c828ecee2d62ea,U011946,School of Foreign Languages,2023,0.1502
2c7326d18e14f25f,U011947,School of Civil Engineering,2020,1.5349
74d94c8d2182b4f1,U011948,School of Education,2021,0.5821
241676e44c57663e,U011949,School of Design & Arts,2021,1.9046
856b838cea2a00f1,U011950,School of Applied Chemistry,2022,0.2633
c0590e669cd419c4,U011951,School of Business Administration,2025,0.6214
007a5fb8fe7128f8,U011952,School of Food Science,2024,1.1748
e1879f913d84b30a,U011953,School of Mechanical Engineering,2022,0.7285
1ce3f6830cc88bb9,U011954,School of Applied Chemistry,2023,0.0987
761b9658249e4f43,U011955,School of Computer Science,2021,9.9303
e13f3d2611780321,U011956,School of Applied Chemistry,2022,0.73
933ac7f6cf2657b2,U011957,School of Education,2020,0.1545
9879b533e8a5e278,U011958,School of Information Engineering,2023,0.8083
354438228459ca74,U011959,School of Mechanical Engineering,2023,0.9068
d1a3f1563ac7da9f,U011960,School of Economics,2024,1.5951
0c144cdcadf412d5,U011961,School of Foreign Languages,2025,1.492
2d0d5d4ea8384235,U011962,School of Electrical Engineering,2021,0.4767
9cb299cf8c29492f,U011963,School of Business Administration,2024,0.1055
ae0ccc4fb7adddae,U011964,School of Design & Arts,2021,0.9365
83c3198f4cda20d3,U011965,School of Computer Science,2022,0.1142
4e3f3259102c4cf6,U011966,School of Design & Arts,2023,1.9902
ea00c97ce5ef8a07,U011967,School of Electrical Engineering,2020,0.2837
1fa2fc7e8f4e090e,U011968,School of Economics,2021,1.114
02b4627e038c5f6d,U011969,School of Design & Arts,2022,0.3063
5bb807414fcfc5b5,U011970,School of Applied Chemistry,2021,0.3609
d37854ae040ea986,U011971,School of Information Engineering,2025,0.265
7e3f354e8e008825,U011972,School of Design & Arts,2022,1.2081
a7e6920d87b18bb7,U011973,School of Foreign Languages,2023,0.3172
88c63d5c8c64871d,U011974,School of Applied Chemistry,2025,1.2732
1d9df26f104a8f3a,U011975,School of Design & Arts,2023,0.3256
2b3d736985d6e112,U011976,School of Design & Arts,2022,0.4684
eb19148046bcf998,U011977,School of Business Administration,2025,0.6117
4d52e7d71b1fce5b,U011978,School of Civil Engineering,2021,0.6885
832df745d58ebe30,U011979,School of Information Engineering,2021,0.2343
36721b3cca3cd446,U011980,School of Economics,2023,1.1934
259ba195ba3ca428,U011981,School of Information Engineering,2022,0.4501
6f38f23b1a16211a,U011982,School of Economics,2024,1.017
8658a7cec1fb4180,U011983,School of Design & Arts,2020,0.5809
f56e88536ecd0fc4,U011984,School of Applied Chemistry,2023,1.0613
931b214f57cc4079,U011985,School of Applied Chemistry,2024,0.3913
91d15e830d428938,U011986,School of Information Engineering,2025,0.268
5e35214e657f3621,U011987,School of Design & Arts,2021,0.9047
d2905990a4c94c21,U011988,School of Electrical Engineering,2021,0.3603
a0a0f52e794d17f3,U011989,School of Economics,2025,2.539
12473fb865bcf1ad,U011990,School of Food Science,2023,0.6317
71c5f1a0f51547fa,U011991,School of Education,2020,0.1495
b0e2c5e525a6e29b,U011992,School of Education,2020,0.3287
70fc9fb09704c11c,U011993,School of Economics,2024,0.2173
c3c12fa59bca28c7,U011994,School of Computer Science,2023,1.7262
e698a0442fb4923d,U011995,School of Computer Science,2023,1.2796
1e30467a9c80b99b,U011996,School of Education,2025,0.5554
ed5b4b806fb68a51,U011997,School of Education,2021,0.789
6747a92be4c3de04,U011998,School of Computer Science,2021,0.5408
00d599f8ae16fd1f,U011999,School of Design & Arts,2023,1.3957
cd86ddf8aa4596e1,U012000,School of Education,2025,0.9929
f55a1ed878511289,U012001,School of Food Science,2021,1.1888
6c35f80f82d7572d,U012002,School of Education,2024,0.4873
8abeef7858bd978b,U012003,School of Electrical Engineering,2021,0.3139
995490b1418d82c7,U012004,School of Applied Chemistry,2021,1.148
7b9bcc01847688ef,U012005,School of Design & Arts,2025,2.7852
9678907ec2f9f7b9,U012006,School of Education,2021,1.7843
36d54348820a9e12,U012007,School of Education,2020,2.871
bb66c3665e4864b2,U012008,School of Applied Chemistry,2024,0.6942
4dc07f4e94d493ac,U012009,School of Food Science,2022,0.2238
bc2e96779b84e332,U012010,School of Electrical Engineering,2022,0.2446
9eb439359abef84c,U012011,School of Design & Arts,2024,2.3457
b14588b7a468da0a,U012012,School of Economics,2021,0.0917
7f345b88eca904e8,U012013,School of Food Science,2023,2.6585
ed4b8dd010a9e872,U012014,School of Information Engineering,2022,0.2686
56dc7461f6c68f03,U012015,School of Mechanical Engineering,2021,4.0406
2024529213270d6f,U012016,School of Business Administration,2024,0.5501
851e2b0252dc6965,U012017,School of Information Engineering,2022,1.216
b0f7974c55209269,U012018,School of Business Administration,2025,6.4112
5064d4732ad153ee,U012019,School of Education,2025,0.4244
347274755d0f1f41,U012020,School of Design & Arts,2024,0.4173
e9de87a44d984cc9,U012021,School of Information Engineering,2022,0.2947
cb4b1a46cf22c3ac,U012022,School of Foreign Languages,2021,0.2168
5c2526623e0b2d18,U012023,School of Education,2025,0.4245
0c0acba6e0e29e29,U012024,School of Food Science,2022,0.339
57ce046e85c2d1dc,U012025,School of Food Science,2024,0.1691
dba90c2b877a4029,U012026,School of Food Science,2024,0.4783
560f967e4b5d2a96,U012027,School of Economics,2022,0.9257
f5e7591b708c5149,U012028,School of Food Science,2021,0.241
4f312c258c921a34,U012029,School of Economics,2023,0.5018
04ff2eca96c25be6,U012030,School of Foreign Languages,2023,2.4097
445f54ac8b0cd55d,U012031,School of Business Administration,2022,0.1428
540b94ee89aa0fe5,U012032,School of Food Science,2023,4.0741
63b3a6c17592c9d9,U012033,School of Information Engineering,2024,0.3009
f44cb1e87215b0c4,U012034,School of Computer Science,2022,0.7217
86004879f39a7c8b,U012035,School of Foreign Languages,2021,2.1216
c61bf7eeae247fae,U012036,School of Foreign Languages,2024,2.8787
ba65633a9e8a4895,U012037,School of Food Science,2024,0.9444
954ac2d0d537134b,U012038,School of Mechanical Engineering,2025,0.2948
e811c7349ae5bd5f,U012039,School of Economics,2021,0.2699
91c09f2e5fa06fbe,U012040,School of Information Engineering,2025,0.3322
e6865e5aff2ac14f,U012041,School of Design & Arts,2024,3.905
1b66adc5df40ff08,U012042,School of Business Administration,2024,0.4025
1c801ab3c741e63d,U012043,School of Applied Chemistry,2022,0.816
af8e64a27d493cad,U012044,School of Information Engineering,2020,0.2079
77494c60f579fc98,U012045,School of Mechanical Engineering,2023,0.1858
e4e65b7ec1cc4703,U012046,School of Education,2022,0.6062
257ce1ab6c95bf0e,U012047,School of Applied Chemistry,2022,0.4267
2ae46f8506e65e71,U012048,School of Civil Engineering,2025,0.459
3f6f3e70ee420534,U012049,School of Electrical Engineering,2021,0.1345
cdaa78700871d5f2,U012050,School of Food Science,2025,0.5485
3dd6acadcf57acb2,U012051,School of Economics,2023,2.7795
53aa54c08b9ba742,U012052,School of Civil Engineering,2024,0.2516
e3b3cd2ed927f566,U012053,School of Information Engineering,2022,1.4484
6ba2d8c82725a2ee,U012054,School of Foreign Languages,2023,0.0185
be968f2b25b95ea3,U012055,School of Business Administration,2023,0.2646
022d9fd031d9d967,U012056,School of Computer Science,2025,0.0874
769be89cc7ddf7ea,U012057,School of Design & Arts,2021,2.0324
cbbd6395456e7e20,U012058,School of Education,2021,1.4216
abec6cd13893593a,U012059,School of Business Administration,2025,0.2099
6d199bd1159613f0,U012060,School of Mechanical Engineering,2020,0.7884
2c95df743cfbfbbc,U012061,School of Civil Engineering,2023,1.9635
ab1a0f5c8e55cc92,U012062,School of Foreign Languages,2020,2.2937
5b3d191f46016e9b,U012063,School of Design & Arts,2020,0.3935
b475d5a534ce2184,U012064,School of Education,2023,0.0648
a6fd0cb979b3b96e,U012065,School of Business Administration,2023,0.2404
9e41952cbf7e03ec,U012066,School of Economics,2023,1.2702
a7a93e27e64664af,U012067,School of Economics,2023,4.8157
e2c968699897efd8,U012068,School of Economics,2024,0.5592
c438133c012da0df,U012069,School of Food Science,2025,0.3218
5d40ea743841e841,U012070,School of Computer Science,2022,6.5036
7d66aacff8f02bd4,U012071,School of Computer Science,2022,0.8858
9629b9c93914b634,U012072,School of Civil Engineering,2022,0.1729
6c3d567ab1febad0,U012073,School of Electrical Engineering,2024,0.5242
774b1f8e9ec5c54f,U012074,School of Information Engineering,2022,1.6047
3d40bca2a12864aa,U012075,School of Computer Science,2024,0.5503
86f87d36a302ffdd,U012076,School of Electrical Engineering,2022,1.3065
fbfea3e3c7304ba8,U012077,School of Economics,2023,0.1186
2c200b0a2880cb4f,U012078,School of Mechanical Engineering,2024,0.1407
b821861ec824bce3,U012079,School of Economics,2023,0.2831
431d1c492c71060b,U012080,School of Economics,2023,0.4452
812c83f0ab30e42d,U012081,School of Information Engineering,2021,0.8244
48f75405295dd827,U012082,School of Education,2023,1.116
860cc85a70129514,U012083,School of Foreign Languages,2021,6.9526
bf057f4cf97dda78,U012084,School of Foreign Languages,2024,0.2821
306ff7ba0b238702,U012085,School of Economics,2022,0.4313
932910d2cbfeb1c4,U012086,School of Economics,2021,0.2901
569e909e270abdb0,U012087,School of Electrical Engineering,2021,1.7374
94d8a1209473b365,U012088,School of Applied Chemistry,2023,1.8348
f47eca34f860f5b3,U012089,School of Design & Arts,2025,0.3773
523169b6ac83e077,U012090,School of Business Administration,2022,4.6587
71ab7fe9c7d4e34b,U012091,School of Mechanical Engineering,2021,0.2906
c9ed17914e1aa42e,U012092,School of Foreign Languages,2022,1.6535
15a51a6020b1015a,U012093,School of Business Administration,2025,2.5282
6aed031fb1049c24,U012094,School of Computer Science,2024,0.1513
bb3afd4d38626404,U012095,School of Information Engineering,2021,1.0519
9e0b476d52b6d6ca,U012096,School of Civil Engineering,2023,0.0387
af924b026ee1cbdf,U012097,School of Applied Chemistry,2024,1.3461
e1eccb6f8a740041,U012098,School of Food Science,2024,0.1962
a2fe7c9bcfe9729d,U012099,School of Civil Engineering,2023,1.0413
2ced2bf777119419,U012100,School of Electrical Engineering,2024,1.2561
a0fa2a450f6fa2ab,U012101,School of Economics,2023,1.8096
ce1a30b2d6cd6fb7,U012102,School of Computer Science,2021,1.4379
17c5987331f9425a,U012103,School of Mechanical Engineering,2020,0.6243
4a399c5c4f45005a,U012104,School of Mechanical Engineering,2022,0.4035
860e6437fb2096d4,U012105,School of Food Science,2020,0.548
00fe9b64dcc9a7b2,U012106,School of Foreign Languages,2022,0.1934
097805cc12c0de89,U012107,School of Business Administration,2024,0.4777
cba34260a8ff10d0,U012108,School of Business Administration,2024,0.4414
8eb15dab015d0ea1,U012109,School of Food Science,2020,0.2684
ef5236fd52f87cf3,U012110,School of Design & Arts,2020,0.1035
003d352179e3c955,U012111,School of Civil Engineering,2023,0.1646
e4906cb47f34956a,U012112,School of Electrical Engineering,2023,0.0253
5c03f9b84aaa8ce1,U012113,School of Electrical Engineering,2021,0.4339
105952c1ab3c6aa1,U012114,School of Economics,2024,0.8466
22a2eb4c89ade001,U012115,School of Business Administration,2021,0.0404
ddb9ac721777dfee,U012116,School of Food Science,2020,0.748
f4fc054fadd7e161,U012117,School of Business Administration,2024,0.5223
5ac9d2b39444ea9c,U012118,School of Business Administration,2023,0.182
59295acfc1eba9c7,U012119,School of Electrical Engineering,2022,0.3836
0a8035c7bdd9cf00,U012120,School of Economics,2024,1.6884
636b6967d806b124,U012121,School of Mechanical Engineering,2025,0.2229
c2b63670785ae9a4,U012122,School of Information Engineering,2020,0.6388
f88f9b499f021ac2,U012123,School of Electrical Engineering,2023,0.8349
01bd3b62ad53b3ef,U012124,School of Information Engineering,2021,0.2594
633ce6e8ed7df9be,U012125,School of Electrical Engineering,2023,1.6181
b1622ddaab7860a3,U012126,School of Civil Engineering,2022,0.8841
6da48189dd37ce55,U012127,School of Design & Arts,2022,0.4589
eba0837a9477e712,U012128,School of Computer Science,2021,6.2729
a3171e2e2efda1fc,U012129,School of Applied Chemistry,2024,1.6251
798f20a70d3ad949,U012130,School of Education,2022,0.1094
a746fadef104193b,U012131,School of Civil Engineering,2025,0.4001
8112cf5ffebdf31d,U012132,School of Economics,2022,6.9562
96a289ed9676fa99,U012133,School of Computer Science,2024,0.2211
84319c670a6e7de2,U012134,School of Food Science,2023,0.6309
a6c3deffa9fb131b,U012135,School of Applied Chemistry,2022,2.0218
3e8f00f975dae35c,U012136,School of Information Engineering,2024,1.1335
5444c66d9172750f,U012137,School of Food Science,2024,1.3093
3149283c0548da12,U012138,School of Foreign Languages,2023,1.2344
bc8eabc5d241c8c8,U012139,School of Electrical Engineering,2022,0.6056
33594c8ba9665c90,U012140,School of Design & Arts,2023,0.2673
d355c7689da388ec,U012141,School of Education,2023,0.9119
8a0a1d4d95ba17ff,U012142,School of Information Engineering,2022,0.3946
7fa42d236f8aae65,U012143,School of Mechanical Engineering,2024,0.3648
b3ba0272fe90bd6b,U012144,School of Economics,2022,2.5999
593ae606e0975404,U012145,School of Computer Science,2022,0.4033
1a5cc9963c36a732,U012146,School of Food Science,2023,3.2515
0c4a0d17a5d3b526,U012147,School of Economics,2025,0.7632
45c9ba8181da7c29,U012148,School of Food Science,2021,0.5035
2e572dc50d38ded2,U012149,School of Economics,2021,0.0959
a0e16d68c93a4614,U012150,School of Education,2021,4.9177
2baa16226c9b9ad5,U012151,School of Design & Arts,2024,0.5869
1c65f33543953b98,U012152,School of Information Engineering,2022,0.0609
20c8a99030b587d1,U012153,School of Business Administration,2022,1.5852
acf3fd53b9029a93,U012154,School of Food Science,2021,0.5615
317d185d365bc21b,U012155,School of Computer Science,2025,0.2326
7b51ad5d5f7e93ff,U012156,School of Education,2022,1.4981
8d72615823e8cc5b,U012157,School of Food Science,2023,0.0462
fea592f5ef701acb,U012158,School of Foreign Languages,2021,0.2891
a771722ccda03aeb,U012159,School of Information Engineering,2021,0.4376
d403044c73a491fc,U012160,School of Business Administration,2020,1.3843
2dec4c948f5fc6e9,U012161,School of Foreign Languages,2022,5.5469
aedae0232715f06c,U012162,School of Electrical Engineering,2023,0.4622
c1914b260b7fc311,U012163,School of Electrical Engineering,2021,0.9351
26f6ceff6d214571,U012164,School of Information Engineering,2022,9.2201
5da6ae052654e9d5,U012165,School of Civil Engineering,2020,0.5932
ff0f67e82fc4f6ea,U012166,School of Mechanical Engineering,2022,0.9429
9b254e6676bf9e5d,U012167,School of Information Engineering,2021,0.1713
5e6d2343d271892f,U012168,School of Education,2021,4.1877
94a44af609dbaab9,U012169,School of Economics,2020,0.2894
0f13947f0c08874d,U012170,School of Education,2024,0.7723
d5cf521b423e4b3d,U012171,School of Food Science,2025,0.7507
0b8f86369a2e13f2,U012172,School of Education,2023,0.643
11516f443760b51f,U012173,School of Electrical Engineering,2020,0.3824
074d58f31ee8fea6,U012174,School of Computer Science,2025,0.7515
23b00611e22164f4,U012175,School of Foreign Languages,2025,3.4224
e4c438fa9339498d,U012176,School of Design & Arts,2022,5.7773
99b30a16e03a7be4,U012177,School of Civil Engineering,2021,0.4955
3b1cdbb9c0dde8c5,U012178,School of Civil Engineering,2024,0.3766
c8461e8820b7af11,U012179,School of Business Administration,2025,0.263
8c35a59680636e5d,U012180,School of Civil Engineering,2024,8.6636
2fbc76437dad7519,U012181,School of Education,2023,0.6715
aa9cf6dcbe0ca02f,U012182,School of Civil Engineering,2023,1.8005
1cd98edce12b6e71,U012183,School of Applied Chemistry,2025,1.1849
7275f600ce508f83,U012184,School of Education,2020,5.3731
77e9b215cf8f144c,U012185,School of Food Science,2021,0.4608
a029b01e5043d860,U012186,School of Economics,2024,0.1951
1e84133910246c0b,U012187,School of Mechanical Engineering,2021,3.7903
afdb38fbef1a51fb,U012188,School of Food Science,2022,1.4569
08f6f6b8228ad680,U012189,School of Mechanical Engineering,2022,0.9317
925a01cf924f0c5a,U012190,School of Mechanical Engineering,2021,2.7406
60e9ec493545ca9d,U012191,School of Electrical Engineering,2020,0.9864
508c05a36c4189dd,U012192,School of Electrical Engineering,2023,2.8374
16dff233917efa11,U012193,School of Information Engineering,2022,0.7555
7b7da798e65e9892,U012194,School of Design & Arts,2023,1.4549
784ce54b47cb2e2a,U012195,School of Education,2022,0.9994
6b7944478bf9246f,U012196,School of Design & Arts,2025,0.4264
05233c79bac16d7c,U012197,School of Education,2023,0.4808
7160f36e8e670bfd,U012198,School of Food Science,2025,0.3986
1334627b57f34b57,U012199,School of Economics,2022,0.7699
8e6ee01648089d16,U012200,School of Business Administration,2020,0.3743
ad69a4e654d5df21,U012201,School of Design & Arts,2024,0.9129
0431175538b20a8a,U012202,School of Information Engineering,2024,0.8824
7727c05144562792,U012203,School of Economics,2020,0.7248
f2d5fe4781f07ff3,U012204,School of Food Science,2023,0.7375
d0698f6a2ff5828b,U012205,School of Information Engineering,2023,0.3352
27d7934a039d8e5b,U012206,School of Applied Chemistry,2021,0.4453
8339773ec5d462cd,U012207,School of Information Engineering,2023,0.1111
164c7ebf127c546f,U012208,School of Applied Chemistry,2021,0.5237
bf1b8b5e7b87a021,U012209,School of Civil Engineering,2020,0.2203
009a798a4b9f1da5,U012210,School of Food Science,2025,0.6524
a758aa5e8baff3e6,U012211,School of Computer Science,2023,0.289
2076d7d017c37aa9,U012212,School of Foreign Languages,2024,0.076
62040a9e4af1fc67,U012213,School of Design & Arts,2024,5.615
38b071581464c489,U012214,School of Foreign Languages,2025,0.4684
4452e920200e2d39,U012215,School of Education,2022,2.5094
b0065fb96c16de9d,U012216,School of Business Administration,2022,0.3485
bf690a8f0dc6bae2,U012217,School of Mechanical Engineering,2022,3.2256
381b197b8220d036,U012218,School of Design & Arts,2023,0.1866
93e43210cd2bcaf8,U012219,School of Information Engineering,2023,0.704
630113dd823c0936,U012220,School of Civil Engineering,2024,0.198
b5bbee234be8a6c6,U012221,School of Applied Chemistry,2022,7.9545
92f1bdc4a374a39c,U012222,School of Design & Arts,2021,0.4601
05e6495d0c9b07a3,U012223,School of Mechanical Engineering,2025,1.3518
0e48654338318d09,U012224,School of Applied Chemistry,2024,0.9264
7d2063dcdcb0d15a,U012225,School of Economics,2022,0.5755
1b596c112222fd78,U012226,School of Mechanical Engineering,2024,0.9908
2d55c6716c94500b,U012227,School of Electrical Engineering,2023,2.2983
52d4236cf89991dd,U012228,School of Electrical Engineering,2024,1.1517
2c8227a9022a327c,U012229,School of Electrical Engineering,2022,0.6945
8f3f47b186c5a478,U012230,School of Civil Engineering,2023,0.9923
be0b21effb43bcaa,U012231,School of Information Engineering,2020,4.007
44e920b24e20058e,U012232,School of Applied Chemistry,2021,0.3891
740c18703a52538a,U012233,School of Mechanical Engineering,2024,0.0925
c4f81898bb3d8b38,U012234,School of Information Engineering,2022,0.1972
c738751c072d979b,U012235,School of Applied Chemistry,2020,0.2124
8bb4bfc07610ebb8,U012236,School of Food Science,2021,0.2446
67ea42ad962aae1a,U012237,School of Foreign Languages,2022,0.2531
3b39f9be73de2fda,U012238,School of Electrical Engineering,2024,0.5766
f7d4ca8269dbd0e5,U012239,School of Electrical Engineering,2022,0.7561
aff64ace35c87498,U012240,School of Civil Engineering,2024,0.748
991fbabe3b0a42ba,U012241,School of Mechanical Engineering,2024,0.2844
4ddf34ab60750f24,U012242,School of Design & Arts,2022,1.595
f160a42990852cac,U012243,School of Information Engineering,2024,1.0075
1168b30aa8a8ba2f,U012244,School of Foreign Languages,2021,2.87
34634db1873328dc,U012245,School of Electrical Engineering,2022,1.3768
0b30ec32d24dd813,U012246,School of Electrical Engineering,2020,0.4162
1025f903c1b1902c,U012247,School of Civil Engineering,2020,2.1782
307ebf71f0fc8bea,U012248,School of Information Engineering,2020,0.7761
cb1e7516bfa4f27e,U012249,School of Business Administration,2021,1.3112
1152c3b6fac9a406,U012250,School of Business Administration,2024,1.2134
674b1fd518071471,U012251,School of Food Science,2023,0.5214
1a3b6dbd34781cfe,U012252,School of Information Engineering,2025,0.6546
cff11141e0ff672f,U012253,School of Information Engineering,2023,0.5177
1e881e44915af2b4,U012254,School of Business Administration,2023,0.2516
acd1f7c9c8af37df,U012255,School of Civil Engineering,2021,0.0691
4b3b608819226956,U012256,School of Design & Arts,2023,0.295
4add3a8b09196dd0,U012257,School of Civil Engineering,2022,0.7205
43f0bb100c0829e4,U012258,School of Applied Chemistry,2025,1.7482
3069f5807e4c51d1,U012259,School of Applied Chemistry,2025,1.3086
3ab9de8dc5f9add3,U012260,School of Business Administration,2021,0.4464
f0680a0776c9a2fa,U012261,School of Mechanical Engineering,2023,0.299
23fd4de5c8d6cb62,U012262,School of Foreign Languages,2023,0.4932
1ee9778f121090e3,U012263,School of Education,2023,0.2227
a8d94070fea7b2e1,U012264,School of Mechanical Engineering,2021,0.0712
29ec16f9c0dc3203,U012265,School of Education,2023,0.1259
899cbff45791ab98,U012266,School of Food Science,2024,2.3344
133d34cd78efff1a,U012267,School of Economics,2022,3.7821
7873489fd47d7a2b,U012268,School of Applied Chemistry,2023,1.2547
813165b1a4fee77d,U012269,School of Electrical Engineering,2021,0.557
37327829fc6c8ae5,U012270,School of Design & Arts,2025,0.1466
ebfc6b7828661324,U012271,School of Mechanical Engineering,2021,0.5025
cf19eec8a6a3cb6e,U012272,School of Computer Science,2021,1.0885
6de4d214b45eb728,U012273,School of Electrical Engineering,2022,1.3537
05c6c6fd4950fe4e,U012274,School of Applied Chemistry,2024,1.1756
9f2baa0e4189c9c4,U012275,School of Computer Science,2024,1.9789
49957046c9936ee4,U012276,School of Civil Engineering,2020,4.1204
577b24de6229d158,U012277,School of Foreign Languages,2021,0.3938
be1522b971b7da70,U012278,School of Education,2024,9.7601
ff573a81fdf052c2,U012279,School of Economics,2022,0.0783
c161c03c2c5a26ea,U012280,School of Mechanical Engineering,2020,0.2711
bcfe35157f8e62f1,U012281,School of Design & Arts,2025,0.7211
e008708a6a759ca0,U012282,School of Civil Engineering,2021,1.0223
8a5ca9c548cb1e4d,U012283,School of Applied Chemistry,2023,0.4923
f7e95e21e7dede0a,U012284,School of Economics,2021,0.3596
ecc179a0d104ce1a,U012285,School of Computer Science,2024,5.3419
7d571667db2f5c29,U012286,School of Applied Chemistry,2024,0.3428
014a201a064008db,U012287,School of Food Science,2022,0.213
c4600f758bc2b50a,U012288,School of Applied Chemistry,2023,3.2021
89799275431d3a87,U012289,School of Applied Chemistry,2025,1.3801
9958bc11adbf2e2d,U012290,School of Food Science,2024,1.7642
ba8a6cf842c4d7a4,U012291,School of Mechanical Engineering,2022,0.7181
0b2e048d797464c7,U012292,School of Electrical Engineering,2022,0.1491
ffee3d36df3cac3b,U012293,School of Civil Engineering,2025,0.6425
491a0bb6116dcf5d,U012294,School of Mechanical Engineering,2020,0.1299
34b7e0556c0147ee,U012295,School of Civil Engineering,2020,0.7522
2e052d9b16e907b6,U012296,School of Education,2021,1.1347
8752cbaeeefd61c4,U012297,School of Economics,2024,1.7305
ed63975d7f444392,U012298,School of Mechanical Engineering,2021,0.5383
7d5cb5d1a7f3d7ce,U012299,School of Food Science,2022,1.2474
d16f774e4f3db8ba,U012300,School of Economics,2023,0.2391
bcc16e0c77e01a91,U012301,School of Food Science,2021,1.5521
2d7f171e5af21484,U012302,School of Information Engineering,2022,1.159
9382941896771b8c,U012303,School of Food Science,2022,0.2652
5403e41c1b3251e1,U012304,School of Mechanical Engineering,2021,1.0034
b048fcbd4626ffd1,U012305,School of Mechanical Engineering,2025,1.7554
2d9f707819859736,U012306,School of Electrical Engineering,2021,0.6387
65a3e1fb673fd774,U012307,School of Economics,2024,0.2594
b5be85a459419e3c,U012308,School of Food Science,2023,0.7052
4bd33b4f71b7ff37,U012309,School of Design & Arts,2021,1.0258
7cf81c65a624cb39,U012310,School of Mechanical Engineering,2021,0.2574
a13683eb47c48a5d,U012311,School of Food Science,2023,0.2155
d7cac97a075f39d3,U012312,School of Computer Science,2022,0.9946
5ce519fda9ea0a59,U012313,School of Foreign Languages,2021,1.3449
07e2f7fade437a16,U012314,School of Computer Science,2025,5.067
dd874353c7d6d404,U012315,School of Applied Chemistry,2022,1.1488
9e29c62390900738,U012316,School of Information Engineering,2025,0.1762
14e00ee4ef026a0a,U012317,School of Education,2021,4.5393
c9bd7857a9fe4bb1,U012318,School of Information Engineering,2021,1.6955
4a06155979ffcf8f,U012319,School of Education,2023,0.0795
1fbecc643d7d89fa,U012320,School of Food Science,2021,0.2107
816783dd8b416dba,U012321,School of Information Engineering,2021,0.3611
1b4e1365890a9f10,U012322,School of Foreign Languages,2020,1.3649
25238a4f75d0a87c,U012323,School of Electrical Engineering,2020,0.0547
c4cefde325aa23a1,U012324,School of Computer Science,2024,0.5241
22f3fc98bc3f45fa,U012325,School of Computer Science,2022,1.2892
4fa19bf5cd5ab0df,U012326,School of Business Administration,2025,0.0347
3fe516c040e93299,U012327,School of Education,2021,1.2458
e4831c04b8941859,U012328,School of Mechanical Engineering,2022,1.4049
6ef23a5b97108163,U012329,School of Electrical Engineering,2022,0.2532
1063bee9bfb56af7,U012330,School of Electrical Engineering,2023,0.1863
70d48a0f92969cee,U012331,School of Civil Engineering,2025,0.2493
464a39be99e5334e,U012332,School of Computer Science,2024,0.0408
9e10a5e520e99401,U012333,School of Design & Arts,2020,0.4261
dedab00f2543bea2,U012334,School of Education,2022,0.7353
f91c9ee1367f1e96,U012335,School of Foreign Languages,2024,0.1744
2894a1c4071615b4,U012336,School of Business Administration,2020,1.5606
6ba12896ebefdb1f,U012337,School of Education,2023,0.6541
0b4dc3d3e91bc1d6,U012338,School of Electrical Engineering,2021,0.7657
55150a017e3ac87f,U012339,School of Computer Science,2022,0.3949
42864336625e2f1e,U012340,School of Foreign Languages,2022,1.2412
42b53cb3c8ee5650,U012341,School of Education,2022,2.1459
34ac2bd58400f902,U012342,School of Computer Science,2025,0.3928
a77f34f664b5e45c,U012343,School of Business Administration,2023,1.2637
8ad8e61833f6b679,U012344,School of Economics,2025,1.2776
4cf436c174c80df7,U012345,School of Civil Engineering,2024,0.8966
4e95b893bbbb7c28,U012346,School of Foreign Languages,2022,3.1583
009468d34b15bd13,U012347,School of Civil Engineering,2023,0.2855
1787614c2aea7a35,U012348,School of Mechanical Engineering,2022,0.3873
2bc6961b2b64c939,U012349,School of Electrical Engineering,2024,0.2715
c15eb84a06529cb1,U012350,School of Food Science,2021,1.219
ae02af3210582396,U012351,School of Education,2025,0.4496
491599ef010740d5,U012352,School of Electrical Engineering,2023,0.2944
96e651a88506cd8e,U012353,School of Foreign Languages,2023,3.1147
01a58b7f07c66a59,U012354,School of Information Engineering,2023,3.6056
a96d038429669c57,U012355,School of Business Administration,2023,0.425
23d89e974f572035,U012356,School of Foreign Languages,2023,0.1504
bf126d72e5f7c09b,U012357,School of Mechanical Engineering,2023,3.8057
031d6bf87bc32ac7,U012358,School of Foreign Languages,2021,0.9453
fb996b0d10868d3e,U012359,School of Education,2023,0.8992
0f1fb7a781059af3,U012360,School of Mechanical Engineering,2022,0.6557
4622a6cd0c8f66f7,U012361,School of Applied Chemistry,2023,0.2652
9f14e398a78db2e6,U012362,School of Electrical Engineering,2023,0.3905
c4152ffd0392499b,U012363,School of Design & Arts,2021,1.1627
cfd3186cce380e57,U012364,School of Food Science,2024,0.3774
013f48f98b427e7d,U012365,School of Mechanical Engineering,2022,0.9103
b0cd8901f12c8f71,U012366,School of Foreign Languages,2023,0.5983
1746a603b9d2f120,U012367,School of Business Administration,2024,0.2052
ddeca8cbf6161166,U012368,School of Applied Chemistry,2023,2.9866
04a86c39ba52bcbe,U012369,School of Civil Engineering,2024,1.0693
20b9b9950054fc80,U012370,School of Applied Chemistry,2021,0.8217
cc93e17b77209c47,U012371,School of Economics,2021,1.0284
5b53ae33a4ef0b02,U012372,School of Design & Arts,2023,0.0983
886eb65641f96e6e,U012373,School of Electrical Engineering,2021,0.3605
c441ae6d7d668169,U012374,School of Design & Arts,2021,0.1282
50aab9f0226a6236,U012375,School of Design & Arts,2021,0.6688
c3862f3271817173,U012376,School of Mechanical Engineering,2022,0.8178
d317b762d3ece358,U012377,School of Design & Arts,2025,0.68
1b0bd903a9439fe1,U012378,School of Electrical Engineering,2021,1.9186
6a772add8f1f1115,U012379,School of Information Engineering,2022,0.1321
9298bc8666d08d4e,U012380,School of Applied Chemistry,2025,0.2655
3a47af05e92618aa,U012381,School of Applied Chemistry,2025,0.8935
41475180f13851d4,U012382,School of Foreign Languages,2021,0.7687
c85b2b4403198c67,U012383,School of Civil Engineering,2025,0.1584
ad74397afbe07d1b,U012384,School of Foreign Languages,2021,1.9533
208fee377738418d,U012385,School of Computer Science,2024,2.7627
8f3c3ee7861b35f5,U012386,School of Design & Arts,2020,0.9036
dd12700ff2a4b626,U012387,School of Education,2022,0.1305
990050eee4737f31,U012388,School of Design & Arts,2021,0.6926
c0a7158baa41ceb8,U012389,School of Foreign Languages,2024,0.8297
50820da21f063fbf,U012390,School of Electrical Engineering,2020,0.4498
de6e7734b969a5a0,U012391,School of Foreign Languages,2022,2.271
4c7408abf9fbd947,U012392,School of Food Science,2024,0.5257
5dd4e938ff394712,U012393,School of Food Science,2020,4.843
b5c0f55a9edaf869,U012394,School of Food Science,2025,1.2919
95268ef2b574736a,U012395,School of Computer Science,2022,0.7781
4838f3274c59b020,U012396,School of Food Science,2021,1.482
a30c34225b0cc4f0,U012397,School of Electrical Engineering,2021,2.7288
08d5fd0d14da3847,U012398,School of Food Science,2022,1.4507
a43e54610c683b6f,U012399,School of Mechanical Engineering,2021,0.5473
964ad31afc88dd60,U012400,School of Food Science,2023,0.3052
0db408cd8af5801c,U012401,School of Business Administration,2023,0.1922
cae4c1f0672a3640,U012402,School of Business Administration,2022,0.0514
71a7ad275a9ef45a,U012403,School of Applied Chemistry,2022,0.7027
048886466fb3940a,U012404,School of Applied Chemistry,2024,0.4006
bdc6af2d04a3cb43,U012405,School of Information Engineering,2022,0.4227
9e6f0dcece479f2d,U012406,School of Applied Chemistry,2023,1.6518
270ca71a0ddc949b,U012407,School of Economics,2025,0.5278
5a42541e9dc5468f,U012408,School of Civil Engineering,2021,3.9279
99db31bc9e6d3d5c,U012409,School of Applied Chemistry,2023,0.3328
34542d1e55e87a1c,U012410,School of Food Science,2025,0.2236
4141d91082ab48e6,U012411,School of Business Administration,2023,0.1679
810425180012d2cc,U012412,School of Computer Science,2025,1.2162
8179b3979f4e5ff0,U012413,School of Food Science,2022,1.8673
7fbfa5037aec9ad6,U012414,School of Information Engineering,2023,0.3258
e51b4c6cb82b25ad,U012415,School of Computer Science,2022,0.2037
05324b5c669b8f4e,U012416,School of Computer Science,2020,2.7272
48b4ac658d04d713,U012417,School of Economics,2025,0.1384
32b5d6c54cbd760f,U012418,School of Information Engineering,2021,1.6213
5e7f0ad828df5a8e,U012419,School of Electrical Engineering,2025,0.3335
b75369b911b57807,U012420,School of Electrical Engineering,2023,0.8782
4b672a8bd19fe614,U012421,School of Mechanical Engineering,2025,1.7331
2aab31a425d0a59b,U012422,School of Information Engineering,2025,0.9505
404536b6f54ca53c,U012423,School of Electrical Engineering,2023,0.4394
cd0b00d0b65b665d,U012424,School of Information Engineering,2025,2.3847
919a14c679117d0f,U012425,School of Education,2024,0.7883
94992cd901ff4bb8,U012426,School of Civil Engineering,2023,23.4649
76c56f4ed6edf83d,U012427,School of Mechanical Engineering,2023,0.1073
75382c4b436c56aa,U012428,School of Design & Arts,2021,0.1057
5acd64746ba87526,U012429,School of Economics,2020,1.5956
2f69701f538e5112,U012430,School of Design & Arts,2021,0.5719
96f735c5b65402d2,U012431,School of Applied Chemistry,2022,1.3042
1432da3b88394bef,U012432,School of Information Engineering,2021,0.1968
45b8ff908ae02028,U012433,School of Foreign Languages,2023,0.6232
368cf3b63e4239c8,U012434,School of Education,2023,0.9327
e05b1a211609bca4,U012435,School of Electrical Engineering,2023,0.3428
ca7841c5dff982ca,U012436,School of Information Engineering,2025,0.7444
fde707e0b0a051ba,U012437,School of Business Administration,2025,0.1513
cd97deed575d94d3,U012438,School of Design & Arts,2025,0.8762
62021e7e1272f8b2,U012439,School of Design & Arts,2023,2.5054
6e9625a7bbd160f1,U012440,School of Food Science,2021,0.1713
d93d2191d1ffabc5,U012441,School of Electrical Engineering,2025,0.1612
78bd67759f892ba7,U012442,School of Food Science,2021,1.9404
554806eda222c624,U012443,School of Computer Science,2021,0.1584
60c0cecf72627fd8,U012444,School of Applied Chemistry,2022,1.3683
6183e601952b2245,U012445,School of Design & Arts,2023,0.624
c74479d0f468e294,U012446,School of Computer Science,2024,0.3887
0b24a3126381724c,U012447,School of Electrical Engineering,2020,2.5588
b1fe5b51c53cea7e,U012448,School of Economics,2024,1.4935
0b528ce2f92b4261,U012449,School of Applied Chemistry,2021,0.7809
5e295e4d3601fd73,U012450,School of Design & Arts,2022,0.0686
fc67ebd4e577cef3,U012451,School of Design & Arts,2022,1.2035
5d95cb1a395efcd6,U012452,School of Economics,2022,0.2023
43539142f965bbc8,U012453,School of Education,2024,0.4731
14a58aea65d87f36,U012454,School of Electrical Engineering,2020,0.5947
47e615b30e311838,U012455,School of Electrical Engineering,2021,3.9364
ba5c503f59695ece,U012456,School of Food Science,2020,0.4583
9a587fb6ea6badd3,U012457,School of Civil Engineering,2024,0.1423
792c0fa8b1a8c60c,U012458,School of Education,2025,2.5667
b6b4743f4d6dcf75,U012459,School of Food Science,2023,1.2198
d9a592a65254ba91,U012460,School of Foreign Languages,2023,1.2661
d14424ce72826490,U012461,School of Foreign Languages,2025,2.6154
ea8a6d6d86e36565,U012462,School of Education,2021,3.3075
1d18544ba1cb5a6a,U012463,School of Computer Science,2020,0.242
19c7fe7696c95a53,U012464,School of Civil Engineering,2023,0.1469
1217bdf5f3e91612,U012465,School of Applied Chemistry,2021,1.3709
5e1e52c419cc6425,U012466,School of Business Administration,2022,0.4541
a36aba24209ce279,U012467,School of Applied Chemistry,2022,0.4972
82957fa58e103b60,U012468,School of Design & Arts,2022,0.1923
e25060aec9d87638,U012469,School of Applied Chemistry,2023,1.0585
438f303d4c3e7269,U012470,School of Design & Arts,2022,0.8826
e3aed1c9087da2b0,U012471,School of Information Engineering,2021,0.5054
ba1d3e887403ec5e,U012472,School of Civil Engineering,2025,0.1473
baaa5f9c460600ee,U012473,School of Education,2024,1.9781
11fb70ac667748fa,U012474,School of Computer Science,2020,0.7624
a8d51eca3bd9d441,U012475,School of Civil Engineering,2021,1.8055
86435f2cdca55c77,U012476,School of Design & Arts,2020,0.0721
220c5e82fb7dbabd,U012477,School of Design & Arts,2020,0.6249
bae5846e958d4f4b,U012478,School of Business Administration,2020,0.2883
2b2a0de27490dd0d,U012479,School of Information Engineering,2021,0.6121
2bfa1527febc85b7,U012480,School of Economics,2024,1.5162
4347a6ba3ef7b7aa,U012481,School of Applied Chemistry,2024,0.8547
2f7c268ff2a1e11f,U012482,School of Food Science,2024,0.6012
5a5d9bcb6050209f,U012483,School of Education,2023,0.598
27d1d067547ca82c,U012484,School of Information Engineering,2024,0.1241
4413896ec932a48b,U012485,School of Electrical Engineering,2024,0.2385
a4bc39bb9df854fd,U012486,School of Economics,2025,1.8117
a64cb855bba9ba22,U012487,School of Computer Science,2024,0.3561
0b0513b564b68924,U012488,School of Business Administration,2024,1.8467
f8b6a8473fcc11a1,U012489,School of Information Engineering,2024,1.349
d06a10ce6517a4d9,U012490,School of Applied Chemistry,2023,1.4222
6de59510b744ed20,U012491,School of Electrical Engineering,2021,0.8236
3775a9190d00260e,U012492,School of Education,2020,0.3817
77a7ddf9f0382644,U012493,School of Education,2022,0.5076
b3fa4a801cd3f693,U012494,School of Mechanical Engineering,2020,1.1201
858613912c167f68,U012495,School of Food Science,2021,0.0705
b7d06c5084fab2f1,U012496,School of Information Engineering,2020,2.0478
a2189dbd452b0695,U012497,School of Foreign Languages,2022,0.358
53436ef9c8d014a7,U012498,School of Education,2025,0.5416
97d7426a5e7b49bb,U012499,School of Electrical Engineering,2022,0.5463
a35f4963b1c57f80,U012500,School of Information Engineering,2021,0.5673
8e789a1fa6eb0a90,U012501,School of Mechanical Engineering,2022,0.1587
6c9c8e74938c0d5d,U012502,School of Electrical Engineering,2022,0.6871
b7916621fc40ba86,U012503,School of Education,2024,1.0697
237475c5cfb92d05,U012504,School of Civil Engineering,2023,0.0764
faa2af9407bed15c,U012505,School of Civil Engineering,2020,0.1608
e6275dffc7635e53,U012506,School of Mechanical Engineering,2023,1.4461
d647fd050ea3970b,U012507,School of Design & Arts,2020,1.2006
735cefc1f21828e4,U012508,School of Business Administration,2024,0.7959
ff7b20af1e113fca,U012509,School of Foreign Languages,2025,0.2984
80754d7cc1d75fdd,U012510,School of Economics,2025,1.2076
50753b1d89efd156,U012511,School of Economics,2021,0.1773
6c93c52e90ec47e4,U012512,School of Applied Chemistry,2024,0.5146
4394f88557ce7545,U012513,School of Design & Arts,2024,0.1599
eecd0e527271a02b,U012514,School of Electrical Engineering,2025,0.5021
cd0cec0961471bcc,U012515,School of Foreign Languages,2021,0.2107
352f7f182eaf487f,U012516,School of Foreign Languages,2022,1.2571
9e5389832b1d831c,U012517,School of Business Administration,2021,0.9104
b8b135a312af90bd,U012518,School of Computer Science,2020,0.3337
22232ad60e26f1b5,U012519,School of Economics,2023,1.7564
d4d552c1582fd5cc,U012520,School of Civil Engineering,2022,0.2269
da0c82d6493e52ec,U012521,School of Business Administration,2021,0.5699
3387a4d4fdc3f8e6,U012522,School of Education,2024,0.3192
3d1a967fab6dfa1e,U012523,School of Food Science,2023,1.2403
9b28db3afa5d688d,U012524,School of Economics,2025,1.1235
3e5df14739a2bbad,U012525,School of Civil Engineering,2024,2.1705
c1250e7897505377,U012526,School of Applied Chemistry,2025,0.6415
7f64bab653bac9c7,U012527,School of Education,2024,0.0306
f63c9928b301a456,U012528,School of Applied Chemistry,2021,0.3837
b019da0c4102a90b,U012529,School of Economics,2020,2.8243
57580c9d780240aa,U012530,School of Food Science,2025,0.4266
608a844f93d610d0,U012531,School of Economics,2021,0.0868
0181946bd6146179,U012532,School of Design & Arts,2022,0.9253
9f126dcc5da9c168,U012533,School of Electrical Engineering,2023,0.9971
deda4b47705e1956,U012534,School of Electrical Engineering,2021,0.2853
6686ac58918e5e98,U012535,School of Economics,2021,0.4613
b2efc230bcbf33ab,U012536,School of Civil Engineering,2022,0.253
e0ab1a7dfaf4bfe8,U012537,School of Business Administration,2022,0.9956
08624db0d8e20fdd,U012538,School of Business Administration,2024,0.6247
db641b2c31efe2e8,U012539,School of Design & Arts,2020,0.184
c897b09fd38d1195,U012540,School of Education,2023,0.5848
ec00d6843ce3c4da,U012541,School of Electrical Engineering,2021,0.2836
121ad1c08cb2beb0,U012542,School of Design & Arts,2023,2.5448
02df702aa3665509,U012543,School of Computer Science,2021,1.443
b7e59103bc5d85f3,U012544,School of Electrical Engineering,2021,0.5224
0624cb84e7471fb8,U012545,School of Electrical Engineering,2024,0.6402
fa468a8104cc66df,U012546,School of Electrical Engineering,2021,1.6271
30d3452d5cd3c703,U012547,School of Food Science,2024,0.4963
823ec7aef98ceb65,U012548,School of Food Science,2022,1.2603
06a6276f30399a8b,U012549,School of Computer Science,2021,2.5867
5425c3201a8b09fd,U012550,School of Electrical Engineering,2022,0.3614
3d32afab5da581be,U012551,School of Mechanical Engineering,2025,3.0622
c4b5b9458e4b0c12,U012552,School of Economics,2022,2.289
05d9373f239acc51,U012553,School of Foreign Languages,2021,0.757
940a6cbbee2a0857,U012554,School of Food Science,2023,0.3787
b2c52d639a05f053,U012555,School of Applied Chemistry,2022,0.7476
64530c8f3aeb48ca,U012556,School of Food Science,2024,0.4623
a27972e168110df5,U012557,School of Information Engineering,2025,0.2672
c7d65478a8e6fe42,U012558,School of Electrical Engineering,2023,1.0053
88916c559d3cdae6,U012559,School of Civil Engineering,2022,0.2121
a67223c2ddffe8b5,U012560,School of Economics,2022,0.4208
1cbb1900ddc32617,U012561,School of Business Administration,2025,0.4264
99c27428779bfb02,U012562,School of Computer Science,2023,0.1507
7e813ceca02811e2,U012563,School of Information Engineering,2021,1.1405
71fc5c97b5217811,U012564,School of Education,2025,0.4698
e5e68b30bee8ae6a,U012565,School of Civil Engineering,2025,2.1637
71593886d7cd2404,U012566,School of Mechanical Engineering,2022,0.4622
5af3b4697466e925,U012567,School of Business Administration,2022,0.3931
2cd94d527ee053c9,U012568,School of Applied Chemistry,2024,0.2389
2b1422d50b3ddf75,U012569,School of Civil Engineering,2024,0.6139
5b989fbcfa022e70,U012570,School of Applied Chemistry,2023,0.6173
756ae50458ce614b,U012571,School of Mechanical Engineering,2022,1.2396
b31554c1065ae317,U012572,School of Food Science,2022,0.6313
acf8ea1b5313c9d3,U012573,School of Economics,2022,4.7918
9606a4240019d719,U012574,School of Business Administration,2021,0.9317
85a708faff7ce20b,U012575,School of Electrical Engineering,2024,0.2201
51f2544a61cd3bca,U012576,School of Information Engineering,2021,0.2022
4ed770fc34a2c219,U012577,School of Information Engineering,2022,1.0078
87aa781566c9262a,U012578,School of Food Science,2024,0.2132
6b0397d495810291,U012579,School of Information Engineering,2022,1.0702
de74309c0e72543c,U012580,School of Electrical Engineering,2022,1.4458
c50d8d655b37750d,U012581,School of Education,2025,1.481
ed73bfce49c65119,U012582,School of Computer Science,2021,0.2475
40624a9ecbac4a33,U012583,School of Foreign Languages,2025,1.4836
cff127b4cc3020f6,U012584,School of Information Engineering,2020,0.8151
ee0346adad46c7f2,U012585,School of Food Science,2022,0.3215
3c7b5a6f2fec0210,U012586,School of Education,2023,0.5034
1df5515957ca76e7,U012587,School of Food Science,2022,0.9458
d2a2bbf92d61270c,U012588,School of Design & Arts,2023,0.3012
21111a3c59d45bf4,U012589,School of Education,2021,0.7984
caa89a42fd0e8c19,U012590,School of Foreign Languages,2023,2.5058
8219d8abb2e0230b,U012591,School of Electrical Engineering,2021,1.5481
f35b5afcac96b90a,U012592,School of Food Science,2024,0.6408
cf60a006103d72d5,U012593,School of Computer Science,2023,0.7461
56e76c226c667733,U012594,School of Food Science,2023,0.3447
4ad03304457c84f8,U012595,School of Education,2020,0.3546
33eb844f30330dee,U012596,School of Civil Engineering,2023,0.1269
55489d3ef86096e5,U012597,School of Business Administration,2023,0.7589
9646992e5d6a9dc5,U012598,School of Information Engineering,2021,1.1682
5b2d017b43138eff,U012599,School of Applied Chemistry,2024,0.55
1aedc26d7f9c4fc5,U012600,School of Foreign Languages,2020,0.2455
b51a2aa672cf805d,U012601,School of Design & Arts,2021,0.6307
db0f6ae65da7aed1,U012602,School of Design & Arts,2024,2.2586
5c6cd78233c90309,U012603,School of Mechanical Engineering,2021,1.4491
64ccb0bc46ce9b9f,U012604,School of Mechanical Engineering,2021,0.5732
1d8360e1a22f2d33,U012605,School of Computer Science,2023,4.5742
a49c63851897dd82,U012606,School of Food Science,2024,8.7733
2ae9ee2c8ba669f8,U012607,School of Applied Chemistry,2020,0.3653
693d451deaeaff0f,U012608,School of Electrical Engineering,2021,0.4617
2427356880414c4a,U012609,School of Design & Arts,2022,1.181
cb503bbef73532fb,U012610,School of Civil Engineering,2023,0.2369
5086f6bfbb0e3366,U012611,School of Information Engineering,2022,1.3801
df59d330cdeb6d50,U012612,School of Applied Chemistry,2023,0.6534
6a07a90437ffac76,U012613,School of Foreign Languages,2024,0.8561
ca267d9684e2a207,U012614,School of Food Science,2025,0.3321
a02f4debcc37137f,U012615,School of Electrical Engineering,2022,0.2686
400fd96e93a5b307,U012616,School of Business Administration,2021,0.0811
608a1f233bd546bc,U012617,School of Food Science,2021,2.6059
b3810a145a7e8e73,U012618,School of Electrical Engineering,2021,1.5135
24f71759e6485235,U012619,School of Information Engineering,2022,1.1576
1dba6d6c6887d799,U012620,School of Applied Chemistry,2025,0.8364
0797c7b9f8555ac7,U012621,School of Mechanical Engineering,2022,0.0589
6db37c71179bec6a,U012622,School of Education,2021,0.2786
9602df900e887073,U012623,School of Economics,2023,0.457
dc70ef998ce23b06,U012624,School of Civil Engineering,2025,0.2002
64c7980456ab1679,U012625,School of Applied Chemistry,2021,0.1086
8e8bd746bd8d7eb9,U012626,School of Electrical Engineering,2024,0.2222
189a8f421d6bd453,U012627,School of Civil Engineering,2024,0.6201
a0c8f9345c5ed4d8,U012628,School of Education,2022,0.6203
8d228b98a14c4668,U012629,School of Foreign Languages,2023,1.463
b34c95b101430e78,U012630,School of Design & Arts,2022,4.6468
582aa054c109966f,U012631,School of Education,2021,1.1721
723ddb39a987b926,U012632,School of Information Engineering,2022,0.4953
a428cb78e65cecbe,U012633,School of Food Science,2020,3.5727
46b9e109b74c68d7,U012634,School of Business Administration,2024,0.1214
0b1a25f79a498753,U012635,School of Computer Science,2024,0.0738
fd3a3d47921ba5c5,U012636,School of Design & Arts,2022,0.2432
c8d7ac315060d573,U012637,School of Information Engineering,2023,1.33
9a4f12d0c23ef4f1,U012638,School of Civil Engineering,2021,0.6988
67a4190dea03c8b3,U012639,School of Electrical Engineering,2021,0.191
654046b20be3e944,U012640,School of Mechanical Engineering,2023,0.2853
a0e0c9fc0dd5094a,U012641,School of Business Administration,2021,0.1706
1ccc3a7e2b99db24,U012642,School of Civil Engineering,2024,0.1706
6b96de3a5ebd0be8,U012643,School of Information Engineering,2022,2.7845
37d53425de028301,U012644,School of Education,2024,0.5115
bfad2de1a257efa8,U012645,School of Civil Engineering,2022,3.4645
ac2eae28f55cc0d1,U012646,School of Foreign Languages,2022,0.2424
cf24e3a60195b1d8,U012647,School of Business Administration,2024,0.9648
8098626181f0c0af,U012648,School of Applied Chemistry,2023,0.7409
6fee8b24e34234d5,U012649,School of Information Engineering,2021,1.4229
1d46e7be0fc160f5,U012650,School of Business Administration,2024,0.7615
9dff6713314cf7fd,U012651,School of Foreign Languages,2022,1.581
be86597eaf97ac2f,U012652,School of Electrical Engineering,2021,1.0276
be37002970c8a6c8,U012653,School of Education,2022,0.1982
75cb4fd2c32c1e0e,U012654,School of Education,2023,1.2284
96ceb0994ff3487d,U012655,School of Information Engineering,2023,0.5325
5ffcdacfd24936d7,U012656,School of Design & Arts,2024,0.2715
4a01f63f34dd2e60,U012657,School of Economics,2023,1.1817
48a4d7110f214084,U012658,School of Computer Science,2021,1.4837
cd6f98f13c0b6834,U012659,School of Food Science,2021,0.364
7c1fc0fdf1cbf321,U012660,School of Foreign Languages,2021,0.4158
d9abd971bcbd474b,U012661,School of Computer Science,2024,0.1475
8279559f7481c033,U012662,School of Information Engineering,2021,0.0971
a1741b176513fb16,U012663,School of Civil Engineering,2023,0.4633
95b40a37385b58c5,U012664,School of Electrical Engineering,2023,1.3035
644478a18b339e60,U012665,School of Applied Chemistry,2024,0.3328
95ea3c35b7979c2f,U012666,School of Business Administration,2020,2.4615
12b6064cb16f72b5,U012667,School of Computer Science,2021,0.4809
73d3eb56b09007ed,U012668,School of Food Science,2025,0.4829
56f3e0eff2c5ac4a,U012669,School of Food Science,2023,0.4422
26e29b3cc34d01e1,U012670,School of Foreign Languages,2022,1.5755
8d444c1d44130261,U012671,School of Electrical Engineering,2024,0.2263
8655137a9ab5dfef,U012672,School of Civil Engineering,2025,0.5189
2d0926c81760eb53,U012673,School of Computer Science,2021,0.3415
75b7f182b31e002d,U012674,School of Electrical Engineering,2025,0.3367
6c55cd447207db5f,U012675,School of Applied Chemistry,2021,0.6115
c02af19a62ec9308,U012676,School of Food Science,2025,0.5271
b95cd00b878c52a5,U012677,School of Economics,2021,1.6899
846890e78bc2a2b6,U012678,School of Business Administration,2021,0.584
a7f0198519823b87,U012679,School of Education,2020,1.0284
8b51ce297c0dd72a,U012680,School of Mechanical Engineering,2024,0.7017
8c2c543872424898,U012681,School of Mechanical Engineering,2025,2.4031
e40f799f70ffe576,U012682,School of Food Science,2022,0.4363
f45fadc702d880f3,U012683,School of Computer Science,2022,0.4375
dee13d58bb40986d,U012684,School of Food Science,2022,1.2436
530999f9d13a4967,U012685,School of Mechanical Engineering,2021,0.4304
17989453127f2149,U012686,School of Business Administration,2024,0.9718
40342db5288d5814,U012687,School of Economics,2020,6.116
e12a7d772e890cf1,U012688,School of Business Administration,2025,0.2218
bcb22b55fb16d246,U012689,School of Applied Chemistry,2025,2.731
24796dea575d04fd,U012690,School of Foreign Languages,2021,0.3609
5655370cc76e49e8,U012691,School of Electrical Engineering,2023,2.2494
d4f6db95bd8c99a6,U012692,School of Information Engineering,2025,1.1724
2cb80ddaf7882915,U012693,School of Economics,2024,1.0761
035e026e55969461,U012694,School of Design & Arts,2024,0.5076
66b4cd954833cda5,U012695,School of Food Science,2020,0.4595
fa43ec64581633eb,U012696,School of Foreign Languages,2020,0.2868
2616182ac9f998e2,U012697,School of Foreign Languages,2024,0.5941
637b5f82768f2055,U012698,School of Design & Arts,2022,0.4912
10f2766c2b3591e4,U012699,School of Foreign Languages,2023,0.7146
4c2ef689b376fcc2,U012700,School of Civil Engineering,2024,0.144
3e30fab7b9a1f13b,U012701,School of Education,2022,0.6039
9cd8af9df3150c03,U012702,School of Economics,2021,2.0868
cc0ee136becd86e1,U012703,School of Business Administration,2022,1.5175
c12e2c07e9332737,U012704,School of Education,2025,0.6041
38c749b432c9b2f4,U012705,School of Business Administration,2022,7.6554
aefda1f1ed7e7d53,U012706,School of Foreign Languages,2020,0.3314
164788220a5846d1,U012707,School of Education,2025,0.5414
ee924fc9ee644bed,U012708,School of Civil Engineering,2024,0.1384
43358f788c538afe,U012709,School of Business Administration,2023,0.3943
64e3157ab4ec9108,U012710,School of Education,2024,3.5283
001df3561ad65c0b,U012711,School of Economics,2022,0.4096
9f324208c9563f53,U012712,School of Civil Engineering,2025,0.1281
38dc3b0b2101c70d,U012713,School of Education,2024,1.412
52d613ab57d5c665,U012714,School of Information Engineering,2022,0.8713
558bf9bc52106774,U012715,School of Applied Chemistry,2022,1.3548
92759680a631fe6d,U012716,School of Business Administration,2022,0.4386
46afb6fcdef67a1a,U012717,School of Business Administration,2023,0.2156
25fb118e1a63c31c,U012718,School of Electrical Engineering,2023,0.4913
90ad492e41c38fac,U012719,School of Applied Chemistry,2023,1.0282
b6925606ff03370b,U012720,School of Business Administration,2025,0.5492
c15c0cdd5ed1ffc2,U012721,School of Applied Chemistry,2023,0.8702
33e55655431994f9,U012722,School of Economics,2024,0.3451
b8ab8fdf287142a7,U012723,School of Information Engineering,2023,0.9031
fd1ed82c34dc4f42,U012724,School of Mechanical Engineering,2023,0.5886
7dba3f0fc00e60fb,U012725,School of Foreign Languages,2020,0.2915
317d9fa395ae4d60,U012726,School of Electrical Engineering,2023,0.6791
ac1789789e876ef2,U012727,School of Business Administration,2023,0.401
5c5ee095f024b1eb,U012728,School of Food Science,2021,1.0943
7398e14addb27146,U012729,School of Civil Engineering,2024,1.4136
c78001ae1093ed38,U012730,School of Information Engineering,2022,0.9749
86a36e34bfd8d6d4,U012731,School of Computer Science,2022,0.1151
4fbc3bc5078e8ab9,U012732,School of Applied Chemistry,2024,0.225
7cd999fc93aabef9,U012733,School of Computer Science,2022,0.3124
6bac4a541d968fdc,U012734,School of Education,2023,0.2663
5f752378858b98c6,U012735,School of Design & Arts,2023,0.3431
d98f1f01702cc602,U012736,School of Mechanical Engineering,2020,1.4892
379eb1bba26331b4,U012737,School of Electrical Engineering,2022,1.1873
db773153ead9bc0b,U012738,School of Electrical Engineering,2021,0.3864
19ddebb2a0b2267a,U012739,School of Information Engineering,2021,1.0669
8b656ea74de20bf0,U012740,School of Mechanical Engineering,2023,0.8202
5270d55325c9a2fb,U012741,School of Information Engineering,2020,0.5713
fcba9c06c8d3874b,U012742,School of Foreign Languages,2025,1.8612
cc0bb80aecb2b234,U012743,School of Business Administration,2022,0.3047
15b05aed73b69365,U012744,School of Civil Engineering,2022,0.6224
2819b88ba4558e2d,U012745,School of Information Engineering,2025,0.2064
e1c875dbae035022,U012746,School of Education,2023,0.2165
6a861e9cb6969aa6,U012747,School of Education,2023,0.1514
ffe64eb43978742b,U012748,School of Foreign Languages,2024,0.2203
e87d5d2b197b0081,U012749,School of Computer Science,2025,0.6415
068535bab2fe0b1c,U012750,School of Design & Arts,2021,0.4363
7680a1d10dcf5653,U012751,School of Electrical Engineering,2020,0.4507
798350d61bc07b51,U012752,School of Food Science,2025,0.4377
3fbcd81257642e84,U012753,School of Design & Arts,2020,3.4755
3d04160cfb2f9695,U012754,School of Information Engineering,2024,0.1893
8a1e42f4336851d9,U012755,School of Information Engineering,2023,0.1701
1ddaf0b1c38af985,U012756,School of Economics,2023,0.2535
77f96ad6b8047077,U012757,School of Foreign Languages,2024,0.5494
b9fe9a2040317efd,U012758,School of Foreign Languages,2025,0.9878
4706645f519404ab,U012759,School of Computer Science,2020,1.0959
f4f2307276a167a6,U012760,School of Foreign Languages,2023,1.5184
0510c67e61553e03,U012761,School of Computer Science,2024,0.5298
62874bc8b44166aa,U012762,School of Design & Arts,2022,0.3972
a62cd1679667b2b7,U012763,School of Computer Science,2025,3.0236
31ed25f985b4cee9,U012764,School of Information Engineering,2022,0.0365
6d8d2dd41c0e68cd,U012765,School of Economics,2021,0.6286
54cd99aa9dcb7437,U012766,School of Economics,2024,0.9076
088823dd86fd90d1,U012767,School of Economics,2025,3.8446
227960f1cafe53d9,U012768,School of Design & Arts,2020,0.1122
c1483ec51adb9b7c,U012769,School of Design & Arts,2024,0.3878
9716d04ba11f6d0c,U012770,School of Economics,2021,0.1519
e3f52eba5ab26086,U012771,School of Applied Chemistry,2020,0.0978
12955b5b83a4c0a1,U012772,School of Food Science,2021,0.4812
cb3a4eecd3aaf2a9,U012773,School of Economics,2024,1.3581
fae4d402917df4e2,U012774,School of Applied Chemistry,2021,1.9718
f212b0f66584a7ed,U012775,School of Design & Arts,2021,0.3468
04c2a71bed4d6035,U012776,School of Education,2024,1.1497
f7e92e65e52bbc45,U012777,School of Applied Chemistry,2022,0.4845
1753375e683ba00d,U012778,School of Information Engineering,2021,1.03
911055e097eac79c,U012779,School of Food Science,2021,1.8729
9b200e6a5794c13b,U012780,School of Mechanical Engineering,2024,0.4862
1c361521bc6080e5,U012781,School of Business Administration,2023,1.7332
6cc64ca828d2a4d3,U012782,School of Computer Science,2024,0.1755
ee01123778626993,U012783,School of Mechanical Engineering,2020,1.1383
6a88abbbde1e8f0f,U012784,School of Business Administration,2022,1.6598
9ebb0474d1f9ab1e,U012785,School of Business Administration,2024,1.4966
fa920556fec7008d,U012786,School of Applied Chemistry,2021,0.1805
8fc02aa91664ee98,U012787,School of Food Science,2021,0.4806
7055aa40eca7fede,U012788,School of Computer Science,2022,0.7987
c9fa60442e177596,U012789,School of Electrical Engineering,2022,0.9195
4f7d549ecab2316b,U012790,School of Foreign Languages,2021,0.6629
ea069aa1e2cf3368,U012791,School of Foreign Languages,2025,2.465
c4286b97f939928e,U012792,School of Education,2023,0.1616
e4accceb486ccdda,U012793,School of Applied Chemistry,2023,0.4643
68ebdd951696501f,U012794,School of Economics,2021,0.1092
3ed7cbccfebd0af5,U012795,School of Food Science,2023,1.0988
c554d4d1bb2503ee,U012796,School of Civil Engineering,2023,1.028
987870a9d3158519,U012797,School of Food Science,2025,16.8037
6d057c7786994b53,U012798,School of Education,2022,1.6477
53da4ac96d89a00d,U012799,School of Information Engineering,2024,0.8223
0b3114b39da3a704,U012800,School of Economics,2022,0.7618
427074a1226e7b53,U012801,School of Design & Arts,2023,0.4302
deb4f7e377a78c0f,U012802,School of Economics,2025,0.6727
4e75c2cb8358215f,U012803,School of Applied Chemistry,2023,0.7782
b692b0224d76c1d9,U012804,School of Business Administration,2024,0.0828
e385f19e0929872f,U012805,School of Civil Engineering,2025,0.7189
e3814eb3a8225416,U012806,School of Foreign Languages,2025,0.6531
b018b454314d34b1,U012807,School of Food Science,2021,3.411
35b2b4075eb90810,U012808,School of Mechanical Engineering,2021,0.5175
70f12180192ad4ec,U012809,School of Business Administration,2023,0.2746
91b27c66e251ba57,U012810,School of Business Administration,2025,0.7722
eb14a4eabe51866e,U012811,School of Design & Arts,2023,0.6359
5ddf250c2f4c6549,U012812,School of Mechanical Engineering,2022,0.5181
96c43db5133ec4c1,U012813,School of Education,2023,0.1643
62b6a591016d70b2,U012814,School of Foreign Languages,2020,0.5051
8985b4ba1e13ea71,U012815,School of Food Science,2021,0.3308
55fc68c1fb292892,U012816,School of Mechanical Engineering,2021,0.4755
98fa58e3cfbf8305,U012817,School of Computer Science,2020,1.2277
c4a676ea934fc2aa,U012818,School of Civil Engineering,2024,0.3007
c5377d7437d4a561,U012819,School of Economics,2022,0.4732
b07ddaf564dfe111,U012820,School of Design & Arts,2021,1.0143
f9b33e0d46b9f175,U012821,School of Civil Engineering,2023,0.4509
141c8f45a8fbfef8,U012822,School of Computer Science,2022,8.0219
9894149d023558d0,U012823,School of Computer Science,2022,0.7572
afcdb939f4a61521,U012824,School of Electrical Engineering,2022,0.1705
c6866c2a97955f30,U012825,School of Foreign Languages,2020,0.255
90565d3a6ee8e4e5,U012826,School of Food Science,2024,0.2306
735fbf05e7493b76,U012827,School of Civil Engineering,2021,0.2587
a7d5ccda58fefd05,U012828,School of Food Science,2021,1.01
4320ad96dd4eeb12,U012829,School of Computer Science,2021,0.1952
34471fe8d17ee69e,U012830,School of Food Science,2022,0.4239
78acfaab3ebfc9b7,U012831,School of Mechanical Engineering,2021,1.851
b757444b802ce9fe,U012832,School of Foreign Languages,2022,0.3511
8ca6dd29be6b4a0f,U012833,School of Education,2021,1.1554
ee41511c6c79f9e8,U012834,School of Computer Science,2020,0.1097
266c250f7c20fdef,U012835,School of Foreign Languages,2025,0.4075
c608484a921e5a5d,U012836,School of Mechanical Engineering,2022,0.2434
ab4e8b1279e06072,U012837,School of Food Science,2020,0.7967
160771fd3cce442f,U012838,School of Civil Engineering,2023,0.2098
7a7b7a620905d2cf,U012839,School of Civil Engineering,2021,4.677
2a29b3a2bd4e75f3,U012840,School of Education,2024,0.1146
dbe693449806605c,U012841,School of Education,2020,1.8382
2d4543439d153db0,U012842,School of Business Administration,2022,1.4209
fd5d460f60a3a9be,U012843,School of Education,2025,0.8048
36aee0dfc520d329,U012844,School of Business Administration,2021,0.6234
2cf5570ead1e9735,U012845,School of Economics,2021,3.7733
ace52c7882bc866d,U012846,School of Economics,2023,6.9864
b1fe7e399e7718c8,U012847,School of Applied Chemistry,2025,0.4799
262cc85ca47bd57b,U012848,School of Design & Arts,2022,0.6913
9f55138470875dff,U012849,School of Electrical Engineering,2023,0.3398
9bce6c8db96ca6e1,U012850,School of Electrical Engineering,2021,0.1834
0c02c8b6735208c5,U012851,School of Applied Chemistry,2023,0.9381
138dfe8e104a08b0,U012852,School of Food Science,2021,0.7578
80d9e4878a3212ff,U012853,School of Civil Engineering,2023,0.118
e32b899f3a51fe7e,U012854,School of Applied Chemistry,2020,0.9315
31d733059881f253,U012855,School of Foreign Languages,2023,0.7836
c868d38135a15576,U012856,School of Education,2021,0.3236
2d271757275ff8ec,U012857,School of Food Science,2024,0.3031
0d84068e65bc959b,U012858,School of Electrical Engineering,2024,0.9019
ecec719bc70ff80b,U012859,School of Food Science,2024,2.9502
06a32fa15b77ddcc,U012860,School of Civil Engineering,2025,0.8793
0fb3a05ea3ce44ed,U012861,School of Information Engineering,2022,1.2885
e39048bd6c187b2a,U012862,School of Mechanical Engineering,2024,0.2569
99619ab76ff8445c,U012863,School of Business Administration,2020,0.3901
d6fb9fec66c51f29,U012864,School of Electrical Engineering,2025,1.0844
73448cbda133d876,U012865,School of Electrical Engineering,2023,0.1518
46fd73fc7a1259b9,U012866,School of Business Administration,2022,0.7263
e0a523b9f05d4179,U012867,School of Business Administration,2022,0.967
dcf4c5449a802a09,U012868,School of Mechanical Engineering,2024,0.5681
b3fbbf58e7cacb59,U012869,School of Food Science,2024,0.8125
f16cc9f1f4fb25a0,U012870,School of Computer Science,2024,0.6255
59f3e92a411e01a1,U012871,School of Design & Arts,2023,0.3169
10e97d49d8f747fe,U012872,School of Civil Engineering,2022,0.1818
f95668b896d212fb,U012873,School of Electrical Engineering,2025,0.5394
da924c5766644b46,U012874,School of Business Administration,2023,2.176
ee552f4b9de35ec3,U012875,School of Mechanical Engineering,2023,1.6444
62fe29f762b83bb5,U012876,School of Information Engineering,2023,0.418
d7ba15853dc6a276,U012877,School of Foreign Languages,2023,0.4094
17b0a7a3c9fbbe48,U012878,School of Civil Engineering,2024,0.3803
3f11042187e9a255,U012879,School of Education,2023,0.3804
5d5558e6d24b2583,U012880,School of Information Engineering,2025,0.7872
54605abb3a81479e,U012881,School of Education,2024,1.6997
f542419740c3d3ea,U012882,School of Information Engineering,2022,5.6735
b558ecd77b255ad5,U012883,School of Foreign Languages,2021,0.2575
619e9f2ad9f4bad5,U012884,School of Education,2023,1.1322
dc9b448a96046222,U012885,School of Information Engineering,2023,1.0154
a9b8ce65a16e19fe,U012886,School of Civil Engineering,2023,0.4245
69a0dbe9af51552d,U012887,School of Education,2025,0.2116
005bc33704522c3e,U012888,School of Economics,2020,0.7775
8eb1c350b14d93a3,U012889,School of Business Administration,2022,4.9179
a3978fe4a04293ab,U012890,School of Business Administration,2025,0.7726
5fb86aca37ed296e,U012891,School of Electrical Engineering,2025,0.2687
0b0d136ff14bf151,U012892,School of Civil Engineering,2022,0.5045
bb70b18896814fed,U012893,School of Computer Science,2021,0.1888
7bac28e7ac9fcb6d,U012894,School of Information Engineering,2022,0.6014
d57fbcbc15f864e0,U012895,School of Civil Engineering,2022,1.1693
226ea6adb2207e3a,U012896,School of Electrical Engineering,2023,0.2953
8f3a5dc72ef6902b,U012897,School of Computer Science,2022,0.0228
1185a7e4fd3ad22c,U012898,School of Economics,2022,0.7787
d8ed76ba7c2ffc83,U012899,School of Computer Science,2023,0.3575
6519e8fced0a3c0c,U012900,School of Food Science,2023,0.2787
0983d7f7f1b69eaf,U012901,School of Mechanical Engineering,2023,0.2763
b237be4ac1a561b0,U012902,School of Applied Chemistry,2022,0.881
f971bcd3cc21980b,U012903,School of Education,2022,0.3926
9f1d6dec9490b074,U012904,School of Computer Science,2022,1.497
6996dc5adc2fad3c,U012905,School of Design & Arts,2025,1.5303
4ead06bfd9794bbd,U012906,School of Foreign Languages,2022,0.4504
e3a3f265788d2287,U012907,School of Electrical Engineering,2023,0.3507
917c88cd1f16eff1,U012908,School of Design & Arts,2023,0.6708
136e03de586a00ec,U012909,School of Design & Arts,2025,0.5105
5ebad4581b4e71de,U012910,School of Civil Engineering,2022,0.1023
00808d619d8e9028,U012911,School of Electrical Engineering,2022,4.0032
7faf069565456e46,U012912,School of Civil Engineering,2024,1.206
9157602bed0e298b,U012913,School of Information Engineering,2021,0.3714
035e708ae77bb518,U012914,School of Civil Engineering,2023,0.0869
a0cfab25d94dbd9e,U012915,School of Computer Science,2022,0.4929
4fc74324164d5f53,U012916,School of Electrical Engineering,2025,0.3279
3e078df47df21d64,U012917,School of Business Administration,2024,0.5557
feed30c27202a385,U012918,School of Applied Chemistry,2020,0.0678
503fd1485006fef4,U012919,School of Mechanical Engineering,2024,0.3682
2cd8a3f62680853e,U012920,School of Mechanical Engineering,2024,0.3913
d7e77b9cf8b7c842,U012921,School of Business Administration,2023,0.4871
5bfc1ce9cea19275,U012922,School of Applied Chemistry,2021,0.4662
d3df7bf0d710691b,U012923,School of Computer Science,2021,0.622
8f919093aa49c32b,U012924,School of Civil Engineering,2023,2.7025
5ee736171e71f050,U012925,School of Information Engineering,2022,0.3527
fb07103dfad85043,U012926,School of Civil Engineering,2025,0.2374
7b5d7c51aa630646,U012927,School of Civil Engineering,2021,0.1049
adde897176340ccb,U012928,School of Computer Science,2023,0.3541
3b543a115d1a80e6,U012929,School of Mechanical Engineering,2021,0.1454
50fa7256f03c5e3a,U012930,School of Design & Arts,2023,1.542
ed33df9f2697bc1e,U012931,School of Business Administration,2020,0.5363
19d65fea2f412bc9,U012932,School of Civil Engineering,2022,1.5105
eef4e84273298e90,U012933,School of Foreign Languages,2021,2.5566
a4bb1551c2bbbb90,U012934,School of Information Engineering,2023,0.2486
d448254f9e316822,U012935,School of Foreign Languages,2022,0.4171
df243f942fe613be,U012936,School of Electrical Engineering,2024,2.236
e70cf865f3e08356,U012937,School of Applied Chemistry,2021,0.7133
38b3e08bff0623ea,U012938,School of Mechanical Engineering,2023,0.9945
64ff5100b3ce1f72,U012939,School of Civil Engineering,2023,1.6586
bcacbfcc3b0e6f85,U012940,School of Electrical Engineering,2020,1.447
21d02d41eef275ba,U012941,School of Business Administration,2020,0.8899
7c9c29712bc6cc9a,U012942,School of Applied Chemistry,2022,2.3854
1466f2eb6b08c614,U012943,School of Design & Arts,2023,0.5514
bfd12630022bc7ec,U012944,School of Electrical Engineering,2025,0.9924
b4373cd56cb6d491,U012945,School of Design & Arts,2020,0.4947
4358334a993ca308,U012946,School of Electrical Engineering,2024,1.6381
855589ec671a347d,U012947,School of Economics,2024,0.2929
ef5227c45d8dae34,U012948,School of Computer Science,2023,0.1097
6b1787b74379b3a7,U012949,School of Economics,2023,1.1365
aadae1a2406ac18e,U012950,School of Electrical Engineering,2025,0.2129
2976ba128fc7ccbf,U012951,School of Applied Chemistry,2023,0.1928
5ef7a1892d269feb,U012952,School of Mechanical Engineering,2024,2.0916
097fb7295a716c25,U012953,School of Mechanical Engineering,2021,1.5516
3bd49d67e7e9f397,U012954,School of Education,2024,0.4192
84b584eb9faf09d9,U012955,School of Mechanical Engineering,2025,0.0281
70aba7a4cc7600f0,U012956,School of Applied Chemistry,2025,1.0063
ded5d8c966f2cc37,U012957,School of Civil Engineering,2022,1.1451
7b9d267a1e38d489,U012958,School of Design & Arts,2024,0.9899
1e154ea5e8567f94,U012959,School of Mechanical Engineering,2020,0.9454
3a5d87337e6b2245,U012960,School of Business Administration,2024,0.4924
eb77ad32f70cf969,U012961,School of Electrical Engineering,2022,0.3916
f1c231e4f74c971f,U012962,School of Education,2023,0.1953
c6e29f48baa7e38d,U012963,School of Electrical Engineering,2022,0.2939
65f27d3bd043495c,U012964,School of Applied Chemistry,2020,0.8142
5c5962e8e4a4ff23,U012965,School of Applied Chemistry,2021,0.8277
39a0ab8affbc078b,U012966,School of Electrical Engineering,2020,1.3006
d438d7634f97783e,U012967,School of Economics,2022,0.1447
33aac5a620978431,U012968,School of Foreign Languages,2024,0.1123
c6e8549a947e4fb0,U012969,School of Civil Engineering,2024,0.4039
74905f9b6d83887e,U012970,School of Computer Science,2024,0.2129
de6d7b46db97b540,U012971,School of Computer Science,2024,0.711
c263e039f30fd2f9,U012972,School of Education,2022,0.1593
902ec4e7029c6301,U012973,School of Information Engineering,2023,1.9217
7b7a39262a9a8577,U012974,School of Business Administration,2023,0.2595
159ad18fee57e686,U012975,School of Computer Science,2021,2.9028
b8f223f69f3f273f,U012976,School of Economics,2023,0.9973
d57f3e3b98d0df72,U012977,School of Foreign Languages,2024,0.2055
2734240d75287765,U012978,School of Education,2023,4.7958
a00d0fc25dcfb549,U012979,School of Foreign Languages,2024,0.7699
d26c504dd44cdda5,U012980,School of Civil Engineering,2021,0.6971
5ccac727da91686e,U012981,School of Mechanical Engineering,2024,0.5531
d76243440e6f56df,U012982,School of Food Science,2021,0.9413
d654eb125cf884ae,U012983,School of Foreign Languages,2025,0.9984
f0fecba282e03d03,U012984,School of Mechanical Engineering,2021,0.2486
2458f8b89f104f89,U012985,School of Education,2023,0.4768
6d368035bfce13df,U012986,School of Design & Arts,2023,0.6628
3346bd4ed6766d58,U012987,School of Design & Arts,2021,1.0573
eae89bcaeca3d588,U012988,School of Electrical Engineering,2022,1.0754
06d4c8e499a19fe1,U012989,School of Computer Science,2021,0.696
6d2c2cf5f26fa711,U012990,School of Electrical Engineering,2023,0.3405
e0ff680d33ad1af9,U012991,School of Mechanical Engineering,2025,0.3235
a848ba94b2e4978c,U012992,School of Civil Engineering,2022,0.1793
ecb97da79af9a080,U012993,School of Mechanical Engineering,2023,1.0678
74417c034a53d653,U012994,School of Design & Arts,2025,0.3189
59a2db85bc11e71e,U012995,School of Business Administration,2022,0.4874
9da528c8cf3ad534,U012996,School of Design & Arts,2024,0.7488
4f5bfd7ca6157937,U012997,School of Electrical Engineering,2022,0.5927
008a38fdcae98c37,U012998,School of Computer Science,2022,0.5871
183500a14b52d9de,U012999,School of Information Engineering,2021,0.2388
95faeb13400fbded,U013000,School of Electrical Engineering,2021,0.7725
3f4a822a9d660d08,U013001,School of Mechanical Engineering,2023,0.4318
ca17a36246838756,U013002,School of Business Administration,2024,0.5415
252f6e3525d733ae,U013003,School of Civil Engineering,2021,1.8794
38511d32a0b78632,U013004,School of Design & Arts,2025,0.9785
de7f53f3490a8d49,U013005,School of Civil Engineering,2022,0.3336
9cb5e8cd74a68ead,U013006,School of Information Engineering,2022,0.5087
9af5d16127f7b9c9,U013007,School of Foreign Languages,2025,2.9225
4c648c79daba11e7,U013008,School of Civil Engineering,2025,0.4341
108b7240569fddc6,U013009,School of Design & Arts,2023,0.6144
cf22d5edd3196666,U013010,School of Education,2022,1.147
b10e5c72f797e2bc,U013011,School of Mechanical Engineering,2021,0.7321
85a7dc5525872b1c,U013012,School of Education,2022,0.4066
38a47d94cee144aa,U013013,School of Education,2024,0.2807
7b8fb749ff0175ed,U013014,School of Applied Chemistry,2022,0.5844
8fe7dd13cc87b0cb,U013015,School of Mechanical Engineering,2024,1.14
5e5c00a07454a441,U013016,School of Business Administration,2021,2.212
527316ab9e00b61a,U013017,School of Business Administration,2023,0.1364
c08674094a7d3b9a,U013018,School of Design & Arts,2022,3.4411
1e0ab268f4b11084,U013019,School of Foreign Languages,2023,0.4425
a7dcb5a0511f2620,U013020,School of Civil Engineering,2023,1.4886
4794ea8f690c9f26,U013021,School of Electrical Engineering,2025,0.2824
f05ee4b7f0606762,U013022,School of Mechanical Engineering,2025,0.1179
3e7f171f9114b166,U013023,School of Education,2024,0.1588
cafd79dd6be09fe4,U013024,School of Education,2021,0.424
8a092f28ad72ee68,U013025,School of Mechanical Engineering,2025,0.9971
35afcc1606758119,U013026,School of Computer Science,2025,0.6091
6586129724cb8286,U013027,School of Education,2025,0.4597
147f48ab734a12e5,U013028,School of Electrical Engineering,2023,1.8058
77bcd41073213d9f,U013029,School of Design & Arts,2021,0.5915
15b147d7936e3839,U013030,School of Applied Chemistry,2024,0.781
8d6726403207035c,U013031,School of Design & Arts,2022,13.2503
f22964918306f803,U013032,School of Food Science,2022,0.5856
04c3adf4a9be4f97,U013033,School of Electrical Engineering,2022,0.2944
d810f738119cba1a,U013034,School of Economics,2023,0.955
f379bdad41275b6a,U013035,School of Civil Engineering,2022,1.2301
8d142e93652607fa,U013036,School of Business Administration,2024,0.7977
8edf8e392d0a713b,U013037,School of Mechanical Engineering,2023,0.6907
97e9c99f15c127ca,U013038,School of Foreign Languages,2023,2.5993
825e3807df641b0e,U013039,School of Design & Arts,2020,2.2939
3fee8d1adff1387a,U013040,School of Food Science,2025,0.5251
c28af7eab3294fb0,U013041,School of Business Administration,2022,0.3102
0ba1037b0df1a566,U013042,School of Foreign Languages,2022,0.9068
e275ca404f8dc23c,U013043,School of Mechanical Engineering,2022,0.3084
46d007263e45b988,U013044,School of Information Engineering,2022,1.4307
968cda0bb2f4b3af,U013045,School of Design & Arts,2024,0.9022
63e2db37014ebac1,U013046,School of Applied Chemistry,2020,8.5252
a54861cb81710329,U013047,School of Design & Arts,2025,2.5761
e03d477b6965473f,U013048,School of Food Science,2021,0.2007
635cb013b5c8d241,U013049,School of Food Science,2025,0.3514
adf862970837b356,U013050,School of Business Administration,2023,0.0871
d296e07fd8fede6e,U013051,School of Business Administration,2020,0.0696
1c076ffa9ddf19e9,U013052,School of Applied Chemistry,2023,0.6615
c195265fa3effaf1,U013053,School of Education,2022,0.1792
911973bac3e2e603,U013054,School of Foreign Languages,2025,3.0471
244af01ed3d611da,U013055,School of Information Engineering,2024,1.8793
ec7bee670a1f5f97,U013056,School of Design & Arts,2023,0.45
9136349361d95919,U013057,School of Electrical Engineering,2022,0.4251
7d0cb4fd20c5171b,U013058,School of Information Engineering,2025,2.6074
6ee3181932b8d074,U013059,School of Foreign Languages,2023,3.2792
7aa25515ce92fd14,U013060,School of Computer Science,2023,0.2323
6f6d9bf511d1aa3d,U013061,School of Economics,2022,0.2043
da99405be300e134,U013062,School of Applied Chemistry,2022,0.4369
b8c7773c0b163e42,U013063,School of Civil Engineering,2024,0.9086
73d118a9c04e9db6,U013064,School of Business Administration,2023,0.3532
d9f5f0cc3c52329f,U013065,School of Computer Science,2024,0.9279
f8b8d92d6cd38948,U013066,School of Electrical Engineering,2023,4.1508
3c416ede83480fb2,U013067,School of Foreign Languages,2023,0.1447
22a9ab29a623fda6,U013068,School of Electrical Engineering,2023,0.3781
bb10e00a770a07c4,U013069,School of Mechanical Engineering,2024,0.1475
a57c3ddd2df737af,U013070,School of Mechanical Engineering,2022,0.2557
6594bd7e784c248d,U013071,School of Computer Science,2024,0.4397
af658cb1ef5190aa,U013072,School of Applied Chemistry,2022,0.2853
97443d9ad3c2dd97,U013073,School of Computer Science,2024,0.993
f746483407d72db1,U013074,School of Education,2025,0.6866
99d66c10288fe55f,U013075,School of Business Administration,2024,0.7961
51bcdd8883e018ef,U013076,School of Electrical Engineering,2022,0.4344
b799fd015b9f1845,U013077,School of Electrical Engineering,2024,0.4763
aa4b0683ae5824f6,U013078,School of Computer Science,2021,0.4157
c64515c796ad689c,U013079,School of Food Science,2020,0.4604
51d14d650b3d1e84,U013080,School of Computer Science,2024,0.8976
905ce81f2f4f1623,U013081,School of Mechanical Engineering,2024,0.0863
e07ddd7177d4e805,U013082,School of Applied Chemistry,2020,0.7874
2ed5987843825562,U013083,School of Design & Arts,2025,0.2477
465763116e9f80b9,U013084,School of Civil Engineering,2022,0.4207
da4a5f59865dab9c,U013085,School of Civil Engineering,2025,0.1239
d72f36860481754c,U013086,School of Food Science,2024,0.4124
e4224dddb93264e6,U013087,School of Electrical Engineering,2025,0.7795
05bf1ee746f4b718,U013088,School of Design & Arts,2024,0.9325
883f7f83532cff75,U013089,School of Food Science,2025,0.1803
d1603a2341dd1b74,U013090,School of Electrical Engineering,2023,0.8885
6b7f0bfe7c0f28ca,U013091,School of Applied Chemistry,2021,1.8455
9031b73f97110e25,U013092,School of Electrical Engineering,2022,0.3603
710960373302ec05,U013093,School of Design & Arts,2024,0.5909
a291fdc81bbc832f,U013094,School of Applied Chemistry,2021,0.0746
163da715918ca511,U013095,School of Food Science,2025,0.2407
d1bf15c873868a2e,U013096,School of Computer Science,2021,0.7738
bf8e69e687939d9c,U013097,School of Information Engineering,2025,1.5349
ad49354c24c50f20,U013098,School of Civil Engineering,2023,0.3242
932df68c84769ef1,U013099,School of Design & Arts,2024,8.5197
190c4ddebf9191a5,U013100,School of Computer Science,2025,0.8081
7a755bba5b0f8c3e,U013101,School of Education,2022,0.1652
13e70678346595af,U013102,School of Applied Chemistry,2024,2.1387
e92699c1aecca74c,U013103,School of Economics,2021,0.1686
ec05be2e6a6ac614,U013104,School of Applied Chemistry,2024,0.8199
30cefa15b23811d7,U013105,School of Electrical Engineering,2024,0.2331
1e84c93593921561,U013106,School of Food Science,2022,0.1519
28391a2ef0df1c8e,U013107,School of Information Engineering,2020,1.5452
994307fde1e81448,U013108,School of Computer Science,2022,0.4553
b71aa4fe29028ce1,U013109,School of Economics,2021,3.3157
764a610234fa0ad2,U013110,School of Food Science,2024,0.2133
1e296a4d8cd3241a,U013111,School of Computer Science,2021,0.1241
70c4e21bcd93b4ae,U013112,School of Applied Chemistry,2025,0.3654
a69d017e77f3f57d,U013113,School of Civil Engineering,2025,10.6281
d24fd18dc5781742,U013114,School of Foreign Languages,2025,1.3592
540855e056ce7336,U013115,School of Civil Engineering,2023,1.0273
5bffc1e96225c1ce,U013116,School of Design & Arts,2021,1.0618
af2fd6826446f5fe,U013117,School of Foreign Languages,2024,0.3635
e5e11155c3e6a3cb,U013118,School of Economics,2024,9.0462
acbfc7ec85b2a9f1,U013119,School of Information Engineering,2025,0.9334
406d8a287345ff8b,U013120,School of Design & Arts,2022,0.8499
abff392eaa518652,U013121,School of Business Administration,2020,1.5807
ad74fb09d7546cd0,U013122,School of Mechanical Engineering,2025,0.1653
eb66b11916a7b792,U013123,School of Foreign Languages,2024,0.245
1fdaa7c92d541593,U013124,School of Electrical Engineering,2021,0.4618
52363bae537b78a1,U013125,School of Foreign Languages,2024,1.5909
a62f0bb2a4eb0e2d,U013126,School of Education,2020,0.1612
1be8b5aa228c90ba,U013127,School of Information Engineering,2023,0.5519
3b1a885b0f0294ce,U013128,School of Civil Engineering,2022,0.4791
65b61dcbe3518302,U013129,School of Information Engineering,2022,0.1223
50e88c5333179522,U013130,School of Economics,2021,0.3549
ab32d8c94ad59d17,U013131,School of Education,2022,1.0154
0c2a436960f6c5a6,U013132,School of Food Science,2022,0.134
c65e563e9508a305,U013133,School of Education,2021,2.4214
fdf695ecd8288fff,U013134,School of Computer Science,2022,0.9427
f081ae7b31ef80e8,U013135,School of Computer Science,2023,0.8344
e86232fe862691e3,U013136,School of Food Science,2024,0.5952
ce344c3079c56b66,U013137,School of Design & Arts,2024,0.198
2a89f95c99ee69b0,U013138,School of Electrical Engineering,2021,0.3083
a8b5c330612845f9,U013139,School of Business Administration,2020,0.8478
18ff9575f5593a76,U013140,School of Mechanical Engineering,2024,0.3077
a67f5a342e5d4888,U013141,School of Mechanical Engineering,2025,0.713
567b2cace131a622,U013142,School of Foreign Languages,2025,0.2403
8715dfa77ca4cb16,U013143,School of Computer Science,2025,0.9272
cfc51ae58281948f,U013144,School of Economics,2023,0.9991
7c1543890ed1cfa7,U013145,School of Food Science,2025,0.1159
01c603298e24ced0,U013146,School of Civil Engineering,2022,0.6315
60b5f9eadfa08139,U013147,School of Computer Science,2024,0.1289
cd9c75f4a620654a,U013148,School of Business Administration,2025,0.0918
4f7a148fbf5265eb,U013149,School of Computer Science,2024,0.326
55804ef05faafe99,U013150,School of Design & Arts,2022,9.6786
14c667ee6f26fb99,U013151,School of Economics,2022,1.282
1fa9885b003f6f2f,U013152,School of Foreign Languages,2022,2.3752
9e0d7951b4f45c48,U013153,School of Education,2022,1.0848
56b79b170e6653bc,U013154,School of Design & Arts,2024,0.725
bc20bb4028bdfd2c,U013155,School of Applied Chemistry,2024,1.4454
f19381781d6bd74e,U013156,School of Electrical Engineering,2021,0.3114
9a716d273c9f0ca5,U013157,School of Electrical Engineering,2024,0.9451
238db8d8c0092255,U013158,School of Electrical Engineering,2022,1.9157
4f0ea3cf2db9ed26,U013159,School of Food Science,2023,1.1882
3bd96945a7817c2e,U013160,School of Applied Chemistry,2022,2.0458
22e53b7332d10f6f,U013161,School of Business Administration,2023,0.7086
91175dfebf33e1c5,U013162,School of Business Administration,2024,3.2062
d9b98cdba9aa32e1,U013163,School of Mechanical Engineering,2024,0.4794
2f887bbcf854318a,U013164,School of Food Science,2024,4.9071
c10dde15dcd71a1e,U013165,School of Business Administration,2022,1.0477
59b2a3ebabd1678b,U013166,School of Information Engineering,2024,0.4021
43e026984bf04f08,U013167,School of Computer Science,2021,0.1816
a42aa185c62e45db,U013168,School of Civil Engineering,2023,0.2632
d9d1f2ba0f6f5eb0,U013169,School of Education,2023,0.2262
52232cfa72f1579a,U013170,School of Food Science,2024,0.5402
f524a14355a557e4,U013171,School of Business Administration,2025,0.1651
74673b5ee2a4bcc5,U013172,School of Applied Chemistry,2022,2.1506
fa6b1fc5f03c6213,U013173,School of Economics,2024,0.6595
5f50693291c65e25,U013174,School of Economics,2022,0.6333
993c0deacb1da9d0,U013175,School of Civil Engineering,2023,0.1841
3ae54ebf5879ac5d,U013176,School of Business Administration,2024,0.2736
ca8ea6d9d599f01f,U013177,School of Economics,2024,0.0641
e62464cd0fd7c4bf,U013178,School of Civil Engineering,2025,2.9767
e1c87e2df1253dc3,U013179,School of Business Administration,2024,0.143
c68a99a2afe063b7,U013180,School of Foreign Languages,2022,0.1543
e3badf3a57c0a7f9,U013181,School of Food Science,2025,2.4258
e9611bbfa2203361,U013182,School of Food Science,2025,0.8698
13099b5006f03514,U013183,School of Education,2022,0.6661
2a6b5c2ae9de49d4,U013184,School of Design & Arts,2020,0.8297
57e36204b7d96481,U013185,School of Economics,2022,1.5325
835cb6c287e76259,U013186,School of Business Administration,2024,0.6524
d8bd7fd530155233,U013187,School of Computer Science,2025,0.1261
da416c30b9a07c66,U013188,School of Information Engineering,2024,1.229
58d79397f46d6568,U013189,School of Mechanical Engineering,2022,0.9006
1103ad158ca9a80a,U013190,School of Food Science,2020,1.9051
e210d5650d025d3b,U013191,School of Civil Engineering,2023,0.1693
241d6bad3e4d8f07,U013192,School of Applied Chemistry,2022,0.2847
add7a005df35fc65,U013193,School of Information Engineering,2021,0.8738
c311f27314ecb293,U013194,School of Business Administration,2021,0.2296
c2ef68e0aff4f462,U013195,School of Mechanical Engineering,2021,0.0561
dcb42ddd09351a7a,U013196,School of Civil Engineering,2021,0.7192
979a92ced423fcb1,U013197,School of Applied Chemistry,2024,1.4448
df6db1e1f4bb985d,U013198,School of Information Engineering,2022,0.519
4ea8a8c7a248352c,U013199,School of Foreign Languages,2022,1.0214
4ef2948d1cb802bf,U013200,School of Information Engineering,2023,0.8837
b1365f1613ba8c5c,U013201,School of Food Science,2025,0.5966
f75c935bde5a6844,U013202,School of Education,2024,0.6764
7931c3bfe0ab76d2,U013203,School of Design & Arts,2023,2.2753
86357d56c594ab95,U013204,School of Applied Chemistry,2024,0.2251
3036f2571344a433,U013205,School of Foreign Languages,2024,1.279
3a6bb6ac90d5b321,U013206,School of Business Administration,2024,0.1812
d3fdf45317ece33a,U013207,School of Education,2023,0.2667
2d3e22a2e19322b4,U013208,School of Food Science,2023,1.9521
31647eb0fa119d1d,U013209,School of Foreign Languages,2022,0.1761
2c1b9c43d5ce992d,U013210,School of Education,2022,0.4637
fd88e4e56a7ef405,U013211,School of Computer Science,2022,6.261
0996252e536bc51a,U013212,School of Food Science,2022,1.6463
63843457ebc7d1d3,U013213,School of Mechanical Engineering,2022,0.2825
983295e4b487f3c7,U013214,School of Foreign Languages,2023,0.3353
286c6dd0cfbf6dce,U013215,School of Computer Science,2023,0.498
176a897cdb900da2,U013216,School of Education,2021,2.1923
a47b602365ee6cd1,U013217,School of Applied Chemistry,2022,0.2168
6bef2e240e5aec92,U013218,School of Business Administration,2022,0.2041
b7a7f4ed9b725c7c,U013219,School of Computer Science,2024,1.2048
be8045bd9cf371fc,U013220,School of Food Science,2022,0.1099
899901d8bf582532,U013221,School of Economics,2020,0.2374
559dc7f26d39ca25,U013222,School of Electrical Engineering,2020,0.5422
323857c759dd8620,U013223,School of Computer Science,2023,0.5707
ef96db5987b5aee7,U013224,School of Mechanical Engineering,2021,0.1508
76e4ddcdd06cbd6d,U013225,School of Information Engineering,2023,0.8409
c83f4ce0fbe8705f,U013226,School of Mechanical Engineering,2023,1.0271
8e407ad1dbafc53a,U013227,School of Computer Science,2025,0.3044
cf8b699c3f43f8f1,U013228,School of Business Administration,2023,3.1073
6885bb9f6f2fa25b,U013229,School of Mechanical Engineering,2020,0.8291
b6a26ec31664348b,U013230,School of Economics,2022,0.2161
2def27bf62a4614d,U013231,School of Food Science,2024,2.9855
cde4b63d6e46f7e4,U013232,School of Food Science,2021,0.3498
59c5c83ed92cc0ef,U013233,School of Food Science,2025,0.706
da9c2b856d114168,U013234,School of Information Engineering,2023,0.3628
6cf3c5fc63cc6557,U013235,School of Information Engineering,2020,1.102
e8af7b59bfb63505,U013236,School of Food Science,2021,0.3648
d2115f38dc740b59,U013237,School of Mechanical Engineering,2025,0.3876
48f66bc064196d22,U013238,School of Economics,2025,0.5031
ba78ffa8ddeb571c,U013239,School of Information Engineering,2025,0.3574
30659e07e767495d,U013240,School of Mechanical Engineering,2022,1.7243
ef902e719fe57480,U013241,School of Economics,2024,0.1678
ea6a31e40de7a2a4,U013242,School of Foreign Languages,2021,0.5688
b18af0f77df88a06,U013243,School of Information Engineering,2022,0.6456
e7f5d16e4515a51f,U013244,School of Mechanical Engineering,2024,0.5212
78b200973fea3740,U013245,School of Food Science,2025,1.5547
7d39d71473c489d8,U013246,School of Computer Science,2022,0.1312
824522c3ae760a29,U013247,School of Education,2023,1.0418
d054340e88c32228,U013248,School of Applied Chemistry,2021,0.17
dc0ba970300bb27b,U013249,School of Education,2022,0.3549
e6db26a5bc09d9f5,U013250,School of Food Science,2020,0.1534
2319cc5cececab5a,U013251,School of Design & Arts,2024,0.4235
29e2792fade347d4,U013252,School of Information Engineering,2020,0.3311
3b848d3a61f4309a,U013253,School of Food Science,2024,3.0382
c431c03ded5bc3f5,U013254,School of Electrical Engineering,2022,0.7515
48588d70cbaf0811,U013255,School of Computer Science,2023,0.9165
4676790aa371cbf5,U013256,School of Applied Chemistry,2022,0.195
30b6638f29ce2898,U013257,School of Electrical Engineering,2022,1.2375
1e615f75465ba81c,U013258,School of Foreign Languages,2023,3.0381
18184708d8a74f35,U013259,School of Computer Science,2023,1.409
afaea8a9902f4a31,U013260,School of Food Science,2025,0.159
5344c43de167d3a6,U013261,School of Information Engineering,2022,0.3712
b02119c3c0b8deda,U013262,School of Civil Engineering,2023,0.658
98aaa3df4bfb15d2,U013263,School of Education,2025,0.3315
53ec57cee7422878,U013264,School of Food Science,2022,7.4334
4dcabef7bbab8b0a,U013265,School of Economics,2025,0.3645
85a1e156a7cf9ccd,U013266,School of Design & Arts,2025,0.5653
8bfa5f9483a6da52,U013267,School of Applied Chemistry,2024,0.3239
9b5e961d82392ca0,U013268,School of Business Administration,2023,0.7443
04a8f3c84d6029a2,U013269,School of Computer Science,2024,2.3522
35b55758e0245585,U013270,School of Applied Chemistry,2023,0.6622
d7d4bd74f23e2d56,U013271,School of Computer Science,2023,0.4743
d333d8ad3efb49b1,U013272,School of Computer Science,2025,0.2017
3678d7cf5abf9e0e,U013273,School of Foreign Languages,2021,1.9775
e46c3bcc12d32ea3,U013274,School of Foreign Languages,2024,0.5114
72a0d319794395de,U013275,School of Civil Engineering,2023,0.4898
ad2263c712980617,U013276,School of Computer Science,2021,0.0569
02d91055586d6d15,U013277,School of Business Administration,2023,0.5198
ccf2b4a056440d40,U013278,School of Computer Science,2024,0.3953
4b46f75aad044bec,U013279,School of Computer Science,2023,0.0951
8d7b026b30d98192,U013280,School of Education,2024,1.5882
8dca4b2c279a3256,U013281,School of Computer Science,2022,0.3457
fda6d8040d520037,U013282,School of Food Science,2025,3.9297
160e6bcc1eac6c1c,U013283,School of Applied Chemistry,2023,2.4289
ea2b05b8f72ab839,U013284,School of Civil Engineering,2024,0.2874
6c689126e62e1617,U013285,School of Computer Science,2022,2.3217
ecfb0fdcd0314ef8,U013286,School of Economics,2022,2.9551
0ba8a7974f9ab3f3,U013287,School of Food Science,2025,0.3376
4679e8b7f6a51061,U013288,School of Education,2020,0.2102
550b6f7ff71d6c85,U013289,School of Economics,2022,0.0684
b0ba5b901e8405d2,U013290,School of Information Engineering,2024,0.8637
9601950cf84a636e,U013291,School of Food Science,2024,0.2231
e24cdfa76c571a0b,U013292,School of Design & Arts,2024,0.89
11658831827767c4,U013293,School of Applied Chemistry,2024,0.3346
67bf480d8bf891fe,U013294,School of Computer Science,2025,0.2707
f62ba378720fd78e,U013295,School of Applied Chemistry,2023,0.3367
026fd56a56c9ab3b,U013296,School of Economics,2023,0.1609
4c0da99e9dffeb30,U013297,School of Design & Arts,2024,0.3366
639c3512f01b8e87,U013298,School of Information Engineering,2024,0.2826
797144133ea9cb11,U013299,School of Economics,2021,0.5821
8a5f3c68c30a444f,U013300,School of Economics,2022,0.6552
cae6ab73f66fc6ad,U013301,School of Foreign Languages,2023,0.2023
e7bb6f1704294f6a,U013302,School of Business Administration,2024,1.775
b639aca96c7903e5,U013303,School of Computer Science,2023,0.5033
685c489bc8465c5f,U013304,School of Civil Engineering,2024,2.6523
892a56c21fa70b4b,U013305,School of Food Science,2024,0.7513
5c0a1e66949ff8b5,U013306,School of Economics,2021,0.6326
0ea5453dd9b76731,U013307,School of Information Engineering,2023,0.3613
015bd092f376ea7d,U013308,School of Mechanical Engineering,2023,1.0918
71b6806a9df710cf,U013309,School of Mechanical Engineering,2021,0.6105
50811e02441517e4,U013310,School of Education,2023,1.393
ca9547e352b49ef8,U013311,School of Food Science,2023,2.9378
41bb614696b76bda,U013312,School of Business Administration,2024,0.2854
0582e07dcca18931,U013313,School of Food Science,2022,1.0903
87b40a968406ce31,U013314,School of Applied Chemistry,2020,1.0598
818e799bc1edc739,U013315,School of Computer Science,2023,0.9334
efd1a9e4c2262ba6,U013316,School of Foreign Languages,2024,0.3828
06cda54df7eb4df5,U013317,School of Mechanical Engineering,2023,0.3906
05cbfd5518b78f53,U013318,School of Information Engineering,2022,0.3293
6f9e38f12168e02d,U013319,School of Computer Science,2025,0.3228
891a952d5c42eae0,U013320,School of Design & Arts,2021,0.2548
528952f82701b6e0,U013321,School of Food Science,2022,0.5318
983b2557d5d45aa0,U013322,School of Applied Chemistry,2022,0.2767
94d7b00bde0e4570,U013323,School of Civil Engineering,2024,0.9127
a1ad14f129f24ee8,U013324,School of Design & Arts,2024,0.625
6f39daec1fe8db4a,U013325,School of Mechanical Engineering,2020,0.6992
484bc4b9656c60ee,U013326,School of Design & Arts,2024,0.4491
b3b77993eb0ca16c,U013327,School of Economics,2024,0.6325
26f6249b670cdbb7,U013328,School of Civil Engineering,2025,0.461
767b388eb08e329d,U013329,School of Design & Arts,2025,1.2873
f0dcca8e0cb4e72e,U013330,School of Computer Science,2024,0.3793
ad5f741bee49840b,U013331,School of Education,2021,0.8594
30a22ad3d37af61c,U013332,School of Business Administration,2022,0.1599
0ba453aeac4baacd,U013333,School of Information Engineering,2025,1.2033
7325ce28ffa566b4,U013334,School of Education,2023,0.3375
90c7cf5d410865a0,U013335,School of Applied Chemistry,2023,0.2371
b778c7fe8d542e2e,U013336,School of Electrical Engineering,2025,0.189
90fbb56b09591401,U013337,School of Economics,2025,0.1747
ec329c03d6c52e8d,U013338,School of Computer Science,2024,0.3648
72dc399c521752fc,U013339,School of Computer Science,2025,2.6422
482f989f659fac28,U013340,School of Mechanical Engineering,2021,0.3103
fdab7a5e53ab0909,U013341,School of Applied Chemistry,2024,0.0648
83b52ca493477dda,U013342,School of Economics,2025,0.8508
84ec337cf0380a4f,U013343,School of Education,2020,0.1937
5889f707474b93da,U013344,School of Applied Chemistry,2021,1.3335
a9529d59c529a91d,U013345,School of Mechanical Engineering,2024,0.3875
18cfe03c20f61189,U013346,School of Business Administration,2023,0.4489
2eb3870e20700ece,U013347,School of Computer Science,2020,1.9548
e7c6bb862839ab32,U013348,School of Food Science,2021,1.095
8229fe4fec5811a2,U013349,School of Applied Chemistry,2022,0.1698
3f253eaad65813d2,U013350,School of Education,2022,0.1967
664f94195fe5a994,U013351,School of Food Science,2025,0.0992
564c6627700f8d12,U013352,School of Food Science,2023,7.9742
f2f61c5d5dfb90a0,U013353,School of Computer Science,2024,0.2491
72a89e195881c72b,U013354,School of Applied Chemistry,2020,1.9018
b9ebdf5d7b146c01,U013355,School of Mechanical Engineering,2022,0.3467
274a16cda254cc84,U013356,School of Electrical Engineering,2022,0.2005
be9befb15ce8bc01,U013357,School of Computer Science,2024,0.6032
529f8b171d493bc9,U013358,School of Information Engineering,2025,0.4258
aa11003cc661089f,U013359,School of Mechanical Engineering,2022,1.3164
30ce6b9d4c2c3708,U013360,School of Electrical Engineering,2025,1.3329
4dbf3eda1f5a25cc,U013361,School of Mechanical Engineering,2020,0.3272
47b8c58b5a601592,U013362,School of Design & Arts,2022,0.1399
408abe4f70d298bf,U013363,School of Computer Science,2024,0.1783
fbbfb8c9c8010d1b,U013364,School of Business Administration,2022,0.0602
da3c8dba67b1e956,U013365,School of Information Engineering,2025,0.4487
a45c004d7e26afc3,U013366,School of Civil Engineering,2021,0.5834
f00be66ebe84aa4f,U013367,School of Business Administration,2024,0.1883
132adf763d0d9626,U013368,School of Applied Chemistry,2021,0.1669
74defd7fb91b29e6,U013369,School of Education,2021,0.581
755b469828a76a58,U013370,School of Foreign Languages,2022,0.3138
df5fc819c1b7f2e2,U013371,School of Information Engineering,2025,0.4771
9e34543aef1cdd04,U013372,School of Information Engineering,2023,0.4089
2b22066859f86748,U013373,School of Food Science,2023,0.7571
bce03af82d1f010c,U013374,School of Food Science,2020,0.3354
8186c51e797b8214,U013375,School of Electrical Engineering,2020,0.3621
a24d759ba1cd4707,U013376,School of Civil Engineering,2020,0.0899
0c02a493fdfd3864,U013377,School of Electrical Engineering,2024,0.5614
8385e3b68fe8354e,U013378,School of Applied Chemistry,2021,0.6451
ac68e8da65e753e5,U013379,School of Business Administration,2022,0.4943
8d73ac1c3c1cc52a,U013380,School of Education,2023,3.9941
b932c12d9877105f,U013381,School of Electrical Engineering,2023,0.6947
d628d2a323e25ad7,U013382,School of Business Administration,2022,0.5049
b352fd1851820fb8,U013383,School of Computer Science,2020,0.9725
8577113d186a68e4,U013384,School of Food Science,2022,4.8835
14075bcd41c0e05d,U013385,School of Computer Science,2024,0.7601
9ace53dc82315e83,U013386,School of Economics,2021,0.0639
6bee7cc218f861a1,U013387,School of Economics,2024,0.9094
7c4f4266c5838794,U013388,School of Education,2020,0.2451
da836c1ed4a523de,U013389,School of Information Engineering,2025,0.0863
6b4e6ab394a39ca7,U013390,School of Electrical Engineering,2025,3.2238
09a2820beb0e601b,U013391,School of Food Science,2020,2.5972
d88fd2b816ec333f,U013392,School of Information Engineering,2022,0.2388
efedc5160008a5d7,U013393,School of Mechanical Engineering,2022,0.2404
d4bfaf3bc439027b,U013394,School of Mechanical Engineering,2024,0.6929
8865993116a7583d,U013395,School of Mechanical Engineering,2023,0.2436
c66533f9479c1e22,U013396,School of Economics,2023,0.5158
c2160df5fe0c139c,U013397,School of Electrical Engineering,2021,0.2893
e9721fbcd0e077a0,U013398,School of Information Engineering,2020,0.3956
94bcd1676018ca84,U013399,School of Foreign Languages,2024,0.145
da9e43d83af72d45,U013400,School of Computer Science,2023,1.3497
9fcf72513cc57dab,U013401,School of Information Engineering,2024,1.9675
1175da4a6d236f42,U013402,School of Education,2024,0.5341
96af09990cdeb5ce,U013403,School of Design & Arts,2023,0.5694
4e9b9a3b22a9820d,U013404,School of Civil Engineering,2023,1.1076
2f96d5f5877fd8bf,U013405,School of Education,2025,0.5915
8245e04e06f457c3,U013406,School of Business Administration,2024,3.3286
44fecaf516ead4a1,U013407,School of Design & Arts,2025,0.1583
f7a7430383ebba71,U013408,School of Economics,2025,1.3965
f9762e96bfc40cb6,U013409,School of Mechanical Engineering,2022,0.5267
d499ed8c6d4803fc,U013410,School of Computer Science,2024,0.1924
40cc3b3eb345da87,U013411,School of Information Engineering,2024,5.585
fc01f240c96f9abd,U013412,School of Applied Chemistry,2021,6.4122
31d0890a07315f00,U013413,School of Foreign Languages,2023,0.4796
0dd3336b62df72bd,U013414,School of Information Engineering,2022,0.921
45552da1e1507070,U013415,School of Information Engineering,2022,0.3685
4a65516bc9c63a5e,U013416,School of Civil Engineering,2021,0.4329
db3b7376f5a8a020,U013417,School of Electrical Engineering,2024,0.1902
253788d1b03f1d69,U013418,School of Information Engineering,2024,0.1641
31ce9ca693750974,U013419,School of Foreign Languages,2023,3.7327
3b6fb12b2dc4ef1d,U013420,School of Economics,2021,0.5679
58c1c30bf64151ea,U013421,School of Civil Engineering,2023,0.621
cc29e81584ef495d,U013422,School of Electrical Engineering,2021,0.2625
aa91e58330eef5ca,U013423,School of Information Engineering,2022,0.7139
0ac1f2c2c337e581,U013424,School of Computer Science,2022,0.1312
1c7480a38fe6c9e7,U013425,School of Applied Chemistry,2025,0.2723
a05a9e314087a90e,U013426,School of Education,2022,0.1779
fbf75350791e0fcf,U013427,School of Business Administration,2023,2.1509
bbf2fc46b7d75b1a,U013428,School of Economics,2025,0.1132
81ce7dbeea6b68d2,U013429,School of Applied Chemistry,2022,0.1816
abbb3c00d9515e8d,U013430,School of Applied Chemistry,2025,0.0762
07b95231f9ea060e,U013431,School of Computer Science,2021,0.2424
200e2a918ab41cd8,U013432,School of Education,2022,0.3729
878902c1711fbb63,U013433,School of Mechanical Engineering,2020,1.5695
c7d5589e42adeb94,U013434,School of Business Administration,2023,0.4728
ede5918de00a53d0,U013435,School of Computer Science,2025,0.3916
8538f9878fe1fe34,U013436,School of Applied Chemistry,2023,0.7968
7c74a34eac24af52,U013437,School of Civil Engineering,2023,0.3791
559caf1cadef40aa,U013438,School of Education,2022,6.5726
b7ec4b4848b4e570,U013439,School of Business Administration,2025,0.3269
8d3a716f5cc0846f,U013440,School of Applied Chemistry,2023,0.8929
432b8649f6df058e,U013441,School of Civil Engineering,2021,1.3491
fc05e9cdd6116ac1,U013442,School of Computer Science,2025,0.3177
6f842f95f2b67f54,U013443,School of Mechanical Engineering,2022,0.6965
31cc6191679cc245,U013444,School of Economics,2022,0.3578
efd7cf389020d1ba,U013445,School of Business Administration,2020,0.7765
0b5fdbb76a786059,U013446,School of Information Engineering,2021,0.6531
fc1c7abba24fbad7,U013447,School of Applied Chemistry,2024,0.5131
5811817bef7d3dc6,U013448,School of Information Engineering,2023,0.1859
9bc92cfe755fca25,U013449,School of Design & Arts,2025,3.8064
89039fc0d8163070,U013450,School of Foreign Languages,2020,1.0612
b3bad9fc87ce8c8e,U013451,School of Business Administration,2023,0.1206
ba0c1f1feb69d331,U013452,School of Mechanical Engineering,2024,0.3878
3a3542f2d799c995,U013453,School of Information Engineering,2023,0.1229
a6264cd3d6b0b24e,U013454,School of Mechanical Engineering,2023,1.265
b5853f4fda7517a4,U013455,School of Civil Engineering,2023,0.5776
4467a9233d57cf2f,U013456,School of Electrical Engineering,2024,0.5928
c649a96663dc4680,U013457,School of Economics,2025,0.2543
36ca1ffe178a2327,U013458,School of Electrical Engineering,2022,0.4306
b3e574e1444a5b24,U013459,School of Design & Arts,2022,1.2972
d5266a44944378b9,U013460,School of Civil Engineering,2023,1.6969
66b9a9583af01150,U013461,School of Civil Engineering,2022,1.3763
b9f03e4d10310098,U013462,School of Foreign Languages,2021,0.125
48057179002d0876,U013463,School of Applied Chemistry,2025,0.4901
90eb42bed0a91931,U013464,School of Applied Chemistry,2021,0.7606
cc827b44f503b7fc,U013465,School of Civil Engineering,2021,0.2831
dc7e5bf35bfc660c,U013466,School of Foreign Languages,2023,0.1124
72190223c5875c52,U013467,School of Computer Science,2020,0.1631
f630b32232c935d1,U013468,School of Mechanical Engineering,2020,2.6453
9de513e32d4a9263,U013469,School of Civil Engineering,2020,0.1793
0b31e2b1b015f6de,U013470,School of Computer Science,2021,0.6191
f477dbfa01b3f494,U013471,School of Food Science,2022,0.5049
8c04cea8feff9121,U013472,School of Education,2024,0.5062
48cc16bc44f2f9c1,U013473,School of Business Administration,2022,0.4288
de1c250b5ec372d0,U013474,School of Civil Engineering,2022,1.2997
ce02aeb0f7e4007f,U013475,School of Civil Engineering,2023,0.6118
fbedf32c23e00d67,U013476,School of Business Administration,2022,0.3158
de1736ea1f5400c2,U013477,School of Mechanical Engineering,2022,0.6215
57e5c8e1de09eeb7,U013478,School of Education,2022,0.1645
9f620958e4b692d4,U013479,School of Design & Arts,2022,0.9502
a438893e051d279f,U013480,School of Electrical Engineering,2022,0.2988
79c3603b5a2af2c6,U013481,School of Business Administration,2020,0.3165
0f0cbf871d13964c,U013482,School of Civil Engineering,2025,0.9861
5bea1d9e3842adcc,U013483,School of Computer Science,2025,0.3929
be18e8d421e97e11,U013484,School of Business Administration,2025,0.4156
cc24bab30cfbe06c,U013485,School of Education,2020,1.8977
945d5645706a6686,U013486,School of Design & Arts,2024,0.2231
f41516cf7093ff7c,U013487,School of Computer Science,2023,0.9718
64a631d18761641c,U013488,School of Business Administration,2020,1.5258
4f2545047a6efa36,U013489,School of Economics,2025,1.8963
bb4300e1dffffca6,U013490,School of Design & Arts,2024,5.2045
9d0a9e983b61cf20,U013491,School of Food Science,2021,0.3106
ece5ead407d378ff,U013492,School of Economics,2025,0.2478
07dff40500f566eb,U013493,School of Electrical Engineering,2021,1.3367
d30a2ab45ffff78d,U013494,School of Design & Arts,2022,1.5117
8beef48c2bc42bd0,U013495,School of Electrical Engineering,2021,0.2677
cb69dcc8eebecea2,U013496,School of Information Engineering,2021,0.9587
2f5c90007c8c3db0,U013497,School of Mechanical Engineering,2025,8.9998
15be338d7153c63e,U013498,School of Mechanical Engineering,2023,0.6555
f215f59ae1d26d4e,U013499,School of Education,2021,1.4866
3bdf440d0a785020,U013500,School of Food Science,2024,2.8569
54b324b52f64a3ab,U013501,School of Electrical Engineering,2025,7.2192
4e5c2a21190e6613,U013502,School of Food Science,2025,0.7548
22c34574abc5e626,U013503,School of Foreign Languages,2025,2.0669
193d476ed656a3d4,U013504,School of Information Engineering,2025,0.2683
05a97a0d0d4f027c,U013505,School of Business Administration,2023,0.6052
842a7a4c8138c0d2,U013506,School of Electrical Engineering,2022,0.3778
137a65dd30bb8a9d,U013507,School of Economics,2025,0.0896
1fb69557f083a322,U013508,School of Design & Arts,2021,0.1188
e4e114d173b77e3c,U013509,School of Electrical Engineering,2021,0.9076
2b40ae7cbd265e6f,U013510,School of Food Science,2022,0.9256
a8fab11b47374573,U013511,School of Computer Science,2022,0.2083
3d296793160e178d,U013512,School of Food Science,2023,2.8021
99d1691d9bd172af,U013513,School of Foreign Languages,2025,0.1946
e0c0866d9659e27e,U013514,School of Foreign Languages,2023,0.7636
5eb7d7adc75abd34,U013515,School of Information Engineering,2023,0.3898
b6e5bb4c8fb6eb52,U013516,School of Information Engineering,2022,0.657
2eb7eb744442e5f8,U013517,School of Education,2024,1.4499
3dd28149d5910024,U013518,School of Economics,2021,1.259
149933ebf1fc8285,U013519,School of Computer Science,2020,1.1982
f71190eafc5114ff,U013520,School of Food Science,2023,1.0546
5caef54a99f4240d,U013521,School of Computer Science,2023,0.1653
1f2bdb80cc3d0416,U013522,School of Electrical Engineering,2022,1.8359
fe10cf96bd2b5c29,U013523,School of Computer Science,2022,0.2045
33c08ab230add2ce,U013524,School of Civil Engineering,2020,0.531
399911bfcced54f8,U013525,School of Economics,2024,0.4155
8bcf5a828eab86db,U013526,School of Information Engineering,2022,0.8379
faee79075967a443,U013527,School of Education,2022,0.3636
f5279c5277036df9,U013528,School of Computer Science,2025,0.5038
e0bc49eb1598d815,U013529,School of Education,2024,2.9798
6f37536f3871d615,U013530,School of Food Science,2021,0.1617
7da3688cb448a440,U013531,School of Applied Chemistry,2023,0.5889
7120a661de51b9e7,U013532,School of Information Engineering,2021,0.1938
47ff9cb9339c695e,U013533,School of Applied Chemistry,2021,1.1588
12d3bb4b02839a1d,U013534,School of Economics,2024,0.2854
b701a7464464e79a,U013535,School of Education,2021,0.6136
764f3109b6f5b4f4,U013536,School of Information Engineering,2022,0.157
0d6808c8c85d6e19,U013537,School of Foreign Languages,2025,2.148
c1a85246179486de,U013538,School of Computer Science,2024,0.6349
1300f2bfc90996c9,U013539,School of Foreign Languages,2025,0.6776
9170537e641a35fd,U013540,School of Applied Chemistry,2025,1.3526
6daa8e790e57f90b,U013541,School of Food Science,2022,0.1689
23adea076cadb01a,U013542,School of Mechanical Engineering,2023,0.3192
e9e24b41d9bab0dc,U013543,School of Applied Chemistry,2022,0.6998
cd06df64383b5fdf,U013544,School of Foreign Languages,2024,0.1014
8e513b7122c5e72a,U013545,School of Electrical Engineering,2022,0.1129
bcf07ba6bec52b2d,U013546,School of Computer Science,2020,0.2597
b6fa7c1ea3c3518e,U013547,School of Computer Science,2020,0.1886
33bd2fc96cc1decc,U013548,School of Foreign Languages,2024,0.4186
9e69fcb1d13060e1,U013549,School of Business Administration,2020,0.9954
ad5d0b352d1b3f9a,U013550,School of Education,2023,1.2497
d22122d4a9053dd3,U013551,School of Business Administration,2024,3.6053
fcedcefe75d24f02,U013552,School of Electrical Engineering,2024,0.5772
a277155af45c36db,U013553,School of Education,2022,0.6889
563d7095920c4841,U013554,School of Mechanical Engineering,2021,0.5759
95236989541ece7c,U013555,School of Electrical Engineering,2025,0.8132
e3ad4dd545a4bb00,U013556,School of Food Science,2023,0.8793
93230fb33e1fe6d2,U013557,School of Computer Science,2022,1.4846
502e6c8a4e88594c,U013558,School of Computer Science,2025,1.4788
266a70ff67b701d7,U013559,School of Mechanical Engineering,2021,0.9924
a8e5e9dd645decd5,U013560,School of Information Engineering,2022,2.6729
efc0af4f011f92d3,U013561,School of Business Administration,2021,0.6064
280126ecae12d2a6,U013562,School of Food Science,2021,0.3203
32b041ad8943f2e2,U013563,School of Applied Chemistry,2022,0.3772
07885daeea920cc6,U013564,School of Business Administration,2024,0.5311
550d7af4f15387c3,U013565,School of Economics,2022,0.1998
9779dc726cef3ae0,U013566,School of Design & Arts,2024,0.3197
9e34d8e406de4aac,U013567,School of Computer Science,2024,0.1888
615624cb7d122c58,U013568,School of Computer Science,2025,0.8327
2ebd533840231061,U013569,School of Business Administration,2020,0.841
0166e6083a7aee41,U013570,School of Foreign Languages,2024,0.1007
ff09c76d84e89e7c,U013571,School of Foreign Languages,2021,0.3069
a4f90a495fe5b1b3,U013572,School of Design & Arts,2024,3.6626
b758d146aeeea2a3,U013573,School of Civil Engineering,2022,1.1082
b6a7ee490cb7aece,U013574,School of Applied Chemistry,2024,0.9299
ce375fab5bf3501e,U013575,School of Food Science,2021,0.3038
56425f376eab86ed,U013576,School of Applied Chemistry,2023,0.7868
a5c95489c6c61583,U013577,School of Design & Arts,2021,0.5819
0f96c63a2c0f5812,U013578,School of Business Administration,2021,0.2661
5f64855f2d20ab14,U013579,School of Civil Engineering,2023,0.3603
7738a734d4e0bba1,U013580,School of Mechanical Engineering,2022,0.3685
cc8df543f5cba753,U013581,School of Civil Engineering,2024,0.1332
10373df154931c61,U013582,School of Economics,2024,0.1571
653c8d3005b019f3,U013583,School of Foreign Languages,2023,0.4836
70e835e9e32adaa0,U013584,School of Food Science,2024,0.2528
00b6167f0015686a,U013585,School of Electrical Engineering,2024,0.437
b928501a8faf218a,U013586,School of Economics,2025,0.1185
3bfa378b4cb1b0cf,U013587,School of Foreign Languages,2020,1.3156
ede6ee0a64e83302,U013588,School of Foreign Languages,2023,4.7279
36baf766a5790e51,U013589,School of Economics,2024,1.6494
c6da73c79e4a6761,U013590,School of Civil Engineering,2021,1.8286
0a75baa99095fd69,U013591,School of Electrical Engineering,2021,1.1042
f68273eb8813ef46,U013592,School of Design & Arts,2021,0.77
f897b619df7ba7c9,U013593,School of Electrical Engineering,2023,0.6437
c2abb3c625e2ca5b,U013594,School of Foreign Languages,2022,0.2366
4c573b4a46d7d728,U013595,School of Food Science,2023,1.1771
325f79a719d05cc7,U013596,School of Mechanical Engineering,2023,1.1093
a3d1f6cccbfe0977,U013597,School of Design & Arts,2023,0.3716
9774beb928fb85f0,U013598,School of Civil Engineering,2021,0.999
f26c5ffd0f3f48c1,U013599,School of Information Engineering,2024,0.2949
5b8497ab05cfb9fb,U013600,School of Business Administration,2023,0.3143
f858fecd75ff48c3,U013601,School of Economics,2021,1.2816
7723b0eb5c85cfca,U013602,School of Electrical Engineering,2021,0.908
d203987de03bd709,U013603,School of Information Engineering,2022,0.4682
0ad3db088b46db28,U013604,School of Foreign Languages,2025,0.417
39505098f9e7259f,U013605,School of Business Administration,2022,0.7031
7e214308f77e615c,U013606,School of Electrical Engineering,2020,0.0942
da9bab1cc8852de2,U013607,School of Business Administration,2021,0.2767
502cb3463c9f1261,U013608,School of Foreign Languages,2020,0.1666
d12d5c9aaf64f3fc,U013609,School of Education,2022,0.5974
4e459034405bb0e8,U013610,School of Education,2024,1.7535
19c950c85a808826,U013611,School of Mechanical Engineering,2022,0.9514
96a920eaa49b9f12,U013612,School of Education,2024,0.354
cff9b242bc0c7f7e,U013613,School of Design & Arts,2020,0.2912
8f7af84092d91565,U013614,School of Economics,2022,0.2778
fdf674ddbc1630d4,U013615,School of Mechanical Engineering,2024,4.3606
6abcfec9fd8e40d7,U013616,School of Food Science,2024,0.632
1a6decbd14a71b17,U013617,School of Computer Science,2024,0.7209
b2b1645cef66ecc5,U013618,School of Electrical Engineering,2022,0.0715
e589616def583801,U013619,School of Food Science,2023,0.1812
733d3409845c6a4e,U013620,School of Foreign Languages,2024,0.5649
732c385d142f3d36,U013621,School of Applied Chemistry,2021,0.3587
80138c374e50982e,U013622,School of Foreign Languages,2024,0.6744
a39b7b615f71b8a9,U013623,School of Electrical Engineering,2022,0.6656
2cccac09b9cfa04a,U013624,School of Education,2020,1.0762
f8bf81ba00635cca,U013625,School of Mechanical Engineering,2024,0.0911
c80eb25a47c15040,U013626,School of Applied Chemistry,2024,0.1955
44d255ca4b33fa46,U013627,School of Mechanical Engineering,2025,0.5344
0f26017b2ab81a39,U013628,School of Civil Engineering,2025,0.309
61ace496b2d460f1,U013629,School of Applied Chemistry,2022,0.4329
a0242ec26a457c69,U013630,School of Food Science,2023,0.6584
a151f974a5285646,U013631,School of Education,2025,0.2803
0b7d2086e043ca01,U013632,School of Foreign Languages,2021,0.7155
fa8998ccc5676b77,U013633,School of Education,2023,1.0171
ca4080900a345ccd,U013634,School of Information Engineering,2025,0.6301
1eb533a869ff14ab,U013635,School of Applied Chemistry,2021,1.2138
348c305fd22ff618,U013636,School of Design & Arts,2025,0.0672
b1e2d512c6349996,U013637,School of Mechanical Engineering,2023,0.3286
314bf752a8f40ba4,U013638,School of Design & Arts,2025,1.441
238fe9b4d84c6a64,U013639,School of Mechanical Engineering,2023,0.2487
5065faf7945bdef1,U013640,School of Design & Arts,2024,0.2172
9006f2661796107d,U013641,School of Business Administration,2024,0.5203
67f18e4acc6fee2d,U013642,School of Education,2020,0.5802
712cf24095fcf7c9,U013643,School of Computer Science,2023,0.3459
f4d7ba3588634ac7,U013644,School of Design & Arts,2025,3.7306
aebfb30e4a6687dc,U013645,School of Design & Arts,2025,0.7862
106ca0c5752aa58d,U013646,School of Food Science,2025,0.2393
ce69ce32787d01d1,U013647,School of Electrical Engineering,2023,0.1399
369e61d18ccabe30,U013648,School of Electrical Engineering,2023,0.8857
7ef56e327977e442,U013649,School of Foreign Languages,2023,0.2337
123dfb77d677870c,U013650,School of Mechanical Engineering,2023,5.0815
7ecb99c1b204a5f0,U013651,School of Applied Chemistry,2023,0.9057
e5185d3db5636ebe,U013652,School of Electrical Engineering,2020,1.0335
4d5b516a24ca168e,U013653,School of Education,2020,0.7571
25c0b8269faa8d96,U013654,School of Applied Chemistry,2023,1.8122
41b92ffdd5aa1754,U013655,School of Economics,2022,0.0538
12ae8373ba211ad9,U013656,School of Economics,2022,0.1772
d839bf184ae13c30,U013657,School of Information Engineering,2021,1.6605
15ea3c38e509497d,U013658,School of Design & Arts,2024,2.6474
75fa34d0f03f7e09,U013659,School of Foreign Languages,2025,0.1717
d6305011f074c888,U013660,School of Civil Engineering,2023,0.0958
eee627d4421031cd,U013661,School of Business Administration,2025,0.698
bc5e7162e7577b9e,U013662,School of Civil Engineering,2025,0.9593
ea91d37484b8f134,U013663,School of Mechanical Engineering,2021,0.6841
db694fdd4b552bc8,U013664,School of Education,2021,0.5562
c66343c57e69c6ac,U013665,School of Information Engineering,2021,0.0927
1f55858f44982d8c,U013666,School of Information Engineering,2020,0.4058
f7beae2ccce8a28f,U013667,School of Information Engineering,2023,0.471
d2c4b4d05747d5a3,U013668,School of Business Administration,2022,0.3412
185673fe6484f60c,U013669,School of Business Administration,2025,0.0867
a89599de899f1916,U013670,School of Design & Arts,2023,1.0594
4617c35ca9a10a90,U013671,School of Information Engineering,2022,1.4032
48b0b46f6d83be46,U013672,School of Foreign Languages,2025,0.2667
9d38de2f2bf6991e,U013673,School of Electrical Engineering,2025,0.4902
7fbefde3520e27a9,U013674,School of Electrical Engineering,2024,0.3592
41b9eaf6ae6a62c6,U013675,School of Applied Chemistry,2024,0.3627
7e331ba7adbb092a,U013676,School of Mechanical Engineering,2025,0.9667
6e7bfb16eab0d01f,U013677,School of Applied Chemistry,2023,0.9904
5258c6198131e80a,U013678,School of Applied Chemistry,2025,1.7294
f5ef956f61d1dd1a,U013679,School of Foreign Languages,2020,1.6937
01474d21fa7eb91b,U013680,School of Information Engineering,2023,0.4972
65276bee43ca7b3f,U013681,School of Mechanical Engineering,2023,10.1259
2f994cfa6b38ad51,U013682,School of Mechanical Engineering,2020,2.7814
28ee116a0994b0da,U013683,School of Education,2020,0.3057
933507a6aeaff577,U013684,School of Electrical Engineering,2020,0.67
27002ca4a89d2b66,U013685,School of Business Administration,2022,0.081
3539465dbdf387ab,U013686,School of Information Engineering,2020,0.6067
89cce3286f98ac1d,U013687,School of Computer Science,2022,3.1478
febd783edfc31988,U013688,School of Civil Engineering,2024,9.5286
6c776ed3b51e07f1,U013689,School of Education,2023,0.5229
ff0c65724fbe023d,U013690,School of Economics,2024,0.8252
9a83f0212a5a753d,U013691,School of Food Science,2020,1.0815
7d8b00803387fdac,U013692,School of Mechanical Engineering,2024,4.2746
f89599c16aade361,U013693,School of Applied Chemistry,2021,0.2209
4cc2435cda73e8d3,U013694,School of Civil Engineering,2022,8.4023
ced1f41e98e42433,U013695,School of Business Administration,2023,0.43
20490f6bfb0fd887,U013696,School of Civil Engineering,2025,0.1832
b43aa9d4a7813687,U013697,School of Design & Arts,2025,0.4307
fb82fd82b9ca84a9,U013698,School of Mechanical Engineering,2024,0.2627
f38b6cb49d6a3ef3,U013699,School of Education,2024,0.8979
ec3693ed90443944,U013700,School of Foreign Languages,2023,0.1131
82bb37bb046e54ee,U013701,School of Education,2023,0.6802
8b3a3b1ba2867da5,U013702,School of Information Engineering,2021,1.1468
29b4a44f3d040bcf,U013703,School of Mechanical Engineering,2021,2.6008
e0a0fd99f661f611,U013704,School of Education,2025,1.166
645a84b116fc8074,U013705,School of Education,2025,2.4455
da073087dd8c2fa4,U013706,School of Design & Arts,2022,0.3222
66c651d889a1ef36,U013707,School of Business Administration,2021,0.8756
1b09e62a953ff885,U013708,School of Computer Science,2021,0.0635
beebbc31d58f5ebf,U013709,School of Economics,2023,0.5268
5f2d62b762da2365,U013710,School of Education,2021,0.8691
d44fd9652cfbc4c4,U013711,School of Foreign Languages,2023,0.9514
98caa00350e22c71,U013712,School of Electrical Engineering,2020,0.1223
6a12c3f0c40eea36,U013713,School of Economics,2021,0.3996
cf5c4d70d464583e,U013714,School of Computer Science,2022,0.4594
9a3782ac44b83a66,U013715,School of Information Engineering,2024,0.3844
4cc793ccb078a7a8,U013716,School of Electrical Engineering,2022,1.219
2ef3de412ba9ac3f,U013717,School of Civil Engineering,2023,0.4753
f6da1abbaacd1597,U013718,School of Design & Arts,2023,0.652
7daee0c94171e203,U013719,School of Foreign Languages,2024,0.3618
362a3a37cfed88af,U013720,School of Foreign Languages,2022,1.7123
ec89d8b2e1eca9e8,U013721,School of Business Administration,2024,1.8445
f362a280770ca428,U013722,School of Design & Arts,2022,0.4337
ee6b878b268f8a74,U013723,School of Mechanical Engineering,2023,10.2122
fdbcf845bf1e4b98,U013724,School of Education,2022,0.2743
ce2edb5a364b2dd6,U013725,School of Civil Engineering,2025,1.6164
4a16f72575339f27,U013726,School of Education,2025,0.2281
fe742dcea9e9db64,U013727,School of Food Science,2024,1.2789
788a3324206f2841,U013728,School of Business Administration,2025,1.1829
d104ef8849877a6e,U013729,School of Information Engineering,2021,0.2147
073675719b9de3d5,U013730,School of Food Science,2023,0.5181
693a34ef2ba1e2f8,U013731,School of Civil Engineering,2021,3.8218
75746de7c08acf32,U013732,School of Information Engineering,2022,0.2615
89586c8b6afef970,U013733,School of Design & Arts,2023,0.8824
f3f84f0fd1e5ca1a,U013734,School of Education,2024,0.8257
256e319c5176f327,U013735,School of Design & Arts,2024,0.5659
261c28d0b8225e17,U013736,School of Computer Science,2025,0.1045
02a68e310828e263,U013737,School of Electrical Engineering,2023,1.352
c2c031b5d648521c,U013738,School of Computer Science,2025,0.5973
0e37fa25ee9cf2e6,U013739,School of Applied Chemistry,2025,1.7804
b6e11af1cc51676e,U013740,School of Civil Engineering,2024,0.7443
bccd999a17edd5f0,U013741,School of Electrical Engineering,2021,0.6297
dda5b9a3b05a1b4d,U013742,School of Business Administration,2023,0.8569
67a6166c10c0ba75,U013743,School of Mechanical Engineering,2024,0.2199
0ca0d974218df68a,U013744,School of Economics,2025,2.8042
6439e37599fe1a1c,U013745,School of Economics,2020,0.4056
f36399f39c7ac472,U013746,School of Information Engineering,2022,0.4108
65de51734e76663a,U013747,School of Business Administration,2022,2.1496
f54aa9af0700efe4,U013748,School of Civil Engineering,2022,0.756
a6ff82f3c1c3e3d3,U013749,School of Design & Arts,2024,0.4661
66a7b59505d60b91,U013750,School of Food Science,2020,0.893
4a47a16f8a76b8c3,U013751,School of Foreign Languages,2022,1.104
fd033f67ad0aa04f,U013752,School of Design & Arts,2024,0.5245
1f28810124d790e5,U013753,School of Foreign Languages,2022,1.4849
e66aa8af462ef854,U013754,School of Design & Arts,2021,0.1657
8cc8b1d627054fe1,U013755,School of Education,2023,0.7671
052b5cf5eb8b68e3,U013756,School of Education,2023,1.3142
432632e96af69e09,U013757,School of Civil Engineering,2025,1.0994
d46b95087cd48a5d,U013758,School of Mechanical Engineering,2024,0.0628
7ef5e3fe6bd4ce06,U013759,School of Education,2025,0.5202
327a62ba0d2c326e,U013760,School of Computer Science,2021,0.1753
98a120035d45d4e6,U013761,School of Computer Science,2024,2.1356
57671422700b53ad,U013762,School of Information Engineering,2023,0.3994
e97469b3cbd4c41b,U013763,School of Economics,2024,1.9111
bbee2422363811d0,U013764,School of Business Administration,2022,0.1748
87f6c1d6e97e5239,U013765,School of Education,2021,0.8725
986196aa7c66d583,U013766,School of Business Administration,2020,0.5951
8d79b3098bad381e,U013767,School of Mechanical Engineering,2024,9.3658
06f7db37caf0f48b,U013768,School of Design & Arts,2024,1.9173
1571996d023669f1,U013769,School of Business Administration,2021,1.7984
826a0740dede5ddd,U013770,School of Computer Science,2023,4.4853
675f3fad8a2fa260,U013771,School of Information Engineering,2024,0.7841
74af8e0673cd80ef,U013772,School of Design & Arts,2023,0.5345
bf130fc17e2094ec,U013773,School of Business Administration,2022,0.4769
0ea37204a87b538e,U013774,School of Foreign Languages,2025,0.8194
e0a393d360b5ef59,U013775,School of Computer Science,2023,0.037
ff229a7224a9f255,U013776,School of Electrical Engineering,2024,0.5917
be51a35e3e2dea50,U013777,School of Civil Engineering,2023,0.7407
81f23adeccc98af1,U013778,School of Applied Chemistry,2024,0.5052
e9a7ea7c4ff9e2c5,U013779,School of Economics,2021,0.1277
67322b210638a7dd,U013780,School of Information Engineering,2025,0.5082
ff38ed0fd6dece9f,U013781,School of Business Administration,2022,0.1274
16fd89ccd0b3cb54,U013782,School of Economics,2024,3.479
6cdbdb62978d04af,U013783,School of Food Science,2025,0.4564
575fc0b127debc23,U013784,School of Civil Engineering,2023,0.075
c2f8613aa9140ff7,U013785,School of Mechanical Engineering,2023,0.4802
8e9d7261b2a66715,U013786,School of Food Science,2021,1.4454
183819852243d3bb,U013787,School of Design & Arts,2022,0.704
6ca718c7e3d42e05,U013788,School of Applied Chemistry,2023,0.2367
4a646bcf2e9517f4,U013789,School of Electrical Engineering,2020,0.2996
12e87c0c73e7fe0b,U013790,School of Foreign Languages,2021,0.4431
70b956915f537a59,U013791,School of Computer Science,2025,0.3803
3f658925d42b96ae,U013792,School of Electrical Engineering,2022,0.1675
2eacb8e8240f7af4,U013793,School of Economics,2022,0.5518
b70db2c47e10449b,U013794,School of Electrical Engineering,2021,0.1556
e40338cd03007306,U013795,School of Education,2023,1.5251
b656dc7985baab35,U013796,School of Civil Engineering,2023,1.7231
3e26cc7914110780,U013797,School of Applied Chemistry,2024,0.2165
83d323d98ea329a3,U013798,School of Design & Arts,2023,0.2883
776cad09b0d3723e,U013799,School of Foreign Languages,2020,0.3867
dcfabc72499328a0,U013800,School of Applied Chemistry,2023,0.5721
74e03c5bc256a5bc,U013801,School of Electrical Engineering,2020,0.7633
a06198b81a3e61c4,U013802,School of Economics,2024,0.938
9f97ad32d865f253,U013803,School of Foreign Languages,2021,0.9164
9fc5d5227f7a3d80,U013804,School of Mechanical Engineering,2021,2.7923
aa1bab26e81d7d37,U013805,School of Design & Arts,2022,0.6271
550def8ab930b8f6,U013806,School of Food Science,2021,0.1605
a620df88fce8071c,U013807,School of Applied Chemistry,2023,0.1181
ab2f4f9cb63df550,U013808,School of Education,2022,3.0307
1e6945595421e37c,U013809,School of Electrical Engineering,2025,0.9828
dee2613b6edfe51a,U013810,School of Business Administration,2020,0.7257
fcaf9c16945fc27e,U013811,School of Civil Engineering,2023,0.925
945df421b8d7dedd,U013812,School of Information Engineering,2024,0.693
b2fe80a1d063f8b8,U013813,School of Mechanical Engineering,2021,0.9104
97a40fbc3f57ccb3,U013814,School of Applied Chemistry,2023,0.4067
8c8e48680505fc79,U013815,School of Mechanical Engineering,2025,1.6959
cc3ad7145cd154a0,U013816,School of Mechanical Engineering,2024,0.3493
62a51f8c236f1c45,U013817,School of Civil Engineering,2025,0.2392
c3af80466ddcd982,U013818,School of Business Administration,2024,0.1088
3630f4bcf406ba11,U013819,School of Business Administration,2022,0.4655
7898b537b48624ed,U013820,School of Applied Chemistry,2025,2.097
b77f57c495b7de0b,U013821,School of Computer Science,2021,0.3737
0e4f344f10976ac1,U013822,School of Design & Arts,2023,0.1487
c6322e213cfd8041,U013823,School of Civil Engineering,2024,0.7849
8ebf503e6ed2441f,U013824,School of Business Administration,2025,0.3079
66d98ff05b628c67,U013825,School of Foreign Languages,2025,2.7767
7eba4303aa72816d,U013826,School of Education,2020,1.7291
8ac558dd2130346d,U013827,School of Foreign Languages,2024,0.1656
0cd73a01a875393c,U013828,School of Business Administration,2021,0.4961
d5f9d84b8c2cb986,U013829,School of Applied Chemistry,2024,0.2774
b6d1279b28034073,U013830,School of Information Engineering,2024,0.185
89da37fd654c1990,U013831,School of Mechanical Engineering,2021,0.5583
deac2d5a5f2dbb51,U013832,School of Information Engineering,2024,1.3381
79d74d9b907cbb02,U013833,School of Economics,2022,0.5441
674410ee07458a72,U013834,School of Education,2023,0.3523
7d51db8c8b105f88,U013835,School of Design & Arts,2025,0.065
791a8ad3e0f2eac1,U013836,School of Food Science,2023,0.3034
3040322e96d1dc16,U013837,School of Electrical Engineering,2023,1.0251
e67e60c90e8049d4,U013838,School of Mechanical Engineering,2020,0.1543
61fe2f0a5ac6b808,U013839,School of Food Science,2021,2.1288
6932b021b9ac5a8d,U013840,School of Foreign Languages,2020,0.3293
de31773e40ba445b,U013841,School of Design & Arts,2022,0.7166
03e5317a4592345b,U013842,School of Mechanical Engineering,2022,0.3961
35205164ce589786,U013843,School of Education,2023,0.1821
821d957251b9e767,U013844,School of Mechanical Engineering,2024,0.9169
924b722411079351,U013845,School of Mechanical Engineering,2021,0.3246
717786389ce57c8b,U013846,School of Mechanical Engineering,2023,0.2567
6006f1cfd19d6138,U013847,School of Education,2025,0.0548
6ab6b1b1754e3e42,U013848,School of Economics,2021,2.1721
84d259b00f0ddad5,U013849,School of Information Engineering,2023,0.594
2b7f19140d29bea1,U013850,School of Civil Engineering,2020,1.7853
54f5e8572d6ba041,U013851,School of Applied Chemistry,2023,1.0977
1b179d0888a29dfc,U013852,School of Applied Chemistry,2024,1.785
da788e28b69f05e9,U013853,School of Business Administration,2020,0.3358
6d82d19f6d34a2b3,U013854,School of Mechanical Engineering,2022,0.1496
1f09615bbcca54ce,U013855,School of Mechanical Engineering,2025,1.2658
184e48378cdebfa1,U013856,School of Food Science,2021,0.6725
900718804d37f869,U013857,School of Design & Arts,2024,0.3703
a04dd4a796620d6a,U013858,School of Education,2023,1.2407
d0d4d72c99e4d67a,U013859,School of Food Science,2021,0.8034
4ef6611c7c5db0e1,U013860,School of Business Administration,2024,1.1184
fd24e84fb9346665,U013861,School of Information Engineering,2023,0.2124
11733360b41c0bce,U013862,School of Design & Arts,2021,1.5693
b8bcdcf9bdb328c1,U013863,School of Business Administration,2025,0.5876
4e555bf0bd4c16c9,U013864,School of Foreign Languages,2023,1.7469
e01a6c6235de96fb,U013865,School of Education,2024,1.5546
b3fa60135b92eebc,U013866,School of Education,2021,1.1727
23fc24a7cd08fa10,U013867,School of Computer Science,2021,0.5283
ce158ca5d522ccfa,U013868,School of Civil Engineering,2024,1.2003
2dc67fb4c29c22c6,U013869,School of Foreign Languages,2024,1.7928
3d74d74853475eb6,U013870,School of Business Administration,2022,1.083
331d9954d0e94f3e,U013871,School of Applied Chemistry,2024,0.723
f956585bf9678834,U013872,School of Electrical Engineering,2023,1.203
2eb1d743f4e57dd9,U013873,School of Applied Chemistry,2022,0.349
f5754aedb87deab9,U013874,School of Design & Arts,2024,2.6831
77d6778589741add,U013875,School of Food Science,2023,0.1098
7e1a695d1bfc6440,U013876,School of Civil Engineering,2023,0.611
3257c3c51a3bf107,U013877,School of Computer Science,2024,0.3934
759d49ea0acd690d,U013878,School of Mechanical Engineering,2023,0.311
26f653c2d9dafd0e,U013879,School of Foreign Languages,2025,0.8011
e7ebc749c84efccf,U013880,School of Economics,2024,0.1916
4cabd314f13dcec2,U013881,School of Electrical Engineering,2022,5.078
7e20c155c83e6acb,U013882,School of Food Science,2022,0.1527
364815aea1865517,U013883,School of Civil Engineering,2025,0.228
6b3b6342aea799d4,U013884,School of Civil Engineering,2025,0.2075
198b1c85c74b38c4,U013885,School of Mechanical Engineering,2021,0.72
6ebad5adfe5f355c,U013886,School of Applied Chemistry,2022,1.6283
5632df9debbd6c39,U013887,School of Design & Arts,2022,0.999
def903f963261b33,U013888,School of Civil Engineering,2025,2.5737
c0f5a8984f1c238c,U013889,School of Applied Chemistry,2025,0.2581
e198db7b6cf3a859,U013890,School of Applied Chemistry,2024,1.1408
c357700d0bf2f715,U013891,School of Foreign Languages,2022,0.4358
a94dcdf7885fd24b,U013892,School of Information Engineering,2025,0.7416
84bada1f0dc3dfb9,U013893,School of Applied Chemistry,2020,1.789
be1a92456a56bb54,U013894,School of Civil Engineering,2022,0.1087
892ae6ce84c1e3cb,U013895,School of Electrical Engineering,2022,4.3232
282a5d76cd354a40,U013896,School of Civil Engineering,2023,0.5106
e01a116f67097789,U013897,School of Foreign Languages,2023,0.1184
1e7f94cf861ac668,U013898,School of Education,2021,0.2953
26e3b8d11bb836c4,U013899,School of Business Administration,2021,0.654
5802721cd5b167b2,U013900,School of Mechanical Engineering,2024,0.2952
a5f7f04ecfb780d7,U013901,School of Electrical Engineering,2020,0.0762
3ad550b97f1adfbc,U013902,School of Computer Science,2023,0.6504
472b3e1b2a2a3384,U013903,School of Mechanical Engineering,2021,0.2869
6f3513b1e54d77d7,U013904,School of Civil Engineering,2022,1.1322
f2154fcd59b8ba9e,U013905,School of Applied Chemistry,2022,0.2028
7e176fbbb14bb920,U013906,School of Food Science,2024,5.6662
801f6d0f111f413f,U013907,School of Foreign Languages,2022,0.9867
b1a07d1b7f5e6af4,U013908,School of Civil Engineering,2022,0.7188
4ace3de889058dea,U013909,School of Design & Arts,2024,1.1009
13c446b99e9a173c,U013910,School of Computer Science,2020,0.0955
12c67615dc24b0cc,U013911,School of Information Engineering,2024,0.3592
ce382a952b57c42c,U013912,School of Applied Chemistry,2021,3.5114
bbd40e1ca7628a70,U013913,School of Civil Engineering,2025,0.4286
90410a2c4bfc7558,U013914,School of Computer Science,2020,0.5544
d12e5cb25d39fb3d,U013915,School of Food Science,2023,0.3703
f3ef833c0387cd25,U013916,School of Applied Chemistry,2023,2.5536
1eaf6393f5b24eea,U013917,School of Applied Chemistry,2023,0.4623
1f03c56da2645e30,U013918,School of Foreign Languages,2024,0.1688
5b054f5eb20f87ce,U013919,School of Computer Science,2021,7.782
665e88d585214baa,U013920,School of Applied Chemistry,2022,0.1493
efaeda20609e7a72,U013921,School of Food Science,2025,0.5356
f6091df7e9de0e21,U013922,School of Design & Arts,2025,0.2544
5aec33da324d5882,U013923,School of Food Science,2023,0.2927
03b1418f7d2d9572,U013924,School of Mechanical Engineering,2023,0.2046
415c409421ad0a3d,U013925,School of Foreign Languages,2024,0.344
9704ea2d8f72ed2b,U013926,School of Design & Arts,2024,1.5794
f4841eef4165b876,U013927,School of Food Science,2025,0.0881
88b7af94cb375121,U013928,School of Education,2024,2.083
e9edac83c6c389a3,U013929,School of Information Engineering,2022,1.7531
a796d71bab3c5a22,U013930,School of Civil Engineering,2023,0.9822
9ba1ba2acf6379e5,U013931,School of Education,2023,0.6698
20203c898e8e4212,U013932,School of Economics,2021,0.7785
d0988c7c1bbe4cd1,U013933,School of Information Engineering,2024,2.4508
1797523b8d071c6b,U013934,School of Applied Chemistry,2023,0.103
bb40dfea67b8b991,U013935,School of Electrical Engineering,2020,1.2218
7050907eb8db9dc4,U013936,School of Foreign Languages,2024,0.2799
9a1729a282c520cf,U013937,School of Applied Chemistry,2022,1.3482
df19e4248cd340a2,U013938,School of Computer Science,2020,0.3196
33a3308ac9cf065b,U013939,School of Civil Engineering,2023,1.1971
0987cd20a9931d24,U013940,School of Education,2024,0.1255
021bf315ffdde0c9,U013941,School of Electrical Engineering,2023,0.1087
168b6ca04c53e538,U013942,School of Business Administration,2020,0.5273
6c733395b98fd72d,U013943,School of Information Engineering,2023,2.4807
eef4bcdfa256b022,U013944,School of Information Engineering,2020,1.0093
a05fc3d31cfc7e7a,U013945,School of Mechanical Engineering,2025,1.0021
1dba5e8706598471,U013946,School of Mechanical Engineering,2021,1.3954
65e9a98f1973cb26,U013947,School of Applied Chemistry,2025,0.3969
86c9948930373203,U013948,School of Applied Chemistry,2020,1.0874
d42a8a9d03846a78,U013949,School of Economics,2020,0.3307
cd59b419026ee661,U013950,School of Design & Arts,2022,0.4313
a71d95a25e3d4d8b,U013951,School of Business Administration,2024,0.4883
f9084ee6c19dc86f,U013952,School of Design & Arts,2025,0.3421
828a92f852527a11,U013953,School of Civil Engineering,2023,0.5526
b9a7bfc0cb68723b,U013954,School of Business Administration,2022,0.4577
97ef77075fb67306,U013955,School of Design & Arts,2020,0.2909
6cf8ffc97320f566,U013956,School of Design & Arts,2023,0.5129
9b0b66afbe99174f,U013957,School of Civil Engineering,2022,0.6895
aa5b41aa97b47713,U013958,School of Information Engineering,2025,0.1965
d0240d8fc9b9d306,U013959,School of Mechanical Engineering,2023,0.8962
fe4d1e632e6bd0c8,U013960,School of Economics,2024,0.3603
4be45e6fe0c8347b,U013961,School of Information Engineering,2024,0.7198
c14c53899062204d,U013962,School of Computer Science,2020,0.3035
9feb6c12d4bb7842,U013963,School of Foreign Languages,2022,1.6879
7110d2484b3ed247,U013964,School of Civil Engineering,2025,1.5359
c935f8d54803e535,U013965,School of Economics,2022,0.2067
9b224d0e85ee0a32,U013966,School of Electrical Engineering,2023,0.998
48019970ba6d2164,U013967,School of Food Science,2025,2.5074
89334d38231855cb,U013968,School of Electrical Engineering,2021,0.2287
d278db67c0a08a8f,U013969,School of Mechanical Engineering,2025,0.2476
8a50cd17e05491e1,U013970,School of Foreign Languages,2022,1.2313
cb9bb83294b1f0a7,U013971,School of Design & Arts,2023,0.1597
cbe5ef277cad2121,U013972,School of Education,2022,0.2713
8e185c6f4abc0f1f,U013973,School of Information Engineering,2023,0.214
105f594e7b45fc7d,U013974,School of Applied Chemistry,2020,1.2467
ff335e038b8bf25f,U013975,School of Foreign Languages,2020,0.2954
46d22799b26a0f4d,U013976,School of Electrical Engineering,2022,0.4441
978ded65031366c6,U013977,School of Computer Science,2022,0.2793
2762ca275897a250,U013978,School of Computer Science,2023,1.8617
8d870ad7f037fcc0,U013979,School of Mechanical Engineering,2020,0.25
4c3b8dbddcf0302b,U013980,School of Design & Arts,2021,0.1445
4060e6a3dbc7f85a,U013981,School of Economics,2021,0.1389
7f0572eea7c85dd3,U013982,School of Civil Engineering,2022,1.1813
13a0ea5438132ff7,U013983,School of Mechanical Engineering,2021,1.2698
ce82a65213c1f40b,U013984,School of Economics,2021,2.0576
b13ff005901f81c1,U013985,School of Food Science,2023,0.1673
2420346433e3c82f,U013986,School of Design & Arts,2024,0.4685
d7e1e0d49727ff49,U013987,School of Information Engineering,2024,6.6879
cad0881b67fb8eea,U013988,School of Electrical Engineering,2022,0.4363
8b3edcb8abc121ac,U013989,School of Applied Chemistry,2024,0.3361
f468724fabf1d6c9,U013990,School of Education,2023,0.5781
edc0c3d316b0cdaf,U013991,School of Civil Engineering,2023,1.0029
ac8e08a77b0bfb3d,U013992,School of Mechanical Engineering,2021,0.9863
33070cda9866bdbf,U013993,School of Foreign Languages,2021,0.3194
46e7428d03801c3f,U013994,School of Foreign Languages,2023,0.3289
48394ea0a51fdf00,U013995,School of Business Administration,2021,0.4389
4fb8be4429db9cab,U013996,School of Electrical Engineering,2024,0.2845
dee0f64f37ef15a0,U013997,School of Mechanical Engineering,2022,0.1717
94ca3d6ab1fb29ad,U013998,School of Information Engineering,2021,3.6
e89804ccab2c1893,U013999,School of Computer Science,2021,0.393
d17ae9ad5a8e6282,U014000,School of Information Engineering,2021,0.4159
97f6fc4fe45759a4,U014001,School of Computer Science,2022,0.4291
7acfbe6aa2bc3902,U014002,School of Design & Arts,2020,0.5447
4d451625105631b6,U014003,School of Electrical Engineering,2023,0.9119
3c98515fe049610d,U014004,School of Information Engineering,2022,0.3708
a26626f8e55fd38a,U014005,School of Design & Arts,2023,1.8448
dd2e86c7a2ec43d9,U014006,School of Food Science,2025,1.0734
b862f5722fc6c55f,U014007,School of Design & Arts,2025,0.4878
9d910a1b761beee7,U014008,School of Computer Science,2023,0.3032
a19050215c8927cb,U014009,School of Economics,2022,1.747
1079dfdbc55064da,U014010,School of Electrical Engineering,2024,0.5021
47033d63b437d5de,U014011,School of Mechanical Engineering,2025,0.1704
2481c7f8bd2b7800,U014012,School of Design & Arts,2023,1.639
d53e3d6a323641d2,U014013,School of Foreign Languages,2020,0.2856
26139736df2e71f6,U014014,School of Business Administration,2024,1.4071
9b860de2d3c08c95,U014015,School of Electrical Engineering,2020,0.0478
589efae0d48b6cd0,U014016,School of Mechanical Engineering,2024,0.4083
758810875c2e87ac,U014017,School of Civil Engineering,2020,1.8832
6ec15b76973db4bf,U014018,School of Civil Engineering,2021,0.5934
4d5f3930ed03a78f,U014019,School of Computer Science,2024,1.0737
d144232eec80a820,U014020,School of Applied Chemistry,2024,0.2396
2262d46a7f5d71ed,U014021,School of Foreign Languages,2023,0.8359
59d9d7ea2c06deeb,U014022,School of Civil Engineering,2024,0.5926
6a9a076a84e45683,U014023,School of Economics,2024,0.753
057b737d3df7c4b5,U014024,School of Civil Engineering,2022,4.537
9193bd0c8ccf62db,U014025,School of Electrical Engineering,2025,2.1762
587dcec171e8c003,U014026,School of Design & Arts,2022,1.3034
03bdfdee0b59eef8,U014027,School of Business Administration,2021,1.32
c978cdc53986f6b7,U014028,School of Food Science,2024,0.2378
b5fb839f9a512190,U014029,School of Design & Arts,2022,0.3685
b8969cd1cb7e6a03,U014030,School of Electrical Engineering,2025,0.1275
ede48ab781fb2852,U014031,School of Business Administration,2020,0.1659
f76b7bf81583506a,U014032,School of Economics,2021,0.2433
f0d2f16f41d2d139,U014033,School of Mechanical Engineering,2020,0.5734
4be4622704f19f64,U014034,School of Mechanical Engineering,2023,0.1734
c710a39b6fe9fc01,U014035,School of Design & Arts,2024,0.5677
26f76e7e589f2a0c,U014036,School of Civil Engineering,2022,0.5061
d0dc858e54d6f30b,U014037,School of Business Administration,2020,0.1899
33866cd28c6048b5,U014038,School of Electrical Engineering,2022,2.7144
b98970b730116cb4,U014039,School of Economics,2022,0.157
e50f8a358759f7d3,U014040,School of Civil Engineering,2023,1.8046
5c32fab48d43ca2a,U014041,School of Applied Chemistry,2023,0.062
9fbd8fa0c6833c49,U014042,School of Information Engineering,2021,0.5121
c8f6c43a44150f79,U014043,School of Foreign Languages,2022,0.1782
368e831f3cd07e99,U014044,School of Information Engineering,2023,0.3068
366f62341793be82,U014045,School of Business Administration,2021,3.608
7238007bf75ce6ae,U014046,School of Computer Science,2022,0.4173
dd9b618f64709067,U014047,School of Civil Engineering,2023,0.1956
13a48a1106cce5b9,U014048,School of Computer Science,2022,0.9614
5dd5aee69f750c52,U014049,School of Economics,2020,0.4136
d8d267d10cda8697,U014050,School of Electrical Engineering,2021,0.6864
c51fc0a04c559a61,U014051,School of Mechanical Engineering,2024,0.2366
dd947ac315993845,U014052,School of Civil Engineering,2021,0.2485
9cff35625b31f72a,U014053,School of Information Engineering,2024,0.2686
2ef8abea1e44819d,U014054,School of Business Administration,2022,1.3118
746ba1fc14d7b9c4,U014055,School of Design & Arts,2023,0.4706
e5014b473959dffb,U014056,School of Design & Arts,2024,0.207
74e044040a5216d8,U014057,School of Design & Arts,2022,0.6941
790660cd4d25b131,U014058,School of Electrical Engineering,2021,0.6392
e05b8a5a46b818a4,U014059,School of Food Science,2021,1.0477
f57359cf681d2005,U014060,School of Mechanical Engineering,2024,0.3647
574b5252bf081c19,U014061,School of Electrical Engineering,2022,0.5463
c5a8f7bd66cd9aac,U014062,School of Business Administration,2024,0.9
9240267f75f66daf,U014063,School of Mechanical Engineering,2022,0.2152
144bf669bb75c878,U014064,School of Applied Chemistry,2022,1.4322
f9b136a9762dc964,U014065,School of Mechanical Engineering,2022,0.6002
6d4767ef0425e2fb,U014066,School of Design & Arts,2021,0.1963
426b88983accccef,U014067,School of Food Science,2024,0.1949
f0ab496bb9ed4210,U014068,School of Economics,2020,0.5345
1a5f76753f27dc05,U014069,School of Foreign Languages,2025,0.3405
3ce908a75e9ca9bc,U014070,School of Business Administration,2020,1.2556
873b5063c5e3c1f3,U014071,School of Design & Arts,2023,0.4432
08dd2c3991419079,U014072,School of Applied Chemistry,2020,0.7993
176e62a4c4c62c4b,U014073,School of Civil Engineering,2024,0.2527
49c41474b22abd92,U014074,School of Civil Engineering,2021,0.5769
137f0554e37d6f6b,U014075,School of Information Engineering,2023,2.2002
d72e543085652be2,U014076,School of Food Science,2025,0.5091
f1102d60923e0729,U014077,School of Food Science,2023,0.3396
ca1bd0136a4519d2,U014078,School of Foreign Languages,2021,0.2489
c90f3174ba4c8dff,U014079,School of Applied Chemistry,2024,0.5794
d034cf578a454e81,U014080,School of Information Engineering,2022,2.4165
65c5996d67ddd634,U014081,School of Design & Arts,2020,0.151
258aa3ce6eb50820,U014082,School of Education,2023,0.5616
21b6eb09b2e999b3,U014083,School of Information Engineering,2024,0.1064
e8c8ce7c0200688b,U014084,School of Electrical Engineering,2022,0.3916
83e9631db4ac8b72,U014085,School of Food Science,2024,0.7678
4fa36961592dd24a,U014086,School of Education,2024,0.1216
d8d69d02ff3893d6,U014087,School of Civil Engineering,2022,0.3784
a39f195e48f680fd,U014088,School of Computer Science,2022,0.7894
09d50561ee53fb9d,U014089,School of Computer Science,2024,0.6731
c11034ca7e7f2fa7,U014090,School of Civil Engineering,2022,0.8286
faf5b58ff7119980,U014091,School of Computer Science,2021,0.2228
d6a5d541240ee819,U014092,School of Applied Chemistry,2022,0.7891
47aab8e9dc48a7cf,U014093,School of Mechanical Engineering,2025,0.324
ff0d3275ecb4a552,U014094,School of Mechanical Engineering,2022,1.2057
0a0478efb0fb61b2,U014095,School of Mechanical Engineering,2021,0.0586
df665fbe02187af1,U014096,School of Foreign Languages,2021,0.4419
5e16b9730decff00,U014097,School of Education,2020,0.6517
adab34b6723d09f2,U014098,School of Information Engineering,2025,2.276
c382bcad875a3033,U014099,School of Food Science,2023,0.6439
64753e31b61d4b6c,U014100,School of Information Engineering,2024,0.7127
8c7c6e21f50c04a9,U014101,School of Mechanical Engineering,2024,0.8594
756ec4ef61d178b8,U014102,School of Computer Science,2022,2.067
7a4796bc690bdc02,U014103,School of Computer Science,2024,0.403
9fcafc49d9f1835f,U014104,School of Education,2025,0.1451
54c0c84aa9bdbbaf,U014105,School of Information Engineering,2024,0.1198
9d24fde692b57b59,U014106,School of Education,2024,1.147
095fceba48cd9a1c,U014107,School of Food Science,2022,0.738
ae79503e8cadf993,U014108,School of Civil Engineering,2024,0.4569
f7e67d3e2099f81f,U014109,School of Foreign Languages,2020,0.3285
17ea1acf499205a4,U014110,School of Applied Chemistry,2024,0.7074
a2d103ecc45aca7b,U014111,School of Food Science,2022,0.7281
f629962bb75c37f0,U014112,School of Business Administration,2023,0.9539
d48e2ae1716263ca,U014113,School of Education,2025,0.1948
a2540e3e597bf608,U014114,School of Civil Engineering,2023,0.1011
73a9509e14cf3763,U014115,School of Education,2020,0.2368
6a347dd6663ba3a6,U014116,School of Education,2024,0.1529
bd85f15e48d9c37b,U014117,School of Food Science,2025,0.1452
4dbe0e49aa597b13,U014118,School of Economics,2023,2.837
6dcc582190c137e6,U014119,School of Civil Engineering,2025,0.0612
caa317c836211a69,U014120,School of Foreign Languages,2024,0.9443
82dcbbdd9b89f9d8,U014121,School of Business Administration,2025,1.4623
c21d59b2f1146070,U014122,School of Computer Science,2022,1.5848
aaa45054db3a494e,U014123,School of Foreign Languages,2023,0.779
735c30f229f94ad6,U014124,School of Economics,2024,2.2098
fdc0b9096c50dd36,U014125,School of Computer Science,2025,3.5127
9ceeed34a1305632,U014126,School of Education,2021,0.4364
acd43725c01ea3e0,U014127,School of Foreign Languages,2021,0.9235
fa36c6f866ff85ab,U014128,School of Education,2022,2.1144
4c1bde162699ccda,U014129,School of Civil Engineering,2024,0.2493
a0cd4fca4d436f45,U014130,School of Design & Arts,2025,0.4621
0deb7cd30655eeda,U014131,School of Design & Arts,2023,0.3157
2d4c05c9dfbbddf1,U014132,School of Information Engineering,2021,0.9361
5ea0460e88743b45,U014133,School of Computer Science,2022,0.0885
3c14389b2706372b,U014134,School of Education,2024,2.4834
164f32f0d30c23ec,U014135,School of Foreign Languages,2022,1.0068
30b332624442b1a7,U014136,School of Applied Chemistry,2021,1.065
560d901563fec910,U014137,School of Mechanical Engineering,2022,0.0556
9e641109da3609e0,U014138,School of Mechanical Engineering,2024,0.2086
d77cca6cf4426aa3,U014139,School of Applied Chemistry,2023,2.6208
bed837a204a56755,U014140,School of Mechanical Engineering,2021,0.4944
d38babbb11febced,U014141,School of Information Engineering,2022,0.1053
faf0913df04845a3,U014142,School of Applied Chemistry,2025,0.7368
8925103d681ec971,U014143,School of Education,2022,1.1643
0fd1dbbd2d252101,U014144,School of Food Science,2022,1.0045
cd1ec6d105915b06,U014145,School of Civil Engineering,2021,0.5079
12a2171381608fe6,U014146,School of Education,2022,1.8378
36b027a5f5b33712,U014147,School of Design & Arts,2024,0.2926
c74780662f380091,U014148,School of Education,2024,1.0132
a55ce67999259a1d,U014149,School of Business Administration,2022,0.6757
c860dd7fddc0f832,U014150,School of Applied Chemistry,2025,0.5168
e3794f2b159ed99d,U014151,School of Education,2022,0.4041
0d8a1fbd74539dfe,U014152,School of Education,2025,0.4187
0e0ebf8025789d94,U014153,School of Food Science,2020,0.6097
d0bf60277333e9f8,U014154,School of Information Engineering,2022,0.4406
e753e711ebe958a9,U014155,School of Design & Arts,2024,1.2288
ba8d782367cb65da,U014156,School of Information Engineering,2025,0.3454
78054c6875d9e656,U014157,School of Electrical Engineering,2024,2.8329
dc62d0f8a810446f,U014158,School of Mechanical Engineering,2023,0.3303
c31541857b70f15d,U014159,School of Economics,2024,1.4815
e17a67d61959688c,U014160,School of Economics,2024,1.5468
0bf7d0e165688d7c,U014161,School of Information Engineering,2021,0.6969
04eef3f4ea9cf351,U014162,School of Food Science,2022,0.6375
4b936fd1a3dd0f80,U014163,School of Food Science,2023,0.2848
34c963323ba0a840,U014164,School of Food Science,2023,0.352
48f963fa3fd49e5a,U014165,School of Civil Engineering,2025,0.7355
3cc7664bc468699f,U014166,School of Education,2023,0.5643
a4c3145f6d837968,U014167,School of Education,2021,1.9272
f8456706a3d0aefd,U014168,School of Applied Chemistry,2021,0.3747
a7c2b170c41e24e6,U014169,School of Electrical Engineering,2024,0.3981
86a7006c943d494f,U014170,School of Economics,2020,0.1117
88f8065b8a5549cf,U014171,School of Mechanical Engineering,2025,1.1236
1522130d1934d0a2,U014172,School of Electrical Engineering,2020,1.0266
d20d9aee31009684,U014173,School of Mechanical Engineering,2022,1.5684
cf76a6563c63ff39,U014174,School of Economics,2024,1.6594
229af40e059bb67b,U014175,School of Mechanical Engineering,2022,1.2995
ba16c7b6c908f02e,U014176,School of Economics,2024,1.3554
47f942ac4dc253f9,U014177,School of Applied Chemistry,2021,1.0866
c9f9fcab5cb91f34,U014178,School of Civil Engineering,2023,1.2676
132f2917828e08b1,U014179,School of Design & Arts,2023,0.0936
38fd081b8c4d5a29,U014180,School of Mechanical Engineering,2025,0.1966
bf1dc34f7e45dc2b,U014181,School of Economics,2020,0.1669
7e851c24985f0032,U014182,School of Computer Science,2022,2.1026
ee256cb7c692e4dc,U014183,School of Food Science,2023,0.2698
293c9e241990ba62,U014184,School of Food Science,2025,0.3167
ab047efbe93089e4,U014185,School of Applied Chemistry,2024,0.5943
80838fcbee19cb0f,U014186,School of Design & Arts,2024,0.1702
b13db576b9b4c37c,U014187,School of Education,2023,0.8638
bd3c1712560dbd9e,U014188,School of Electrical Engineering,2023,0.0701
29d8b9d7db55e7c2,U014189,School of Electrical Engineering,2024,0.1819
e2b2d8b75983e589,U014190,School of Education,2025,0.7202
9b77d536545d21d4,U014191,School of Electrical Engineering,2024,0.1706
7525f83859f82ca0,U014192,School of Electrical Engineering,2024,2.1643
91501cf3303dcf10,U014193,School of Mechanical Engineering,2025,0.6183
634bd5003caca530,U014194,School of Computer Science,2021,1.8314
0183c87ed9ec0c08,U014195,School of Business Administration,2022,0.8444
e3426824714f38b9,U014196,School of Economics,2025,0.5834
08bae62550419692,U014197,School of Applied Chemistry,2023,0.2179
a12ebb8c2ed9165e,U014198,School of Electrical Engineering,2021,1.495
a115aa0d43fd4c24,U014199,School of Education,2023,0.9178
b63709b74f35203b,U014200,School of Civil Engineering,2023,4.7476
